generated_at,course_name,competition,event,year,round,player,matched_player,market,line,model_mu,model_line_edge,side,model_edge_pct,actual,result,opening_american,closing_american,pnl_open,pnl_close
2026-07-23T02:15:27.589Z,TPC Twin Cities,3M Open 2023,3M Open,2023,1,G. Woodland,Gary Woodland,Birdies,4,3.367,-0.633,over,-29.58,2,L,-120,-106,-1.000,-1.000
2026-07-23T02:15:27.589Z,TPC Twin Cities,3M Open 2023,3M Open,2023,1,J. Dahmen,Joel Dahmen,Birdies,3.5,3.560,0.060,over,-9.82,3,L,-135,-121,-1.000,-1.000
2026-07-23T02:15:27.589Z,TPC Twin Cities,3M Open 2023,3M Open,2023,1,J. Thomas,Justin Thomas,Birdies,4,2.897,-1.103,over,-38.78,3,L,-125,-111,-1.000,-1.000
2026-07-23T02:15:27.589Z,TPC Twin Cities,3M Open 2023,3M Open,2023,2,G. Woodland,Gary Woodland,Birdies,5,3.684,-1.316,under,34.46,4,W,105,118,1.050,1.180
2026-07-23T02:15:27.589Z,TPC Twin Cities,3M Open 2023,3M Open,2023,2,J. Dahmen,Joel Dahmen,Birdies,4.5,3.780,-0.720,under,20.66,3,W,115,128,1.150,1.280
2026-07-23T02:15:27.589Z,TPC Twin Cities,3M Open 2023,3M Open,2023,2,J. Thomas,Justin Thomas,Birdies,5.5,3.474,-2.026,under,28.66,6,L,-135,-115,-1.000,-1.000
2026-07-23T02:15:27.589Z,TPC Twin Cities,3M Open 2023,3M Open,2023,1,K.H. Lee,K.H. Lee,Birdies,3.5,2.773,-0.727,over,-28.98,4,W,-145,-122,0.690,0.820
2026-07-23T02:15:27.589Z,TPC Twin Cities,3M Open 2023,3M Open,2023,1,S. Theegala,Sahith Theegala,Birdies,4,2.876,-1.124,over,-33.57,3,L,100,111,-1.000,-1.000
2026-07-23T02:15:27.589Z,TPC Twin Cities,3M Open 2023,3M Open,2023,2,C. Young,Carson Young,Birdies,5.5,4.488,-1.012,under,14.94,5,W,-125,-108,0.800,0.926
2026-07-23T02:15:27.589Z,TPC Twin Cities,3M Open 2023,3M Open,2023,2,K.H. Lee,K.H. Lee,Birdies,4.5,3.311,-1.189,under,28.44,7,L,110,124,-1.000,-1.000
2026-07-23T02:15:27.589Z,TPC Twin Cities,3M Open 2023,3M Open,2023,1,M. Hughes,Mackenzie Hughes,Birdies,3.5,2.740,-0.760,over,-27.97,3,L,-135,-117,-1.000,-1.000
2026-07-23T02:15:27.589Z,TPC Twin Cities,3M Open 2023,3M Open,2023,1,V. Norrman,Vincent Norrman,Birdies,4,4.694,0.694,over,0.43,7,W,100,110,1.000,1.100
2026-07-23T02:15:27.589Z,TPC Twin Cities,3M Open 2023,3M Open,2023,2,M. Hughes,Mackenzie Hughes,Birdies,5,3.264,-1.736,under,29.53,4,W,-145,-127,0.690,0.787
2026-07-23T02:15:27.589Z,TPC Twin Cities,3M Open 2023,3M Open,2023,2,V. Norrman,Vincent Norrman,Birdies,5,4.971,-0.029,under,12.10,2,W,100,111,1.000,1.110
2026-07-23T02:15:27.589Z,TPC Twin Cities,3M Open 2023,3M Open,2023,1,H. Matsuyama,Hideki Matsuyama,Birdies,4,3.341,-0.659,over,-27.89,7,W,-110,101,0.909,1.010
2026-07-23T02:15:27.589Z,TPC Twin Cities,3M Open 2023,3M Open,2023,1,T. Finau,Tony Finau,Birdies,4,3.429,-0.571,over,-26.26,6,W,-110,101,0.909,1.010
2026-07-23T02:15:27.589Z,TPC Twin Cities,3M Open 2023,3M Open,2023,2,H. Matsuyama,Hideki Matsuyama,Birdies,5.5,4.031,-1.469,under,30.41,3,W,110,126,1.100,1.260
2026-07-23T02:15:27.589Z,TPC Twin Cities,3M Open 2023,3M Open,2023,2,S. Straka,Sepp Straka,Birdies,5.5,4.765,-0.735,under,11.17,5,W,-120,-106,0.833,0.943
2026-07-23T02:15:27.589Z,TPC Twin Cities,3M Open 2023,3M Open,2023,2,T. Finau,Tony Finau,Birdies,5.5,3.935,-1.565,under,31.90,8,L,110,126,-1.000,-1.000
2026-07-23T02:15:27.589Z,TPC Craig Ranch,AT&T Byron Nelson 2023,AT&T Byron Nelson,2023,2,A. Scott,Adam Scott,Total score,68.5,64.396,-4.104,under,42.00,71,L,-105,109,-1.000,-1.000
2026-07-23T02:15:27.589Z,TPC Craig Ranch,AT&T Byron Nelson 2023,AT&T Byron Nelson,2023,2,M. W. Lee,K.H. Lee,Birdies,4,5.676,1.676,under,-21.47,6,L,-120,-102,-1.000,-1.000
2026-07-23T02:15:27.589Z,TPC Craig Ranch,AT&T Byron Nelson 2023,AT&T Byron Nelson,2023,4,S. Scheffler,Scottie Scheffler,Birdies,4.5,5.304,0.804,over,6.57,6,W,-120,-103,0.833,0.971
2026-07-23T02:15:27.589Z,Pebble Beach Golf Links,AT&T Pebble Beach Pro-Am 2024,AT&T Pebble Beach Pro-Am,2024,3,J. Thomas,Justin Thomas,Birdies,5.5,4.629,-0.871,over,-15.69,4,L,110,126,-1.000,-1.000
2026-07-23T02:15:27.589Z,Pebble Beach Golf Links,AT&T Pebble Beach Pro-Am 2024,AT&T Pebble Beach Pro-Am,2024,3,P. Cantlay,Patrick Cantlay,Birdies,5.5,3.784,-1.716,over,-29.41,4,L,110,126,-1.000,-1.000
2026-07-23T02:15:27.589Z,Pebble Beach Golf Links,AT&T Pebble Beach Pro-Am 2024,AT&T Pebble Beach Pro-Am,2024,3,A. Schenk,Adam Schenk,Birdies,4.5,2.564,-1.936,under,40.63,9,L,110,122,-1.000,-1.000
2026-07-23T02:15:27.589Z,Pebble Beach Golf Links,AT&T Pebble Beach Pro-Am 2024,AT&T Pebble Beach Pro-Am,2024,3,X. Schauffele,Xander Schauffele,Birdies,5.5,3.653,-1.847,under,24.49,5,W,-145,-124,0.690,0.806
2026-07-23T02:15:27.589Z,Pebble Beach Golf Links,AT&T Pebble Beach Pro-Am 2024,AT&T Pebble Beach Pro-Am,2024,3,S. Scheffler,Scottie Scheffler,Birdies,5.5,4.279,-1.221,over,-26.40,3,L,-110,103,-1.000,-1.000
2026-07-23T02:15:27.589Z,Pebble Beach Golf Links,AT&T Pebble Beach Pro-Am 2025,AT&T Pebble Beach Pro-Am,2025,1,R. Fowler,Rickie Fowler,Birdies,3.5,4.142,0.642,over,0.19,6,W,-145,-117,0.690,0.855
2026-07-23T02:15:27.589Z,Pebble Beach Golf Links,AT&T Pebble Beach Pro-Am 2025,AT&T Pebble Beach Pro-Am,2025,1,V. Hovland,Viktor Hovland,Birdies,3.5,4.456,0.956,over,2.76,8,W,-165,-135,0.606,0.741
2026-07-23T02:15:27.589Z,Pebble Beach Golf Links,AT&T Pebble Beach Pro-Am 2025,AT&T Pebble Beach Pro-Am,2025,1,T. Finau,Tony Finau,Birdies,3.5,4.046,0.546,over,-3.24,7,W,-155,-129,0.645,0.775
2026-07-23T02:15:27.589Z,Arnold Palmer's Bay Hill Club & Lodge,Arnold Palmer Invitational 2024,Arnold Palmer Invitational,2024,2,J. Spieth,Jordan Spieth,Birdies,4.5,4.062,-0.438,over,-17.23,4,L,-125,-113,-1.000,-1.000
2026-07-23T02:15:27.589Z,Arnold Palmer's Bay Hill Club & Lodge,Arnold Palmer Invitational 2024,Arnold Palmer Invitational,2024,2,J. Spieth,Jordan Spieth,Birdies,4.5,4.062,-0.438,under,11.67,4,W,100,113,1.000,1.130
2026-07-23T02:15:27.589Z,Arnold Palmer's Bay Hill Club & Lodge,Arnold Palmer Invitational 2024,Arnold Palmer Invitational,2024,2,X. Schauffele,Xander Schauffele,Birdies,4.5,3.251,-1.249,over,-34.59,4,L,-135,-117,-1.000,-1.000
2026-07-23T02:15:27.589Z,Arnold Palmer's Bay Hill Club & Lodge,Arnold Palmer Invitational 2024,Arnold Palmer Invitational,2024,2,X. Schauffele,Xander Schauffele,Birdies,4.5,3.251,-1.249,under,28.37,4,W,105,117,1.050,1.170
2026-07-23T02:15:27.589Z,Arnold Palmer's Bay Hill Club & Lodge,Arnold Palmer Invitational 2024,Arnold Palmer Invitational,2024,2,M. Fitzpatrick,Matt Fitzpatrick,Birdies,4.5,3.167,-1.333,over,-34.20,2,L,-125,-108,-1.000,-1.000
2026-07-23T02:15:27.589Z,Arnold Palmer's Bay Hill Club & Lodge,Arnold Palmer Invitational 2024,Arnold Palmer Invitational,2024,2,M. Fitzpatrick,Matt Fitzpatrick,Birdies,4.5,3.167,-1.333,under,27.43,2,W,-105,108,0.952,1.080
2026-07-23T02:15:27.589Z,Arnold Palmer's Bay Hill Club & Lodge,Arnold Palmer Invitational 2024,Arnold Palmer Invitational,2024,2,P. Cantlay,Patrick Cantlay,Birdies,4.5,3.322,-1.178,over,-35.04,4,L,-145,-123,-1.000,-1.000
2026-07-23T02:15:27.589Z,Arnold Palmer's Bay Hill Club & Lodge,Arnold Palmer Invitational 2024,Arnold Palmer Invitational,2024,2,P. Cantlay,Patrick Cantlay,Birdies,4.5,3.322,-1.178,under,28.24,4,W,110,123,1.100,1.230
2026-07-23T02:15:27.589Z,Arnold Palmer's Bay Hill Club & Lodge,Arnold Palmer Invitational 2024,Arnold Palmer Invitational,2024,2,H. Matsuyama,Hideki Matsuyama,Birdies,4,3.778,-0.222,over,-24.66,5,W,-135,-119,0.741,0.840
2026-07-23T02:15:27.589Z,Arnold Palmer's Bay Hill Club & Lodge,Arnold Palmer Invitational 2024,Arnold Palmer Invitational,2024,2,H. Matsuyama,Hideki Matsuyama,Birdies,4,3.778,-0.222,under,17.21,5,L,100,115,-1.000,-1.000
2026-07-23T02:15:27.589Z,Arnold Palmer's Bay Hill Club & Lodge,Arnold Palmer Invitational 2024,Arnold Palmer Invitational,2024,2,H. Matsuyama,Hideki Matsuyama,Birdies,4.5,3.778,-0.722,over,-24.66,5,W,-135,-120,0.741,0.833
2026-07-23T02:15:27.589Z,Arnold Palmer's Bay Hill Club & Lodge,Arnold Palmer Invitational 2024,Arnold Palmer Invitational,2024,2,H. Matsuyama,Hideki Matsuyama,Birdies,4.5,3.778,-0.722,under,18.43,5,L,105,120,-1.000,-1.000
2026-07-23T02:15:27.589Z,Arnold Palmer's Bay Hill Club & Lodge,Arnold Palmer Invitational 2024,Arnold Palmer Invitational,2024,2,R. Henley,Russell Henley,Birdies,4.5,3.171,-1.329,over,-34.13,4,L,-125,-110,-1.000,-1.000
2026-07-23T02:15:27.589Z,Arnold Palmer's Bay Hill Club & Lodge,Arnold Palmer Invitational 2024,Arnold Palmer Invitational,2024,2,R. Henley,Russell Henley,Birdies,4.5,3.171,-1.329,under,27.36,4,W,-105,110,0.952,1.100
2026-07-23T02:15:27.589Z,Arnold Palmer's Bay Hill Club & Lodge,Arnold Palmer Invitational 2024,Arnold Palmer Invitational,2024,2,S. Burns,Sam Burns,Birdies,4.5,3.674,-0.826,over,-21.60,4,L,-110,-101,-1.000,-1.000
2026-07-23T02:15:27.589Z,Arnold Palmer's Bay Hill Club & Lodge,Arnold Palmer Invitational 2024,Arnold Palmer Invitational,2024,2,S. Burns,Sam Burns,Birdies,4.5,3.674,-0.826,under,16.84,4,W,-110,101,0.909,1.010
2026-07-23T02:15:27.589Z,Arnold Palmer's Bay Hill Club & Lodge,Arnold Palmer Invitational 2024,Arnold Palmer Invitational,2024,2,S. Scheffler,Scottie Scheffler,Birdies,5,3.886,-1.114,over,-26.78,6,W,115,128,1.150,1.280
2026-07-23T02:15:27.589Z,Arnold Palmer's Bay Hill Club & Lodge,Arnold Palmer Invitational 2024,Arnold Palmer Invitational,2024,2,S. Scheffler,Scottie Scheffler,Birdies,5,3.886,-1.114,under,21.08,6,L,-145,-128,-1.000,-1.000
2026-07-23T02:15:27.589Z,Arnold Palmer's Bay Hill Club & Lodge,Arnold Palmer Invitational 2025,Arnold Palmer Invitational,2025,1,H. Matsuyama,Hideki Matsuyama,Birdies,3.5,3.420,-0.080,over,-9.94,2,L,-120,106,-1.000,-1.000
2026-07-23T02:15:27.589Z,Arnold Palmer's Bay Hill Club & Lodge,Arnold Palmer Invitational 2025,Arnold Palmer Invitational,2025,1,H. Matsuyama,Hideki Matsuyama,Birdies,3.5,3.420,-0.080,under,-2.05,2,W,-135,-106,0.741,0.943
2026-07-23T02:15:27.589Z,Arnold Palmer's Bay Hill Club & Lodge,Arnold Palmer Invitational 2025,Arnold Palmer Invitational,2025,1,V. Hovland,Viktor Hovland,Birdies,3.5,3.541,0.041,over,-2.78,2,L,100,121,-1.000,-1.000
2026-07-23T02:15:27.589Z,Arnold Palmer's Bay Hill Club & Lodge,Arnold Palmer Invitational 2025,Arnold Palmer Invitational,2025,1,V. Hovland,Viktor Hovland,Birdies,3.5,3.541,0.041,under,-8.00,2,W,-155,-121,0.645,0.826
2026-07-23T02:15:27.589Z,Arnold Palmer's Bay Hill Club & Lodge,Arnold Palmer Invitational 2025,Arnold Palmer Invitational,2025,1,J. Thomas,Justin Thomas,Birdies,3.5,3.956,0.456,over,-9.73,6,W,-190,-152,0.526,0.658
2026-07-23T02:15:27.589Z,Arnold Palmer's Bay Hill Club & Lodge,Arnold Palmer Invitational 2025,Arnold Palmer Invitational,2025,1,J. Thomas,Justin Thomas,Birdies,3.5,3.956,0.456,under,-0.23,6,L,125,152,-1.000,-1.000
2026-07-23T02:15:27.589Z,Arnold Palmer's Bay Hill Club & Lodge,Arnold Palmer Invitational 2025,Arnold Palmer Invitational,2025,1,X. Schauffele,Xander Schauffele,Birdies,3.5,3.705,0.205,over,-14.83,1,L,-190,-158,-1.000,-1.000
2026-07-23T02:15:27.589Z,Arnold Palmer's Bay Hill Club & Lodge,Arnold Palmer Invitational 2025,Arnold Palmer Invitational,2025,1,X. Schauffele,Xander Schauffele,Birdies,3.5,3.705,0.205,under,5.83,1,W,130,158,1.300,1.580
2026-07-23T02:15:27.589Z,Arnold Palmer's Bay Hill Club & Lodge,Arnold Palmer Invitational 2025,Arnold Palmer Invitational,2025,4,C. Conners,Corey Conners,Birdies,3.5,3.457,-0.043,over,-9.14,1,L,-120,129,-1.000,-1.000
2026-07-23T02:15:27.589Z,Arnold Palmer's Bay Hill Club & Lodge,Arnold Palmer Invitational 2025,Arnold Palmer Invitational,2025,4,C. Conners,Corey Conners,Birdies,3.5,3.457,-0.043,under,-2.85,1,W,-135,-129,0.741,0.775
2026-07-23T02:15:27.589Z,Arnold Palmer's Bay Hill Club & Lodge,Arnold Palmer Invitational 2025,Arnold Palmer Invitational,2025,4,Jason Day,Jason Day,Birdies,3.5,3.719,0.219,over,-3.56,3,L,-120,124,-1.000,-1.000
2026-07-23T02:15:27.589Z,Arnold Palmer's Bay Hill Club & Lodge,Arnold Palmer Invitational 2025,Arnold Palmer Invitational,2025,4,C. Morikawa,Collin Morikawa,Birdies,3.5,3.662,0.162,over,-7.66,3,L,-135,112,-1.000,-1.000
2026-07-23T02:15:27.589Z,Arnold Palmer's Bay Hill Club & Lodge,Arnold Palmer Invitational 2025,Arnold Palmer Invitational,2025,4,C. Morikawa,Collin Morikawa,Birdies,3.5,3.662,0.162,under,-2.17,3,W,-110,-112,0.909,0.893
2026-07-23T02:15:27.589Z,Arnold Palmer's Bay Hill Club & Lodge,Arnold Palmer Invitational 2025,Arnold Palmer Invitational,2025,4,R. Henley,Russell Henley,Birdies,3.5,3.750,0.250,over,0.40,4,W,-105,144,0.952,1.440
2026-07-23T02:15:27.589Z,Arnold Palmer's Bay Hill Club & Lodge,Arnold Palmer Invitational 2025,Arnold Palmer Invitational,2025,4,R. Henley,Russell Henley,Birdies,3.5,3.750,0.250,under,-15.26,4,L,-175,-144,-1.000,-1.000
2026-07-23T02:15:27.589Z,Arnold Palmer's Bay Hill Club & Lodge,Arnold Palmer Invitational 2025,Arnold Palmer Invitational,2025,1,S. Lowry,Shane Lowry,Birdies,3.5,3.567,0.067,over,-13.01,4,W,-155,-129,0.645,0.775
2026-07-23T02:15:27.589Z,Arnold Palmer's Bay Hill Club & Lodge,Arnold Palmer Invitational 2025,Arnold Palmer Invitational,2025,1,S. Lowry,Shane Lowry,Birdies,3.5,3.567,0.067,under,3.44,4,L,105,129,-1.000,-1.000
2026-07-23T02:15:27.589Z,Arnold Palmer's Bay Hill Club & Lodge,Arnold Palmer Invitational 2025,Arnold Palmer Invitational,2025,1,L. Aberg,Ludvig Aberg,Birdies,3.5,3.735,0.235,over,-9.47,3,L,-155,-125,-1.000,-1.000
2026-07-23T02:15:27.589Z,Arnold Palmer's Bay Hill Club & Lodge,Arnold Palmer Invitational 2025,Arnold Palmer Invitational,2025,1,L. Aberg,Ludvig Aberg,Birdies,3.5,3.735,0.235,under,-1.31,3,W,100,125,1.000,1.250
2026-07-23T02:15:27.589Z,Arnold Palmer's Bay Hill Club & Lodge,Arnold Palmer Invitational 2025,Arnold Palmer Invitational,2025,1,S. Scheffler,Scottie Scheffler,Birdies,4.5,4.318,-0.182,over,-4.32,3,L,110,135,-1.000,-1.000
2026-07-23T02:15:27.589Z,Arnold Palmer's Bay Hill Club & Lodge,Arnold Palmer Invitational 2025,Arnold Palmer Invitational,2025,1,S. Scheffler,Scottie Scheffler,Birdies,4.5,4.318,-0.182,under,-5.57,3,W,-165,-135,0.606,0.741
2026-07-23T02:15:27.589Z,Arnold Palmer's Bay Hill Club & Lodge,Arnold Palmer Invitational 2025,Arnold Palmer Invitational,2025,2,L. Aberg,Ludvig Aberg,Birdies,3.5,3.440,-0.060,over,-17.23,5,W,-165,-134,0.606,0.746
2026-07-23T02:15:27.589Z,Arnold Palmer's Bay Hill Club & Lodge,Arnold Palmer Invitational 2025,Arnold Palmer Invitational,2025,2,L. Aberg,Ludvig Aberg,Birdies,3.5,3.440,-0.060,under,7.34,5,L,110,134,-1.000,-1.000
2026-07-23T02:15:27.589Z,Arnold Palmer's Bay Hill Club & Lodge,Arnold Palmer Invitational 2025,Arnold Palmer Invitational,2025,2,S. Scheffler,Scottie Scheffler,Birdies,4.5,3.940,-0.560,over,-14.06,4,L,100,124,-1.000,-1.000
2026-07-23T02:15:27.589Z,Arnold Palmer's Bay Hill Club & Lodge,Arnold Palmer Invitational 2025,Arnold Palmer Invitational,2025,2,S. Scheffler,Scottie Scheffler,Birdies,4.5,3.940,-0.560,under,3.27,4,W,-155,-124,0.645,0.806
2026-07-23T02:15:27.589Z,Arnold Palmer's Bay Hill Club & Lodge,Arnold Palmer Invitational 2025,Arnold Palmer Invitational,2025,3,L. Aberg,Ludvig Aberg,Birdies,3.5,3.595,0.095,over,-9.07,3,L,-135,-106,-1.000,-1.000
2026-07-23T02:15:27.589Z,Arnold Palmer's Bay Hill Club & Lodge,Arnold Palmer Invitational 2025,Arnold Palmer Invitational,2025,3,S. Scheffler,Scottie Scheffler,Birdies,4.5,3.942,-0.558,over,-9.47,3,L,120,151,-1.000,-1.000
2026-07-23T02:15:27.589Z,Castle Pines Golf Club,BMW Championship 2024,BMW Championship,2024,3,A. Scott,Adam Scott,Birdies,4.5,4.252,-0.248,over,-13.53,3,L,-125,-101,-1.000,-1.000
2026-07-23T02:15:27.589Z,Castle Pines Golf Club,BMW Championship 2024,BMW Championship,2024,3,A. Scott,Adam Scott,Birdies,4.5,4.252,-0.248,under,2.42,3,W,-125,101,0.800,1.010
2026-07-23T02:15:27.589Z,Castle Pines Golf Club,BMW Championship 2024,BMW Championship,2024,4,A. Scott,Adam Scott,Birdies,3.5,4.510,1.010,over,3.67,4,W,-165,-137,0.606,0.730
2026-07-23T02:15:27.589Z,Castle Pines Golf Club,BMW Championship 2024,BMW Championship,2024,4,A. Scott,Adam Scott,Birdies,3.5,4.510,1.010,under,-13.56,4,L,110,137,-1.000,-1.000
2026-07-23T02:15:27.589Z,Castle Pines Golf Club,BMW Championship 2024,BMW Championship,2024,4,A. Scott,Adam Scott,Birdies,4.5,4.510,0.010,over,-10.47,4,L,-135,-110,-1.000,-1.000
2026-07-23T02:15:27.589Z,Castle Pines Golf Club,BMW Championship 2024,BMW Championship,2024,4,A. Scott,Adam Scott,Birdies,4.5,4.510,0.010,under,0.64,4,W,-110,110,0.909,1.100
2026-07-23T02:15:27.589Z,Castle Pines Golf Club,BMW Championship 2024,BMW Championship,2024,4,K. Bradley,Keegan Bradley,Birdies,3.5,4.292,0.792,over,7.60,2,L,-120,103,-1.000,-1.000
2026-07-23T02:15:27.589Z,Castle Pines Golf Club,BMW Championship 2024,BMW Championship,2024,4,K. Bradley,Keegan Bradley,Birdies,4.5,4.292,-0.208,over,-5.98,2,L,105,127,-1.000,-1.000
2026-07-23T02:15:27.589Z,Castle Pines Golf Club,BMW Championship 2024,BMW Championship,2024,4,C. Morikawa,Collin Morikawa,Birdies,4.5,3.905,-0.595,under,3.95,2,W,-155,-122,0.645,0.820
2026-07-23T02:15:27.589Z,Castle Pines Golf Club,BMW Championship 2024,BMW Championship,2024,4,V. Hovland,Viktor Hovland,Birdies,4.5,4.079,-0.421,over,-10.12,2,L,105,130,-1.000,-1.000
2026-07-23T02:15:27.589Z,Castle Pines Golf Club,BMW Championship 2024,BMW Championship,2024,3,W. Clark,Wyndham Clark,Birdies,4.5,4.460,-0.040,over,-8.52,4,L,-120,104,-1.000,-1.000
2026-07-23T02:15:27.589Z,Castle Pines Golf Club,BMW Championship 2024,BMW Championship,2024,4,W. Clark,Wyndham Clark,Birdies,3.5,4.371,0.871,over,-3.12,3,L,-200,-159,-1.000,-1.000
2026-07-23T02:15:27.589Z,Castle Pines Golf Club,BMW Championship 2024,BMW Championship,2024,4,W. Clark,Wyndham Clark,Birdies,3.5,4.371,0.871,under,-7.03,3,W,130,159,1.300,1.590
2026-07-23T02:15:27.589Z,Castle Pines Golf Club,BMW Championship 2024,BMW Championship,2024,4,W. Clark,Wyndham Clark,Birdies,4.5,4.371,-0.129,over,-16.46,3,L,-155,-128,-1.000,-1.000
2026-07-23T02:15:27.589Z,Castle Pines Golf Club,BMW Championship 2024,BMW Championship,2024,4,X. Schauffele,Xander Schauffele,Birdies,4.5,4.544,0.044,over,-7.93,2,L,-125,-102,-1.000,-1.000
2026-07-23T02:15:27.589Z,Castle Pines Golf Club,BMW Championship 2024,BMW Championship,2024,4,X. Schauffele,Xander Schauffele,Birdies,4.5,4.544,0.044,under,-2.17,2,W,-120,102,0.833,1.020
2026-07-23T02:15:27.589Z,Castle Pines Golf Club,BMW Championship 2024,BMW Championship,2024,4,X. Schauffele,Xander Schauffele,Birdies,5.5,4.544,-0.956,over,-20.76,2,L,-105,116,-1.000,-1.000
2026-07-23T02:15:27.589Z,Castle Pines Golf Club,BMW Championship 2024,BMW Championship,2024,4,X. Schauffele,Xander Schauffele,Birdies,5.5,4.544,-0.956,under,10.36,2,W,-145,-116,0.690,0.862
2026-07-23T02:15:27.589Z,Castle Pines Golf Club,BMW PGA Championship 2024,BMW PGA Championship,2024,3,S. Jaeger,Stephan Jaeger,Birdies,4.5,3.880,-0.620,over,-20.78,5,W,-125,-102,0.800,0.980
2026-07-23T02:15:27.589Z,Castle Pines Golf Club,BMW PGA Championship 2024,BMW PGA Championship,2024,2,S. Jaeger,Stephan Jaeger,Birdies,5.5,3.721,-1.779,over,-30.33,6,W,110,137,1.100,1.370
2026-07-23T02:15:27.589Z,Augusta National Golf Club,British Masters 2024,British Masters,2024,2,A. Scott,Adam Scott,Birdies,4.5,3.572,-0.928,over,-18.80,4,L,110,137,-1.000,-1.000
2026-07-23T02:15:27.589Z,Augusta National Golf Club,British Masters 2024,British Masters,2024,2,A. Scott,Adam Scott,Birdies,4.5,3.572,-0.928,under,8.91,4,W,-165,-137,0.606,0.730
2026-07-23T02:15:27.589Z,Augusta National Golf Club,British Masters 2024,British Masters,2024,1,N. Hojgaard,Nicolai Hojgaard,Birdies,4.5,3.300,-1.200,under,15.47,7,L,-155,-129,-1.000,-1.000
2026-07-23T02:15:27.589Z,Augusta National Golf Club,British Masters 2024,British Masters,2024,1,D. Willett,Danny Willett,Birdies,3.5,2.492,-1.008,under,21.38,7,L,-120,101,-1.000,-1.000
2026-07-23T02:15:27.589Z,Augusta National Golf Club,British Masters 2024,British Masters,2024,1,T. Hatton,Tyrrell Hatton,Birdies,4.5,3.296,-1.204,over,-28.71,5,W,-110,110,0.909,1.100
2026-07-23T02:15:27.589Z,Augusta National Golf Club,British Masters 2024,British Masters,2024,2,M. Fitzpatrick,Matt Fitzpatrick,Birdies,5.5,3.103,-2.397,under,29.75,1,W,-155,-130,0.645,0.769
2026-07-23T02:15:27.589Z,Augusta National Golf Club,British Masters 2024,British Masters,2024,2,N. Hojgaard,Nicolai Hojgaard,Birdies,4.5,3.308,-1.192,over,-35.30,4,L,-145,-114,-1.000,-1.000
2026-07-23T02:15:27.589Z,Augusta National Golf Club,British Masters 2024,British Masters,2024,2,S. Lowry,Shane Lowry,Birdies,4.5,3.141,-1.359,over,-29.10,3,L,100,122,-1.000,-1.000
2026-07-23T02:15:27.589Z,Port Royal Golf Course,Butterfield Bermuda Championship 2023,Butterfield Bermuda Championship,2023,1,A. Scott,Adam Scott,Birdies,5.5,4.653,-0.847,over,-18.88,8,W,-105,106,0.952,1.060
2026-07-23T02:15:27.589Z,Port Royal Golf Course,Butterfield Bermuda Championship 2023,Butterfield Bermuda Championship,2023,1,B. Griffin,Ben Griffin,Birdies,5.5,5.309,-0.191,over,-6.19,4,L,100,114,-1.000,-1.000
2026-07-23T02:15:27.589Z,Port Royal Golf Course,Butterfield Bermuda Championship 2023,Butterfield Bermuda Championship,2023,1,B. Todd,Brendon Todd,Birdies,5.5,4.954,-0.546,over,-12.40,7,W,100,115,1.000,1.150
2026-07-23T02:15:27.589Z,Port Royal Golf Course,Butterfield Bermuda Championship 2023,Butterfield Bermuda Championship,2023,1,L. Herbert,Lucas Herbert,Birdies,5.5,5.037,-0.463,over,-9.73,6,W,105,121,1.050,1.210
2026-07-23T02:15:27.589Z,Port Royal Golf Course,Butterfield Bermuda Championship 2023,Butterfield Bermuda Championship,2023,2,A. Bhatia,Akshay Bhatia,Birdies,6,5.369,-0.631,over,-25.19,7,W,-120,-104,0.833,0.962
2026-07-23T02:15:27.589Z,Port Royal Golf Course,Butterfield Bermuda Championship 2023,Butterfield Bermuda Championship,2023,2,C. Villegas,Camilo Villegas,Birdies,5.5,4.809,-0.691,over,-19.49,8,W,-120,-103,0.833,0.971
2026-07-23T02:15:27.589Z,Port Royal Golf Course,Butterfield Bermuda Championship 2023,Butterfield Bermuda Championship,2023,2,C. Villegas,Camilo Villegas,Birdies,5.5,4.809,-0.691,under,12.56,8,L,-110,103,-1.000,-1.000
2026-07-23T02:15:27.589Z,Port Royal Golf Course,Butterfield Bermuda Championship 2023,Butterfield Bermuda Championship,2023,2,L. List,Luke List,Birdies,6,5.075,-0.925,over,-22.73,5,L,110,124,-1.000,-1.000
2026-07-23T02:15:27.589Z,Port Royal Golf Course,Butterfield Bermuda Championship 2024,Butterfield Bermuda Championship,2024,1,C. Villegas,Camilo Villegas,Birdies,4.5,4.528,0.028,over,-1.46,5,W,105,128,1.050,1.280
2026-07-23T02:15:27.589Z,Port Royal Golf Course,Butterfield Bermuda Championship 2024,Butterfield Bermuda Championship,2024,1,C. Villegas,Camilo Villegas,Birdies,4.5,4.528,0.028,under,-9.58,5,L,-165,-139,-1.000,-1.000
2026-07-23T02:15:27.589Z,Port Royal Golf Course,Butterfield Bermuda Championship 2024,Butterfield Bermuda Championship,2024,1,J. Vegas,Jhonattan Vegas,Birdies,4.5,4.739,0.239,under,-1.26,8,L,100,122,-1.000,-1.000
2026-07-23T02:15:27.589Z,Port Royal Golf Course,Butterfield Bermuda Championship 2024,Butterfield Bermuda Championship,2024,1,M. McNealy,Maverick McNealy,Birdies,4.5,4.799,0.299,under,1.13,3,W,115,144,1.150,1.440
2026-07-23T02:15:27.589Z,Port Royal Golf Course,Butterfield Bermuda Championship 2024,Butterfield Bermuda Championship,2024,2,N. Echavarria,Nico Echavarria,Birdies,4.5,4.425,-0.075,over,-9.19,4,L,-120,102,-1.000,-1.000
2026-07-23T02:15:27.589Z,Port Royal Golf Course,Butterfield Bermuda Championship 2024,Butterfield Bermuda Championship,2024,1,D. Berger,Daniel Berger,Birdies,4.5,5.098,0.598,under,-12.20,3,W,-120,103,0.833,1.030
2026-07-23T02:15:27.589Z,Port Royal Golf Course,Butterfield Bermuda Championship 2024,Butterfield Bermuda Championship,2024,1,M. Hughes,Mackenzie Hughes,Birdies,4.5,5.119,0.619,over,-1.17,5,W,-145,-119,0.690,0.840
2026-07-23T02:15:27.589Z,Port Royal Golf Course,Butterfield Bermuda Championship 2024,Butterfield Bermuda Championship,2024,1,M. Hughes,Mackenzie Hughes,Birdies,4.5,5.119,0.619,under,-10.39,5,L,-110,110,-1.000,-1.000
2026-07-23T02:15:27.589Z,Port Royal Golf Course,Butterfield Bermuda Championship 2024,Butterfield Bermuda Championship,2024,1,S. Power,Seamus Power,Birdies,4.5,5.032,0.532,over,-7.13,2,L,-175,-142,-1.000,-1.000
2026-07-23T02:15:27.589Z,Port Royal Golf Course,Butterfield Bermuda Championship 2024,Butterfield Bermuda Championship,2024,1,S. Power,Seamus Power,Birdies,4.5,5.032,0.532,under,-8.89,2,W,-110,112,0.909,1.120
2026-07-23T02:15:27.589Z,Trump National Doral - Blue Monster Course,Cadillac Championship,Cadillac Championship,2026,1,Adam Scott,Adam Scott,Total score,70.5,72.126,1.626,over,16.73,76,W,-125,-133,0.800,0.752
2026-07-23T02:15:27.589Z,Trump National Doral - Blue Monster Course,Cadillac Championship,Cadillac Championship,2026,1,Adam Scott,Adam Scott,Total score,70.5,72.126,1.626,under,-19.90,76,L,110,130,-1.000,-1.000
2026-07-23T02:15:27.589Z,Trump National Doral - Blue Monster Course,Cadillac Championship,Cadillac Championship,2026,1,Akshay Bhatia,Akshay Bhatia,Total score,71.5,71.696,0.196,over,-0.65,70,L,-115,104,-1.000,-1.000
2026-07-23T02:15:27.589Z,Trump National Doral - Blue Monster Course,Cadillac Championship,Cadillac Championship,2026,1,Akshay Bhatia,Akshay Bhatia,Total score,71.5,71.696,0.196,under,-12.84,70,W,-150,-125,0.667,0.800
2026-07-23T02:15:27.589Z,Trump National Doral - Blue Monster Course,Cadillac Championship,Cadillac Championship,2026,1,Akshay Bhatia,Akshay Bhatia,Total score,70.5,71.696,1.196,under,-14.44,70,W,110,132,1.100,1.320
2026-07-23T02:15:27.589Z,Trump National Doral - Blue Monster Course,Cadillac Championship,Cadillac Championship,2026,1,Ben Griffin,Ben Griffin,Total score,71.5,71.915,0.415,over,4.77,70,L,-105,114,-1.000,-1.000
2026-07-23T02:15:27.589Z,Trump National Doral - Blue Monster Course,Cadillac Championship,Cadillac Championship,2026,1,Ben Griffin,Ben Griffin,Total score,71.5,71.915,0.415,under,-14.33,70,W,-140,-114,0.714,0.877
2026-07-23T02:15:27.589Z,Trump National Doral - Blue Monster Course,Cadillac Championship,Cadillac Championship,2026,1,Cameron Young,Cameron Young,Total score,69.5,71.781,2.281,under,-27.27,64,W,110,130,1.100,1.300
2026-07-23T02:15:27.589Z,Trump National Doral - Blue Monster Course,Cadillac Championship,Cadillac Championship,2026,1,Cameron Young,Cameron Young,Total score,70.5,71.781,1.281,under,-21.42,64,W,-115,-116,0.870,0.862
2026-07-23T02:15:27.589Z,Trump National Doral - Blue Monster Course,Cadillac Championship,Cadillac Championship,2026,1,Chris Gotterup,Chris Gotterup,Total score,70.5,71.478,0.978,over,5.56,73,W,-140,-112,0.714,0.893
2026-07-23T02:15:27.589Z,Trump National Doral - Blue Monster Course,Cadillac Championship,Cadillac Championship,2026,1,Chris Gotterup,Chris Gotterup,Total score,70.5,71.478,0.978,under,-15.11,73,L,-105,129,-1.000,-1.000
2026-07-23T02:15:27.589Z,Trump National Doral - Blue Monster Course,Cadillac Championship,Cadillac Championship,2026,1,Collin Morikawa,Collin Morikawa,Total score,70.5,71.381,0.881,over,8.03,75,W,-120,100,0.833,1.000
2026-07-23T02:15:27.589Z,Trump National Doral - Blue Monster Course,Cadillac Championship,Cadillac Championship,2026,1,Collin Morikawa,Collin Morikawa,Total score,70.5,71.381,0.881,under,-17.12,75,L,-120,112,-1.000,-1.000
2026-07-23T02:15:27.589Z,Trump National Doral - Blue Monster Course,Cadillac Championship,Cadillac Championship,2026,1,Hideki Matsuyama,Hideki Matsuyama,Total score,70.5,71.548,1.048,over,4.84,70,L,-150,-126,-1.000,-1.000
2026-07-23T02:15:27.589Z,Trump National Doral - Blue Monster Course,Cadillac Championship,Cadillac Championship,2026,1,Hideki Matsuyama,Hideki Matsuyama,Total score,70.5,71.548,1.048,under,-13.62,70,W,105,126,1.050,1.260
2026-07-23T02:15:27.589Z,Trump National Doral - Blue Monster Course,Cadillac Championship,Cadillac Championship,2026,1,Hideki Matsuyama,Hideki Matsuyama,Total score,71.5,71.548,0.048,under,-10.69,70,W,-150,-133,0.667,0.752
2026-07-23T02:15:27.589Z,Trump National Doral - Blue Monster Course,Cadillac Championship,Cadillac Championship,2026,1,J.J. Spaun,J.J. Spaun,Total score,70.5,71.492,0.992,under,-11.70,72,L,110,133,-1.000,-1.000
2026-07-23T02:15:27.589Z,Trump National Doral - Blue Monster Course,Cadillac Championship,Cadillac Championship,2026,1,J.J. Spaun,J.J. Spaun,Total score,71.5,71.492,-0.008,under,-8.21,72,L,-140,-110,-1.000,-1.000
2026-07-23T02:15:27.589Z,Trump National Doral - Blue Monster Course,Cadillac Championship,Cadillac Championship,2026,1,Jacob Bridgeman,Jacob Bridgeman,Total score,70.5,72.233,1.733,under,-23.57,79,L,100,121,-1.000,-1.000
2026-07-23T02:15:27.589Z,Trump National Doral - Blue Monster Course,Cadillac Championship,Cadillac Championship,2026,1,Jacob Bridgeman,Jacob Bridgeman,Total score,71.5,72.233,0.733,under,-20.50,79,L,-150,-125,-1.000,-1.000
2026-07-23T02:15:27.589Z,Trump National Doral - Blue Monster Course,Cadillac Championship,Cadillac Championship,2026,1,Jason Day,Jason Day,Total score,71.5,71.437,-0.063,over,-4.40,77,W,-115,-116,0.870,0.862
2026-07-23T02:15:27.589Z,Trump National Doral - Blue Monster Course,Cadillac Championship,Cadillac Championship,2026,1,Jordan Spieth,Jordan Spieth,Total score,70.5,71.730,1.230,over,7.27,65,L,-150,-122,-1.000,-1.000
2026-07-23T02:15:27.589Z,Trump National Doral - Blue Monster Course,Cadillac Championship,Cadillac Championship,2026,1,Jordan Spieth,Jordan Spieth,Total score,71.5,71.730,0.230,over,-0.15,65,L,-115,104,-1.000,-1.000
2026-07-23T02:15:27.589Z,Trump National Doral - Blue Monster Course,Cadillac Championship,Cadillac Championship,2026,1,Jordan Spieth,Jordan Spieth,Total score,71.5,71.730,0.230,under,-13.34,65,W,-150,-125,0.667,0.800
2026-07-23T02:15:27.589Z,Trump National Doral - Blue Monster Course,Cadillac Championship,Cadillac Championship,2026,1,Justin Rose,Justin Rose,Total score,70.5,71.666,1.166,over,6.43,74,W,-150,-123,0.667,0.813
2026-07-23T02:15:27.589Z,Trump National Doral - Blue Monster Course,Cadillac Championship,Cadillac Championship,2026,1,Justin Rose,Justin Rose,Total score,70.5,71.666,1.166,under,-16.43,74,L,100,118,-1.000,-1.000
2026-07-23T02:15:27.589Z,Trump National Doral - Blue Monster Course,Cadillac Championship,Cadillac Championship,2026,1,Justin Rose,Justin Rose,Total score,71.5,71.666,0.166,under,-12.41,74,L,-150,-126,-1.000,-1.000
2026-07-23T02:15:27.589Z,Trump National Doral - Blue Monster Course,Cadillac Championship,Cadillac Championship,2026,1,Maverick McNealy,Maverick McNealy,Total score,70.5,71.116,0.616,over,-3.40,71,W,-165,-133,0.606,0.752
2026-07-23T02:15:27.589Z,Trump National Doral - Blue Monster Course,Cadillac Championship,Cadillac Championship,2026,1,Maverick McNealy,Maverick McNealy,Total score,70.5,71.116,0.616,under,-10.08,71,L,-105,115,-1.000,-1.000
2026-07-23T02:15:27.589Z,Trump National Doral - Blue Monster Course,Cadillac Championship,Cadillac Championship,2026,1,Min Woo Lee,Min Woo Lee,Total score,70.5,72.436,1.936,over,22.44,70,L,-115,104,-1.000,-1.000
2026-07-23T02:15:27.589Z,Trump National Doral - Blue Monster Course,Cadillac Championship,Cadillac Championship,2026,1,Min Woo Lee,Min Woo Lee,Total score,70.5,72.436,1.936,under,-31.49,70,W,-125,-107,0.800,0.935
2026-07-23T02:15:27.589Z,Trump National Doral - Blue Monster Course,Cadillac Championship,Cadillac Championship,2026,1,Min Woo Lee,Min Woo Lee,Total score,71.5,72.436,0.936,under,-25.59,70,W,-165,-136,0.606,0.735
2026-07-23T02:15:27.589Z,Trump National Doral - Blue Monster Course,Cadillac Championship,Cadillac Championship,2026,1,Rickie Fowler,Rickie Fowler,Total score,71.5,72.310,0.810,over,11.59,69,L,100,120,-1.000,-1.000
2026-07-23T02:15:27.589Z,Trump National Doral - Blue Monster Course,Cadillac Championship,Cadillac Championship,2026,1,Rickie Fowler,Rickie Fowler,Total score,71.5,72.310,0.810,under,-19.92,69,W,-140,-118,0.714,0.847
2026-07-23T02:15:27.589Z,Trump National Doral - Blue Monster Course,Cadillac Championship,Cadillac Championship,2026,1,Russell Henley,Russell Henley,Total score,70.5,71.964,1.464,over,14.72,72,W,-125,-108,0.800,0.926
2026-07-23T02:15:27.589Z,Trump National Doral - Blue Monster Course,Cadillac Championship,Cadillac Championship,2026,1,Sam Burns,Sam Burns,Total score,70.5,71.242,0.742,over,2.30,76,W,-140,-115,0.714,0.870
2026-07-23T02:15:27.589Z,Trump National Doral - Blue Monster Course,Cadillac Championship,Cadillac Championship,2026,1,Sam Burns,Sam Burns,Total score,70.5,71.242,0.742,under,-10.63,76,L,100,121,-1.000,-1.000
2026-07-23T02:15:27.589Z,Trump National Doral - Blue Monster Course,Cadillac Championship,Cadillac Championship,2026,1,Sam Burns,Sam Burns,Total score,71.5,71.242,-0.258,under,-6.26,76,L,-150,-124,-1.000,-1.000
2026-07-23T02:15:27.589Z,Trump National Doral - Blue Monster Course,Cadillac Championship,Cadillac Championship,2026,1,Scottie Scheffler,Scottie Scheffler,Total score,69.5,71.253,1.753,over,23.81,71,W,100,116,1.000,1.160
2026-07-23T02:15:27.589Z,Trump National Doral - Blue Monster Course,Cadillac Championship,Cadillac Championship,2026,1,Scottie Scheffler,Scottie Scheffler,Total score,69.5,71.253,1.753,under,-28.36,71,L,-120,-114,-1.000,-1.000
2026-07-23T02:15:27.589Z,Trump National Doral - Blue Monster Course,Cadillac Championship,Cadillac Championship,2026,1,Scottie Scheffler,Scottie Scheffler,Total score,68.5,71.253,2.753,under,-31.78,71,L,110,131,-1.000,-1.000
2026-07-23T02:15:27.589Z,Trump National Doral - Blue Monster Course,Cadillac Championship,Cadillac Championship,2026,1,Sepp Straka,Sepp Straka,Total score,70.5,72.024,1.524,under,-19.80,70,W,105,124,1.050,1.240
2026-07-23T02:15:27.589Z,Trump National Doral - Blue Monster Course,Cadillac Championship,Cadillac Championship,2026,1,Sepp Straka,Sepp Straka,Total score,71.5,72.024,0.524,under,-15.89,70,W,-140,-112,0.714,0.893
2026-07-23T02:15:27.589Z,Trump National Doral - Blue Monster Course,Cadillac Championship,Cadillac Championship,2026,1,Shane Lowry,Shane Lowry,Total score,71.5,71.952,0.452,over,6.53,72,W,100,-106,1.000,0.943
2026-07-23T02:15:27.589Z,Trump National Doral - Blue Monster Course,Cadillac Championship,Cadillac Championship,2026,1,Shane Lowry,Shane Lowry,Total score,71.5,71.952,0.452,under,-14.87,72,L,-140,106,-1.000,-1.000
2026-07-23T02:15:27.589Z,Trump National Doral - Blue Monster Course,Cadillac Championship,Cadillac Championship,2026,1,Si Woo Kim,Si Woo Kim,Total score,70.5,71.283,0.783,over,1.21,70,L,-150,-125,-1.000,-1.000
2026-07-23T02:15:27.589Z,Trump National Doral - Blue Monster Course,Cadillac Championship,Cadillac Championship,2026,1,Si Woo Kim,Si Woo Kim,Total score,70.5,71.283,0.783,under,-9.99,70,W,105,125,1.050,1.250
2026-07-23T02:15:27.589Z,Trump National Doral - Blue Monster Course,Cadillac Championship,Cadillac Championship,2026,1,Tommy Fleetwood,Tommy Fleetwood,Total score,70.5,71.837,1.337,over,13.10,70,L,-125,-108,-1.000,-1.000
2026-07-23T02:15:27.589Z,Trump National Doral - Blue Monster Course,Cadillac Championship,Cadillac Championship,2026,1,Tommy Fleetwood,Tommy Fleetwood,Total score,70.5,71.837,1.337,under,-22.14,70,W,-115,119,0.870,1.190
2026-07-23T02:15:27.589Z,Trump National Doral - Blue Monster Course,Cadillac Championship,Cadillac Championship,2026,1,Viktor Hovland,Viktor Hovland,Total score,70.5,72.124,1.624,over,12.25,75,W,-150,-124,0.667,0.806
2026-07-23T02:15:27.589Z,Trump National Doral - Blue Monster Course,Cadillac Championship,Cadillac Championship,2026,1,Viktor Hovland,Viktor Hovland,Total score,70.5,72.124,1.624,under,-21.03,75,L,105,124,-1.000,-1.000
2026-07-23T02:15:27.589Z,Trump National Doral - Blue Monster Course,Cadillac Championship,Cadillac Championship,2026,1,Viktor Hovland,Viktor Hovland,Total score,71.5,72.124,0.624,under,-21.23,75,L,-165,-135,-1.000,-1.000
2026-07-23T02:15:27.589Z,TPC Toronto at Osprey Valley (North Course),Canadian Open 2025,Canadian Open,2025,2,M. Homa,Max Homa,Birdies,3.5,3.852,0.352,over,-3.74,4,W,-135,-112,0.741,0.893
2026-07-23T02:15:27.589Z,TPC Toronto at Osprey Valley (North Course),Canadian Open 2025,Canadian Open,2025,2,S. Burns,Sam Burns,Birdies,3.5,4.302,0.802,over,-3.20,5,W,-190,-155,0.526,0.645
2026-07-23T02:15:27.589Z,TPC Toronto at Osprey Valley (North Course),Canadian Open 2025,Canadian Open,2025,3,N. Taylor,Nick Taylor,Birdies,4.5,4.018,-0.482,over,-13.75,1,L,-105,106,-1.000,-1.000
2026-07-23T02:15:27.589Z,TPC Toronto at Osprey Valley (North Course),Canadian Open 2025,Canadian Open,2025,3,V. Perez,Victor Perez,Birdies,4.5,3.793,-0.707,over,-13.43,5,W,115,140,1.150,1.400
2026-07-23T02:15:27.589Z,TPC Toronto at Osprey Valley (North Course),Canadian Open 2025,Canadian Open,2025,2,L. Aberg,Ludvig Aberg,Birdies,4.5,3.953,-0.547,over,-16.18,6,W,-110,110,0.909,1.100
2026-07-23T02:15:27.589Z,TPC Toronto at Osprey Valley (North Course),Canadian Open 2025,Canadian Open,2025,2,L. Aberg,Ludvig Aberg,Birdies,4.5,3.953,-0.547,under,6.36,6,L,-135,-110,-1.000,-1.000
2026-07-23T02:15:27.589Z,TPC Toronto at Osprey Valley (North Course),Canadian Open 2025,Canadian Open,2025,2,L. Clanton,Luke Clanton,Birdies,4.5,4.101,-0.399,over,-6.37,4,L,120,150,-1.000,-1.000
2026-07-23T02:15:27.589Z,TPC Toronto at Osprey Valley (North Course),Canadian Open 2025,Canadian Open,2025,2,L. Clanton,Luke Clanton,Birdies,4.5,4.101,-0.399,under,-3.37,4,W,-180,-150,0.556,0.667
2026-07-23T02:15:27.589Z,TPC Toronto at Osprey Valley (North Course),Canadian Open 2025,Canadian Open,2025,3,Cam. Young,Cameron Young,Birdies,4.5,4.088,-0.412,over,-7.68,5,W,115,140,1.150,1.400
2026-07-23T02:15:27.589Z,TPC Toronto at Osprey Valley (North Course),Canadian Open 2025,Canadian Open,2025,3,Cam. Young,Cameron Young,Birdies,4.5,4.088,-0.412,under,-2.47,5,L,-175,-140,-1.000,-1.000
2026-07-23T02:15:27.589Z,TPC Toronto at Osprey Valley (North Course),Canadian Open 2025,Canadian Open,2025,3,T. Pendrith,Taylor Pendrith,Birdies,4.5,4.144,-0.356,over,-11.29,4,L,-105,114,-1.000,-1.000
2026-07-23T02:15:27.589Z,TPC Toronto at Osprey Valley (North Course),Canadian Open 2025,Canadian Open,2025,3,T. Pendrith,Taylor Pendrith,Birdies,4.5,4.144,-0.356,under,0.89,4,W,-145,-114,0.690,0.877
2026-07-23T02:15:27.589Z,Colonial Country Club,Charles Schwab Challenge,Charles Schwab Challenge,2026,1,Akshay Bhatia,Akshay Bhatia,Total score,68.5,69.854,1.354,under,-17.66,67,W,105,124,1.050,1.240
2026-07-23T02:15:27.589Z,Colonial Country Club,Charles Schwab Challenge,Charles Schwab Challenge,2026,1,Akshay Bhatia,Akshay Bhatia,Total score,69.5,69.854,0.354,under,-15.12,67,W,-150,-134,0.667,0.746
2026-07-23T02:15:27.589Z,Colonial Country Club,Charles Schwab Challenge,Charles Schwab Challenge,2026,1,Alex Smalley,Alex Smalley,Total score,68.5,71.568,3.068,over,28.44,65,L,-140,-118,-1.000,-1.000
2026-07-23T02:15:27.589Z,Colonial Country Club,Charles Schwab Challenge,Charles Schwab Challenge,2026,1,Alex Smalley,Alex Smalley,Total score,68.5,71.568,3.068,under,-35.55,65,W,105,118,1.050,1.180
2026-07-23T02:15:27.589Z,Colonial Country Club,Charles Schwab Challenge,Charles Schwab Challenge,2026,1,Alex Smalley,Alex Smalley,Total score,69.5,71.568,2.068,under,-39.66,65,W,-165,-136,0.606,0.735
2026-07-23T02:15:27.589Z,Colonial Country Club,Charles Schwab Challenge,Charles Schwab Challenge,2026,1,Ben Griffin,Ben Griffin,Total score,68.5,68.803,0.303,under,-2.01,68,W,110,101,1.100,1.010
2026-07-23T02:15:27.589Z,Colonial Country Club,Charles Schwab Challenge,Charles Schwab Challenge,2026,1,Brandt Snedeker,Brandt Snedeker,Total score,69.5,69.199,-0.301,over,-9.91,70,W,-125,-109,0.800,0.917
2026-07-23T02:15:27.589Z,Colonial Country Club,Charles Schwab Challenge,Charles Schwab Challenge,2026,1,Brian Harman,Brian Harman,Total score,68.5,69.934,1.434,under,-17.52,65,W,110,133,1.100,1.330
2026-07-23T02:15:27.589Z,Colonial Country Club,Charles Schwab Challenge,Charles Schwab Challenge,2026,1,Brian Harman,Brian Harman,Total score,69.5,69.934,0.434,under,-14.60,65,W,-140,-135,0.714,0.741
2026-07-23T02:15:27.589Z,Colonial Country Club,Charles Schwab Challenge,Charles Schwab Challenge,2026,1,Davis Thompson,Davis Thompson,Total score,69.5,69.909,0.409,under,-14.24,69,W,-140,-135,0.714,0.741
2026-07-23T02:15:27.589Z,Colonial Country Club,Charles Schwab Challenge,Charles Schwab Challenge,2026,1,Gary Woodland,Gary Woodland,Total score,69.5,70.094,0.594,under,-16.88,65,W,-140,-134,0.714,0.746
2026-07-23T02:15:27.589Z,Colonial Country Club,Charles Schwab Challenge,Charles Schwab Challenge,2026,1,Harry Hall,Harry Hall,Total score,68.5,68.749,0.249,under,-0.12,68,W,115,130,1.150,1.300
2026-07-23T02:15:27.589Z,Colonial Country Club,Charles Schwab Challenge,Charles Schwab Challenge,2026,1,Harry Hall,Harry Hall,Total score,69.5,68.749,-0.751,under,0.76,68,W,-150,-127,0.667,0.787
2026-07-23T02:15:27.589Z,Colonial Country Club,Charles Schwab Challenge,Charles Schwab Challenge,2026,1,Hideki Matsuyama,Hideki Matsuyama,Total score,68.5,69.316,0.816,under,-8.18,66,W,115,116,1.150,1.160
2026-07-23T02:15:27.589Z,Colonial Country Club,Charles Schwab Challenge,Charles Schwab Challenge,2026,1,J.J. Spaun,J.J. Spaun,Total score,68.5,71.327,2.827,over,30.26,64,L,-120,-101,-1.000,-1.000
2026-07-23T02:15:27.589Z,Colonial Country Club,Charles Schwab Challenge,Charles Schwab Challenge,2026,1,J.J. Spaun,J.J. Spaun,Total score,68.5,71.327,2.827,under,-33.58,64,W,105,101,1.050,1.010
2026-07-23T02:15:27.589Z,Colonial Country Club,Charles Schwab Challenge,Charles Schwab Challenge,2026,1,J.J. Spaun,J.J. Spaun,Total score,69.5,71.327,1.827,under,-36.94,64,W,-165,-130,0.606,0.769
2026-07-23T02:15:27.589Z,Colonial Country Club,Charles Schwab Challenge,Charles Schwab Challenge,2026,1,J.T. Poston,J.T. Poston,Total score,69.5,70.387,0.887,under,-18.20,69,W,-125,-108,0.800,0.926
2026-07-23T02:15:27.589Z,Colonial Country Club,Charles Schwab Challenge,Charles Schwab Challenge,2026,1,Justin Thomas,Justin Thomas,Total score,68.5,68.399,-0.101,over,-9.80,69,W,-140,-111,0.714,0.901
2026-07-23T02:15:27.589Z,Colonial Country Club,Charles Schwab Challenge,Charles Schwab Challenge,2026,1,Justin Thomas,Justin Thomas,Total score,68.5,68.399,-0.101,under,0.25,69,L,-105,101,-1.000,-1.000
2026-07-23T02:15:27.589Z,Colonial Country Club,Charles Schwab Challenge,Charles Schwab Challenge,2026,1,Keegan Bradley,Keegan Bradley,Total score,68.5,69.359,0.859,under,-11.04,65,W,105,136,1.050,1.360
2026-07-23T02:15:27.589Z,Colonial Country Club,Charles Schwab Challenge,Charles Schwab Challenge,2026,1,Keegan Bradley,Keegan Bradley,Total score,69.5,69.359,-0.141,under,-10.22,65,W,-165,-133,0.606,0.752
2026-07-23T02:15:27.589Z,Colonial Country Club,Charles Schwab Challenge,Charles Schwab Challenge,2026,1,Keith Mitchell,Keith Mitchell,Total score,68.5,70.286,1.786,under,-21.82,71,L,110,127,-1.000,-1.000
2026-07-23T02:15:27.589Z,Colonial Country Club,Charles Schwab Challenge,Charles Schwab Challenge,2026,1,Keith Mitchell,Keith Mitchell,Total score,69.5,70.286,0.786,under,-21.26,71,L,-150,-127,-1.000,-1.000
2026-07-23T02:15:27.589Z,Colonial Country Club,Charles Schwab Challenge,Charles Schwab Challenge,2026,1,Mac Meissner,Mac Meissner,Total score,69.5,68.461,-1.039,under,6.39,66,W,-140,-119,0.714,0.840
2026-07-23T02:15:27.589Z,Colonial Country Club,Charles Schwab Challenge,Charles Schwab Challenge,2026,1,Michael Thorbjornsen,Michael Thorbjornsen,Total score,69.5,70.315,0.815,over,9.27,66,L,-110,108,-1.000,-1.000
2026-07-23T02:15:27.589Z,Colonial Country Club,Charles Schwab Challenge,Charles Schwab Challenge,2026,1,Michael Thorbjornsen,Michael Thorbjornsen,Total score,69.5,70.315,0.815,under,-17.21,66,W,-125,-119,0.800,0.840
2026-07-23T02:15:27.589Z,Colonial Country Club,Charles Schwab Challenge,Charles Schwab Challenge,2026,1,Pierceson Coody,Pierceson Coody,Total score,69.5,68.910,-0.590,under,0.16,71,L,-140,-126,-1.000,-1.000
2026-07-23T02:15:27.589Z,Colonial Country Club,Charles Schwab Challenge,Charles Schwab Challenge,2026,1,Rickie Fowler,Rickie Fowler,Total score,68.5,69.673,1.173,under,-13.02,70,L,115,-108,-1.000,-1.000
2026-07-23T02:15:27.589Z,Colonial Country Club,Charles Schwab Challenge,Charles Schwab Challenge,2026,1,Robert MacIntyre,Robert MacIntyre,Total score,68.5,69.886,1.386,over,14.74,68,L,-120,101,-1.000,-1.000
2026-07-23T02:15:27.589Z,Colonial Country Club,Charles Schwab Challenge,Charles Schwab Challenge,2026,1,Robert MacIntyre,Robert MacIntyre,Total score,68.5,69.886,1.386,under,-19.29,68,W,100,118,1.000,1.180
2026-07-23T02:15:27.589Z,Colonial Country Club,Charles Schwab Challenge,Charles Schwab Challenge,2026,1,Russell Henley,Russell Henley,Total score,68.5,69.630,1.130,under,-18.32,66,W,-110,-107,0.909,0.935
2026-07-23T02:15:27.589Z,Colonial Country Club,Charles Schwab Challenge,Charles Schwab Challenge,2026,1,Ryan Gerard,Ryan Gerard,Total score,69.5,71.121,1.621,under,-30.56,64,W,-140,-115,0.714,0.870
2026-07-23T02:15:27.589Z,Colonial Country Club,Charles Schwab Challenge,Charles Schwab Challenge,2026,1,Ryo Hisatsune,Ryo Hisatsune,Total score,69.5,69.188,-0.312,under,-3.81,66,W,-140,-130,0.714,0.769
2026-07-23T02:15:27.589Z,Colonial Country Club,Charles Schwab Challenge,Charles Schwab Challenge,2026,1,Sahith Theegala,Sahith Theegala,Total score,69.5,71.324,1.824,under,-32.97,67,W,-140,-115,0.714,0.870
2026-07-23T02:15:27.589Z,Colonial Country Club,Charles Schwab Challenge,Charles Schwab Challenge,2026,1,Samuel Stevens,Sam Stevens,Total score,69.5,71.154,1.654,under,-28.17,68,W,-125,-106,0.800,0.943
2026-07-23T02:15:27.589Z,Colonial Country Club,Charles Schwab Challenge,Charles Schwab Challenge,2026,1,Sungjae Im,Sungjae Im,Total score,68.5,69.108,0.608,under,-6.36,70,L,110,111,-1.000,-1.000
2026-07-23T02:15:27.589Z,Colonial Country Club,Charles Schwab Challenge,Charles Schwab Challenge,2026,1,Sungjae Im,Sungjae Im,Total score,69.5,69.108,-0.392,under,-4.33,70,L,-150,-132,-1.000,-1.000
2026-07-23T02:15:27.589Z,Colonial Country Club,Charles Schwab Challenge,Charles Schwab Challenge,2026,1,Tom Hoge,Tom Hoge,Total score,69.5,70.223,0.723,under,-11.59,68,W,-105,112,0.952,1.120
2026-07-23T02:15:27.589Z,Colonial Country Club,Charles Schwab Challenge,Charles Schwab Challenge,2026,1,Tony Finau,Tony Finau,Total score,68.5,68.338,-0.162,under,5.84,70,L,115,137,-1.000,-1.000
2026-07-23T02:15:27.589Z,Colonial Country Club,Charles Schwab Challenge,Charles Schwab Challenge,2026,1,Tony Finau,Tony Finau,Total score,69.5,68.338,-1.162,under,6.37,70,L,-150,-121,-1.000,-1.000
2026-07-23T02:15:27.589Z,Colonial Country Club,Charles Schwab Challenge 2023,Charles Schwab Challenge,2023,4,V. Hovland,Viktor Hovland,Birdies,3,3.157,0.157,over,-20.39,2,L,-145,-123,-1.000,-1.000
2026-07-23T02:15:27.589Z,Colonial Country Club,Charles Schwab Challenge 2023,Charles Schwab Challenge,2023,4,S. Burns,Sam Burns,Total score,70,70.516,0.516,under,-11.99,68,W,-120,-107,0.833,0.935
2026-07-23T02:15:27.589Z,Colonial Country Club,Charles Schwab Challenge 2024,Charles Schwab Challenge,2024,2,A. Svensson,Adam Svensson,Birdies,3.5,2.220,-1.280,over,-38.99,3,L,-135,-107,-1.000,-1.000
2026-07-23T02:15:27.589Z,Colonial Country Club,Charles Schwab Challenge 2024,Charles Schwab Challenge,2024,2,A. Svensson,Adam Svensson,Birdies,3.5,2.220,-1.280,under,29.16,3,W,-110,107,0.909,1.070
2026-07-23T02:15:27.589Z,Colonial Country Club,Charles Schwab Challenge 2024,Charles Schwab Challenge,2024,2,G. Woodland,Gary Woodland,Birdies,3.5,2.999,-0.501,over,-15.97,8,W,-105,114,0.952,1.140
2026-07-23T02:15:27.589Z,Colonial Country Club,Charles Schwab Challenge 2024,Charles Schwab Challenge,2024,2,G. Woodland,Gary Woodland,Birdies,3.5,2.999,-0.501,under,5.56,8,L,-145,-114,-1.000,-1.000
2026-07-23T02:15:27.589Z,Colonial Country Club,Charles Schwab Challenge 2024,Charles Schwab Challenge,2024,4,K. Bradley,Keegan Bradley,Birdies,3.5,3.286,-0.214,over,-10.72,5,W,-110,112,0.909,1.120
2026-07-23T02:15:27.589Z,Colonial Country Club,Charles Schwab Challenge 2024,Charles Schwab Challenge,2024,4,K. Bradley,Keegan Bradley,Birdies,3.5,3.286,-0.214,under,0.90,5,L,-135,-112,-1.000,-1.000
2026-07-23T02:15:27.589Z,Colonial Country Club,Charles Schwab Challenge 2024,Charles Schwab Challenge,2024,3,K. Bradley,Keegan Bradley,Birdies,3.5,3.128,-0.372,over,-11.86,3,L,100,125,-1.000,-1.000
2026-07-23T02:15:27.589Z,Colonial Country Club,Charles Schwab Challenge 2024,Charles Schwab Challenge,2024,3,K. Bradley,Keegan Bradley,Birdies,3.5,3.128,-0.372,under,1.07,3,W,-155,-125,0.645,0.800
2026-07-23T02:15:27.589Z,Colonial Country Club,Charles Schwab Challenge 2024,Charles Schwab Challenge,2024,3,S. Straka,Sepp Straka,Birdies,3.5,2.765,-0.735,over,-19.97,2,L,100,125,-1.000,-1.000
2026-07-23T02:15:27.589Z,Colonial Country Club,Charles Schwab Challenge 2024,Charles Schwab Challenge,2024,3,C. Davis,Cam Davis,Birdies,3.5,2.526,-0.974,over,-23.98,4,W,105,128,1.050,1.280
2026-07-23T02:15:27.589Z,Colonial Country Club,Charles Schwab Challenge 2024,Charles Schwab Challenge,2024,3,R. Fowler,Rickie Fowler,Birdies,3.5,2.447,-1.053,over,-26.88,5,W,100,123,1.000,1.230
2026-07-23T02:15:27.589Z,Colonial Country Club,Charles Schwab Challenge 2024,Charles Schwab Challenge,2024,4,D. Riley,Davis Riley,Birdies,3,3.678,0.678,over,1.34,4,W,105,128,1.050,1.280
2026-07-23T02:15:27.589Z,Colonial Country Club,Charles Schwab Challenge 2024,Charles Schwab Challenge,2024,4,D. Riley,Davis Riley,Birdies,3,3.678,0.678,under,-10.91,4,L,-155,-128,-1.000,-1.000
2026-07-23T02:15:27.589Z,Colonial Country Club,Charles Schwab Challenge 2024,Charles Schwab Challenge,2024,4,D. Riley,Davis Riley,Birdies,3.5,3.678,0.178,over,-1.09,4,W,-105,118,0.952,1.180
2026-07-23T02:15:27.589Z,Colonial Country Club,Charles Schwab Challenge 2024,Charles Schwab Challenge,2024,4,D. Riley,Davis Riley,Birdies,3.5,3.678,0.178,under,-9.31,4,L,-145,-118,-1.000,-1.000
2026-07-23T02:15:27.589Z,Colonial Country Club,Charles Schwab Challenge 2024,Charles Schwab Challenge,2024,4,S. Scheffler,Scottie Scheffler,Birdies,4,3.499,-0.501,over,-30.01,2,L,-135,-108,-1.000,-1.000
2026-07-23T02:15:27.589Z,Colonial Country Club,Charles Schwab Challenge 2024,Charles Schwab Challenge,2024,4,S. Scheffler,Scottie Scheffler,Birdies,4.5,3.499,-1.001,over,-33.35,2,L,-155,-124,-1.000,-1.000
2026-07-23T02:15:27.589Z,Colonial Country Club,Charles Schwab Challenge 2024,Charles Schwab Challenge,2024,4,S. Scheffler,Scottie Scheffler,Birdies,4.5,3.499,-1.001,under,22.56,2,W,100,124,1.000,1.240
2026-07-23T02:15:27.589Z,Colonial Country Club,Charles Schwab Challenge 2024,Charles Schwab Challenge,2024,4,S. Scheffler,Scottie Scheffler,Birdies,5,3.499,-1.501,under,24.99,2,W,-155,-126,0.645,0.794
2026-07-23T02:15:27.589Z,Colonial Country Club,Charles Schwab Challenge 2024,Charles Schwab Challenge,2024,3,S. Scheffler,Scottie Scheffler,Birdies,3.5,3.413,-0.087,over,-14.74,7,W,-145,-120,0.690,0.833
2026-07-23T02:15:27.589Z,Colonial Country Club,Charles Schwab Challenge 2025,Charles Schwab Challenge,2025,2,C. Kirk,Chris Kirk,Birdies,2.5,2.733,0.233,over,-14.07,1,L,-190,-152,-1.000,-1.000
2026-07-23T02:15:27.589Z,Colonial Country Club,Charles Schwab Challenge 2025,Charles Schwab Challenge,2025,2,J. Spieth,Jordan Spieth,Birdies,3.5,3.669,0.169,over,-1.28,2,L,-105,118,-1.000,-1.000
2026-07-23T02:15:27.589Z,Colonial Country Club,Charles Schwab Challenge 2025,Charles Schwab Challenge,2025,2,J. Spieth,Jordan Spieth,Birdies,3.5,3.669,0.169,under,-9.12,2,W,-145,-118,0.690,0.847
2026-07-23T02:15:27.589Z,Colonial Country Club,Charles Schwab Challenge 2025,Charles Schwab Challenge,2025,2,T. Fleetwood,Tommy Fleetwood,Birdies,3.5,2.595,-0.905,over,-28.25,3,L,-120,105,-1.000,-1.000
2026-07-23T02:15:27.589Z,Colonial Country Club,Charles Schwab Challenge 2025,Charles Schwab Challenge,2025,2,T. Fleetwood,Tommy Fleetwood,Birdies,3.5,2.595,-0.905,under,18.15,3,W,-125,-105,0.800,0.952
2026-07-23T02:15:27.589Z,Colonial Country Club,Charles Schwab Challenge 2025,Charles Schwab Challenge,2025,1,H. English,Harris English,Birdies,3.5,3.144,-0.356,over,-8.01,3,L,115,139,-1.000,-1.000
2026-07-23T02:15:27.589Z,Colonial Country Club,Charles Schwab Challenge 2025,Charles Schwab Challenge,2025,1,J.T. Poston,J.T. Poston,Birdies,3.5,2.816,-0.684,over,-14.29,7,W,120,146,1.200,1.460
2026-07-23T02:15:27.589Z,Colonial Country Club,Charles Schwab Challenge 2025,Charles Schwab Challenge,2025,2,B. Harman,Brian Harman,Birdies,3.5,2.884,-0.616,over,-13.83,1,L,115,143,-1.000,-1.000
2026-07-23T02:15:27.589Z,Colonial Country Club,Charles Schwab Challenge 2025,Charles Schwab Challenge,2025,2,H. Matsuyama,Hideki Matsuyama,Birdies,3.5,2.826,-0.674,over,-18.61,3,L,100,120,-1.000,-1.000
2026-07-23T02:15:27.589Z,Colonial Country Club,Charles Schwab Challenge 2025,Charles Schwab Challenge,2025,2,M. McNealy,Maverick McNealy,Birdies,3.5,2.953,-0.547,over,-13.40,1,L,110,133,-1.000,-1.000
2026-07-23T02:15:27.589Z,Colonial Country Club,Charles Schwab Challenge 2025,Charles Schwab Challenge,2025,1,K. Mitchell,Keith Mitchell,Birdies,3.5,3.084,-0.416,over,-11.62,3,L,105,129,-1.000,-1.000
2026-07-23T02:15:27.589Z,Colonial Country Club,Charles Schwab Challenge 2025,Charles Schwab Challenge,2025,1,K. Mitchell,Keith Mitchell,Birdies,3.5,3.084,-0.416,under,2.06,3,W,-155,-129,0.645,0.775
2026-07-23T02:15:27.589Z,Colonial Country Club,Charles Schwab Challenge 2025,Charles Schwab Challenge,2025,1,R. Fowler,Rickie Fowler,Birdies,3.5,2.552,-0.948,over,-18.12,2,L,130,158,-1.000,-1.000
2026-07-23T02:15:27.589Z,Colonial Country Club,Charles Schwab Challenge 2025,Charles Schwab Challenge,2025,1,T. Kim,Tom Kim,Birdies,3.5,2.441,-1.059,over,-21.46,2,L,125,151,-1.000,-1.000
2026-07-23T02:15:27.589Z,Colonial Country Club,Charles Schwab Challenge 2025,Charles Schwab Challenge,2025,1,T. Kim,Tom Kim,Birdies,3.5,2.441,-1.059,under,12.73,2,W,-180,-151,0.556,0.662
2026-07-23T02:15:27.589Z,Colonial Country Club,Charles Schwab Challenge 2025,Charles Schwab Challenge,2025,3,A. Bhatia,Akshay Bhatia,Birdies,3.5,3.431,-0.069,over,0.40,5,W,125,153,1.250,1.530
2026-07-23T02:15:27.589Z,Colonial Country Club,Charles Schwab Challenge 2025,Charles Schwab Challenge,2025,3,C. Gotterup,Chris Gotterup,Birdies,2.5,3.669,1.169,over,6.64,1,L,-180,-147,-1.000,-1.000
2026-07-23T02:15:27.589Z,Colonial Country Club,Charles Schwab Challenge 2025,Charles Schwab Challenge,2025,3,R. Hisatsune,Ryo Hisatsune,Birdies,2.5,2.600,0.100,over,-17.36,2,L,-190,-157,-1.000,-1.000
2026-07-23T02:15:27.589Z,Colonial Country Club,Charles Schwab Challenge 2025,Charles Schwab Challenge,2025,3,J.J. Spaun,J.J. Spaun,Birdies,3.5,3.059,-0.441,over,-18.96,2,L,-125,-100,-1.000,-1.000
2026-07-23T02:15:27.589Z,PGA National Resort (The Champion),Cognizant Classic in The Palm Beaches 2024,Cognizant Classic in The Palm Beaches,2024,1,Cam. Young,Cameron Young,Birdies,4.5,3.984,-0.516,over,-18.75,9,W,-125,-112,0.800,0.893
2026-07-23T02:15:27.589Z,PGA National Resort (The Champion),Cognizant Classic in The Palm Beaches 2024,Cognizant Classic in The Palm Beaches,2024,1,Cam. Young,Cameron Young,Birdies,4.5,3.984,-0.516,under,13.20,9,L,100,112,-1.000,-1.000
2026-07-23T02:15:27.589Z,PGA National Resort (The Champion),Cognizant Classic in The Palm Beaches 2024,Cognizant Classic in The Palm Beaches,2024,2,A. Bhatia,Akshay Bhatia,Birdies,4.5,3.776,-0.724,under,12.71,2,W,-120,-105,0.833,0.952
2026-07-23T02:15:27.589Z,PGA National Resort (The Champion),Cognizant Classic in The Palm Beaches 2024,Cognizant Classic in The Palm Beaches,2024,2,Cam. Young,Cameron Young,Birdies,5,4.387,-0.613,over,-23.43,4,L,-105,108,-1.000,-1.000
2026-07-23T02:15:27.589Z,PGA National Resort (The Champion),Cognizant Classic in The Palm Beaches 2024,Cognizant Classic in The Palm Beaches,2024,2,Cam. Young,Cameron Young,Birdies,5,4.387,-0.613,under,16.65,4,W,-125,-108,0.800,0.926
2026-07-23T02:15:27.589Z,PGA National Resort (The Champion),Cognizant Classic in The Palm Beaches 2024,Cognizant Classic in The Palm Beaches,2024,2,N. Dunlap,Nick Dunlap,Birdies,4.5,4.442,-0.058,over,-3.10,4,L,105,120,-1.000,-1.000
2026-07-23T02:15:27.589Z,PGA National Resort (The Champion),Cognizant Classic in The Palm Beaches 2024,Cognizant Classic in The Palm Beaches,2024,2,N. Dunlap,Nick Dunlap,Birdies,4.5,4.442,-0.058,under,-3.13,4,W,-135,-120,0.741,0.833
2026-07-23T02:15:27.589Z,PGA National Resort (The Champion),Cognizant Classic in The Palm Beaches 2024,Cognizant Classic in The Palm Beaches,2024,4,A. Eckroat,Austin Eckroat,Birdies,4,4.175,0.175,over,-11.85,5,W,-110,-101,0.909,0.990
2026-07-23T02:15:27.589Z,PGA National Resort (The Champion),Cognizant Classic in The Palm Beaches 2024,Cognizant Classic in The Palm Beaches,2024,4,A. Eckroat,Austin Eckroat,Birdies,4,4.175,0.175,under,7.09,5,L,-110,101,-1.000,-1.000
2026-07-23T02:15:27.589Z,PGA National Resort (The Champion),Cognizant Classic in The Palm Beaches 2024,Cognizant Classic in The Palm Beaches,2024,3,A. Eckroat,Austin Eckroat,Birdies,4.5,3.694,-0.806,over,-21.22,5,W,-110,103,0.909,1.030
2026-07-23T02:15:27.589Z,PGA National Resort (The Champion),Cognizant Classic in The Palm Beaches 2024,Cognizant Classic in The Palm Beaches,2024,3,A. Eckroat,Austin Eckroat,Birdies,4.5,3.694,-0.806,under,14.29,5,L,-120,-103,-1.000,-1.000
2026-07-23T02:15:27.589Z,PGA National Resort (The Champion),Cognizant Classic in The Palm Beaches 2024,Cognizant Classic in The Palm Beaches,2024,3,G. Higgo,Garrick Higgo,Birdies,4.5,3.921,-0.579,under,5.24,1,W,-145,-126,0.690,0.794
2026-07-23T02:15:27.589Z,PGA National Resort (The Champion),Cognizant Classic in The Palm Beaches 2024,Cognizant Classic in The Palm Beaches,2024,1,M. Fitzpatrick,Matt Fitzpatrick,Birdies,4.5,3.774,-0.726,over,-18.51,3,L,-105,110,-1.000,-1.000
2026-07-23T02:15:27.589Z,PGA National Resort (The Champion),Cognizant Classic in The Palm Beaches 2024,Cognizant Classic in The Palm Beaches,2024,1,M. Fitzpatrick,Matt Fitzpatrick,Birdies,4.5,3.774,-0.726,under,11.73,3,W,-125,-110,0.800,0.909
2026-07-23T02:15:27.589Z,PGA National Resort (The Champion),Cognizant Classic in The Palm Beaches 2024,Cognizant Classic in The Palm Beaches,2024,1,T. Kim,S.H. Kim,Birdies,4.5,2.879,-1.621,over,-34.74,6,W,-105,110,0.952,1.100
2026-07-23T02:15:27.589Z,PGA National Resort (The Champion),Cognizant Classic in The Palm Beaches 2024,Cognizant Classic in The Palm Beaches,2024,1,T. Kim,S.H. Kim,Birdies,4.5,2.879,-1.621,under,27.96,6,L,-125,-110,-1.000,-1.000
2026-07-23T02:15:27.589Z,PGA National Resort (The Champion),Cognizant Classic in The Palm Beaches 2024,Cognizant Classic in The Palm Beaches,2024,2,J. Rose,Justin Rose,Birdies,4.5,3.997,-0.503,under,8.40,4,W,-120,-103,0.833,0.971
2026-07-23T02:15:27.589Z,PGA National Resort (The Champion),Cognizant Classic in The Palm Beaches 2024,Cognizant Classic in The Palm Beaches,2024,2,M. Fitzpatrick,Matt Fitzpatrick,Birdies,4.5,4.087,-0.413,under,9.97,6,L,-105,106,-1.000,-1.000
2026-07-23T02:15:27.589Z,PGA National Resort (The Champion),Cognizant Classic in The Palm Beaches 2024,Cognizant Classic in The Palm Beaches,2024,2,T. Kim,S.H. Kim,Birdies,4.5,3.484,-1.016,under,24.07,2,W,105,116,1.050,1.160
2026-07-23T02:15:27.589Z,PGA National Resort (The Champion),Cognizant Classic in The Palm Beaches 2024,Cognizant Classic in The Palm Beaches,2024,3,J. Rose,Justin Rose,Birdies,4.5,3.911,-0.589,over,-13.40,4,L,105,120,-1.000,-1.000
2026-07-23T02:15:27.589Z,PGA National Resort (The Champion),Cognizant Classic in The Palm Beaches 2024,Cognizant Classic in The Palm Beaches,2024,4,M. Fitzpatrick,Matt Fitzpatrick,Birdies,4.5,3.990,-0.510,over,-17.62,4,L,-120,-102,-1.000,-1.000
2026-07-23T02:15:27.589Z,PGA National Resort (The Champion),Cognizant Classic in The Palm Beaches 2024,Cognizant Classic in The Palm Beaches,2024,3,R. Fowler,Rickie Fowler,Birdies,4.5,3.373,-1.127,over,-26.14,6,W,-105,108,0.952,1.080
2026-07-23T02:15:27.589Z,PGA National Resort (The Champion),Cognizant Classic in The Palm Beaches 2024,Cognizant Classic in The Palm Beaches,2024,3,R. Fowler,Rickie Fowler,Birdies,4.5,3.373,-1.127,under,19.36,6,L,-125,-108,-1.000,-1.000
2026-07-23T02:15:27.589Z,PGA National Resort (The Champion),Cognizant Classic in The Palm Beaches 2024,Cognizant Classic in The Palm Beaches,2024,3,T. Alexander,Tyson Alexander,Birdies,4,3.449,-0.551,over,-24.72,3,L,-105,108,-1.000,-1.000
2026-07-23T02:15:27.589Z,PGA National Resort (The Champion),Cognizant Classic in The Palm Beaches 2024,Cognizant Classic in The Palm Beaches,2024,1,R. Fowler,Rickie Fowler,Birdies,4,3.006,-0.994,over,-40.61,2,L,-145,-131,-1.000,-1.000
2026-07-23T02:15:27.589Z,PGA National Resort (The Champion),Cognizant Classic in The Palm Beaches 2024,Cognizant Classic in The Palm Beaches,2024,1,R. Fowler,Rickie Fowler,Birdies,4,3.006,-0.994,under,34.91,2,W,115,131,1.150,1.310
2026-07-23T02:15:27.589Z,PGA National Resort (The Champion),Cognizant Classic in The Palm Beaches 2024,Cognizant Classic in The Palm Beaches,2024,1,S. Straka,Sepp Straka,Birdies,4.5,3.483,-1.017,over,-21.65,5,W,105,118,1.050,1.180
2026-07-23T02:15:27.589Z,PGA National Resort (The Champion),Cognizant Classic in The Palm Beaches 2024,Cognizant Classic in The Palm Beaches,2024,2,R. Fowler,Rickie Fowler,Birdies,4.5,3.409,-1.091,under,18.70,5,L,-125,-109,-1.000,-1.000
2026-07-23T02:15:27.589Z,PGA National Resort (The Champion),Cognizant Classic in The Palm Beaches 2024,Cognizant Classic in The Palm Beaches,2024,2,S. Straka,Sepp Straka,Birdies,4.5,3.879,-0.621,under,16.47,3,W,105,116,1.050,1.160
2026-07-23T02:15:27.589Z,PGA National Resort (The Champion),Cognizant Classic in The Palm Beaches 2024,Cognizant Classic in The Palm Beaches,2024,1,C. Kirk,Chris Kirk,Birdies,4.5,3.783,-0.717,over,-26.30,7,W,-145,-126,0.690,0.794
2026-07-23T02:15:27.589Z,PGA National Resort (The Champion),Cognizant Classic in The Palm Beaches 2024,Cognizant Classic in The Palm Beaches,2024,1,C. Kirk,Chris Kirk,Birdies,4.5,3.783,-0.717,under,19.50,7,L,110,126,-1.000,-1.000
2026-07-23T02:15:27.589Z,PGA National Resort (The Champion),Cognizant Classic in The Palm Beaches 2024,Cognizant Classic in The Palm Beaches,2024,1,J. Knapp,Jake Knapp,Birdies,4.5,4.111,-0.389,over,-15.26,5,W,-120,-106,0.833,0.943
2026-07-23T02:15:27.589Z,PGA National Resort (The Champion),Cognizant Classic in The Palm Beaches 2024,Cognizant Classic in The Palm Beaches,2024,1,J. Knapp,Jake Knapp,Birdies,4.5,4.111,-0.389,under,9.50,5,L,-105,106,-1.000,-1.000
2026-07-23T02:15:27.589Z,PGA National Resort (The Champion),Cognizant Classic in The Palm Beaches 2024,Cognizant Classic in The Palm Beaches,2024,2,C. Kirk,Chris Kirk,Birdies,4.5,4.290,-0.210,over,-8.46,6,W,-105,107,0.952,1.070
2026-07-23T02:15:27.589Z,PGA National Resort (The Champion),Cognizant Classic in The Palm Beaches 2024,Cognizant Classic in The Palm Beaches,2024,2,C. Kirk,Chris Kirk,Birdies,4.5,4.290,-0.210,under,2.69,6,L,-120,-107,-1.000,-1.000
2026-07-23T02:15:27.589Z,PGA National Resort (The Champion),Cognizant Classic in The Palm Beaches 2024,Cognizant Classic in The Palm Beaches,2024,2,J. Knapp,Jake Knapp,Birdies,4.5,4.404,-0.096,over,-2.66,5,W,110,121,1.100,1.210
2026-07-23T02:15:27.589Z,PGA National Resort (The Champion),Cognizant Classic in The Palm Beaches 2024,Cognizant Classic in The Palm Beaches,2024,2,J. Knapp,Jake Knapp,Birdies,4.5,4.404,-0.096,under,-2.41,5,L,-135,-121,-1.000,-1.000
2026-07-23T02:15:27.589Z,PGA National Resort (The Champion),Cognizant Classic in The Palm Beaches 2024,Cognizant Classic in The Palm Beaches,2024,3,Cam. Young,Cameron Young,Birdies,4.5,4.251,-0.249,over,-6.77,2,L,105,118,-1.000,-1.000
2026-07-23T02:15:27.589Z,PGA National Resort (The Champion),Cognizant Classic in The Palm Beaches 2024,Cognizant Classic in The Palm Beaches,2024,3,Cam. Young,Cameron Young,Birdies,4.5,4.251,-0.249,under,0.55,2,W,-135,-118,0.741,0.847
2026-07-23T02:15:27.589Z,PGA National Resort (The Champion Course),Cognizant Classic in The Palm Beaches 2025,Cognizant Classic in The Palm Beaches,2025,2,B. Horschel,Billy Horschel,Birdies,4.5,4.324,-0.176,under,12.14,3,W,125,154,1.250,1.540
2026-07-23T02:15:27.589Z,PGA National Resort (The Champion Course),Cognizant Classic in The Palm Beaches 2025,Cognizant Classic in The Palm Beaches,2025,2,Cam. Young,Cameron Young,Birdies,5.5,4.641,-0.859,over,-13.32,6,W,120,148,1.200,1.480
2026-07-23T02:15:27.589Z,PGA National Resort (The Champion Course),Cognizant Classic in The Palm Beaches 2025,Cognizant Classic in The Palm Beaches,2025,2,Cam. Young,Cameron Young,Birdies,5.5,4.641,-0.859,under,3.58,6,L,-180,-148,-1.000,-1.000
2026-07-23T02:15:27.589Z,PGA National Resort (The Champion Course),Cognizant Classic in The Palm Beaches 2025,Cognizant Classic in The Palm Beaches,2025,3,J. Knapp,Jake Knapp,Birdies,4.5,5.428,0.928,over,8.57,5,W,-120,106,0.833,1.060
2026-07-23T02:15:27.589Z,PGA National Resort (The Champion Course),Cognizant Classic in The Palm Beaches 2025,Cognizant Classic in The Palm Beaches,2025,3,M. Pavon,Matthieu Pavon,Birdies,4.5,4.759,0.259,over,1.63,3,L,100,124,-1.000,-1.000
2026-07-23T02:15:27.589Z,PGA National Resort (The Champion Course),Cognizant Classic in The Palm Beaches 2025,Cognizant Classic in The Palm Beaches,2025,3,R. Fowler,Rickie Fowler,Birdies,4.5,4.675,0.175,over,-14.21,5,W,-180,-145,0.556,0.690
2026-07-23T02:15:27.589Z,PGA National Resort (The Champion Course),Cognizant Classic in The Palm Beaches 2025,Cognizant Classic in The Palm Beaches,2025,3,R. Fowler,Rickie Fowler,Birdies,4.5,4.675,0.175,under,4.47,5,L,120,145,-1.000,-1.000
2026-07-23T02:15:27.589Z,PGA National Resort (The Champion Course),Cognizant Classic in The Palm Beaches 2025,Cognizant Classic in The Palm Beaches,2025,2,J. Spieth,Jordan Spieth,Birdies,4.5,3.779,-0.721,under,21.74,6,L,120,151,-1.000,-1.000
2026-07-23T02:15:27.589Z,PGA National Resort (The Champion Course),Cognizant Classic in The Palm Beaches 2025,Cognizant Classic in The Palm Beaches,2025,3,B. Harman,Brian Harman,Birdies,4.5,4.295,-0.205,over,-20.78,6,W,-175,-140,0.571,0.714
2026-07-23T02:15:27.589Z,PGA National Resort (The Champion Course),Cognizant Classic in The Palm Beaches 2025,Cognizant Classic in The Palm Beaches,2025,3,B. Harman,Brian Harman,Birdies,4.5,4.295,-0.205,under,10.63,6,L,115,140,-1.000,-1.000
2026-07-23T02:15:27.589Z,Torrey Pines Golf Course (South Course),Farmers Insurance Open 2024,Farmers Insurance Open,2024,1,J. Day,Jason Day,Birdies,3.5,4.203,0.703,over,3.07,2,L,-135,-116,-1.000,-1.000
2026-07-23T02:15:27.589Z,Torrey Pines Golf Course (South Course),Farmers Insurance Open 2024,Farmers Insurance Open,2024,1,K. Bradley,Keegan Bradley,Birdies,3.5,3.832,0.332,over,-2.25,3,L,-125,-114,-1.000,-1.000
2026-07-23T02:15:27.589Z,Torrey Pines Golf Course (North Course),Farmers Insurance Open 2024,Farmers Insurance Open,2024,1,M. W. Lee,K.H. Lee,Birdies,3.5,3.921,0.421,over,-2.35,4,W,-135,-118,0.741,0.847
2026-07-23T02:15:27.589Z,Torrey Pines Golf Course (North Course),Farmers Insurance Open 2024,Farmers Insurance Open,2024,2,J. Day,Jason Day,Birdies,5.5,3.815,-1.685,under,25.78,3,W,-125,-112,0.800,0.893
2026-07-23T02:15:27.589Z,Torrey Pines Golf Course (North Course),Farmers Insurance Open 2024,Farmers Insurance Open,2024,2,K. Bradley,Keegan Bradley,Birdies,5.5,3.576,-1.924,under,29.19,6,L,-125,-112,-1.000,-1.000
2026-07-23T02:15:27.589Z,Torrey Pines Golf Course (South Course),Farmers Insurance Open 2024,Farmers Insurance Open,2024,2,M. W. Lee,K.H. Lee,Birdies,5.5,3.793,-1.707,over,-36.20,3,L,-120,-103,-1.000,-1.000
2026-07-23T02:15:27.589Z,Torrey Pines Golf Course (South Course),Farmers Insurance Open 2024,Farmers Insurance Open,2024,2,M. W. Lee,K.H. Lee,Birdies,5.5,3.793,-1.707,under,29.28,3,W,-110,103,0.909,1.030
2026-07-23T02:15:27.589Z,Torrey Pines Golf Course (North Course),Farmers Insurance Open 2024,Farmers Insurance Open,2024,1,H. Matsuyama,Hideki Matsuyama,Birdies,4.5,3.214,-1.286,over,-30.19,5,W,-110,103,0.909,1.030
2026-07-23T02:15:27.589Z,Torrey Pines Golf Course (North Course),Farmers Insurance Open 2024,Farmers Insurance Open,2024,1,J. Rose,Justin Rose,Birdies,4.5,3.398,-1.102,over,-25.67,4,L,-105,108,-1.000,-1.000
2026-07-23T02:15:27.589Z,Torrey Pines Golf Course (North Course),Farmers Insurance Open 2024,Farmers Insurance Open,2024,1,L. Aberg,Ludvig Aberg,Birdies,4.5,4.319,-0.181,over,-15.86,5,W,-145,-126,0.690,0.794
2026-07-23T02:15:27.589Z,Torrey Pines Golf Course (South Course),Farmers Insurance Open 2024,Farmers Insurance Open,2024,2,L. Aberg,Ludvig Aberg,Birdies,4,4.160,0.160,under,13.25,3,W,115,128,1.150,1.280
2026-07-23T02:15:27.589Z,Torrey Pines Golf Course (North Course),Farmers Insurance Open 2024,Farmers Insurance Open,2024,1,C. Morikawa,Collin Morikawa,Birdies,4.5,4.435,-0.065,over,-11.90,7,W,-135,-114,0.741,0.877
2026-07-23T02:15:27.589Z,Torrey Pines Golf Course (North Course),Farmers Insurance Open 2024,Farmers Insurance Open,2024,1,P. Cantlay,Patrick Cantlay,Birdies,4.5,3.966,-0.534,over,-20.99,8,W,-135,-117,0.741,0.855
2026-07-23T02:15:27.589Z,Torrey Pines Golf Course (North Course),Farmers Insurance Open 2024,Farmers Insurance Open,2024,1,S. Theegala,Sahith Theegala,Birdies,4.5,3.818,-0.682,over,-15.21,4,L,105,118,-1.000,-1.000
2026-07-23T02:15:27.589Z,Torrey Pines Golf Course (South Course),Farmers Insurance Open 2024,Farmers Insurance Open,2024,2,C. Morikawa,Collin Morikawa,Birdies,5,4.383,-0.617,over,-19.90,4,L,110,123,-1.000,-1.000
2026-07-23T02:15:27.589Z,Torrey Pines Golf Course (South Course),Farmers Insurance Open 2024,Farmers Insurance Open,2024,2,C. Morikawa,Collin Morikawa,Birdies,5,4.383,-0.617,under,13.09,4,W,-145,-123,0.690,0.813
2026-07-23T02:15:27.589Z,Torrey Pines Golf Course (South Course),Farmers Insurance Open 2024,Farmers Insurance Open,2024,2,P. Cantlay,Patrick Cantlay,Birdies,5,3.888,-1.112,over,-29.02,3,L,105,116,-1.000,-1.000
2026-07-23T02:15:27.589Z,Torrey Pines Golf Course (South Course),Farmers Insurance Open 2024,Farmers Insurance Open,2024,2,P. Cantlay,Patrick Cantlay,Birdies,5,3.888,-1.112,under,22.79,3,W,-135,-116,0.741,0.862
2026-07-23T02:15:27.589Z,Torrey Pines Golf Course (South Course),Farmers Insurance Open 2024,Farmers Insurance Open,2024,2,S. Theegala,Sahith Theegala,Birdies,4.5,3.632,-0.868,under,12.58,6,L,-135,-120,-1.000,-1.000
2026-07-23T02:15:27.589Z,Torrey Pines Golf Course (South Course),Farmers Insurance Open 2024,Farmers Insurance Open,2024,3,N. Hojgaard,Nicolai Hojgaard,Birdies,4,3.202,-0.798,over,-30.41,2,L,-110,103,-1.000,-1.000
2026-07-23T02:15:27.589Z,Torrey Pines Golf Course (South Course),Farmers Insurance Open 2024,Farmers Insurance Open,2024,3,N. Hojgaard,Nicolai Hojgaard,Birdies,4,3.202,-0.798,under,23.48,2,W,-120,-103,0.833,0.971
2026-07-23T02:15:27.589Z,Torrey Pines Golf Course (South Course),Farmers Insurance Open 2024,Farmers Insurance Open,2024,3,T. Detry,Thomas Detry,Birdies,3.5,3.816,0.316,over,-6.21,5,W,-145,-122,0.690,0.820
2026-07-23T02:15:27.589Z,Torrey Pines Golf Course (South Course),Farmers Insurance Open 2024,Farmers Insurance Open,2024,3,T. Detry,Thomas Detry,Birdies,3.5,3.816,0.316,under,-0.60,5,L,110,122,-1.000,-1.000
2026-07-23T02:15:27.589Z,Torrey Pines Golf Course (South Course),Farmers Insurance Open 2024,Farmers Insurance Open,2024,1,M. Homa,Max Homa,Birdies,3.5,4.212,0.712,over,1.50,5,W,-145,-123,0.690,0.813
2026-07-23T02:15:27.589Z,Torrey Pines Golf Course (South Course),Farmers Insurance Open 2024,Farmers Insurance Open,2024,1,T. Finau,Tony Finau,Birdies,3.5,4.462,0.962,over,12.74,4,W,-110,102,0.909,1.020
2026-07-23T02:15:27.589Z,Torrey Pines Golf Course (South Course),Farmers Insurance Open 2024,Farmers Insurance Open,2024,1,T. Finau,Tony Finau,Birdies,3.5,4.462,0.962,under,-19.67,4,L,-120,-102,-1.000,-1.000
2026-07-23T02:15:27.589Z,Torrey Pines Golf Course (South Course),Farmers Insurance Open 2024,Farmers Insurance Open,2024,1,X. Schauffele,Xander Schauffele,Birdies,3.5,4.387,0.887,over,4.64,4,W,-145,-129,0.690,0.775
2026-07-23T02:15:27.589Z,Torrey Pines Golf Course (North Course),Farmers Insurance Open 2024,Farmers Insurance Open,2024,2,M. Homa,Max Homa,Birdies,6,4.036,-1.964,under,36.17,3,W,-110,101,0.909,1.010
2026-07-23T02:15:27.589Z,Torrey Pines Golf Course (North Course),Farmers Insurance Open 2024,Farmers Insurance Open,2024,2,T. Finau,Tony Finau,Birdies,6,4.204,-1.796,under,31.15,7,L,-125,-113,-1.000,-1.000
2026-07-23T02:15:27.589Z,Torrey Pines Golf Course (South Course),Farmers Insurance Open 2024,Farmers Insurance Open,2024,3,M. Kim,Michael Kim,Birdies,3.5,4.111,0.611,under,-7.57,3,W,105,120,1.050,1.200
2026-07-23T02:15:27.589Z,Torrey Pines Golf Course (South Course),Farmers Insurance Open 2024,Farmers Insurance Open,2024,3,M. Pavon,Matthieu Pavon,Birdies,3.5,3.991,0.491,over,-0.97,3,L,-135,-120,-1.000,-1.000
2026-07-23T02:15:27.589Z,Torrey Pines Golf Course (South Course),Farmers Insurance Open 2024,Farmers Insurance Open,2024,3,M. Pavon,Matthieu Pavon,Birdies,3.5,3.991,0.491,under,-5.26,3,W,105,120,1.050,1.200
2026-07-23T02:15:27.589Z,Torrey Pines Golf Course (South Course),Farmers Insurance Open 2024,Farmers Insurance Open,2024,3,T. Finau,Tony Finau,Birdies,4,4.655,0.655,over,-5.85,2,L,-125,-109,-1.000,-1.000
2026-07-23T02:15:27.589Z,Torrey Pines Golf Course (South Course),Farmers Insurance Open 2024,Farmers Insurance Open,2024,3,T. Finau,Tony Finau,Birdies,4,4.655,0.655,under,-0.92,2,W,-105,109,0.952,1.090
2026-07-23T02:15:27.589Z,Torrey Pines Golf Course (South Course),Farmers Insurance Open 2025,Farmers Insurance Open,2025,2,K. Bradley,Keegan Bradley,Birdies,3.5,4.141,0.641,over,4.81,2,L,-120,104,-1.000,-1.000
2026-07-23T02:15:27.589Z,Torrey Pines Golf Course (South Course),Farmers Insurance Open 2025,Farmers Insurance Open,2025,2,K. Bradley,Keegan Bradley,Birdies,3.5,4.141,0.641,under,-14.91,2,W,-125,-104,0.800,0.962
2026-07-23T02:15:27.589Z,Torrey Pines Golf Course (South Course),Farmers Insurance Open 2025,Farmers Insurance Open,2025,2,L. Aberg,Ludvig Aberg,Birdies,3.5,4.942,1.442,over,8.39,2,L,-180,-150,-1.000,-1.000
2026-07-23T02:15:27.589Z,Torrey Pines Golf Course (South Course),Farmers Insurance Open 2025,Farmers Insurance Open,2025,2,L. Aberg,Ludvig Aberg,Birdies,3.5,4.942,1.442,under,-18.13,2,W,120,150,1.200,1.500
2026-07-23T02:15:27.589Z,Torrey Pines Golf Course (South Course),Farmers Insurance Open 2025,Farmers Insurance Open,2025,2,S. Theegala,Sahith Theegala,Birdies,3.5,3.949,0.449,over,5.65,4,W,100,124,1.000,1.240
2026-07-23T02:15:27.589Z,Torrey Pines Golf Course (South Course),Farmers Insurance Open 2025,Farmers Insurance Open,2025,2,S. Theegala,Sahith Theegala,Birdies,3.5,3.949,0.449,under,-16.43,4,L,-155,-124,-1.000,-1.000
2026-07-23T02:15:27.589Z,Torrey Pines Golf Course (South Course),Farmers Insurance Open 2025,Farmers Insurance Open,2025,2,A. Eckroat,Austin Eckroat,Birdies,3.5,4.210,0.710,under,-16.20,3,W,-125,-100,0.800,1.000
2026-07-23T02:15:27.589Z,Torrey Pines Golf Course (South Course),Farmers Insurance Open 2025,Farmers Insurance Open,2025,2,K. Yu,Kevin Yu,Birdies,3.5,4.090,0.590,under,-12.94,3,W,-120,105,0.833,1.050
2026-07-23T02:15:27.589Z,Torrey Pines Golf Course (South Course),Farmers Insurance Open 2025,Farmers Insurance Open,2025,2,S.W. Kim,S.H. Kim,Birdies,3.5,3.703,0.203,under,-3.03,1,W,-110,111,0.909,1.110
2026-07-23T02:15:27.589Z,TPC Southwind,FedEx St Jude Championship 2024,FedEx St Jude Championship,2024,4,C. Morikawa,Collin Morikawa,Birdies,3.5,3.675,0.175,over,-15.46,4,W,-190,-154,0.526,0.649
2026-07-23T02:15:27.589Z,TPC Southwind,FedEx St Jude Championship 2024,FedEx St Jude Championship,2024,2,H. Matsuyama,Hideki Matsuyama,Birdies,4.5,4.150,-0.350,over,-7.57,7,W,110,136,1.100,1.360
2026-07-23T02:15:27.589Z,TPC Southwind,FedEx St Jude Championship 2024,FedEx St Jude Championship,2024,2,S. Theegala,Sahith Theegala,Birdies,3.5,3.914,0.414,over,-9.33,4,W,-180,-148,0.556,0.676
2026-07-23T02:15:27.589Z,TPC Southwind,FedEx St Jude Championship 2024,FedEx St Jude Championship,2024,2,C. Morikawa,Collin Morikawa,Birdies,4.5,3.817,-0.683,over,-10.90,2,L,125,129,-1.000,-1.000
2026-07-23T02:15:27.589Z,TPC Southwind,FedEx St Jude Championship 2024,FedEx St Jude Championship,2024,2,C. Morikawa,Collin Morikawa,Birdies,4.5,3.817,-0.683,under,0.94,2,W,-190,-129,0.526,0.775
2026-07-23T02:15:27.589Z,TPC Southwind,FedEx St Jude Championship 2024,FedEx St Jude Championship,2024,4,S. Burns,Sam Burns,Birdies,3.5,4.595,1.095,over,3.71,4,W,-175,-143,0.571,0.699
2026-07-23T02:15:27.589Z,TPC Southwind,FedEx St Jude Championship 2024,FedEx St Jude Championship,2024,4,W. Zalatoris,Will Zalatoris,Birdies,3.5,3.895,0.395,over,-7.69,4,W,-165,-135,0.606,0.741
2026-07-23T02:15:27.589Z,TPC Southwind,FedEx St Jude Championship 2024,FedEx St Jude Championship,2024,2,S. Lowry,Shane Lowry,Birdies,4.5,3.848,-0.652,over,-13.47,3,L,110,137,-1.000,-1.000
2026-07-23T02:15:27.589Z,TPC Southwind,FedEx St Jude Championship 2024,FedEx St Jude Championship,2024,4,S. Scheffler,Scottie Scheffler,Birdies,4.5,4.156,-0.344,over,-20.62,5,W,-155,-122,0.645,0.820
2026-07-23T02:15:27.589Z,TPC Southwind,FedEx St Jude Championship 2024,FedEx St Jude Championship,2024,4,S. Scheffler,Scottie Scheffler,Birdies,4.5,4.156,-0.344,under,9.84,5,L,100,122,-1.000,-1.000
2026-07-23T02:15:27.589Z,TPC Southwind,FedEx St Jude Championship 2024,FedEx St Jude Championship,2024,4,V. Hovland,Viktor Hovland,Birdies,4.5,4.289,-0.211,over,-4.88,6,W,110,135,1.100,1.350
2026-07-23T02:15:27.589Z,TPC Southwind,FedEx St Jude Championship 2024,FedEx St Jude Championship,2024,4,V. Hovland,Viktor Hovland,Birdies,4.5,4.289,-0.211,under,-5.01,6,L,-165,-135,-1.000,-1.000
2026-07-23T02:15:27.589Z,TPC Southwind,FedEx St Jude Championship 2024,FedEx St Jude Championship,2024,2,S. Scheffler,Scottie Scheffler,Birdies,4.5,4.291,-0.209,over,-18.00,5,W,-155,-128,0.645,0.781
2026-07-23T02:15:27.589Z,TPC Southwind,FedEx St Jude Championship 2024,FedEx St Jude Championship,2024,2,S. Scheffler,Scottie Scheffler,Birdies,4.5,4.291,-0.209,under,8.44,5,L,105,128,-1.000,-1.000
2026-07-23T02:15:27.589Z,TPC Southwind,FedEx St Jude Championship 2024,FedEx St Jude Championship,2024,2,X. Schauffele,Xander Schauffele,Birdies,4.5,3.902,-0.598,over,-22.24,5,W,-135,-109,0.741,0.917
2026-07-23T02:15:27.589Z,TPC Southwind,FedEx St. Jude Championship 2023,FedEx St. Jude Championship,2023,1,B. Harman,Brian Harman,Birdies,4.5,3.686,-0.814,under,13.44,4,W,-125,-110,0.800,0.909
2026-07-23T02:15:27.589Z,TPC Southwind,FedEx St. Jude Championship 2023,FedEx St. Jude Championship,2023,1,M. Homa,Max Homa,Birdies,4.5,3.553,-0.947,under,16.99,3,W,-120,-104,0.833,0.962
2026-07-23T02:15:27.589Z,TPC Southwind,FedEx St. Jude Championship 2023,FedEx St. Jude Championship,2023,1,W. Clark,Wyndham Clark,Birdies,4.5,3.909,-0.591,under,10.12,6,L,-120,-104,-1.000,-1.000
2026-07-23T02:15:27.589Z,TPC Southwind,FedEx St. Jude Championship 2023,FedEx St. Jude Championship,2023,4,J. Rahm,Jon Rahm,Birdies,5.5,4.234,-1.266,over,-27.14,5,L,-110,-100,-1.000,-1.000
2026-07-23T02:15:27.589Z,TPC Southwind,FedEx St. Jude Championship 2023,FedEx St. Jude Championship,2023,4,J. Rahm,Jon Rahm,Birdies,5.5,4.234,-1.266,under,22.38,5,W,-110,100,0.909,1.000
2026-07-23T02:15:27.589Z,TPC Southwind,FedEx St. Jude Championship 2023,FedEx St. Jude Championship,2023,3,H. Matsuyama,Hideki Matsuyama,Birdies,4,3.963,-0.037,over,-22.79,6,W,-145,-125,0.690,0.800
2026-07-23T02:15:27.589Z,TPC Southwind,FedEx St. Jude Championship 2023,FedEx St. Jude Championship,2023,3,S. Stevens,Sam Stevens,Birdies,4,3.900,-0.100,over,-14.84,3,L,100,111,-1.000,-1.000
2026-07-23T02:15:27.589Z,TPC Southwind,FedEx St. Jude Championship 2023,FedEx St. Jude Championship,2023,3,V. Hovland,Viktor Hovland,Birdies,4.5,4.118,-0.382,over,-15.13,7,W,-120,-104,0.833,0.962
2026-07-23T02:15:27.589Z,TPC Southwind,FedEx St. Jude Championship 2023,FedEx St. Jude Championship,2023,4,J. Day,Jason Day,Birdies,5,3.759,-1.241,under,22.97,6,L,-145,-124,-1.000,-1.000
2026-07-23T02:15:27.589Z,TPC Southwind,FedEx St. Jude Championship 2023,FedEx St. Jude Championship,2023,4,M. Kuchar,Matt Kuchar,Birdies,4.5,3.461,-1.039,under,17.72,3,W,-125,-114,0.800,0.877
2026-07-23T02:15:27.589Z,TPC Southwind,FedEx St. Jude Championship 2023,FedEx St. Jude Championship,2023,1,J. Day,Jason Day,Birdies,4.5,4.053,-0.447,under,11.85,3,W,100,110,1.000,1.100
2026-07-23T02:15:27.589Z,TPC Southwind,FedEx St. Jude Championship 2023,FedEx St. Jude Championship,2023,1,N. Taylor,Nick Taylor,Birdies,4,3.489,-0.511,under,23.97,3,W,105,120,1.050,1.200
2026-07-23T02:15:27.589Z,TPC Southwind,FedEx St. Jude Championship 2023,FedEx St. Jude Championship,2023,1,T. Finau,Tony Finau,Birdies,4.5,3.711,-0.789,under,17.29,4,W,-105,107,0.952,1.070
2026-07-23T02:15:27.589Z,TPC Southwind,FedEx St. Jude Championship 2023,FedEx St. Jude Championship,2023,1,J. Rose,Justin Rose,Birdies,4.5,3.586,-0.914,under,13.46,3,W,-135,-118,0.741,0.847
2026-07-23T02:15:27.589Z,TPC Southwind,FedEx St. Jude Championship 2023,FedEx St. Jude Championship,2023,1,J. Spieth,Jordan Spieth,Birdies,4.5,3.940,-0.560,under,12.84,6,L,-105,106,-1.000,-1.000
2026-07-23T02:15:27.589Z,TPC Southwind,FedEx St. Jude Championship 2023,FedEx St. Jude Championship,2023,4,J. Spieth,Jordan Spieth,Birdies,4.5,4.151,-0.349,over,-11.16,3,L,-105,105,-1.000,-1.000
2026-07-23T02:15:27.589Z,TPC Southwind,FedEx St. Jude Championship 2023,FedEx St. Jude Championship,2023,3,J. Spieth,Jordan Spieth,Birdies,4.5,4.075,-0.425,over,-9.04,3,L,110,125,-1.000,-1.000
2026-07-23T02:15:27.589Z,TPC Southwind,FedEx St. Jude Championship 2023,FedEx St. Jude Championship,2023,4,L. Glover,Lucas Glover,Birdies,4.5,4.147,-0.353,under,10.01,2,W,100,116,1.000,1.160
2026-07-23T02:15:27.589Z,TPC Southwind,FedEx St. Jude Championship 2023,FedEx St. Jude Championship,2023,4,T. Moore,Taylor Moore,Birdies,4.5,4.492,-0.008,under,0.98,3,W,-110,-101,0.909,0.990
2026-07-23T02:15:27.589Z,TPC Southwind,FedEx St. Jude Championship 2023,FedEx St. Jude Championship,2023,1,E. Grillo,Emiliano Grillo,Birdies,4.5,4.345,-0.155,under,-1.27,8,L,-135,-115,-1.000,-1.000
2026-07-23T02:15:27.589Z,TPC Southwind,FedEx St. Jude Championship 2023,FedEx St. Jude Championship,2023,1,R. Henley,Russell Henley,Birdies,4.5,3.777,-0.723,under,12.69,5,L,-120,-106,-1.000,-1.000
2026-07-23T02:15:27.589Z,TPC Southwind,FedEx St. Jude Championship 2023,FedEx St. Jude Championship,2023,1,S. Burns,Sam Burns,Birdies,4.5,3.966,-0.534,under,11.17,1,W,-110,104,0.909,1.040
2026-07-23T02:15:27.589Z,TPC Southwind,FedEx St. Jude Championship 2023,FedEx St. Jude Championship,2023,4,P. Cantlay,Patrick Cantlay,Birdies,5,4.040,-0.960,under,25.50,6,L,-110,104,-1.000,-1.000
2026-07-23T02:15:27.589Z,TPC Southwind,FedEx St. Jude Championship 2023,FedEx St. Jude Championship,2023,3,S. Scheffler,Scottie Scheffler,Birdies,4.5,4.153,-0.347,over,-12.28,1,L,-110,102,-1.000,-1.000
2026-07-23T02:15:27.589Z,TPC Southwind,FedEx St. Jude Championship 2023,FedEx St. Jude Championship,2023,1,T. Hatton,Tyrrell Hatton,Birdies,4.5,4.048,-0.452,under,9.57,3,W,-110,100,0.909,1.000
2026-07-23T02:15:27.589Z,TPC Southwind,FedEx St. Jude Championship 2023,FedEx St. Jude Championship,2023,1,X. Schauffele,Xander Schauffele,Birdies,4.5,3.745,-0.755,under,17.85,7,L,100,111,-1.000,-1.000
2026-07-23T02:15:27.589Z,TPC Southwind,FedEx St. Jude Championship 2023,FedEx St. Jude Championship,2023,4,T. Fleetwood,Tommy Fleetwood,Birdies,4.5,4.242,-0.258,over,-12.71,4,L,-120,-107,-1.000,-1.000
2026-07-23T02:15:27.589Z,The Renaissance Club,Genesis Scottish Open 2025,Genesis Scottish Open,2025,2,C. Morikawa,Collin Morikawa,Birdies,3.5,4.463,0.963,over,-1.52,1,L,-200,-160,-1.000,-1.000
2026-07-23T02:15:27.589Z,The Renaissance Club,Genesis Scottish Open 2025,Genesis Scottish Open,2025,2,L. Aberg,Ludvig Aberg,Birdies,3.5,4.034,0.534,over,-8.20,8,W,-190,-156,0.526,0.641
2026-07-23T02:15:27.589Z,The Renaissance Club,Genesis Scottish Open 2025,Genesis Scottish Open,2025,4,J. Knapp,Jake Knapp,Birdies,3.5,4.287,0.787,over,4.60,3,L,-135,-112,-1.000,-1.000
2026-07-23T02:15:27.589Z,The Renaissance Club,Genesis Scottish Open 2025,Genesis Scottish Open,2025,4,M. Fitzpatrick,Matt Fitzpatrick,Birdies,3.5,3.819,0.319,over,-10.60,4,W,-175,-140,0.571,0.714
2026-07-23T02:15:27.589Z,Albany GC,Hero World Challenge 2023,Hero World Challenge,2023,1,M. Homa,Max Homa,Birdies,5.5,3.866,-1.634,over,-36.13,6,W,-125,-112,0.800,0.893
2026-07-23T02:15:27.589Z,Albany GC,Hero World Challenge 2023,Hero World Challenge,2023,1,M. Homa,Max Homa,Birdies,5.5,3.866,-1.634,under,30.57,6,L,100,112,-1.000,-1.000
2026-07-23T02:15:27.589Z,Albany GC,Hero World Challenge 2023,Hero World Challenge,2023,1,V. Hovland,Viktor Hovland,Birdies,6,5.390,-0.610,over,-20.32,4,L,100,115,-1.000,-1.000
2026-07-23T02:15:27.589Z,Albany GC,Hero World Challenge 2023,Hero World Challenge,2023,1,V. Hovland,Viktor Hovland,Birdies,6,5.390,-0.610,under,12.88,4,W,-135,-115,0.741,0.870
2026-07-23T02:15:27.589Z,Albany GC,Hero World Challenge 2023,Hero World Challenge,2023,2,C. Morikawa,Collin Morikawa,Birdies,6,5.093,-0.907,under,17.40,5,W,-135,-119,0.741,0.840
2026-07-23T02:15:27.589Z,Albany GC,Hero World Challenge 2023,Hero World Challenge,2023,2,S. Scheffler,Scottie Scheffler,Birdies,6,5.141,-0.859,over,-26.51,8,W,-110,104,0.909,1.040
2026-07-23T02:15:27.589Z,TPC Deere Run,John Deere Classic 2025,John Deere Classic,2025,1,A. Potgieter,Aldrich Potgieter,Birdies,4.5,5.415,0.915,over,7.35,4,L,-125,-101,-1.000,-1.000
2026-07-23T02:15:27.589Z,TPC Deere Run,John Deere Classic 2025,John Deere Classic,2025,1,A. Potgieter,Aldrich Potgieter,Birdies,4.5,5.415,0.915,under,-17.45,4,W,-120,101,0.833,1.010
2026-07-23T02:15:27.589Z,TPC Deere Run,John Deere Classic 2025,John Deere Classic,2025,1,B. Griffin,Ben Griffin,Birdies,5.5,5.214,-0.286,over,-3.30,2,L,120,149,-1.000,-1.000
2026-07-23T02:15:27.589Z,TPC Deere Run,John Deere Classic 2025,John Deere Classic,2025,1,B. Griffin,Ben Griffin,Birdies,5.5,5.214,-0.286,under,-6.44,2,W,-180,-149,0.556,0.671
2026-07-23T02:15:27.589Z,TPC Deere Run,John Deere Classic 2025,John Deere Classic,2025,1,M. Thorbjornsen,Michael Thorbjornsen,Birdies,4.5,5.904,1.404,over,9.40,3,L,-155,-125,-1.000,-1.000
2026-07-23T02:15:27.589Z,TPC Deere Run,John Deere Classic 2025,John Deere Classic,2025,2,C. Kirk,Chris Kirk,Birdies,4.5,4.747,0.247,over,-4.15,4,L,-125,100,-1.000,-1.000
2026-07-23T02:15:27.589Z,TPC Deere Run,John Deere Classic 2025,John Deere Classic,2025,2,C. Kirk,Chris Kirk,Birdies,4.5,4.747,0.247,under,-6.96,4,W,-125,-100,0.800,1.000
2026-07-23T02:15:27.589Z,TPC Deere Run,John Deere Classic 2025,John Deere Classic,2025,2,J.T. Poston,J.T. Poston,Birdies,4.5,4.176,-0.324,over,-15.01,6,W,-125,-102,0.800,0.980
2026-07-23T02:15:27.589Z,TPC Deere Run,John Deere Classic 2025,John Deere Classic,2025,1,D. Thompson,Davis Thompson,Birdies,4.5,5.570,1.070,over,4.54,5,W,-155,-127,0.645,0.787
2026-07-23T02:15:27.589Z,TPC Deere Run,John Deere Classic 2025,John Deere Classic,2025,1,Jason Day,Jason Day,Birdies,4.5,4.417,-0.083,over,-17.06,2,L,-165,-132,-1.000,-1.000
2026-07-23T02:15:27.589Z,TPC Deere Run,John Deere Classic 2025,John Deere Classic,2025,1,L. Glover,Lucas Glover,Birdies,4.5,4.525,0.025,over,-11.92,4,L,-145,-120,-1.000,-1.000
2026-07-23T02:15:27.589Z,TPC Deere Run,John Deere Classic 2025,John Deere Classic,2025,1,L. Glover,Lucas Glover,Birdies,4.5,4.525,0.025,under,2.74,4,W,100,120,1.000,1.200
2026-07-23T02:15:27.589Z,TPC Deere Run,John Deere Classic 2025,John Deere Classic,2025,2,J. Knapp,Jake Knapp,Birdies,4.5,4.956,0.456,over,-2.27,5,W,-135,-106,0.741,0.943
2026-07-23T02:15:27.589Z,TPC Deere Run,John Deere Classic 2025,John Deere Classic,2025,2,M. Homa,Max Homa,Birdies,4.5,4.668,0.168,over,-2.43,5,W,-110,111,0.909,1.110
2026-07-23T02:15:27.589Z,TPC Deere Run,John Deere Classic 2025,John Deere Classic,2025,2,M. Homa,Max Homa,Birdies,4.5,4.668,0.168,under,-7.39,5,L,-135,-111,-1.000,-1.000
2026-07-23T02:15:27.589Z,TPC Deere Run,John Deere Classic 2025,John Deere Classic,2025,2,R. Fowler,Rickie Fowler,Birdies,4.5,4.366,-0.134,over,-13.22,3,L,-135,-106,-1.000,-1.000
2026-07-23T02:15:27.589Z,Muirfield Village Golf Club,Memorial Tournament 2024,Memorial Tournament,2024,3,C. Bezuidenhout,Christiaan Bezuidenhout,Birdies,3.5,3.074,-0.426,over,-22.25,3,L,-145,-119,-1.000,-1.000
2026-07-23T02:15:27.589Z,Muirfield Village Golf Club,Memorial Tournament 2024,Memorial Tournament,2024,3,C. Bezuidenhout,Christiaan Bezuidenhout,Birdies,3.5,3.074,-0.426,under,11.85,3,W,-105,119,0.952,1.190
2026-07-23T02:15:27.589Z,Muirfield Village Golf Club,Memorial Tournament 2024,Memorial Tournament,2024,3,V. Hovland,Viktor Hovland,Birdies,4,3.871,-0.129,over,-22.85,3,L,-135,-112,-1.000,-1.000
2026-07-23T02:15:27.589Z,Muirfield Village Golf Club,Memorial Tournament 2024,Memorial Tournament,2024,3,V. Hovland,Viktor Hovland,Birdies,4,3.871,-0.129,under,13.02,3,W,-110,112,0.909,1.120
2026-07-23T02:15:27.589Z,Muirfield Village Golf Club,Memorial Tournament 2024,Memorial Tournament,2024,4,M. Fitzpatrick,Matt Fitzpatrick,Birdies,4,3.411,-0.589,under,15.03,6,L,-145,-127,-1.000,-1.000
2026-07-23T02:15:27.589Z,Muirfield Village Golf Club,Memorial Tournament 2024,Memorial Tournament,2024,4,M. Homa,Max Homa,Birdies,3.5,3.025,-0.475,over,-24.95,2,L,-155,-115,-1.000,-1.000
2026-07-23T02:15:27.589Z,Muirfield Village Golf Club,Memorial Tournament 2024,Memorial Tournament,2024,4,M. Homa,Max Homa,Birdies,3.5,3.025,-0.475,under,15.38,2,W,105,115,1.050,1.150
2026-07-23T02:15:27.589Z,Muirfield Village Golf Club,Memorial Tournament 2024,Memorial Tournament,2024,4,V. Hovland,Viktor Hovland,Birdies,4,3.635,-0.365,over,-25.53,2,L,-125,108,-1.000,-1.000
2026-07-23T02:15:27.589Z,Muirfield Village Golf Club,Memorial Tournament 2024,Memorial Tournament,2024,4,V. Hovland,Viktor Hovland,Birdies,4,3.635,-0.365,under,14.42,2,W,-125,-108,0.800,0.926
2026-07-23T02:15:27.589Z,Muirfield Village Golf Club,Memorial Tournament 2024,Memorial Tournament,2024,4,S. Lowry,Shane Lowry,Birdies,3.5,3.242,-0.258,over,-18.50,1,L,-145,-106,-1.000,-1.000
2026-07-23T02:15:27.589Z,Muirfield Village Golf Club,Memorial Tournament 2024,Memorial Tournament,2024,4,S. Lowry,Shane Lowry,Birdies,3.5,3.242,-0.258,under,8.10,1,W,-105,106,0.952,1.060
2026-07-23T02:15:27.589Z,Muirfield Village Golf Club,Memorial Tournament 2024,Memorial Tournament,2024,3,T. Finau,Tony Finau,Birdies,3.5,3.547,0.047,over,-11.84,4,W,-145,-120,0.690,0.833
2026-07-23T02:15:27.589Z,Muirfield Village Golf Club,Memorial Tournament 2024,Memorial Tournament,2024,3,S. Lowry,Shane Lowry,Birdies,4,3.385,-0.615,under,13.91,6,L,-155,-124,-1.000,-1.000
2026-07-23T02:15:27.589Z,Muirfield Village Golf Club,Memorial Tournament 2024,Memorial Tournament,2024,4,C. Morikawa,Collin Morikawa,Birdies,4.5,3.773,-0.727,over,-16.09,4,L,105,137,-1.000,-1.000
2026-07-23T02:15:27.589Z,Muirfield Village Golf Club,Memorial Tournament 2024,Memorial Tournament,2024,4,C. Morikawa,Collin Morikawa,Birdies,4.5,3.773,-0.727,under,6.52,4,W,-155,-137,0.645,0.730
2026-07-23T02:15:27.589Z,Muirfield Village Golf Club,Memorial Tournament 2024,Memorial Tournament,2024,4,S. Scheffler,Scottie Scheffler,Birdies,4.5,4.037,-0.463,over,-21.34,1,L,-145,-102,-1.000,-1.000
2026-07-23T02:15:27.589Z,Muirfield Village Golf Club,Memorial Tournament 2024,Memorial Tournament,2024,4,S. Scheffler,Scottie Scheffler,Birdies,4.5,4.037,-0.463,under,10.94,1,W,-105,102,0.952,1.020
2026-07-23T02:15:27.589Z,Muirfield Village Golf Club,Memorial Tournament 2025,Memorial Tournament,2025,2,C. Morikawa,Collin Morikawa,Birdies,3.5,3.770,0.270,over,-8.75,3,L,-155,-140,-1.000,-1.000
2026-07-23T02:15:27.589Z,Muirfield Village Golf Club,Memorial Tournament 2025,Memorial Tournament,2025,2,C. Morikawa,Collin Morikawa,Birdies,3.5,3.770,0.270,under,-2.04,3,W,100,125,1.000,1.250
2026-07-23T02:15:27.589Z,Muirfield Village Golf Club,Memorial Tournament 2025,Memorial Tournament,2025,2,H. Matsuyama,Hideki Matsuyama,Birdies,3.5,3.221,-0.279,over,-9.78,3,L,100,112,-1.000,-1.000
2026-07-23T02:15:27.589Z,Muirfield Village Golf Club,Memorial Tournament 2025,Memorial Tournament,2025,2,H. Matsuyama,Hideki Matsuyama,Birdies,3.5,3.221,-0.279,under,-1.00,3,W,-155,-112,0.645,0.893
2026-07-23T02:15:27.589Z,Muirfield Village Golf Club,Memorial Tournament 2025,Memorial Tournament,2025,4,J. Spieth,Jordan Spieth,Birdies,3.5,3.331,-0.169,over,-2.80,2,L,120,151,-1.000,-1.000
2026-07-23T02:15:27.589Z,Muirfield Village Golf Club,Memorial Tournament 2025,Memorial Tournament,2025,4,K. Bradley,Keegan Bradley,Birdies,3.5,3.292,-0.208,over,-3.67,3,L,120,151,-1.000,-1.000
2026-07-23T02:15:27.589Z,Muirfield Village Golf Club,Memorial Tournament 2025,Memorial Tournament,2025,4,K. Bradley,Keegan Bradley,Birdies,3.5,3.292,-0.208,under,-6.08,3,W,-180,-151,0.556,0.662
2026-07-23T02:15:27.589Z,Muirfield Village Golf Club,Memorial Tournament 2025,Memorial Tournament,2025,1,J. Thomas,Justin Thomas,Birdies,3.5,3.717,0.217,over,-4.62,1,L,-125,101,-1.000,-1.000
2026-07-23T02:15:27.589Z,Muirfield Village Golf Club,Memorial Tournament 2025,Memorial Tournament,2025,1,J. Thomas,Justin Thomas,Birdies,3.5,3.717,0.217,under,-5.48,1,W,-120,-101,0.833,0.990
2026-07-23T02:15:27.589Z,Muirfield Village Golf Club,Memorial Tournament 2025,Memorial Tournament,2025,1,P. Cantlay,Patrick Cantlay,Birdies,3.5,3.391,-0.109,over,-11.59,4,W,-125,101,0.800,1.010
2026-07-23T02:15:27.589Z,Muirfield Village Golf Club,Memorial Tournament 2025,Memorial Tournament,2025,1,P. Cantlay,Patrick Cantlay,Birdies,3.5,3.391,-0.109,under,0.48,4,L,-125,-101,-1.000,-1.000
2026-07-23T02:15:27.589Z,Muirfield Village Golf Club,Memorial Tournament 2025,Memorial Tournament,2025,2,B. Griffin,Ben Griffin,Birdies,3.5,3.354,-0.146,over,-11.39,1,L,-120,-104,-1.000,-1.000
2026-07-23T02:15:27.589Z,Muirfield Village Golf Club,Memorial Tournament 2025,Memorial Tournament,2025,2,B. Griffin,Ben Griffin,Birdies,3.5,3.354,-0.146,under,1.29,1,W,-125,-107,0.800,0.935
2026-07-23T02:15:27.589Z,Muirfield Village Golf Club,Memorial Tournament 2025,Memorial Tournament,2025,2,S. Lowry,Shane Lowry,Birdies,3.5,3.304,-0.196,over,-15.39,2,L,-135,-120,-1.000,-1.000
2026-07-23T02:15:27.589Z,Muirfield Village Golf Club,Memorial Tournament 2025,Memorial Tournament,2025,2,S. Lowry,Shane Lowry,Birdies,3.5,3.304,-0.196,under,5.56,2,W,-110,120,0.909,1.200
2026-07-23T02:15:27.589Z,Muirfield Village Golf Club,Memorial Tournament 2025,Memorial Tournament,2025,1,A. Rai,Aaron Rai,Birdies,3.5,2.825,-0.675,over,-21.02,3,L,-110,110,-1.000,-1.000
2026-07-23T02:15:27.589Z,Muirfield Village Golf Club,Memorial Tournament 2025,Memorial Tournament,2025,1,A. Rai,Aaron Rai,Birdies,3.5,2.825,-0.675,under,11.19,3,W,-135,-114,0.741,0.877
2026-07-23T02:15:27.589Z,Muirfield Village Golf Club,Memorial Tournament 2025,Memorial Tournament,2025,1,T. Fleetwood,Tommy Fleetwood,Birdies,3.5,2.761,-0.739,over,-29.24,5,W,-145,-111,0.690,0.901
2026-07-23T02:15:27.589Z,Muirfield Village Golf Club,Memorial Tournament 2025,Memorial Tournament,2025,1,T. Fleetwood,Tommy Fleetwood,Birdies,3.5,2.761,-0.739,under,17.68,5,L,-110,111,-1.000,-1.000
2026-07-23T02:15:27.589Z,Muirfield Village Golf Club,Memorial Tournament 2025,Memorial Tournament,2025,4,C. Morikawa,Collin Morikawa,Birdies,3.5,3.368,-0.132,under,5.32,2,W,-105,115,0.952,1.150
2026-07-23T02:15:27.589Z,Muirfield Village Golf Club,Memorial Tournament 2025,Memorial Tournament,2025,4,T. Fleetwood,Tommy Fleetwood,Birdies,3.5,3.077,-0.423,over,-20.45,6,W,-135,-111,0.741,0.901
2026-07-23T02:15:27.589Z,Muirfield Village Golf Club,Memorial Tournament 2025,Memorial Tournament,2025,1,L. Aberg,Ludvig Aberg,Birdies,3.5,2.688,-0.812,over,-27.23,3,L,-125,101,-1.000,-1.000
2026-07-23T02:15:27.589Z,Muirfield Village Golf Club,Memorial Tournament 2025,Memorial Tournament,2025,1,V. Hovland,Viktor Hovland,Birdies,3.5,3.572,0.072,over,-7.67,6,W,-125,-103,0.800,0.971
2026-07-23T02:15:27.589Z,Vidanta Vallarta,Mexico Open 2023,Mexico Open,2023,1,T. Finau,Tony Finau,Total score,68.5,67.559,-0.941,over,-13.39,65,L,100,114,-1.000,-1.000
2026-07-23T02:15:27.589Z,Vidanta Vallarta,Mexico Open 2025,Mexico Open,2025,4,A. Bhatia,Akshay Bhatia,Birdies,4.5,4.753,0.253,over,-12.77,6,W,-180,-150,0.556,0.667
2026-07-23T02:15:27.589Z,Dunes Golf and Beach Club,ONEflight Myrtle Beach Classic,ONEflight Myrtle Beach Classic,2026,1,Brooks Koepka,Brooks Koepka,Total score,69.5,69.883,0.383,under,-15.53,68,W,-150,-124,0.667,0.806
2026-07-23T02:15:27.589Z,Dunes Golf and Beach Club,ONEflight Myrtle Beach Classic,ONEflight Myrtle Beach Classic,2026,1,Kevin Yu,Kevin Yu,Total score,70.5,67.506,-2.994,under,26.18,70,W,-150,-125,0.667,0.800
2026-07-23T02:15:27.589Z,Aronimink Golf Club,PGA Championship,PGA Championship,2026,1,Adam Scott,Adam Scott,Total score,69.5,67.536,-1.964,over,-31.81,72,W,-125,-107,0.800,0.935
2026-07-23T02:15:27.589Z,Aronimink Golf Club,PGA Championship,PGA Championship,2026,1,Adam Scott,Adam Scott,Total score,69.5,67.536,-1.964,under,25.03,72,L,-105,102,-1.000,-1.000
2026-07-23T02:15:27.589Z,Aronimink Golf Club,PGA Championship,PGA Championship,2026,1,Brooks Koepka,Brooks Koepka,Total score,69.5,66.308,-3.192,over,-46.04,69,L,-140,108,-1.000,-1.000
2026-07-23T02:15:27.589Z,Aronimink Golf Club,PGA Championship,PGA Championship,2026,1,Brooks Koepka,Brooks Koepka,Total score,69.5,66.308,-3.192,under,36.49,69,W,-105,-105,0.952,0.952
2026-07-23T02:15:27.589Z,Aronimink Golf Club,PGA Championship,PGA Championship,2026,1,Bryson DeChambeau,Bryson DeChambeau,Total score,68.5,66.455,-2.045,over,-37.14,76,W,-150,-124,0.667,0.806
2026-07-23T02:15:27.589Z,Aronimink Golf Club,PGA Championship,PGA Championship,2026,1,Bryson DeChambeau,Bryson DeChambeau,Total score,68.5,66.455,-2.045,under,29.52,76,L,110,130,-1.000,-1.000
2026-07-23T02:15:27.589Z,Aronimink Golf Club,PGA Championship,PGA Championship,2026,1,Bryson DeChambeau,Bryson DeChambeau,Total score,69.5,66.455,-3.045,under,28.25,76,L,-140,-134,-1.000,-1.000
2026-07-23T02:15:27.589Z,Aronimink Golf Club,PGA Championship,PGA Championship,2026,1,Cameron Young,Cameron Young,Total score,68.5,67.425,-1.075,over,-20.77,71,W,-125,-105,0.800,0.952
2026-07-23T02:15:27.589Z,Aronimink Golf Club,PGA Championship,PGA Championship,2026,1,Cameron Young,Cameron Young,Total score,68.5,67.425,-1.075,under,15.21,71,L,100,105,-1.000,-1.000
2026-07-23T02:15:27.589Z,Aronimink Golf Club,PGA Championship,PGA Championship,2026,1,Chris Gotterup,Chris Gotterup,Total score,69.5,67.234,-2.266,over,-35.06,72,W,-125,-106,0.800,0.943
2026-07-23T02:15:27.589Z,Aronimink Golf Club,PGA Championship,PGA Championship,2026,1,Chris Gotterup,Chris Gotterup,Total score,69.5,67.234,-2.266,under,29.50,72,L,100,107,-1.000,-1.000
2026-07-23T02:15:27.589Z,Aronimink Golf Club,PGA Championship,PGA Championship,2026,1,Collin Morikawa,Collin Morikawa,Total score,69.5,67.759,-1.741,over,-28.21,69,L,-120,108,-1.000,-1.000
2026-07-23T02:15:27.589Z,Aronimink Golf Club,PGA Championship,PGA Championship,2026,1,Collin Morikawa,Collin Morikawa,Total score,69.5,67.759,-1.741,under,21.28,69,W,-110,-112,0.909,0.893
2026-07-23T02:15:27.589Z,Aronimink Golf Club,PGA Championship,PGA Championship,2026,1,Gary Woodland,Gary Woodland,Total score,69.5,67.706,-1.794,under,25.51,72,L,105,123,-1.000,-1.000
2026-07-23T02:15:27.589Z,Aronimink Golf Club,PGA Championship,PGA Championship,2026,1,Hideki Matsuyama,Hideki Matsuyama,Total score,69.5,67.114,-2.386,over,-40.72,70,W,-150,-125,0.667,0.800
2026-07-23T02:15:27.589Z,Aronimink Golf Club,PGA Championship,PGA Championship,2026,1,Hideki Matsuyama,Hideki Matsuyama,Total score,69.5,67.114,-2.386,under,31.94,70,L,105,119,-1.000,-1.000
2026-07-23T02:15:27.589Z,Aronimink Golf Club,PGA Championship,PGA Championship,2026,1,Hideki Matsuyama,Hideki Matsuyama,Total score,70.5,67.114,-3.386,over,-37.87,70,L,105,131,-1.000,-1.000
2026-07-23T02:15:27.589Z,Aronimink Golf Club,PGA Championship,PGA Championship,2026,1,Jon Rahm,Jon Rahm,Total score,68.5,66.267,-2.233,under,24.61,69,L,-120,100,-1.000,-1.000
2026-07-23T02:15:27.589Z,Aronimink Golf Club,PGA Championship,PGA Championship,2026,1,Jordan Spieth,Jordan Spieth,Total score,69.5,68.536,-0.964,over,-19.26,69,L,-125,-106,-1.000,-1.000
2026-07-23T02:15:27.589Z,Aronimink Golf Club,PGA Championship,PGA Championship,2026,1,Jordan Spieth,Jordan Spieth,Total score,69.5,68.536,-0.964,under,11.32,69,W,-110,106,0.909,1.060
2026-07-23T02:15:27.589Z,Aronimink Golf Club,PGA Championship,PGA Championship,2026,1,Justin Rose,Justin Rose,Total score,69.5,67.479,-2.021,over,-35.21,70,W,-140,-107,0.714,0.935
2026-07-23T02:15:27.589Z,Aronimink Golf Club,PGA Championship,PGA Championship,2026,1,Justin Rose,Justin Rose,Total score,69.5,67.479,-2.021,under,29.26,70,L,110,110,-1.000,-1.000
2026-07-23T02:15:27.589Z,Aronimink Golf Club,PGA Championship,PGA Championship,2026,1,Justin Thomas,Justin Thomas,Total score,69.5,65.630,-3.870,over,-47.59,69,L,-125,-107,-1.000,-1.000
2026-07-23T02:15:27.589Z,Aronimink Golf Club,PGA Championship,PGA Championship,2026,1,Justin Thomas,Justin Thomas,Total score,69.5,65.630,-3.870,under,43.25,69,W,105,103,1.050,1.030
2026-07-23T02:15:27.589Z,Aronimink Golf Club,PGA Championship,PGA Championship,2026,1,Matt Fitzpatrick,Matt Fitzpatrick,Total score,68.5,67.705,-0.795,under,14.86,70,L,115,138,-1.000,-1.000
2026-07-23T02:15:27.589Z,Aronimink Golf Club,PGA Championship,PGA Championship,2026,1,Min Woo Lee,Min Woo Lee,Total score,69.5,67.645,-1.855,over,-28.49,67,L,-115,102,-1.000,-1.000
2026-07-23T02:15:27.589Z,Aronimink Golf Club,PGA Championship,PGA Championship,2026,1,Min Woo Lee,Min Woo Lee,Total score,69.5,67.645,-1.855,under,25.00,67,W,100,-100,1.000,1.000
2026-07-23T02:15:27.589Z,Aronimink Golf Club,PGA Championship,PGA Championship,2026,1,Patrick Cantlay,Patrick Cantlay,Total score,69.5,68.292,-1.208,over,-19.36,70,W,-110,107,0.909,1.070
2026-07-23T02:15:27.589Z,Aronimink Golf Club,PGA Championship,PGA Championship,2026,1,Patrick Cantlay,Patrick Cantlay,Total score,69.5,68.292,-1.208,under,11.43,70,L,-125,-122,-1.000,-1.000
2026-07-23T02:15:27.589Z,Aronimink Golf Club,PGA Championship,PGA Championship,2026,1,Rickie Fowler,Rickie Fowler,Total score,69.5,66.930,-2.570,under,26.94,70,L,-125,-104,-1.000,-1.000
2026-07-23T02:15:27.589Z,Aronimink Golf Club,PGA Championship,PGA Championship,2026,1,Robert MacIntyre,Robert MacIntyre,Total score,69.5,68.269,-1.231,over,-22.83,70,W,-125,-107,0.800,0.935
2026-07-23T02:15:27.589Z,Aronimink Golf Club,PGA Championship,PGA Championship,2026,1,Robert MacIntyre,Robert MacIntyre,Total score,69.5,68.269,-1.231,under,13.79,70,L,-115,103,-1.000,-1.000
2026-07-23T02:15:27.589Z,Aronimink Golf Club,PGA Championship,PGA Championship,2026,1,Rory McIlroy,Rory McIlroy,Total score,68.5,65.163,-3.337,over,-44.31,74,W,-125,-105,0.800,0.952
2026-07-23T02:15:27.589Z,Aronimink Golf Club,PGA Championship,PGA Championship,2026,1,Rory McIlroy,Rory McIlroy,Total score,68.5,65.163,-3.337,under,33.20,74,L,-125,-112,-1.000,-1.000
2026-07-23T02:15:27.589Z,Aronimink Golf Club,PGA Championship,PGA Championship,2026,1,Russell Henley,Russell Henley,Total score,69.5,67.775,-1.725,under,17.92,72,L,-125,-107,-1.000,-1.000
2026-07-23T02:15:27.589Z,Aronimink Golf Club,PGA Championship,PGA Championship,2026,1,Sam Burns,Sam Burns,Total score,69.5,67.788,-1.712,under,22.10,70,L,-105,105,-1.000,-1.000
2026-07-23T02:15:27.589Z,Aronimink Golf Club,PGA Championship,PGA Championship,2026,1,Scottie Scheffler,Scottie Scheffler,Total score,67.5,66.706,-0.794,over,-23.63,67,L,-165,-125,-1.000,-1.000
2026-07-23T02:15:27.589Z,Aronimink Golf Club,PGA Championship,PGA Championship,2026,1,Scottie Scheffler,Scottie Scheffler,Total score,67.5,66.706,-0.794,under,14.86,67,W,115,123,1.150,1.230
2026-07-23T02:15:27.589Z,Aronimink Golf Club,PGA Championship,PGA Championship,2026,1,Scottie Scheffler,Scottie Scheffler,Total score,68.5,66.706,-1.794,over,-24.30,67,L,100,119,-1.000,-1.000
2026-07-23T02:15:27.589Z,Aronimink Golf Club,PGA Championship,PGA Championship,2026,1,Scottie Scheffler,Scottie Scheffler,Total score,68.5,66.706,-1.794,under,12.03,67,W,-165,-119,0.606,0.840
2026-07-23T02:15:27.589Z,Aronimink Golf Club,PGA Championship,PGA Championship,2026,1,Si Woo Kim,Si Woo Kim,Total score,69.5,67.773,-1.727,under,24.72,71,L,105,-101,-1.000,-1.000
2026-07-23T02:15:27.589Z,Aronimink Golf Club,PGA Championship,PGA Championship,2026,1,Tommy Fleetwood,Tommy Fleetwood,Total score,69.5,65.522,-3.978,over,-41.38,72,W,105,124,1.050,1.240
2026-07-23T02:15:27.589Z,Aronimink Golf Club,PGA Championship,PGA Championship,2026,1,Tommy Fleetwood,Tommy Fleetwood,Total score,68.5,65.522,-2.978,under,39.54,72,L,115,133,-1.000,-1.000
2026-07-23T02:15:27.589Z,Aronimink Golf Club,PGA Championship,PGA Championship,2026,1,Tyrrell Hatton,Tyrrell Hatton,Total score,69.5,66.789,-2.711,over,-39.34,72,W,-125,-105,0.800,0.952
2026-07-23T02:15:27.589Z,Aronimink Golf Club,PGA Championship,PGA Championship,2026,1,Tyrrell Hatton,Tyrrell Hatton,Total score,69.5,66.789,-2.711,under,36.17,72,L,110,-101,-1.000,-1.000
2026-07-23T02:15:27.589Z,Aronimink Golf Club,PGA Championship,PGA Championship,2026,1,Viktor Hovland,Viktor Hovland,Total score,69.5,68.073,-1.427,over,-25.36,74,W,-125,-104,0.800,0.962
2026-07-23T02:15:27.589Z,Aronimink Golf Club,PGA Championship,PGA Championship,2026,1,Viktor Hovland,Viktor Hovland,Total score,69.5,68.073,-1.427,under,16.32,74,L,-115,104,-1.000,-1.000
2026-07-23T02:15:27.589Z,Aronimink Golf Club,PGA Championship,PGA Championship,2026,1,Xander Schauffele,Xander Schauffele,Total score,68.5,65.703,-2.797,under,33.32,68,W,-105,112,0.952,1.120
2026-07-23T02:15:27.589Z,Oak Hill Country Club,PGA Championship 2023,PGA Championship,2023,3,C. Morikawa,Collin Morikawa,Total score,71,72.567,1.567,over,20.34,74,W,-105,108,0.952,1.080
2026-07-23T02:15:27.589Z,Oak Hill Country Club,PGA Championship 2023,PGA Championship,2023,3,B. Dechambeau,Bryson DeChambeau,Total score,71.5,72.550,1.050,under,-14.87,70,W,100,112,1.000,1.120
2026-07-23T02:15:27.589Z,Oak Hill Country Club,PGA Championship 2023,PGA Championship,2023,4,B. Koepka,Brooks Koepka,Total score,71,70.316,-0.684,under,4.27,67,W,-125,-108,0.800,0.926
2026-07-23T02:15:27.589Z,Oak Hill Country Club,PGA Championship 2023,PGA Championship,2023,4,B. Koepka,Brooks Koepka,Birdies,3,3.214,0.214,over,-6.45,7,W,115,131,1.150,1.310
2026-07-23T02:15:27.589Z,Oak Hill Country Club,PGA Championship 2023,PGA Championship,2023,4,V. Hovland,Viktor Hovland,Total score,71,69.993,-1.007,under,15.50,68,W,105,117,1.050,1.170
2026-07-23T02:15:27.589Z,Oak Hill Country Club,PGA Championship 2023,PGA Championship,2023,4,V. Hovland,Viktor Hovland,Birdies,2.5,2.960,0.460,over,-0.67,5,W,-135,-119,0.741,0.840
2026-07-23T02:15:27.589Z,Oak Hill Country Club,PGA Championship 2023,PGA Championship,2023,4,B. Dechambeau,Bryson DeChambeau,Total score,72.5,70.035,-2.465,under,29.12,70,W,-110,103,0.909,1.030
2026-07-23T02:15:27.589Z,Oak Hill Country Club,PGA Championship 2023,PGA Championship,2023,4,B. Dechambeau,Bryson DeChambeau,Birdies,2.5,3.112,0.612,over,14.69,3,W,120,133,1.200,1.330
2026-07-23T02:15:27.589Z,Oak Hill Country Club,PGA Championship 2023,PGA Championship,2023,4,C. Conners,Corey Conners,Total score,72.5,69.541,-2.959,under,33.52,75,L,-110,103,-1.000,-1.000
2026-07-23T02:15:27.589Z,Oak Hill Country Club,PGA Championship 2023,PGA Championship,2023,4,C. Conners,Corey Conners,Birdies,2.5,2.495,-0.005,over,0.04,2,L,120,133,-1.000,-1.000
2026-07-23T02:15:27.589Z,Oak Hill Country Club,PGA Championship 2023,PGA Championship,2023,3,J. Rahm,Jon Rahm,Total score,70.5,69.809,-0.691,under,8.70,72,L,-105,108,-1.000,-1.000
2026-07-23T02:15:27.589Z,Oak Hill Country Club,PGA Championship 2023,PGA Championship,2023,1,D. Johnson,Dustin Johnson,Total score,70.5,69.979,-0.521,over,-14.96,67,L,-135,-117,-1.000,-1.000
2026-07-23T02:15:27.589Z,Oak Hill Country Club,PGA Championship 2023,PGA Championship,2023,1,D. Johnson,Dustin Johnson,Total score,70.5,69.979,-0.521,under,8.73,67,W,105,117,1.050,1.170
2026-07-23T02:15:27.589Z,Oak Hill Country Club,PGA Championship 2023,PGA Championship,2023,1,X. Schauffele,Xander Schauffele,Total score,70.5,71.307,0.807,under,-18.99,72,L,-135,-118,-1.000,-1.000
2026-07-23T02:15:27.589Z,Oak Hill Country Club,PGA Championship 2023,PGA Championship,2023,1,B. Koepka,Brooks Koepka,Total score,70.5,72.723,2.223,under,-29.06,72,L,100,113,-1.000,-1.000
2026-07-23T02:15:27.589Z,Oak Hill Country Club,PGA Championship 2023,PGA Championship,2023,1,G. Woodland,Gary Woodland,Total score,71.5,72.652,1.152,over,13.85,73,W,-110,-100,0.909,1.000
2026-07-23T02:15:27.589Z,Oak Hill Country Club,PGA Championship 2023,PGA Championship,2023,2,B. Dechambeau,Bryson DeChambeau,Total score,72,72.233,0.233,over,0.99,71,L,-110,102,-1.000,-1.000
2026-07-23T02:15:27.589Z,Oak Hill Country Club,PGA Championship 2023,PGA Championship,2023,4,J. Rose,Justin Rose,Total score,71.5,70.141,-1.359,under,18.95,71,W,100,111,1.000,1.110
2026-07-23T02:15:27.589Z,Oak Hill Country Club,PGA Championship 2023,PGA Championship,2023,4,J. Rose,Justin Rose,Birdies,2.5,3.135,0.635,over,8.26,3,W,-110,101,0.909,1.010
2026-07-23T02:15:27.589Z,Oak Hill Country Club,PGA Championship 2023,PGA Championship,2023,4,S. Scheffler,Scottie Scheffler,Total score,70.5,70.005,-0.495,over,-9.52,65,L,-110,103,-1.000,-1.000
2026-07-23T02:15:27.589Z,Oak Hill Country Club,PGA Championship 2023,PGA Championship,2023,4,S. Scheffler,Scottie Scheffler,Total score,70.5,70.005,-0.495,under,2.60,65,W,-120,-103,0.833,0.971
2026-07-23T02:15:27.589Z,Oak Hill Country Club,PGA Championship 2023,PGA Championship,2023,4,S. Scheffler,Scottie Scheffler,Birdies,3,3.388,0.388,over,-8.48,6,W,-110,103,0.909,1.030
2026-07-23T02:15:27.589Z,Oak Hill Country Club,PGA Championship 2023,PGA Championship,2023,3,V. Hovland,Viktor Hovland,Total score,70.5,73.063,2.563,over,32.43,70,L,100,113,-1.000,-1.000
2026-07-23T02:15:27.589Z,Oak Hill Country Club,PGA Championship 2023,PGA Championship,2023,3,V. Hovland,Viktor Hovland,Total score,71.5,73.063,1.563,under,-21.51,70,W,100,110,1.000,1.100
2026-07-23T02:15:27.589Z,Oak Hill Country Club,PGA Championship 2023,PGA Championship,2023,1,M. Fitzpatrick,Matthew Fitzpatrick,Total score,71,71.433,0.433,under,-10.79,76,L,-120,-107,-1.000,-1.000
2026-07-23T02:15:27.589Z,Oak Hill Country Club,PGA Championship 2023,PGA Championship,2023,4,P. Cantlay,Patrick Cantlay,Total score,70.5,71.316,0.816,under,-12.89,66,W,-105,105,0.952,1.050
2026-07-23T02:15:27.589Z,Oak Hill Country Club,PGA Championship 2023,PGA Championship,2023,4,P. Cantlay,Patrick Cantlay,Birdies,3,3.028,0.028,over,-14.10,5,W,100,111,1.000,1.110
2026-07-23T02:15:27.589Z,Oak Hill Country Club,PGA Championship 2023,PGA Championship,2023,4,J. Thomas,Justin Thomas,Birdies,2.5,2.133,-0.367,over,-14.07,2,L,100,111,-1.000,-1.000
2026-07-23T02:15:27.589Z,Oak Hill Country Club,PGA Championship 2023,PGA Championship,2023,4,P. Reed,Patrick Reed,Birdies,2.5,2.825,0.325,over,6.03,4,W,110,125,1.100,1.250
2026-07-23T02:15:27.589Z,Oak Hill Country Club,PGA Championship 2023,PGA Championship,2023,3,S. Lowry,Shane Lowry,Birdies,2.5,1.948,-0.552,over,-26.52,1,L,-135,-117,-1.000,-1.000
2026-07-23T02:15:27.589Z,Oak Hill Country Club,PGA Championship 2023,PGA Championship,2023,3,C. Conners,Corey Conners,Total score,72,71.662,-0.338,under,-0.67,70,W,-125,-109,0.800,0.917
2026-07-23T02:15:27.589Z,Oak Hill Country Club,PGA Championship 2023,PGA Championship,2023,3,S. Scheffler,Scottie Scheffler,Total score,70.5,70.669,0.169,under,-7.00,73,L,-120,-103,-1.000,-1.000
2026-07-23T02:15:27.589Z,Oak Hill Country Club,PGA Championship 2023,PGA Championship,2023,4,J. Suh,Justin Suh,Birdies,2,1.839,-0.161,over,-29.46,1,L,-135,-118,-1.000,-1.000
2026-07-23T02:15:27.589Z,Oak Hill Country Club,PGA Championship 2023,PGA Championship,2023,4,T. Fleetwood,Tommy Fleetwood,Birdies,2.5,2.439,-0.061,over,-5.96,4,W,100,111,1.000,1.110
2026-07-23T02:15:27.589Z,Valhalla Golf Club,PGA Championship 2024,PGA Championship,2024,1,A. Scott,Adam Scott,Birdies,3,3.217,0.217,over,-19.06,0,L,-145,-122,-1.000,-1.000
2026-07-23T02:15:27.589Z,Valhalla Golf Club,PGA Championship 2024,PGA Championship,2024,1,T. Woods,Tiger Woods,Birdies,2.5,2.804,0.304,over,-6.03,3,W,-145,-149,0.690,0.671
2026-07-23T02:15:27.589Z,Valhalla Golf Club,PGA Championship 2024,PGA Championship,2024,4,B. Dechambeau,Bryson DeChambeau,Birdies,4.5,4.218,-0.282,over,-19.42,7,W,-155,-123,0.645,0.813
2026-07-23T02:15:27.589Z,Valhalla Golf Club,PGA Championship 2024,PGA Championship,2024,4,B. Dechambeau,Bryson DeChambeau,Birdies,4.5,4.218,-0.282,under,8.63,7,L,100,123,-1.000,-1.000
2026-07-23T02:15:27.589Z,Valhalla Golf Club,PGA Championship 2024,PGA Championship,2024,4,B. Dechambeau,Bryson DeChambeau,Birdies,5,4.218,-0.782,over,-23.80,7,W,105,108,1.050,1.080
2026-07-23T02:15:27.589Z,Valhalla Golf Club,PGA Championship 2024,PGA Championship,2024,4,B. Dechambeau,Bryson DeChambeau,Birdies,5,4.218,-0.782,under,14.24,7,L,-155,-108,-1.000,-1.000
2026-07-23T02:15:27.589Z,Valhalla Golf Club,PGA Championship 2024,PGA Championship,2024,4,V. Hovland,Viktor Hovland,Birdies,4.5,4.045,-0.455,over,-21.19,6,W,-145,-114,0.690,0.877
2026-07-23T02:15:27.589Z,Valhalla Golf Club,PGA Championship 2024,PGA Championship,2024,4,V. Hovland,Viktor Hovland,Birdies,4.5,4.045,-0.455,under,10.79,6,L,-105,121,-1.000,-1.000
2026-07-23T02:15:27.589Z,Valhalla Golf Club,PGA Championship 2024,PGA Championship,2024,4,V. Hovland,Viktor Hovland,Birdies,5,4.045,-0.955,under,18.62,6,L,-145,-119,-1.000,-1.000
2026-07-23T02:15:27.589Z,Valhalla Golf Club,PGA Championship 2024,PGA Championship,2024,1,B. Harman,Brian Harman,Birdies,3.5,2.857,-0.643,over,-27.92,3,L,-150,-128,-1.000,-1.000
2026-07-23T02:15:27.589Z,Valhalla Golf Club,PGA Championship 2024,PGA Championship,2024,1,S. Scheffler,Scottie Scheffler,Birdies,4,4.708,0.708,over,-3.86,5,W,-120,-119,0.833,0.840
2026-07-23T02:15:27.589Z,Valhalla Golf Club,PGA Championship 2024,PGA Championship,2024,1,S. Scheffler,Scottie Scheffler,Birdies,4.5,4.708,0.208,over,-11.58,5,W,-165,-134,0.606,0.746
2026-07-23T02:15:27.589Z,Valhalla Golf Club,PGA Championship 2024,PGA Championship,2024,1,W. Clark,Wyndham Clark,Birdies,3.5,3.729,0.229,over,2.41,3,L,105,-126,-1.000,-1.000
2026-07-23T02:15:27.589Z,Valhalla Golf Club,PGA Championship 2024,PGA Championship,2024,1,W. Clark,Wyndham Clark,Birdies,3.5,3.729,0.229,under,-8.64,3,W,-135,126,0.741,1.260
2026-07-23T02:15:27.589Z,Valhalla Golf Club,PGA Championship 2024,PGA Championship,2024,1,W. Clark,Wyndham Clark,Birdies,4,3.729,-0.271,over,-25.61,3,L,-135,-111,-1.000,-1.000
2026-07-23T02:15:27.589Z,Valhalla Golf Club,PGA Championship 2024,PGA Championship,2024,1,C. Smith,Cameron Smith,Birdies,3.5,4.195,0.695,over,7.99,4,W,-110,103,0.909,1.030
2026-07-23T02:15:27.589Z,Valhalla Golf Club,PGA Championship 2024,PGA Championship,2024,1,H. Matsuyama,Hideki Matsuyama,Birdies,3.5,3.295,-0.205,over,-8.14,3,L,100,113,-1.000,-1.000
2026-07-23T02:15:27.589Z,Valhalla Golf Club,PGA Championship 2024,PGA Championship,2024,1,V. Hovland,Viktor Hovland,Birdies,3.5,3.150,-0.350,over,-15.91,5,W,-120,-103,0.833,0.971
2026-07-23T02:15:27.589Z,Valhalla Golf Club,PGA Championship 2024,PGA Championship,2024,4,J. Rose,Justin Rose,Birdies,4,4.184,0.184,over,-18.48,5,W,-145,-124,0.690,0.806
2026-07-23T02:15:27.589Z,Valhalla Golf Club,PGA Championship 2024,PGA Championship,2024,4,J. Rose,Justin Rose,Birdies,4,4.184,0.184,under,8.07,5,L,-105,127,-1.000,-1.000
2026-07-23T02:15:27.589Z,Valhalla Golf Club,PGA Championship 2024,PGA Championship,2024,4,R. MacIntyre,Robert Macintyre,Birdies,4,3.762,-0.238,over,-24.97,2,L,-135,-121,-1.000,-1.000
2026-07-23T02:15:27.589Z,Valhalla Golf Club,PGA Championship 2024,PGA Championship,2024,4,R. MacIntyre,Robert Macintyre,Birdies,4,3.762,-0.238,under,15.14,2,W,-110,111,0.909,1.110
2026-07-23T02:15:27.589Z,Valhalla Golf Club,PGA Championship 2024,PGA Championship,2024,1,D. Johnson,Dustin Johnson,Birdies,3.5,4.027,0.527,over,9.56,2,L,110,126,-1.000,-1.000
2026-07-23T02:15:27.589Z,Valhalla Golf Club,PGA Championship 2024,PGA Championship,2024,1,B. Koepka,Brooks Koepka,Birdies,3.5,4.266,0.766,over,6.11,4,W,-125,-109,0.800,0.917
2026-07-23T02:15:27.589Z,Valhalla Golf Club,PGA Championship 2024,PGA Championship,2024,1,J. Spieth,Jordan Spieth,Birdies,3.5,3.661,0.161,over,0.99,5,W,105,102,1.050,1.020
2026-07-23T02:15:27.589Z,Valhalla Golf Club,PGA Championship 2024,PGA Championship,2024,1,J. Spieth,Jordan Spieth,Birdies,3.5,3.661,0.161,under,-7.21,5,L,-135,-102,-1.000,-1.000
2026-07-23T02:15:27.589Z,Valhalla Golf Club,PGA Championship 2024,PGA Championship,2024,1,M. Homa,Max Homa,Birdies,3.5,3.562,0.062,over,-3.55,7,W,-105,106,0.952,1.060
2026-07-23T02:15:27.589Z,Valhalla Golf Club,PGA Championship 2024,PGA Championship,2024,4,J. Spieth,Jordan Spieth,Birdies,4,3.532,-0.468,over,-31.12,2,L,-145,-121,-1.000,-1.000
2026-07-23T02:15:27.589Z,Valhalla Golf Club,PGA Championship 2024,PGA Championship,2024,4,J. Spieth,Jordan Spieth,Birdies,4.5,3.532,-0.968,over,-20.72,2,L,105,129,-1.000,-1.000
2026-07-23T02:15:27.589Z,Valhalla Golf Club,PGA Championship 2024,PGA Championship,2024,4,J. Spieth,Jordan Spieth,Birdies,4.5,3.532,-0.968,under,11.15,2,W,-155,-129,0.645,0.775
2026-07-23T02:15:27.589Z,Valhalla Golf Club,PGA Championship 2024,PGA Championship,2024,4,R. Henley,Russell Henley,Birdies,4,3.770,-0.230,over,-24.81,5,W,-135,-114,0.741,0.877
2026-07-23T02:15:27.589Z,Valhalla Golf Club,PGA Championship 2024,PGA Championship,2024,4,R. Henley,Russell Henley,Birdies,4,3.770,-0.230,under,12.82,5,L,-120,107,-1.000,-1.000
2026-07-23T02:15:27.589Z,Valhalla Golf Club,PGA Championship 2024,PGA Championship,2024,1,J. Thomas,Justin Thomas,Birdies,3.5,3.000,-0.500,over,-11.23,5,W,115,129,1.150,1.290
2026-07-23T02:15:27.589Z,Valhalla Golf Club,PGA Championship 2024,PGA Championship,2024,1,L. Aberg,Ludvig Aberg,Birdies,3.5,3.782,0.282,over,-0.10,3,L,-110,-101,-1.000,-1.000
2026-07-23T02:15:27.589Z,Valhalla Golf Club,PGA Championship 2024,PGA Championship,2024,1,X. Schauffele,Xander Schauffele,Birdies,3.5,3.249,-0.251,over,-14.72,9,W,-125,-113,0.800,0.885
2026-07-23T02:15:27.589Z,Valhalla Golf Club,PGA Championship 2024,PGA Championship,2024,1,Jason Day,Jason Day,Birdies,3,3.755,0.755,over,-2.82,4,W,-120,-140,0.833,0.714
2026-07-23T02:15:27.589Z,Valhalla Golf Club,PGA Championship 2024,PGA Championship,2024,1,N. Hojgaard,Nicolai Hojgaard,Birdies,3.5,3.754,0.254,over,-7.48,3,L,-145,-120,-1.000,-1.000
2026-07-23T02:15:27.589Z,Valhalla Golf Club,PGA Championship 2024,PGA Championship,2024,1,N. Hojgaard,Nicolai Hojgaard,Birdies,4,3.754,-0.246,under,10.23,3,W,-135,-111,0.741,0.901
2026-07-23T02:15:27.589Z,Valhalla Golf Club,PGA Championship 2024,PGA Championship,2024,1,S. Lowry,Shane Lowry,Birdies,3,3.029,0.029,over,-15.29,5,W,-105,100,0.952,1.000
2026-07-23T02:15:27.589Z,Valhalla Golf Club,PGA Championship 2024,PGA Championship,2024,1,S. Lowry,Shane Lowry,Birdies,3,3.029,0.029,under,9.53,5,L,-120,-105,-1.000,-1.000
2026-07-23T02:15:27.589Z,Valhalla Golf Club,PGA Championship 2024,PGA Championship,2024,1,S. Lowry,Shane Lowry,Birdies,4,3.029,-0.971,under,28.66,5,L,-110,109,-1.000,-1.000
2026-07-23T02:15:27.589Z,Valhalla Golf Club,PGA Championship 2024,PGA Championship,2024,1,C. Morikawa,Collin Morikawa,Birdies,3,3.309,0.309,over,-18.62,7,W,-155,-155,0.645,0.645
2026-07-23T02:15:27.589Z,Valhalla Golf Club,PGA Championship 2024,PGA Championship,2024,1,C. Morikawa,Collin Morikawa,Birdies,3.5,3.309,-0.191,over,-4.35,7,W,115,116,1.150,1.160
2026-07-23T02:15:27.589Z,Valhalla Golf Club,PGA Championship 2024,PGA Championship,2024,1,C. Morikawa,Collin Morikawa,Birdies,3.5,3.309,-0.191,under,-2.95,7,L,-155,-132,-1.000,-1.000
2026-07-23T02:15:27.589Z,Valhalla Golf Club,PGA Championship 2024,PGA Championship,2024,1,M. Fitzpatrick,Matt Fitzpatrick,Birdies,3,2.948,-0.052,over,-20.43,4,W,-120,-119,0.833,0.840
2026-07-23T02:15:27.589Z,Valhalla Golf Club,PGA Championship 2024,PGA Championship,2024,1,P. Mickelson,Phil Mickelson,Birdies,2.5,4.325,1.825,over,25.02,4,W,-125,-121,0.800,0.826
2026-07-23T02:15:27.589Z,Valhalla Golf Club,PGA Championship 2024,PGA Championship,2024,1,Cam. Young,Cameron Young,Birdies,3.5,3.859,0.359,over,1.47,4,W,-110,101,0.909,1.010
2026-07-23T02:15:27.589Z,Valhalla Golf Club,PGA Championship 2024,PGA Championship,2024,1,Cam. Young,Cameron Young,Birdies,4.5,3.859,-0.641,over,-15.64,4,L,100,118,-1.000,-1.000
2026-07-23T02:15:27.589Z,Valhalla Golf Club,PGA Championship 2024,PGA Championship,2024,1,J. Rahm,Jon Rahm,Birdies,3.5,4.365,0.865,over,4.26,6,W,-145,-142,0.690,0.704
2026-07-23T02:15:27.589Z,Valhalla Golf Club,PGA Championship 2024,PGA Championship,2024,1,J. Rahm,Jon Rahm,Birdies,4,4.365,0.365,over,-7.01,6,W,-105,-111,0.952,0.901
2026-07-23T02:15:27.589Z,Valhalla Golf Club,PGA Championship 2024,PGA Championship,2024,1,J. Rahm,Jon Rahm,Birdies,4.5,4.365,-0.135,under,3.41,6,L,-110,108,-1.000,-1.000
2026-07-23T02:15:27.589Z,Valhalla Golf Club,PGA Championship 2024,PGA Championship,2024,1,R. Fowler,Rickie Fowler,Birdies,3,3.693,0.693,over,-8.75,4,W,-145,-154,0.690,0.649
2026-07-23T02:15:27.589Z,Valhalla Golf Club,PGA Championship 2024,PGA Championship,2024,1,R. Fowler,Rickie Fowler,Birdies,3.5,3.693,0.193,over,0.44,4,W,100,-107,1.000,0.935
2026-07-23T02:15:27.589Z,Valhalla Golf Club,PGA Championship 2024,PGA Championship,2024,1,R. Fowler,Rickie Fowler,Birdies,3.5,3.693,0.193,under,-9.62,4,L,-145,-122,-1.000,-1.000
2026-07-23T02:15:27.589Z,Valhalla Golf Club,PGA Championship 2024,PGA Championship,2024,4,S. Lowry,Shane Lowry,Birdies,4,3.975,-0.025,over,-18.93,3,L,-125,-125,-1.000,-1.000
2026-07-23T02:15:27.589Z,Valhalla Golf Club,PGA Championship 2024,PGA Championship,2024,4,S. Lowry,Shane Lowry,Birdies,4,3.975,-0.025,under,8.83,3,W,-120,125,0.833,1.250
2026-07-23T02:15:27.589Z,Valhalla Golf Club,PGA Championship 2024,PGA Championship,2024,4,S. Theegala,Sahith Theegala,Birdies,4,3.837,-0.163,over,-26.85,3,L,-155,-126,-1.000,-1.000
2026-07-23T02:15:27.589Z,Valhalla Golf Club,PGA Championship 2024,PGA Championship,2024,4,S. Theegala,Sahith Theegala,Birdies,4,3.837,-0.163,under,17.28,3,W,105,126,1.050,1.260
2026-07-23T02:15:27.589Z,Valhalla Golf Club,PGA Championship 2024,PGA Championship,2024,4,S. Theegala,Sahith Theegala,Birdies,4.5,3.837,-0.663,over,-14.85,3,L,105,114,-1.000,-1.000
2026-07-23T02:15:27.589Z,Valhalla Golf Club,PGA Championship 2024,PGA Championship,2024,4,S. Theegala,Sahith Theegala,Birdies,4.5,3.837,-0.663,under,5.28,3,W,-155,-114,0.645,0.877
2026-07-23T02:15:27.589Z,Valhalla Golf Club,PGA Championship 2024,PGA Championship,2024,4,J. Thomas,Justin Thomas,Birdies,5,3.607,-1.393,over,-33.10,3,L,105,119,-1.000,-1.000
2026-07-23T02:15:27.589Z,Valhalla Golf Club,PGA Championship 2024,PGA Championship,2024,4,J. Thomas,Justin Thomas,Birdies,5,3.607,-1.393,under,23.53,3,W,-155,-119,0.645,0.840
2026-07-23T02:15:27.589Z,Valhalla Golf Club,PGA Championship 2024,PGA Championship,2024,4,T. Finau,Tony Finau,Birdies,4.5,3.903,-0.597,over,-22.22,5,W,-135,-115,0.741,0.870
2026-07-23T02:15:27.589Z,Valhalla Golf Club,PGA Championship 2024,PGA Championship,2024,4,T. Finau,Tony Finau,Birdies,4.5,3.903,-0.597,under,12.40,5,L,-110,115,-1.000,-1.000
2026-07-23T02:15:27.589Z,Valhalla Golf Club,PGA Championship 2024,PGA Championship,2024,1,S. Theegala,Sahith Theegala,Birdies,3.5,3.117,-0.383,over,-13.32,7,W,-105,104,0.952,1.040
2026-07-23T02:15:27.589Z,Valhalla Golf Club,PGA Championship 2024,PGA Championship,2024,1,S. Theegala,Sahith Theegala,Birdies,3.5,3.117,-0.383,under,7.56,7,L,-120,-104,-1.000,-1.000
2026-07-23T02:15:27.589Z,Valhalla Golf Club,PGA Championship 2024,PGA Championship,2024,1,T. Finau,Tony Finau,Birdies,3.5,2.986,-0.514,over,-16.26,6,W,-105,108,0.952,1.080
2026-07-23T02:15:27.589Z,Valhalla Golf Club,PGA Championship 2024,PGA Championship,2024,1,T. Hatton,Tyrrell Hatton,Birdies,3.5,4.231,0.731,over,8.65,4,W,-110,100,0.909,1.000
2026-07-23T02:15:27.589Z,Valhalla Golf Club,PGA Championship 2024,PGA Championship,2024,1,A. Bhatia,Akshay Bhatia,Birdies,3.5,3.317,-0.183,over,-4.17,3,L,115,132,-1.000,-1.000
2026-07-23T02:15:27.589Z,Valhalla Golf Club,PGA Championship 2024,PGA Championship,2024,1,A. Bhatia,Akshay Bhatia,Birdies,3.5,3.317,-0.183,under,-3.13,3,W,-155,-132,0.645,0.758
2026-07-23T02:15:27.589Z,Valhalla Golf Club,PGA Championship 2024,PGA Championship,2024,1,B. Dechambeau,Bryson DeChambeau,Birdies,3.5,3.652,0.152,over,-5.98,3,L,-125,-111,-1.000,-1.000
2026-07-23T02:15:27.589Z,Valhalla Golf Club,PGA Championship 2024,PGA Championship,2024,1,T. Fleetwood,Tommy Fleetwood,Birdies,3.5,2.945,-0.555,over,-20.50,2,L,-120,-105,-1.000,-1.000
2026-07-23T02:15:27.589Z,Valhalla Golf Club,PGA Championship 2024,PGA Championship,2024,4,C. Conners,Corey Conners,Birdies,4,3.655,-0.345,over,-27.04,6,W,-135,-107,0.741,0.935
2026-07-23T02:15:27.589Z,Valhalla Golf Club,PGA Championship 2024,PGA Championship,2024,4,T. Hatton,Tyrrell Hatton,Birdies,4,3.688,-0.312,over,-28.14,2,L,-145,-121,-1.000,-1.000
2026-07-23T02:15:27.589Z,Valhalla Golf Club,PGA Championship 2024,PGA Championship,2024,4,C. Morikawa,Collin Morikawa,Birdies,4.5,3.760,-0.740,over,-26.74,1,L,-145,-123,-1.000,-1.000
2026-07-23T02:15:27.589Z,Valhalla Golf Club,PGA Championship 2024,PGA Championship,2024,4,C. Morikawa,Collin Morikawa,Birdies,4.5,3.760,-0.740,under,15.18,1,W,-110,119,0.909,1.190
2026-07-23T02:15:27.589Z,Valhalla Golf Club,PGA Championship 2024,PGA Championship,2024,4,C. Morikawa,Collin Morikawa,Birdies,5,3.760,-1.240,over,-32.14,1,L,100,121,-1.000,-1.000
2026-07-23T02:15:27.589Z,Valhalla Golf Club,PGA Championship 2024,PGA Championship,2024,4,C. Morikawa,Collin Morikawa,Birdies,5,3.760,-1.240,under,22.96,1,W,-145,-121,0.690,0.826
2026-07-23T02:15:27.589Z,Valhalla Golf Club,PGA Championship 2024,PGA Championship,2024,4,X. Schauffele,Xander Schauffele,Birdies,4.5,4.338,-0.162,over,-17.09,7,W,-155,-106,0.645,0.943
2026-07-23T02:15:27.589Z,Valhalla Golf Club,PGA Championship 2024,PGA Championship,2024,4,X. Schauffele,Xander Schauffele,Birdies,4.5,4.338,-0.162,under,6.31,7,L,100,106,-1.000,-1.000
2026-07-23T02:15:27.589Z,Valhalla Golf Club,PGA Championship 2024,PGA Championship,2024,4,X. Schauffele,Xander Schauffele,Birdies,5,4.338,-0.662,over,-23.03,7,W,100,107,1.000,1.070
2026-07-23T02:15:27.589Z,Valhalla Golf Club,PGA Championship 2024,PGA Championship,2024,4,X. Schauffele,Xander Schauffele,Birdies,5,4.338,-0.662,under,12.25,7,L,-155,-107,-1.000,-1.000
2026-07-23T02:15:27.589Z,Quail Hollow-PGA Championship,PGA Championship 2025,PGA Championship,2025,1,C. Morikawa,Collin Morikawa,Birdies,3.5,3.078,-0.422,over,-14.20,6,W,-105,118,0.952,1.180
2026-07-23T02:15:27.589Z,Quail Hollow-PGA Championship,PGA Championship 2025,PGA Championship,2025,1,D. Johnson,Dustin Johnson,Birdies,2.5,3.418,0.918,over,2.09,1,L,-180,-150,-1.000,-1.000
2026-07-23T02:15:27.589Z,Quail Hollow-PGA Championship,PGA Championship 2025,PGA Championship,2025,1,J. Thomas,Justin Thomas,Birdies,3.5,3.732,0.232,over,0.03,5,W,-105,106,0.952,1.060
2026-07-23T02:15:27.589Z,Quail Hollow-PGA Championship,PGA Championship 2025,PGA Championship,2025,1,J. Thomas,Justin Thomas,Birdies,3.5,3.732,0.232,under,-7.77,5,L,-130,-106,-1.000,-1.000
2026-07-23T02:15:27.589Z,Quail Hollow-PGA Championship,PGA Championship 2025,PGA Championship,2025,1,J. Spieth,Jordan Spieth,Birdies,3.5,3.087,-0.413,over,-9.29,2,L,115,144,-1.000,-1.000
2026-07-23T02:15:27.589Z,Quail Hollow-PGA Championship,PGA Championship 2025,PGA Championship,2025,1,J. Spieth,Jordan Spieth,Birdies,3.5,3.087,-0.413,under,-0.86,2,W,-175,-144,0.571,0.694
2026-07-23T02:15:27.589Z,Quail Hollow-PGA Championship,PGA Championship 2025,PGA Championship,2025,1,L. Aberg,Ludvig Aberg,Birdies,3.5,2.083,-1.417,over,-34.18,4,W,100,109,1.000,1.090
2026-07-23T02:15:27.589Z,Quail Hollow-PGA Championship,PGA Championship 2025,PGA Championship,2025,1,L. Aberg,Ludvig Aberg,Birdies,3.5,2.083,-1.417,under,27.66,4,L,-130,-109,-1.000,-1.000
2026-07-23T02:15:27.589Z,Quail Hollow-PGA Championship,PGA Championship 2025,PGA Championship,2025,1,P. Reed,Patrick Reed,Birdies,3.5,3.193,-0.307,over,-4.85,4,W,125,157,1.250,1.570
2026-07-23T02:15:27.589Z,Quail Hollow-PGA Championship,PGA Championship 2025,PGA Championship,2025,2,J. Rahm,Jon Rahm,Birdies,3.5,3.490,-0.010,over,-17.52,2,L,-175,-141,-1.000,-1.000
2026-07-23T02:15:27.589Z,Quail Hollow-PGA Championship,PGA Championship 2025,PGA Championship,2025,2,M. Fitzpatrick,Matt Fitzpatrick,Birdies,3.5,2.648,-0.852,over,-22.55,5,W,100,123,1.000,1.230
2026-07-23T02:15:27.589Z,Quail Hollow-PGA Championship,PGA Championship 2025,PGA Championship,2025,2,P. Cantlay,Patrick Cantlay,Birdies,3.5,3.093,-0.407,over,-20.09,1,L,-135,-112,-1.000,-1.000
2026-07-23T02:15:27.589Z,Quail Hollow-PGA Championship,PGA Championship 2025,PGA Championship,2025,1,S. Scheffler,Scottie Scheffler,Birdies,3.5,4.871,1.371,over,9.38,5,W,-165,-139,0.606,0.719
2026-07-23T02:15:27.589Z,Quail Hollow-PGA Championship,PGA Championship 2025,PGA Championship,2025,2,S. Scheffler,Scottie Scheffler,Birdies,4.5,5.139,0.639,over,8.35,4,L,100,120,-1.000,-1.000
2026-07-23T02:15:27.589Z,Quail Hollow-PGA Championship,PGA Championship 2025,PGA Championship,2025,2,X. Schauffele,Xander Schauffele,Birdies,3.5,3.458,-0.042,over,-16.84,3,L,-165,-134,-1.000,-1.000
2026-07-23T02:15:27.589Z,Quail Hollow-PGA Championship,PGA Championship 2025,PGA Championship,2025,2,X. Schauffele,Xander Schauffele,Birdies,3.5,3.458,-0.042,under,6.95,3,W,110,134,1.100,1.340
2026-07-23T02:15:27.589Z,East Lake Golf Club,PGA Tour 2024,PGA Tour,2024,1,X. Schauffele,Xander Schauffele,Birdies,4,4.384,0.384,over,-14.61,3,L,-145,-125,-1.000,-1.000
2026-07-23T02:15:27.589Z,East Lake Golf Club,PGA Tour 2024,PGA Tour,2024,1,X. Schauffele,Xander Schauffele,Birdies,4,4.384,0.384,under,7.81,3,W,110,125,1.100,1.250
2026-07-23T02:15:27.589Z,East Lake Golf Club,PGA Tour 2024,PGA Tour,2024,1,V. Hovland,Viktor Hovland,Birdies,4.5,4.193,-0.307,over,-9.12,7,W,100,112,1.000,1.120
2026-07-23T02:15:27.589Z,East Lake Golf Club,PGA Tour 2024,PGA Tour,2024,1,V. Hovland,Viktor Hovland,Birdies,4.5,4.193,-0.307,under,3.56,7,L,-125,-112,-1.000,-1.000
2026-07-23T02:15:27.589Z,East Lake Golf Club,PGA Tour 2024,PGA Tour,2024,1,C. Morikawa,Collin Morikawa,Birdies,4,4.350,0.350,over,-10.62,7,W,-120,-103,0.833,0.971
2026-07-23T02:15:27.589Z,East Lake Golf Club,PGA Tour 2024,PGA Tour,2024,1,C. Morikawa,Collin Morikawa,Birdies,4,4.350,0.350,under,3.70,7,L,-110,103,-1.000,-1.000
2026-07-23T02:15:27.589Z,East Lake Golf Club,PGA Tour 2024,PGA Tour,2024,1,S. Burns,Sam Burns,Birdies,4,4.001,0.001,over,-14.08,6,W,-105,110,0.952,1.100
2026-07-23T02:15:27.589Z,East Lake Golf Club,PGA Tour 2024,PGA Tour,2024,1,S. Burns,Sam Burns,Birdies,4,4.001,0.001,under,7.31,6,L,-125,-110,-1.000,-1.000
2026-07-23T02:15:27.589Z,East Lake Golf Club,PGA Tour 2024,PGA Tour,2024,1,S. Scheffler,Scottie Scheffler,Birdies,4.5,4.251,-0.249,over,-6.77,7,W,105,117,1.050,1.170
2026-07-23T02:15:27.589Z,East Lake Golf Club,PGA Tour 2025,PGA Tour,2025,1,H. Matsuyama,Hideki Matsuyama,Birdies,5.5,4.528,-0.972,over,-33.45,4,L,-175,-139,-1.000,-1.000
2026-07-23T02:15:27.589Z,East Lake Golf Club,PGA Tour 2025,PGA Tour,2025,1,J. Thomas,Justin Thomas,Birdies,6.5,5.100,-1.400,over,-22.36,8,W,110,133,1.100,1.330
2026-07-23T02:15:27.589Z,East Lake Golf Club,PGA Tour 2025,PGA Tour,2025,3,H. Matsuyama,Hideki Matsuyama,Birdies,6.5,4.626,-1.874,over,-33.84,1,L,-110,110,-1.000,-1.000
2026-07-23T02:15:27.589Z,East Lake Golf Club,PGA Tour 2025,PGA Tour,2025,1,C. Morikawa,Collin Morikawa,Birdies,5.5,4.986,-0.514,over,-27.36,6,W,-190,-153,0.526,0.654
2026-07-23T02:15:27.589Z,East Lake Golf Club,PGA Tour 2025,PGA Tour,2025,2,C. Morikawa,Collin Morikawa,Birdies,5.5,5.097,-0.403,over,-24.18,2,L,-180,-145,-1.000,-1.000
2026-07-23T02:15:27.589Z,East Lake Golf Club,PGA Tour 2025,PGA Tour,2025,2,L. Aberg,Ludvig Aberg,Birdies,5.5,4.855,-0.645,over,-24.92,5,L,-155,-121,-1.000,-1.000
2026-07-23T02:15:27.589Z,Silverado Resort (North Course),Procore Championship 2024,Procore Championship,2024,2,M. Homa,Max Homa,Birdies,4.5,3.939,-0.561,over,-14.08,6,W,100,123,1.000,1.230
2026-07-23T02:15:27.589Z,Silverado Resort (North Course),Procore Championship 2024,Procore Championship,2024,2,S. Theegala,Sahith Theegala,Birdies,4.5,5.151,0.651,over,1.11,7,W,-135,-108,0.741,0.926
2026-07-23T02:15:27.589Z,Silverado Resort (North Course),Procore Championship 2024,Procore Championship,2024,2,W. Clark,Wyndham Clark,Birdies,4.5,4.333,-0.167,over,-13.85,4,L,-135,-108,-1.000,-1.000
2026-07-23T02:15:27.589Z,Silverado Resort (North Course),Procore Championship 2024,Procore Championship,2024,3,M. Hughes,Mackenzie Hughes,Birdies,4.5,3.647,-0.853,under,14.19,6,L,-125,-104,-1.000,-1.000
2026-07-23T02:15:27.589Z,Silverado Resort (North Course),Procore Championship 2024,Procore Championship,2024,3,M. Kuchar,Matt Kuchar,Birdies,4.5,4.418,-0.082,over,-5.99,4,L,-105,116,-1.000,-1.000
2026-07-23T02:15:27.589Z,Silverado Resort (North Course),Procore Championship 2024,Procore Championship,2024,3,M. Kuchar,Matt Kuchar,Birdies,4.5,4.418,-0.082,under,-4.41,4,W,-145,-116,0.690,0.862
2026-07-23T02:15:27.589Z,Silverado Resort (North Course),Procore Championship 2024,Procore Championship,2024,3,S. Theegala,Sahith Theegala,Birdies,4.5,5.167,0.667,over,-3.43,4,L,-165,-135,-1.000,-1.000
2026-07-23T02:15:27.589Z,Silverado Resort (North Course),Procore Championship 2024,Procore Championship,2024,3,S. Theegala,Sahith Theegala,Birdies,4.5,5.167,0.667,under,-6.45,4,W,110,135,1.100,1.350
2026-07-23T02:15:27.589Z,Harbour Town Golf Links,RBC Heritage,RBC Heritage,2026,1,Ben Griffin,Ben Griffin,Total score,69.5,68.712,-0.788,under,8.89,69,W,-110,110,0.909,1.100
2026-07-23T02:15:27.589Z,Harbour Town Golf Links,RBC Heritage,RBC Heritage,2026,1,Cameron Young,Cameron Young,Total score,68.5,67.770,-0.730,over,-20.47,71,W,-150,-125,0.667,0.800
2026-07-23T02:15:27.589Z,Harbour Town Golf Links,RBC Heritage,RBC Heritage,2026,1,Cameron Young,Cameron Young,Total score,68.5,67.770,-0.730,under,11.69,71,L,105,125,-1.000,-1.000
2026-07-23T02:15:27.589Z,Harbour Town Golf Links,RBC Heritage,RBC Heritage,2026,1,Chris Gotterup,Chris Gotterup,Total score,69.5,68.788,-0.712,under,4.65,70,L,-125,-102,-1.000,-1.000
2026-07-23T02:15:27.589Z,Harbour Town Golf Links,RBC Heritage,RBC Heritage,2026,1,Collin Morikawa,Collin Morikawa,Total score,69.5,67.578,-1.922,under,17.44,67,W,-140,-123,0.714,0.813
2026-07-23T02:15:27.589Z,Harbour Town Golf Links,RBC Heritage,RBC Heritage,2026,1,Harris English,Harris English,Total score,69.5,69.675,0.175,over,-5.80,64,L,-140,-113,-1.000,-1.000
2026-07-23T02:15:27.589Z,Harbour Town Golf Links,RBC Heritage,RBC Heritage,2026,1,Jacob Bridgeman,Jacob Bridgeman,Total score,69.5,69.779,0.279,over,1.66,75,W,-110,106,0.909,1.060
2026-07-23T02:15:27.589Z,Harbour Town Golf Links,RBC Heritage,RBC Heritage,2026,1,Jacob Bridgeman,Jacob Bridgeman,Total score,69.5,69.779,0.279,under,-8.59,75,L,-120,-106,-1.000,-1.000
2026-07-23T02:15:27.589Z,Harbour Town Golf Links,RBC Heritage,RBC Heritage,2026,1,Jake Knapp,Jake Knapp,Total score,69.5,70.038,0.538,under,-12.30,71,L,-120,-106,-1.000,-1.000
2026-07-23T02:15:27.589Z,Harbour Town Golf Links,RBC Heritage,RBC Heritage,2026,1,Jason Day,Jason Day,Total score,69.5,69.062,-0.438,under,3.95,70,L,-110,107,-1.000,-1.000
2026-07-23T02:15:27.589Z,Harbour Town Golf Links,RBC Heritage,RBC Heritage,2026,1,Jordan Spieth,Jordan Spieth,Total score,69.5,68.829,-0.671,under,-0.36,69,W,-150,-122,0.667,0.820
2026-07-23T02:15:27.589Z,Harbour Town Golf Links,RBC Heritage,RBC Heritage,2026,1,Justin Thomas,Justin Thomas,Total score,69.5,68.518,-0.982,over,-18.50,76,W,-120,-101,0.833,0.990
2026-07-23T02:15:27.589Z,Harbour Town Golf Links,RBC Heritage,RBC Heritage,2026,1,Justin Thomas,Justin Thomas,Total score,69.5,68.518,-0.982,under,8.40,76,L,-125,101,-1.000,-1.000
2026-07-23T02:15:27.589Z,Harbour Town Golf Links,RBC Heritage,RBC Heritage,2026,1,Matt Fitzpatrick,Matt Fitzpatrick,Total score,68.5,68.475,-0.025,under,0.36,65,W,100,120,1.000,1.200
2026-07-23T02:15:27.589Z,Harbour Town Golf Links,RBC Heritage,RBC Heritage,2026,1,Maverick McNealy,Maverick McNealy,Total score,69.5,69.253,-0.247,under,-4.76,74,L,-140,-117,-1.000,-1.000
2026-07-23T02:15:27.589Z,Harbour Town Golf Links,RBC Heritage,RBC Heritage,2026,1,Patrick Cantlay,Patrick Cantlay,Total score,69.5,66.930,-2.570,under,20.23,69,W,-165,-130,0.606,0.769
2026-07-23T02:15:27.589Z,Harbour Town Golf Links,RBC Heritage,RBC Heritage,2026,1,Rickie Fowler,Rickie Fowler,Total score,69.5,70.360,0.860,under,-11.06,65,W,105,124,1.050,1.240
2026-07-23T02:15:27.589Z,Harbour Town Golf Links,RBC Heritage,RBC Heritage,2026,1,Robert MacIntyre,Robert MacIntyre,Total score,69.5,70.065,0.565,over,6.91,66,L,-105,118,-1.000,-1.000
2026-07-23T02:15:27.589Z,Harbour Town Golf Links,RBC Heritage,RBC Heritage,2026,1,Robert MacIntyre,Robert MacIntyre,Total score,69.5,70.065,0.565,under,-16.47,66,W,-140,-112,0.714,0.893
2026-07-23T02:15:27.589Z,Harbour Town Golf Links,RBC Heritage,RBC Heritage,2026,1,Russell Henley,Russell Henley,Total score,68.5,69.250,0.750,under,-9.52,68,W,105,122,1.050,1.220
2026-07-23T02:15:27.589Z,Harbour Town Golf Links,RBC Heritage,RBC Heritage,2026,1,Sam Burns,Sam Burns,Total score,69.5,68.362,-1.138,over,-18.43,70,W,-110,108,0.909,1.080
2026-07-23T02:15:27.589Z,Harbour Town Golf Links,RBC Heritage,RBC Heritage,2026,1,Sam Burns,Sam Burns,Total score,69.5,68.362,-1.138,under,11.50,70,L,-120,-108,-1.000,-1.000
2026-07-23T02:15:27.589Z,Harbour Town Golf Links,RBC Heritage,RBC Heritage,2026,1,Scottie Scheffler,Scottie Scheffler,Total score,67.5,66.488,-1.012,over,-26.62,68,W,-165,-135,0.606,0.741
2026-07-23T02:15:27.589Z,Harbour Town Golf Links,RBC Heritage,RBC Heritage,2026,1,Scottie Scheffler,Scottie Scheffler,Total score,67.5,66.488,-1.012,under,16.73,68,L,110,130,-1.000,-1.000
2026-07-23T02:15:27.589Z,Harbour Town Golf Links,RBC Heritage,RBC Heritage,2026,1,Scottie Scheffler,Scottie Scheffler,Total score,68.5,66.488,-2.012,under,14.51,68,W,-165,-135,0.606,0.741
2026-07-23T02:15:27.589Z,Harbour Town Golf Links,RBC Heritage,RBC Heritage,2026,1,Sepp Straka,Sepp Straka,Total score,69.5,68.477,-1.023,under,8.95,66,W,-125,-106,0.800,0.943
2026-07-23T02:15:27.589Z,Harbour Town Golf Links,RBC Heritage,RBC Heritage,2026,1,Shane Lowry,Shane Lowry,Total score,69.5,68.678,-0.822,under,10.52,70,L,-105,113,-1.000,-1.000
2026-07-23T02:15:27.589Z,Harbour Town Golf Links,RBC Heritage,RBC Heritage,2026,1,Si Woo Kim,Si Woo Kim,Total score,69.5,69.297,-0.203,under,-7.05,66,W,-150,-125,0.667,0.800
2026-07-23T02:15:27.589Z,Harbour Town Golf Links,RBC Heritage,RBC Heritage,2026,1,Tommy Fleetwood,Tommy Fleetwood,Total score,68.5,69.675,1.175,under,-15.33,76,L,105,125,-1.000,-1.000
2026-07-23T02:15:27.589Z,Harbour Town Golf Links,RBC Heritage,RBC Heritage,2026,1,Viktor Hovland,Viktor Hovland,Total score,69.5,66.836,-2.664,over,-34.58,64,L,-105,118,-1.000,-1.000
2026-07-23T02:15:27.589Z,Harbour Town Golf Links,RBC Heritage,RBC Heritage,2026,1,Viktor Hovland,Viktor Hovland,Total score,69.5,66.836,-2.664,under,25.03,64,W,-140,-112,0.714,0.893
2026-07-23T02:15:27.589Z,Harbour Town Golf Links,RBC Heritage,RBC Heritage,2026,1,Xander Schauffele,Xander Schauffele,Total score,68.5,68.980,0.480,under,-4.54,69,L,110,118,-1.000,-1.000
2026-07-23T02:15:27.589Z,Harbour Town Golf Links,RBC Heritage 2023,RBC Heritage,2023,3,J. Rahm,Jon Rahm,Birdies,4,4.525,0.525,over,-10.18,5,W,-135,-120,0.741,0.833
2026-07-23T02:15:27.589Z,Harbour Town Golf Links,RBC Heritage 2023,RBC Heritage,2023,4,J. Spieth,Jordan Spieth,Total score,70,68.993,-1.007,under,6.84,66,W,-135,-133,0.741,0.752
2026-07-23T02:15:27.589Z,Harbour Town Golf Links,RBC Heritage 2023,RBC Heritage,2023,4,P. Cantlay,Patrick Cantlay,Total score,69.5,67.914,-1.586,under,16.24,68,W,-125,-108,0.800,0.926
2026-07-23T02:15:27.589Z,Harbour Town Golf Links,RBC Heritage 2023,RBC Heritage,2023,1,J. Thomas,Justin Thomas,Total score,70,70.456,0.456,under,-8.97,69,W,-110,101,0.909,1.010
2026-07-23T02:15:27.589Z,Harbour Town Golf Links,RBC Heritage 2023,RBC Heritage,2023,3,S. Scheffler,Scottie Scheffler,Birdies,4.5,4.263,-0.237,over,-5.38,4,L,110,123,-1.000,-1.000
2026-07-23T02:15:27.589Z,Harbour Town Golf Links,RBC Heritage 2023,RBC Heritage,2023,1,X. Schauffele,Xander Schauffele,Birdies,3.5,3.861,0.361,over,-5.29,5,W,-145,-127,0.690,0.787
2026-07-23T02:15:27.589Z,Harbour Town Golf Links,RBC Heritage 2023,RBC Heritage,2023,3,V. Hovland,Viktor Hovland,Total score,69.5,66.334,-3.166,under,32.98,78,L,-120,-107,-1.000,-1.000
2026-07-23T02:15:27.589Z,Harbour Town Golf Links,RBC Heritage 2024,RBC Heritage,2024,2,T. Kim,Tom Kim,Birdies,3.5,3.646,0.146,over,-11.33,7,W,-155,-130,0.645,0.769
2026-07-23T02:15:27.589Z,Harbour Town Golf Links,RBC Heritage 2024,RBC Heritage,2024,2,J. Spieth,Jordan Spieth,Birdies,4,3.781,-0.219,over,-26.34,5,W,-145,-125,0.690,0.800
2026-07-23T02:15:27.589Z,Harbour Town Golf Links,RBC Heritage 2024,RBC Heritage,2024,2,J. Spieth,Jordan Spieth,Birdies,4.5,3.781,-0.719,over,-14.77,5,W,110,114,1.100,1.140
2026-07-23T02:15:27.589Z,Harbour Town Golf Links,RBC Heritage 2024,RBC Heritage,2024,2,J. Spieth,Jordan Spieth,Birdies,4.5,3.781,-0.719,under,7.97,5,L,-145,-120,-1.000,-1.000
2026-07-23T02:15:27.589Z,Harbour Town Golf Links,RBC Heritage 2024,RBC Heritage,2024,2,S. Scheffler,Scottie Scheffler,Birdies,5,4.601,-0.399,over,-17.34,6,W,105,-104,1.050,0.962
2026-07-23T02:15:27.589Z,Harbour Town Golf Links,RBC Heritage 2024,RBC Heritage,2024,2,S. Scheffler,Scottie Scheffler,Birdies,5,4.601,-0.399,under,11.11,6,L,-135,104,-1.000,-1.000
2026-07-23T02:15:27.589Z,Harbour Town Golf Links,RBC Heritage 2024,RBC Heritage,2024,2,S. Power,Seamus Power,Birdies,3.5,3.936,0.436,over,-0.16,3,L,-125,-114,-1.000,-1.000
2026-07-23T02:15:27.589Z,Harbour Town Golf Links,RBC Heritage 2024,RBC Heritage,2024,3,H. English,Harris English,Birdies,5,3.720,-1.280,under,25.28,6,L,-135,-115,-1.000,-1.000
2026-07-23T02:15:27.589Z,Harbour Town Golf Links,RBC Heritage 2024,RBC Heritage,2024,3,R. Fowler,Rickie Fowler,Birdies,4.5,3.497,-1.003,under,21.38,5,L,-105,110,-1.000,-1.000
2026-07-23T02:15:27.589Z,Harbour Town Golf Links,RBC Heritage 2024,RBC Heritage,2024,2,S. Theegala,Sahith Theegala,Birdies,4.5,4.028,-0.472,over,-16.88,5,W,-120,-124,0.833,0.806
2026-07-23T02:15:27.589Z,Harbour Town Golf Links,RBC Heritage 2024,RBC Heritage,2024,2,S. Theegala,Sahith Theegala,Birdies,4.5,4.028,-0.472,under,11.12,5,L,-105,127,-1.000,-1.000
2026-07-23T02:15:27.589Z,Harbour Town Golf Links,RBC Heritage 2024,RBC Heritage,2024,2,W. Clark,Wyndham Clark,Birdies,4.5,3.774,-0.726,over,-18.51,4,L,-105,-115,-1.000,-1.000
2026-07-23T02:15:27.589Z,Harbour Town Golf Links,RBC Heritage 2024,RBC Heritage,2024,2,W. Clark,Wyndham Clark,Birdies,4.5,3.774,-0.726,under,12.74,4,W,-120,112,0.833,1.120
2026-07-23T02:15:27.589Z,Harbour Town Golf Links,RBC Heritage 2024,RBC Heritage,2024,2,C. Morikawa,Collin Morikawa,Birdies,4.5,4.370,-0.130,over,-8.08,5,W,-110,-101,0.909,0.990
2026-07-23T02:15:27.589Z,Harbour Town Golf Links,RBC Heritage 2024,RBC Heritage,2024,2,C. Morikawa,Collin Morikawa,Birdies,4.5,4.370,-0.130,under,3.31,5,L,-110,101,-1.000,-1.000
2026-07-23T02:15:27.589Z,Harbour Town Golf Links,RBC Heritage 2024,RBC Heritage,2024,2,X. Schauffele,Xander Schauffele,Birdies,4.5,4.390,-0.110,over,-7.69,5,W,-110,-101,0.909,0.990
2026-07-23T02:15:27.589Z,Harbour Town Golf Links,RBC Heritage 2025,RBC Heritage,2025,3,B. Harman,Brian Harman,Birdies,3.5,4.034,0.534,over,-6.97,6,W,-180,-150,0.556,0.667
2026-07-23T02:15:27.589Z,Harbour Town Golf Links,RBC Heritage 2025,RBC Heritage,2025,3,B. Harman,Brian Harman,Birdies,3.5,4.034,0.534,under,-2.77,6,L,120,150,-1.000,-1.000
2026-07-23T02:15:27.589Z,Harbour Town Golf Links,RBC Heritage 2025,RBC Heritage,2025,3,J.T. Poston,J.T. Poston,Birdies,3.5,4.325,0.825,over,-1.55,3,L,-180,-150,-1.000,-1.000
2026-07-23T02:15:27.589Z,Harbour Town Golf Links,RBC Heritage 2025,RBC Heritage,2025,3,J.T. Poston,J.T. Poston,Birdies,3.5,4.325,0.825,under,-8.19,3,W,120,150,1.200,1.500
2026-07-23T02:15:27.589Z,Harbour Town Golf Links,RBC Heritage 2025,RBC Heritage,2025,3,J. Thomas,Justin Thomas,Birdies,4.5,4.484,-0.016,over,1.03,4,L,120,147,-1.000,-1.000
2026-07-23T02:15:27.589Z,Harbour Town Golf Links,RBC Heritage 2025,RBC Heritage,2025,3,J. Thomas,Justin Thomas,Birdies,4.5,4.484,-0.016,under,-10.77,4,W,-180,-147,0.556,0.680
2026-07-23T02:15:27.589Z,Harbour Town Golf Links,RBC Heritage 2025,RBC Heritage,2025,2,S. Scheffler,Scottie Scheffler,Birdies,4.5,4.845,0.345,over,-9.07,3,L,-165,-135,-1.000,-1.000
2026-07-23T02:15:27.589Z,Harbour Town Golf Links,RBC Heritage 2025,RBC Heritage,2025,2,S. Scheffler,Scottie Scheffler,Birdies,4.5,4.845,0.345,under,-0.81,3,W,110,135,1.100,1.350
2026-07-23T02:15:27.589Z,Harbour Town Golf Links,RBC Heritage 2025,RBC Heritage,2025,2,S. Scheffler,Scottie Scheffler,Birdies,5.5,4.845,-0.655,over,-9.77,3,L,120,147,-1.000,-1.000
2026-07-23T02:15:27.589Z,Harbour Town Golf Links,RBC Heritage 2025,RBC Heritage,2025,2,S. Scheffler,Scottie Scheffler,Birdies,5.5,4.845,-0.655,under,0.03,3,W,-180,-147,0.556,0.680
2026-07-23T02:15:27.589Z,Harbour Town Golf Links,RBC Heritage 2025,RBC Heritage,2025,2,V. Hovland,Viktor Hovland,Birdies,4.5,4.362,-0.138,over,-0.29,4,L,125,125,-1.000,-1.000
2026-07-23T02:15:27.589Z,Harbour Town Golf Links,RBC Heritage 2025,RBC Heritage,2025,2,V. Hovland,Viktor Hovland,Birdies,4.5,4.362,-0.138,under,-9.67,4,W,-190,-125,0.526,0.800
2026-07-23T02:15:27.589Z,Harbour Town Golf Links,RBC Heritage 2025,RBC Heritage,2025,2,W. Clark,Wyndham Clark,Birdies,4.5,4.345,-0.155,over,-11.73,4,L,-125,-100,-1.000,-1.000
2026-07-23T02:15:27.589Z,Harbour Town Golf Links,RBC Heritage 2025,RBC Heritage,2025,2,W. Zalatoris,Will Zalatoris,Birdies,4.5,4.134,-0.366,over,-11.49,4,L,-105,116,-1.000,-1.000
2026-07-23T02:15:27.589Z,Harbour Town Golf Links,RBC Heritage 2025,RBC Heritage,2025,1,L. Aberg,Ludvig Aberg,Birdies,4.5,4.548,0.048,over,-1.08,3,L,105,121,-1.000,-1.000
2026-07-23T02:15:27.589Z,Harbour Town Golf Links,RBC Heritage 2025,RBC Heritage,2025,1,X. Schauffele,Xander Schauffele,Birdies,4.5,4.256,-0.244,over,-6.68,3,L,105,121,-1.000,-1.000
2026-07-23T02:15:27.589Z,Harbour Town Golf Links,RBC Heritage 2025,RBC Heritage,2025,1,X. Schauffele,Xander Schauffele,Birdies,4.5,4.256,-0.244,under,-2.89,3,W,-155,-121,0.645,0.826
2026-07-23T02:15:27.589Z,Harbour Town Golf Links,RBC Heritage 2025,RBC Heritage,2025,2,L. Aberg,Ludvig Aberg,Birdies,4.5,4.412,-0.088,over,-9.43,3,L,-120,105,-1.000,-1.000
2026-07-23T02:15:27.589Z,Harbour Town Golf Links,RBC Heritage 2025,RBC Heritage,2025,2,L. Aberg,Ludvig Aberg,Birdies,4.5,4.412,-0.088,under,-0.67,3,W,-125,-105,0.800,0.952
2026-07-23T02:15:27.589Z,Harbour Town Golf Links,RBC Heritage 2025,RBC Heritage,2025,2,X. Schauffele,Xander Schauffele,Birdies,4.5,4.228,-0.272,over,-10.82,4,L,-110,110,-1.000,-1.000
2026-07-23T02:15:27.589Z,Harbour Town Golf Links,RBC Heritage 2025,RBC Heritage,2025,2,X. Schauffele,Xander Schauffele,Birdies,4.5,4.228,-0.272,under,0.99,4,W,-135,-110,0.741,0.909
2026-07-23T02:15:27.589Z,Detroit Golf Club,Rocket Mortgage Classic 2025,Rocket Mortgage Classic,2025,4,C. Morikawa,Collin Morikawa,Birdies,4.5,4.923,0.423,over,-4.59,6,W,-145,-132,0.690,0.758
2026-07-23T02:15:27.589Z,Detroit Golf Club,Rocket Mortgage Classic 2025,Rocket Mortgage Classic,2025,4,C. Morikawa,Collin Morikawa,Birdies,4.5,4.923,0.423,under,-4.59,6,L,100,120,-1.000,-1.000
2026-07-23T02:15:27.589Z,Detroit Golf Club,Rocket Mortgage Classic 2025,Rocket Mortgage Classic,2025,4,H. Hall,Harry Hall,Birdies,4.5,4.575,0.075,over,-6.34,4,L,-120,-108,-1.000,-1.000
2026-07-23T02:15:27.589Z,Detroit Golf Club,Rocket Mortgage Classic 2025,Rocket Mortgage Classic,2025,4,H. Hall,Harry Hall,Birdies,4.5,4.575,0.075,under,-2.75,4,W,-120,105,0.833,1.050
2026-07-23T02:15:27.589Z,Detroit Golf Club,Rocket Mortgage Classic 2025,Rocket Mortgage Classic,2025,3,B. Griffin,Ben Griffin,Birdies,5.5,4.481,-1.019,over,-19.40,3,L,105,117,-1.000,-1.000
2026-07-23T02:15:27.589Z,Detroit Golf Club,Rocket Mortgage Classic 2025,Rocket Mortgage Classic,2025,3,B. Griffin,Ben Griffin,Birdies,5.5,4.481,-1.019,under,9.83,3,W,-155,-135,0.645,0.741
2026-07-23T02:15:27.589Z,Detroit Golf Club,Rocket Mortgage Classic 2025,Rocket Mortgage Classic,2025,3,H. Matsuyama,Hideki Matsuyama,Birdies,5.5,4.738,-0.762,over,-14.96,4,L,105,150,-1.000,-1.000
2026-07-23T02:15:27.589Z,Detroit Golf Club,Rocket Mortgage Classic 2025,Rocket Mortgage Classic,2025,3,H. Matsuyama,Hideki Matsuyama,Birdies,5.5,4.738,-0.762,under,5.40,4,W,-155,-130,0.645,0.769
2026-07-23T02:15:27.589Z,Detroit Golf Club,Rocket Mortgage Classic 2025,Rocket Mortgage Classic,2025,2,M. Homa,Max Homa,Birdies,4.5,4.347,-0.153,over,-10.68,3,L,-120,106,-1.000,-1.000
2026-07-23T02:15:27.589Z,Detroit Golf Club,Rocket Mortgage Classic 2025,Rocket Mortgage Classic,2025,3,M. Fitzpatrick,Matt Fitzpatrick,Birdies,4.5,4.222,-0.278,over,-16.00,4,L,-135,-118,-1.000,-1.000
2026-07-23T02:15:27.589Z,Detroit Golf Club,Rocket Mortgage Classic 2025,Rocket Mortgage Classic,2025,3,M. Fitzpatrick,Matt Fitzpatrick,Birdies,4.5,4.222,-0.278,under,7.34,4,W,-105,118,0.952,1.180
2026-07-23T02:15:27.589Z,Detroit Golf Club,Rocket Mortgage Classic 2025,Rocket Mortgage Classic,2025,3,R. Gerard,Ryan Gerard,Birdies,4.5,4.290,-0.210,over,-14.68,5,W,-135,-107,0.741,0.935
2026-07-23T02:15:27.589Z,Detroit Golf Club,Rocket Mortgage Classic 2025,Rocket Mortgage Classic,2025,3,R. Gerard,Ryan Gerard,Birdies,4.5,4.290,-0.210,under,1.68,5,L,-125,-101,-1.000,-1.000
2026-07-23T02:15:27.589Z,Detroit Golf Club,Rocket Mortgage Classic 2025,Rocket Mortgage Classic,2025,4,A. Potgieter,Aldrich Potgieter,Birdies,4.5,5.062,0.562,over,4.65,6,W,-110,-101,0.909,0.990
2026-07-23T02:15:27.589Z,Detroit Golf Club,Rocket Mortgage Classic 2025,Rocket Mortgage Classic,2025,4,A. Potgieter,Aldrich Potgieter,Birdies,4.5,5.062,0.562,under,-14.48,6,L,-135,101,-1.000,-1.000
2026-07-23T02:15:27.589Z,Detroit Golf Club,Rocket Mortgage Classic 2025,Rocket Mortgage Classic,2025,4,M. Greyserman,Max Greyserman,Birdies,4.5,5.037,0.537,over,-4.19,5,W,-155,-134,0.645,0.746
2026-07-23T02:15:27.589Z,Detroit Golf Club,Rocket Mortgage Classic 2025,Rocket Mortgage Classic,2025,4,M. Greyserman,Max Greyserman,Birdies,4.5,5.037,0.537,under,-6.60,5,L,100,121,-1.000,-1.000
2026-07-23T02:15:27.589Z,Detroit Golf Club,Rocket Mortgage Classic 2025,Rocket Mortgage Classic,2025,3,A. Potgieter,Aldrich Potgieter,Birdies,4.5,4.629,0.129,over,-8.23,7,W,-135,110,0.741,1.100
2026-07-23T02:15:27.589Z,Detroit Golf Club,Rocket Mortgage Classic 2025,Rocket Mortgage Classic,2025,3,M. Hubbard,Mark Hubbard,Birdies,4.5,4.458,-0.042,over,-11.46,9,W,-135,-100,0.741,1.000
2026-07-23T02:15:27.589Z,TPC Summerlin,Shriners Childrens Open 2023,Shriners Childrens Open,2023,2,J.T. Poston,J.T. Poston,Birdies,5,4.712,-0.288,over,-22.19,6,W,-125,-114,0.800,0.877
2026-07-23T02:15:27.589Z,Waialae Country Club,Sony Open in Hawaii 2024,Sony Open in Hawaii,2024,4,C. Kirk,Chris Kirk,Birdies,4.5,4.246,-0.254,over,-6.87,4,L,105,119,-1.000,-1.000
2026-07-23T02:15:27.589Z,Waialae Country Club,Sony Open in Hawaii 2024,Sony Open in Hawaii,2024,2,C. Kirk,Chris Kirk,Birdies,4,4.515,0.515,over,-7.47,6,W,-120,-106,0.833,0.943
2026-07-23T02:15:27.589Z,Waialae Country Club,Sony Open in Hawaii 2024,Sony Open in Hawaii,2024,2,C. Kirk,Chris Kirk,Birdies,4,4.515,0.515,under,1.71,6,L,-105,106,-1.000,-1.000
2026-07-23T02:15:27.589Z,Waialae Country Club,Sony Open in Hawaii 2024,Sony Open in Hawaii,2024,2,H. Matsuyama,Hideki Matsuyama,Birdies,3.5,3.582,0.082,over,-11.09,5,W,-145,-129,0.690,0.775
2026-07-23T02:15:27.589Z,Waialae Country Club,Sony Open in Hawaii 2024,Sony Open in Hawaii,2024,2,S.W. Kim,S.H. Kim,Birdies,4,3.714,-0.286,over,-16.07,6,W,110,121,1.100,1.210
2026-07-23T02:15:27.589Z,Waialae Country Club,Sony Open in Hawaii 2024,Sony Open in Hawaii,2024,2,J. Rose,Justin Rose,Birdies,4,4.577,0.577,over,0.63,2,L,110,122,-1.000,-1.000
2026-07-23T02:15:27.589Z,Waialae Country Club,Sony Open in Hawaii 2024,Sony Open in Hawaii,2024,4,G. Murray,Grayson Murray,Birdies,4,4.146,0.146,over,-15.59,3,L,-125,-110,-1.000,-1.000
2026-07-23T02:15:27.589Z,Waialae Country Club,Sony Open in Hawaii 2024,Sony Open in Hawaii,2024,4,K. Bradley,Keegan Bradley,Birdies,4.5,4.098,-0.402,over,-13.35,3,L,-110,100,-1.000,-1.000
2026-07-23T02:15:27.589Z,Waialae Country Club,Sony Open in Hawaii 2024,Sony Open in Hawaii,2024,1,E. Cole,Eric Cole,Birdies,4.5,5.013,0.513,over,1.63,4,L,-120,-106,-1.000,-1.000
2026-07-23T02:15:27.589Z,Waialae Country Club,Sony Open in Hawaii 2024,Sony Open in Hawaii,2024,1,E. Cole,Eric Cole,Birdies,4.5,5.013,0.513,under,-7.40,4,W,-105,106,0.952,1.060
2026-07-23T02:15:27.589Z,Waialae Country Club,Sony Open in Hawaii 2024,Sony Open in Hawaii,2024,1,W. Zalatoris,Will Zalatoris,Birdies,4.5,3.519,-0.981,under,14.74,1,W,-135,-116,0.741,0.862
2026-07-23T02:15:27.589Z,Waialae Country Club,Sony Open in Hawaii 2024,Sony Open in Hawaii,2024,1,S. Theegala,Sahith Theegala,Birdies,4.5,5.080,0.580,over,6.12,2,L,-105,108,-1.000,-1.000
2026-07-23T02:15:27.589Z,TPC Craig Ranch,THE CJ CUP Byron Nelson,THE CJ CUP Byron Nelson,2026,1,Blades Brown,Blades Brown,Total score,68.5,68.535,0.035,over,-2.98,66,L,-115,102,-1.000,-1.000
2026-07-23T02:15:27.589Z,TPC Craig Ranch,THE CJ CUP Byron Nelson,THE CJ CUP Byron Nelson,2026,1,Blades Brown,Blades Brown,Total score,68.5,68.535,0.035,under,-5.06,66,W,-120,-102,0.833,0.980
2026-07-23T02:15:27.589Z,TPC Craig Ranch,THE CJ CUP Byron Nelson,THE CJ CUP Byron Nelson,2026,1,Brooks Koepka,Brooks Koepka,Total score,67.5,69.116,1.616,under,-20.94,63,W,105,115,1.050,1.150
2026-07-23T02:15:27.589Z,TPC Craig Ranch,THE CJ CUP Byron Nelson,THE CJ CUP Byron Nelson,2026,1,Brooks Koepka,Brooks Koepka,Total score,68.5,69.116,0.616,under,-17.19,63,W,-140,-115,0.714,0.870
2026-07-23T02:15:27.589Z,TPC Craig Ranch,THE CJ CUP Byron Nelson,THE CJ CUP Byron Nelson,2026,1,Christiaan Bezuidenhout,Christiaan Bezuidenhout,Total score,68.5,65.984,-2.516,under,26.43,68,W,-125,-102,0.800,0.980
2026-07-23T02:15:27.589Z,TPC Craig Ranch,THE CJ CUP Byron Nelson,THE CJ CUP Byron Nelson,2026,1,Doug Ghim,Doug Ghim,Total score,68.5,67.828,-0.672,under,6.17,65,W,-115,103,0.870,1.030
2026-07-23T02:15:27.589Z,TPC Craig Ranch,THE CJ CUP Byron Nelson,THE CJ CUP Byron Nelson,2026,1,Eric Cole,Eric Cole,Total score,68.5,66.326,-2.174,under,25.05,68,W,-115,-106,0.870,0.943
2026-07-23T02:15:27.589Z,TPC Craig Ranch,THE CJ CUP Byron Nelson,THE CJ CUP Byron Nelson,2026,1,Haotong Li,Haotong Li,Total score,68.5,68.983,0.483,under,-12.52,68,W,-125,-101,0.800,0.990
2026-07-23T02:15:27.589Z,TPC Craig Ranch,THE CJ CUP Byron Nelson,THE CJ CUP Byron Nelson,2026,1,Jhonattan Vegas,Jhonattan Vegas,Total score,68.5,66.958,-1.542,under,22.47,74,L,105,123,-1.000,-1.000
2026-07-23T02:15:27.589Z,TPC Craig Ranch,THE CJ CUP Byron Nelson,THE CJ CUP Byron Nelson,2026,1,Jordan Spieth,Jordan Spieth,Total score,68.5,66.759,-1.741,over,-21.29,68,L,110,131,-1.000,-1.000
2026-07-23T02:15:27.589Z,TPC Craig Ranch,THE CJ CUP Byron Nelson,THE CJ CUP Byron Nelson,2026,1,Jordan Spieth,Jordan Spieth,Total score,67.5,66.759,-0.741,under,10.62,68,L,100,108,-1.000,-1.000
2026-07-23T02:15:27.589Z,TPC Craig Ranch,THE CJ CUP Byron Nelson,THE CJ CUP Byron Nelson,2026,1,Mac Meissner,Mac Meissner,Total score,68.5,70.243,1.743,under,-32.03,68,W,-140,-113,0.714,0.885
2026-07-23T02:15:27.589Z,TPC Craig Ranch,THE CJ CUP Byron Nelson,THE CJ CUP Byron Nelson,2026,1,Max Greyserman,Max Greyserman,Total score,68.5,68.667,0.167,over,-1.07,71,W,-115,104,0.870,1.040
2026-07-23T02:15:27.589Z,TPC Craig Ranch,THE CJ CUP Byron Nelson,THE CJ CUP Byron Nelson,2026,1,Max Greyserman,Max Greyserman,Total score,68.5,68.667,0.167,under,-7.98,71,L,-125,-104,-1.000,-1.000
2026-07-23T02:15:27.589Z,TPC Craig Ranch,THE CJ CUP Byron Nelson,THE CJ CUP Byron Nelson,2026,1,Michael Brennan,Michael Brennan,Total score,68.5,69.666,1.166,under,-21.98,68,W,-125,-119,0.800,0.840
2026-07-23T02:15:27.589Z,TPC Craig Ranch,THE CJ CUP Byron Nelson,THE CJ CUP Byron Nelson,2026,1,Pierceson Coody,Pierceson Coody,Total score,68.5,69.471,0.971,under,-22.14,68,W,-140,-113,0.714,0.885
2026-07-23T02:15:27.589Z,TPC Craig Ranch,THE CJ CUP Byron Nelson,THE CJ CUP Byron Nelson,2026,1,Ryo Hisatsune,Ryo Hisatsune,Total score,68.5,68.069,-0.431,under,-3.77,67,W,-150,-125,0.667,0.800
2026-07-23T02:15:27.589Z,TPC Craig Ranch,THE CJ CUP Byron Nelson,THE CJ CUP Byron Nelson,2026,1,Scottie Scheffler,Scottie Scheffler,Total score,65.5,64.791,-0.709,over,-22.44,66,W,-165,-135,0.606,0.741
2026-07-23T02:15:27.589Z,TPC Craig Ranch,THE CJ CUP Byron Nelson,THE CJ CUP Byron Nelson,2026,1,Scottie Scheffler,Scottie Scheffler,Total score,65.5,64.791,-0.709,under,13.66,66,L,115,135,-1.000,-1.000
2026-07-23T02:15:27.589Z,TPC Craig Ranch,THE CJ CUP Byron Nelson,THE CJ CUP Byron Nelson,2026,1,Scottie Scheffler,Scottie Scheffler,Total score,66.5,64.791,-1.709,over,-23.29,66,L,100,128,-1.000,-1.000
2026-07-23T02:15:27.589Z,TPC Craig Ranch,THE CJ CUP Byron Nelson,THE CJ CUP Byron Nelson,2026,1,Scottie Scheffler,Scottie Scheffler,Total score,66.5,64.791,-1.709,under,17.73,66,W,-125,-135,0.800,0.741
2026-07-23T02:15:27.589Z,TPC Craig Ranch,THE CJ CUP Byron Nelson,THE CJ CUP Byron Nelson,2026,1,Si Woo Kim,Si Woo Kim,Total score,67.5,67.549,0.049,under,-0.71,64,W,100,-115,1.000,0.870
2026-07-23T02:15:27.589Z,TPC Craig Ranch,THE CJ CUP Byron Nelson,THE CJ CUP Byron Nelson,2026,1,Stephan Jaeger,Stephan Jaeger,Total score,68.5,67.440,-1.060,under,12.62,64,W,-110,104,0.909,1.040
2026-07-23T02:15:27.589Z,TPC Craig Ranch,THE CJ CUP Byron Nelson,THE CJ CUP Byron Nelson,2026,1,Sungjae Im,Sungjae Im,Total score,68.5,68.118,-0.382,under,-0.03,68,W,-125,-107,0.800,0.935
2026-07-23T02:15:27.589Z,TPC Craig Ranch,THE CJ CUP Byron Nelson,THE CJ CUP Byron Nelson,2026,1,Taylor Pendrith,Taylor Pendrith,Total score,68.5,66.657,-1.843,under,16.53,67,W,-140,-117,0.714,0.855
2026-07-23T02:15:27.589Z,TPC Craig Ranch,THE CJ CUP Byron Nelson,THE CJ CUP Byron Nelson,2026,1,Thorbjørn Olesen,Thorbjorn Olesen,Total score,68.5,67.856,-0.644,under,6.87,71,L,-110,106,-1.000,-1.000
2026-07-23T02:15:27.589Z,TPC Craig Ranch,THE CJ CUP Byron Nelson,THE CJ CUP Byron Nelson,2026,1,Tom Kim,Tom Kim,Total score,68.5,68.502,0.002,under,-8.36,68,W,-140,-117,0.714,0.855
2026-07-23T02:15:27.589Z,TPC Craig Ranch,THE CJ CUP Byron Nelson,THE CJ CUP Byron Nelson,2026,1,Tony Finau,Tony Finau,Total score,68.5,69.968,1.468,under,-21.55,67,W,-105,111,0.952,1.110
2026-07-23T02:15:27.589Z,TPC Craig Ranch,THE CJ CUP Byron Nelson,THE CJ CUP Byron Nelson,2026,1,Wyndham Clark,Wyndham Clark,Total score,68.5,68.087,-0.413,under,-2.37,66,W,-140,-124,0.714,0.806
2026-07-23T02:15:27.589Z,TPC Craig Ranch,THE CJ CUP Byron Nelson 2025,THE CJ CUP Byron Nelson,2025,1,J. Spieth,Jordan Spieth,Birdies,5.5,5.248,-0.252,over,-4.87,4,L,110,122,-1.000,-1.000
2026-07-23T02:15:27.589Z,TPC Craig Ranch,THE CJ CUP Byron Nelson 2025,THE CJ CUP Byron Nelson,2025,1,J. Spieth,Jordan Spieth,Birdies,5.5,5.248,-0.252,under,-5.01,4,W,-165,-122,0.606,0.820
2026-07-23T02:15:27.589Z,TPC Craig Ranch,THE CJ CUP Byron Nelson 2025,THE CJ CUP Byron Nelson,2025,1,S. Scheffler,Scottie Scheffler,Birdies,5.5,5.515,0.015,over,-16.27,9,W,-175,-141,0.571,0.709
2026-07-23T02:15:27.589Z,TPC Craig Ranch,THE CJ CUP Byron Nelson 2025,THE CJ CUP Byron Nelson,2025,1,S. Scheffler,Scottie Scheffler,Birdies,5.5,5.515,0.015,under,6.12,9,L,115,141,-1.000,-1.000
2026-07-23T02:15:27.589Z,TPC Craig Ranch,THE CJ CUP Byron Nelson 2025,THE CJ CUP Byron Nelson,2025,1,S. Scheffler,Scottie Scheffler,Birdies,6.5,5.515,-0.985,over,-12.81,9,W,125,143,1.250,1.430
2026-07-23T02:15:27.589Z,TPC Craig Ranch,THE CJ CUP Byron Nelson 2025,THE CJ CUP Byron Nelson,2025,2,M. Kuchar,Matt Kuchar,Birdies,4.5,4.600,0.100,under,-1.06,5,L,-110,109,-1.000,-1.000
2026-07-23T02:15:27.589Z,TPC Sawgrass (THE PLAYERS Stadium Course),THE PLAYERS Championship 2024,THE PLAYERS Championship,2024,1,A. Scott,Adam Scott,Birdies,4.5,3.932,-0.568,under,8.66,4,W,-125,-109,0.800,0.917
2026-07-23T02:15:27.589Z,TPC Sawgrass (THE PLAYERS Stadium Course),THE PLAYERS Championship 2024,THE PLAYERS Championship,2024,1,L. Aberg,Ludvig Aberg,Birdies,4.5,3.964,-0.536,over,-19.14,4,L,-125,-112,-1.000,-1.000
2026-07-23T02:15:27.589Z,TPC Sawgrass (THE PLAYERS Stadium Course),THE PLAYERS Championship 2024,THE PLAYERS Championship,2024,1,L. Aberg,Ludvig Aberg,Birdies,4.5,3.964,-0.536,under,13.59,4,W,100,112,1.000,1.120
2026-07-23T02:15:27.589Z,TPC Sawgrass (THE PLAYERS Stadium Course),THE PLAYERS Championship 2024,THE PLAYERS Championship,2024,1,P. Cantlay,Patrick Cantlay,Birdies,4.5,4.186,-0.314,over,-16.70,4,L,-135,-119,-1.000,-1.000
2026-07-23T02:15:27.589Z,TPC Sawgrass (THE PLAYERS Stadium Course),THE PLAYERS Championship 2024,THE PLAYERS Championship,2024,1,P. Cantlay,Patrick Cantlay,Birdies,4.5,4.186,-0.314,under,10.47,4,W,105,119,1.050,1.190
2026-07-23T02:15:27.589Z,TPC Sawgrass (THE PLAYERS Stadium Course),THE PLAYERS Championship 2024,THE PLAYERS Championship,2024,2,A. Scott,Adam Scott,Birdies,4.5,3.992,-0.508,over,-13.04,4,L,100,111,-1.000,-1.000
2026-07-23T02:15:27.589Z,TPC Sawgrass (THE PLAYERS Stadium Course),THE PLAYERS Championship 2024,THE PLAYERS Championship,2024,2,A. Scott,Adam Scott,Birdies,4.5,3.992,-0.508,under,7.48,4,W,-125,-129,0.800,0.775
2026-07-23T02:15:27.589Z,TPC Sawgrass (THE PLAYERS Stadium Course),THE PLAYERS Championship 2024,THE PLAYERS Championship,2024,2,L. Aberg,Ludvig Aberg,Birdies,4,4.025,0.025,over,-19.84,3,L,-135,-117,-1.000,-1.000
2026-07-23T02:15:27.589Z,TPC Sawgrass (THE PLAYERS Stadium Course),THE PLAYERS Championship 2024,THE PLAYERS Championship,2024,2,L. Aberg,Ludvig Aberg,Birdies,4.5,4.025,-0.475,over,-19.84,3,L,-135,-117,-1.000,-1.000
2026-07-23T02:15:27.589Z,TPC Sawgrass (THE PLAYERS Stadium Course),THE PLAYERS Championship 2024,THE PLAYERS Championship,2024,2,P. Cantlay,Patrick Cantlay,Birdies,4,4.187,0.187,over,-16.68,3,L,-135,-117,-1.000,-1.000
2026-07-23T02:15:27.589Z,TPC Sawgrass (THE PLAYERS Stadium Course),THE PLAYERS Championship 2024,THE PLAYERS Championship,2024,2,P. Cantlay,Patrick Cantlay,Birdies,4.5,4.187,-0.313,over,-16.68,3,L,-135,-117,-1.000,-1.000
2026-07-23T02:15:27.589Z,TPC Sawgrass (THE PLAYERS Stadium Course),THE PLAYERS Championship 2024,THE PLAYERS Championship,2024,2,P. Cantlay,Patrick Cantlay,Birdies,4.5,4.187,-0.313,under,10.46,3,W,105,117,1.050,1.170
2026-07-23T02:15:27.589Z,TPC Sawgrass (THE PLAYERS Stadium Course),THE PLAYERS Championship 2024,THE PLAYERS Championship,2024,3,A. Scott,Adam Scott,Birdies,3.5,4.183,0.683,over,4.59,4,W,-125,-113,0.800,0.885
2026-07-23T02:15:27.589Z,TPC Sawgrass (THE PLAYERS Stadium Course),THE PLAYERS Championship 2024,THE PLAYERS Championship,2024,3,A. Scott,Adam Scott,Birdies,3.5,4.183,0.683,under,-10.14,4,L,100,113,-1.000,-1.000
2026-07-23T02:15:27.589Z,TPC Sawgrass (THE PLAYERS Stadium Course),THE PLAYERS Championship 2024,THE PLAYERS Championship,2024,2,B. Harman,Brian Harman,Birdies,4.5,3.639,-0.861,over,-21.12,9,W,-105,109,0.952,1.090
2026-07-23T02:15:27.589Z,TPC Sawgrass (THE PLAYERS Stadium Course),THE PLAYERS Championship 2024,THE PLAYERS Championship,2024,2,B. Harman,Brian Harman,Birdies,4.5,3.639,-0.861,under,14.34,9,L,-125,-109,-1.000,-1.000
2026-07-23T02:15:27.589Z,TPC Sawgrass (THE PLAYERS Stadium Course),THE PLAYERS Championship 2024,THE PLAYERS Championship,2024,2,C. Morikawa,Collin Morikawa,Birdies,4.5,3.935,-0.565,over,-21.60,5,W,-135,-119,0.741,0.840
2026-07-23T02:15:27.589Z,TPC Sawgrass (THE PLAYERS Stadium Course),THE PLAYERS Championship 2024,THE PLAYERS Championship,2024,2,C. Morikawa,Collin Morikawa,Birdies,4.5,3.935,-0.565,under,15.37,5,L,105,119,-1.000,-1.000
2026-07-23T02:15:27.589Z,TPC Sawgrass (THE PLAYERS Stadium Course),THE PLAYERS Championship 2024,THE PLAYERS Championship,2024,2,W. Clark,Wyndham Clark,Birdies,4.5,4.425,-0.075,over,-10.20,8,W,-125,-112,0.800,0.893
2026-07-23T02:15:27.589Z,TPC Sawgrass (THE PLAYERS Stadium Course),THE PLAYERS Championship 2024,THE PLAYERS Championship,2024,2,W. Clark,Wyndham Clark,Birdies,4.5,4.425,-0.075,under,4.64,8,L,100,112,-1.000,-1.000
2026-07-23T02:15:27.589Z,TPC Sawgrass (THE PLAYERS Stadium Course),THE PLAYERS Championship 2024,THE PLAYERS Championship,2024,4,B. Harman,Brian Harman,Birdies,4.5,4.326,-0.174,over,-3.05,5,W,115,129,1.150,1.290
2026-07-23T02:15:27.589Z,TPC Sawgrass (THE PLAYERS Stadium Course),THE PLAYERS Championship 2024,THE PLAYERS Championship,2024,4,B. Harman,Brian Harman,Birdies,4.5,4.326,-0.174,under,-2.64,5,L,-145,-129,-1.000,-1.000
2026-07-23T02:15:27.589Z,TPC Sawgrass (THE PLAYERS Stadium Course),THE PLAYERS Championship 2024,THE PLAYERS Championship,2024,4,M. McNealy,Maverick McNealy,Birdies,4,3.888,-0.112,over,-15.07,1,L,100,113,-1.000,-1.000
2026-07-23T02:15:27.589Z,TPC Sawgrass (THE PLAYERS Stadium Course),THE PLAYERS Championship 2024,THE PLAYERS Championship,2024,4,M. McNealy,Maverick McNealy,Birdies,4,3.888,-0.112,under,9.52,1,W,-125,-113,0.800,0.885
2026-07-23T02:15:27.589Z,TPC Sawgrass (THE PLAYERS Stadium Course),THE PLAYERS Championship 2024,THE PLAYERS Championship,2024,3,B. Harman,Brian Harman,Birdies,3.5,3.963,0.463,over,0.37,9,W,-125,-111,0.800,0.901
2026-07-23T02:15:27.589Z,TPC Sawgrass (THE PLAYERS Stadium Course),THE PLAYERS Championship 2024,THE PLAYERS Championship,2024,3,B. Harman,Brian Harman,Birdies,3.5,3.963,0.463,under,-5.93,9,L,100,111,-1.000,-1.000
2026-07-23T02:15:27.589Z,TPC Sawgrass (THE PLAYERS Stadium Course),THE PLAYERS Championship 2024,THE PLAYERS Championship,2024,3,S. Theegala,Sahith Theegala,Birdies,3.5,4.311,0.811,over,5.04,5,W,-135,-116,0.741,0.862
2026-07-23T02:15:27.589Z,TPC Sawgrass (THE PLAYERS Stadium Course),THE PLAYERS Championship 2024,THE PLAYERS Championship,2024,3,S. Theegala,Sahith Theegala,Birdies,3.5,4.311,0.811,under,-12.48,5,L,100,116,-1.000,-1.000
2026-07-23T02:15:27.589Z,TPC Sawgrass (THE PLAYERS Stadium Course),THE PLAYERS Championship 2024,THE PLAYERS Championship,2024,1,H. Matsuyama,Hideki Matsuyama,Birdies,4.5,4.186,-0.314,over,-14.81,5,W,-125,-109,0.800,0.917
2026-07-23T02:15:27.589Z,TPC Sawgrass (THE PLAYERS Stadium Course),THE PLAYERS Championship 2024,THE PLAYERS Championship,2024,1,H. Matsuyama,Hideki Matsuyama,Birdies,4.5,4.186,-0.314,under,8.04,5,L,-105,109,-1.000,-1.000
2026-07-23T02:15:27.589Z,TPC Sawgrass (THE PLAYERS Stadium Course),THE PLAYERS Championship 2024,THE PLAYERS Championship,2024,1,M. Fitzpatrick,Matt Fitzpatrick,Birdies,4.5,3.760,-0.740,over,-18.78,7,W,-105,109,0.952,1.090
2026-07-23T02:15:27.589Z,TPC Sawgrass (THE PLAYERS Stadium Course),THE PLAYERS Championship 2024,THE PLAYERS Championship,2024,1,M. Fitzpatrick,Matt Fitzpatrick,Birdies,4.5,3.760,-0.740,under,12.01,7,L,-125,-109,-1.000,-1.000
2026-07-23T02:15:27.589Z,TPC Sawgrass (THE PLAYERS Stadium Course),THE PLAYERS Championship 2024,THE PLAYERS Championship,2024,1,M. Homa,Max Homa,Birdies,4.5,3.778,-0.722,over,-26.40,7,W,-145,-123,0.690,0.813
2026-07-23T02:15:27.589Z,TPC Sawgrass (THE PLAYERS Stadium Course),THE PLAYERS Championship 2024,THE PLAYERS Championship,2024,1,M. Homa,Max Homa,Birdies,4.5,3.778,-0.722,under,19.59,7,L,110,123,-1.000,-1.000
2026-07-23T02:15:27.589Z,TPC Sawgrass (THE PLAYERS Stadium Course),THE PLAYERS Championship 2024,THE PLAYERS Championship,2024,2,H. Matsuyama,Hideki Matsuyama,Birdies,4.5,4.255,-0.245,over,-12.46,5,W,-120,-107,0.833,0.935
2026-07-23T02:15:27.589Z,TPC Sawgrass (THE PLAYERS Stadium Course),THE PLAYERS Championship 2024,THE PLAYERS Championship,2024,2,H. Matsuyama,Hideki Matsuyama,Birdies,4.5,4.255,-0.245,under,6.70,5,L,-105,107,-1.000,-1.000
2026-07-23T02:15:27.589Z,TPC Sawgrass (THE PLAYERS Stadium Course),THE PLAYERS Championship 2024,THE PLAYERS Championship,2024,2,M. Fitzpatrick,Matt Fitzpatrick,Birdies,4.5,3.970,-0.530,over,-15.85,6,W,-110,101,0.909,1.010
2026-07-23T02:15:27.589Z,TPC Sawgrass (THE PLAYERS Stadium Course),THE PLAYERS Championship 2024,THE PLAYERS Championship,2024,2,M. Fitzpatrick,Matt Fitzpatrick,Birdies,4.5,3.970,-0.530,under,11.09,6,L,-110,-101,-1.000,-1.000
2026-07-23T02:15:27.589Z,TPC Sawgrass (THE PLAYERS Stadium Course),THE PLAYERS Championship 2024,THE PLAYERS Championship,2024,2,M. Homa,Max Homa,Birdies,4.5,4.025,-0.475,over,-19.84,4,L,-135,-117,-1.000,-1.000
2026-07-23T02:15:27.589Z,TPC Sawgrass (THE PLAYERS Stadium Course),THE PLAYERS Championship 2024,THE PLAYERS Championship,2024,2,M. Homa,Max Homa,Birdies,4.5,4.025,-0.475,under,13.61,4,W,105,117,1.050,1.170
2026-07-23T02:15:27.589Z,TPC Sawgrass (THE PLAYERS Stadium Course),THE PLAYERS Championship 2024,THE PLAYERS Championship,2024,4,M. Fitzpatrick,Matt Fitzpatrick,Birdies,4,4.606,0.606,over,-3.59,7,W,-110,103,0.909,1.030
2026-07-23T02:15:27.589Z,TPC Sawgrass (THE PLAYERS Stadium Course),THE PLAYERS Championship 2024,THE PLAYERS Championship,2024,4,M. Fitzpatrick,Matt Fitzpatrick,Birdies,4,4.606,0.606,under,-3.33,7,L,-120,-103,-1.000,-1.000
2026-07-23T02:15:27.589Z,TPC Sawgrass (THE PLAYERS Stadium Course),THE PLAYERS Championship 2024,THE PLAYERS Championship,2024,4,S. Theegala,Sahith Theegala,Birdies,4,4.328,0.328,over,-11.05,3,L,-120,-102,-1.000,-1.000
2026-07-23T02:15:27.589Z,TPC Sawgrass (THE PLAYERS Stadium Course),THE PLAYERS Championship 2024,THE PLAYERS Championship,2024,4,S. Theegala,Sahith Theegala,Birdies,4,4.328,0.328,under,4.12,3,W,-110,102,0.909,1.020
2026-07-23T02:15:27.589Z,TPC Sawgrass (THE PLAYERS Stadium Course),THE PLAYERS Championship 2024,THE PLAYERS Championship,2024,4,P. Cantlay,Patrick Cantlay,Birdies,4,3.917,-0.083,over,-20.06,1,L,-125,-108,-1.000,-1.000
2026-07-23T02:15:27.589Z,TPC Sawgrass (THE PLAYERS Stadium Course),THE PLAYERS Championship 2024,THE PLAYERS Championship,2024,3,P. Cantlay,Patrick Cantlay,Birdies,3.5,4.294,0.794,over,6.62,3,L,-125,-111,-1.000,-1.000
2026-07-23T02:15:27.589Z,TPC Sawgrass (THE PLAYERS Stadium Course),THE PLAYERS Championship 2024,THE PLAYERS Championship,2024,3,P. Cantlay,Patrick Cantlay,Birdies,3.5,4.294,0.794,under,-12.18,3,W,100,111,1.000,1.110
2026-07-23T02:15:27.589Z,TPC Sawgrass (THE PLAYERS Stadium Course),THE PLAYERS Championship 2024,THE PLAYERS Championship,2024,3,V. Hovland,Viktor Hovland,Birdies,3.5,4.371,0.871,over,6.10,4,W,-135,-131,0.741,0.763
2026-07-23T02:15:27.589Z,TPC Sawgrass (THE PLAYERS Stadium Course),THE PLAYERS Championship 2024,THE PLAYERS Championship,2024,1,J. Thomas,Justin Thomas,Birdies,5,4.510,-0.490,over,-29.31,7,W,-145,-123,0.690,0.813
2026-07-23T02:15:27.589Z,TPC Sawgrass (THE PLAYERS Stadium Course),THE PLAYERS Championship 2024,THE PLAYERS Championship,2024,1,J. Thomas,Justin Thomas,Birdies,5,4.510,-0.490,under,22.50,7,L,110,123,-1.000,-1.000
2026-07-23T02:15:27.589Z,TPC Sawgrass (THE PLAYERS Stadium Course),THE PLAYERS Championship 2024,THE PLAYERS Championship,2024,1,R. Fowler,Rickie Fowler,Birdies,4.5,3.914,-0.586,over,-20.12,2,L,-125,-113,-1.000,-1.000
2026-07-23T02:15:27.589Z,TPC Sawgrass (THE PLAYERS Stadium Course),THE PLAYERS Championship 2024,THE PLAYERS Championship,2024,1,R. Fowler,Rickie Fowler,Birdies,4.5,3.914,-0.586,under,14.56,2,W,100,113,1.000,1.130
2026-07-23T02:15:27.589Z,TPC Sawgrass (THE PLAYERS Stadium Course),THE PLAYERS Championship 2024,THE PLAYERS Championship,2024,1,S. Scheffler,Scottie Scheffler,Birdies,5.5,4.648,-0.852,over,-23.30,6,W,-125,-111,0.800,0.901
2026-07-23T02:15:27.589Z,TPC Sawgrass (THE PLAYERS Stadium Course),THE PLAYERS Championship 2024,THE PLAYERS Championship,2024,1,S. Scheffler,Scottie Scheffler,Birdies,5.5,4.648,-0.852,under,17.75,6,L,100,111,-1.000,-1.000
2026-07-23T02:15:27.589Z,TPC Sawgrass (THE PLAYERS Stadium Course),THE PLAYERS Championship 2024,THE PLAYERS Championship,2024,2,J. Thomas,Justin Thomas,Birdies,5,4.566,-0.434,under,21.54,2,W,110,122,1.100,1.220
2026-07-23T02:15:27.589Z,TPC Sawgrass (THE PLAYERS Stadium Course),THE PLAYERS Championship 2024,THE PLAYERS Championship,2024,2,R. Fowler,Rickie Fowler,Birdies,4.5,3.929,-0.571,over,-15.49,5,W,-105,108,0.952,1.080
2026-07-23T02:15:27.589Z,TPC Sawgrass (THE PLAYERS Stadium Course),THE PLAYERS Championship 2024,THE PLAYERS Championship,2024,2,R. Fowler,Rickie Fowler,Birdies,4.5,3.929,-0.571,under,8.71,5,L,-125,-108,-1.000,-1.000
2026-07-23T02:15:27.589Z,TPC Sawgrass (THE PLAYERS Stadium Course),THE PLAYERS Championship 2024,THE PLAYERS Championship,2024,2,S. Scheffler,Scottie Scheffler,Birdies,6,4.722,-1.278,over,-27.78,5,L,110,126,-1.000,-1.000
2026-07-23T02:15:27.589Z,TPC Sawgrass (THE PLAYERS Stadium Course),THE PLAYERS Championship 2024,THE PLAYERS Championship,2024,2,S. Scheffler,Scottie Scheffler,Birdies,6,4.722,-1.278,under,20.98,5,W,-145,-126,0.690,0.794
2026-07-23T02:15:27.589Z,TPC Sawgrass (THE PLAYERS Stadium Course),THE PLAYERS Championship 2024,THE PLAYERS Championship,2024,1,J. Spieth,Jordan Spieth,Birdies,5,4.023,-0.977,over,-32.70,4,L,-120,-103,-1.000,-1.000
2026-07-23T02:15:27.589Z,TPC Sawgrass (THE PLAYERS Stadium Course),THE PLAYERS Championship 2024,THE PLAYERS Championship,2024,1,J. Spieth,Jordan Spieth,Birdies,5,4.023,-0.977,under,25.77,4,W,-110,103,0.909,1.030
2026-07-23T02:15:27.589Z,TPC Sawgrass (THE PLAYERS Stadium Course),THE PLAYERS Championship 2024,THE PLAYERS Championship,2024,1,V. Hovland,Viktor Hovland,Birdies,5,4.225,-0.775,over,-30.46,3,L,-125,-111,-1.000,-1.000
2026-07-23T02:15:27.589Z,TPC Sawgrass (THE PLAYERS Stadium Course),THE PLAYERS Championship 2024,THE PLAYERS Championship,2024,1,V. Hovland,Viktor Hovland,Birdies,5,4.225,-0.775,under,24.91,3,W,100,111,1.000,1.110
2026-07-23T02:15:27.589Z,TPC Sawgrass (THE PLAYERS Stadium Course),THE PLAYERS Championship 2024,THE PLAYERS Championship,2024,3,S. Straka,Sepp Straka,Birdies,3.5,3.904,0.404,over,4.76,5,W,100,113,1.000,1.130
2026-07-23T02:15:27.589Z,TPC Sawgrass (THE PLAYERS Stadium Course),THE PLAYERS Championship 2024,THE PLAYERS Championship,2024,3,S. Straka,Sepp Straka,Birdies,3.5,3.904,0.404,under,-10.31,5,L,-125,-113,-1.000,-1.000
2026-07-23T02:15:27.589Z,TPC Sawgrass (THE PLAYERS Stadium Course),THE PLAYERS Championship 2024,THE PLAYERS Championship,2024,3,C. Conners,Corey Conners,Birdies,3.5,3.975,0.475,over,7.38,3,L,105,102,-1.000,-1.000
2026-07-23T02:15:27.589Z,TPC Sawgrass (THE PLAYERS Stadium Course),THE PLAYERS Championship 2024,THE PLAYERS Championship,2024,3,C. Conners,Corey Conners,Birdies,3.5,3.975,0.475,under,-13.61,3,W,-135,-102,0.741,0.980
2026-07-23T02:15:27.589Z,TPC Sawgrass (THE PLAYERS Stadium Course),THE PLAYERS Championship 2024,THE PLAYERS Championship,2024,3,S. Scheffler,Scottie Scheffler,Birdies,4,4.870,0.870,over,2.42,5,W,-105,-105,0.952,0.952
2026-07-23T02:15:27.589Z,TPC Sawgrass (THE PLAYERS Stadium Course),THE PLAYERS Championship 2024,THE PLAYERS Championship,2024,3,S. Scheffler,Scottie Scheffler,Birdies,4,4.870,0.870,under,-8.19,5,L,-120,-107,-1.000,-1.000
2026-07-23T02:15:27.589Z,TPC Sawgrass (THE PLAYERS Stadium Course),THE PLAYERS Championship 2024,THE PLAYERS Championship,2024,1,S. Lowry,Shane Lowry,Birdies,4.5,4.212,-0.288,over,-14.31,4,L,-125,-109,-1.000,-1.000
2026-07-23T02:15:27.589Z,TPC Sawgrass (THE PLAYERS Stadium Course),THE PLAYERS Championship 2024,THE PLAYERS Championship,2024,1,S. Lowry,Shane Lowry,Birdies,4.5,4.212,-0.288,under,7.53,4,W,-105,109,0.952,1.090
2026-07-23T02:15:27.589Z,TPC Sawgrass (THE PLAYERS Stadium Course),THE PLAYERS Championship 2024,THE PLAYERS Championship,2024,1,T. Finau,Tony Finau,Birdies,4.5,4.035,-0.465,over,-14.58,5,W,-110,103,0.909,1.030
2026-07-23T02:15:27.589Z,TPC Sawgrass (THE PLAYERS Stadium Course),THE PLAYERS Championship 2024,THE PLAYERS Championship,2024,1,T. Finau,Tony Finau,Birdies,4.5,4.035,-0.465,under,7.65,5,L,-120,-103,-1.000,-1.000
2026-07-23T02:15:27.589Z,TPC Sawgrass (THE PLAYERS Stadium Course),THE PLAYERS Championship 2024,THE PLAYERS Championship,2024,1,W. Zalatoris,Will Zalatoris,Birdies,4.5,3.798,-0.702,over,-24.27,2,L,-135,-116,-1.000,-1.000
2026-07-23T02:15:27.589Z,TPC Sawgrass (THE PLAYERS Stadium Course),THE PLAYERS Championship 2024,THE PLAYERS Championship,2024,1,W. Zalatoris,Will Zalatoris,Birdies,4.5,3.798,-0.702,under,18.04,2,W,105,116,1.050,1.160
2026-07-23T02:15:27.589Z,TPC Sawgrass (THE PLAYERS Stadium Course),THE PLAYERS Championship 2024,THE PLAYERS Championship,2024,1,S. Burns,Sam Burns,Birdies,4.5,4.045,-0.455,over,-16.55,3,L,-120,-102,-1.000,-1.000
2026-07-23T02:15:27.589Z,TPC Sawgrass (THE PLAYERS Stadium Course),THE PLAYERS Championship 2024,THE PLAYERS Championship,2024,1,X. Schauffele,Xander Schauffele,Birdies,4.5,4.068,-0.432,over,-19.00,7,W,-135,-121,0.741,0.826
2026-07-23T02:15:27.589Z,TPC Sawgrass (THE PLAYERS Stadium Course),THE PLAYERS Championship 2024,THE PLAYERS Championship,2024,2,S. Burns,Sam Burns,Birdies,4.5,4.040,-0.460,over,-14.48,5,W,-110,100,0.909,1.000
2026-07-23T02:15:27.589Z,TPC Sawgrass (THE PLAYERS Stadium Course),THE PLAYERS Championship 2024,THE PLAYERS Championship,2024,2,S. Burns,Sam Burns,Birdies,4.5,4.040,-0.460,under,9.72,5,L,-110,-100,-1.000,-1.000
2026-07-23T02:15:27.589Z,TPC Sawgrass (THE PLAYERS Stadium Course),THE PLAYERS Championship 2024,THE PLAYERS Championship,2024,2,T. Fleetwood,Tommy Fleetwood,Birdies,4.5,4.181,-0.319,over,-11.73,4,L,-110,103,-1.000,-1.000
2026-07-23T02:15:27.589Z,TPC Sawgrass (THE PLAYERS Stadium Course),THE PLAYERS Championship 2024,THE PLAYERS Championship,2024,2,T. Fleetwood,Tommy Fleetwood,Birdies,4.5,4.181,-0.319,under,4.81,4,W,-120,-126,0.833,0.794
2026-07-23T02:15:27.589Z,TPC Sawgrass (THE PLAYERS Stadium Course),THE PLAYERS Championship 2024,THE PLAYERS Championship,2024,2,X. Schauffele,Xander Schauffele,Birdies,4.5,4.240,-0.260,over,-17.39,4,L,-145,-127,-1.000,-1.000
2026-07-23T02:15:27.589Z,TPC Sawgrass (THE PLAYERS Stadium Course),THE PLAYERS Championship 2024,THE PLAYERS Championship,2024,2,X. Schauffele,Xander Schauffele,Birdies,4.5,4.240,-0.260,under,10.59,4,W,110,127,1.100,1.270
2026-07-23T02:15:27.589Z,TPC Sawgrass (THE PLAYERS Stadium Course),THE PLAYERS Championship 2024,THE PLAYERS Championship,2024,3,W. Clark,Wyndham Clark,Birdies,3.5,4.723,1.223,over,14.85,4,W,-120,-124,0.833,0.806
2026-07-23T02:15:27.589Z,TPC Sawgrass (THE PLAYERS Stadium Course),THE PLAYERS Championship 2024,THE PLAYERS Championship,2024,3,W. Clark,Wyndham Clark,Birdies,3.5,4.723,1.223,under,-20.61,4,L,-105,124,-1.000,-1.000
2026-07-23T02:15:27.589Z,TPC Sawgrass (THE PLAYERS Stadium Course),THE PLAYERS Championship 2024,THE PLAYERS Championship,2024,3,X. Schauffele,Xander Schauffele,Birdies,3.5,4.360,0.860,over,4.17,7,W,-145,-142,0.690,0.704
2026-07-23T02:15:27.589Z,TPC Sawgrass (THE PLAYERS Stadium Course),THE PLAYERS Championship 2024,THE PLAYERS Championship,2024,3,X. Schauffele,Xander Schauffele,Birdies,3.5,4.360,0.860,under,-7.80,7,L,125,142,-1.000,-1.000
2026-07-23T02:15:27.589Z,TPC Sawgrass (THE PLAYERS Stadium Course),THE PLAYERS Championship 2024,THE PLAYERS Championship,2024,4,W. Clark,Wyndham Clark,Birdies,4.5,4.689,0.189,over,-0.88,5,W,-105,101,0.952,1.010
2026-07-23T02:15:27.589Z,TPC Sawgrass (THE PLAYERS Stadium Course),THE PLAYERS Championship 2024,THE PLAYERS Championship,2024,4,W. Clark,Wyndham Clark,Birdies,4.5,4.689,0.189,under,-5.89,5,L,-125,-101,-1.000,-1.000
2026-07-23T02:15:27.589Z,TPC Sawgrass (THE PLAYERS Stadium Course),THE PLAYERS Championship 2024,THE PLAYERS Championship,2024,4,X. Schauffele,Xander Schauffele,Birdies,4.5,4.564,0.064,over,-9.45,5,W,-135,-124,0.741,0.806
2026-07-23T02:15:27.589Z,TPC Sawgrass (THE PLAYERS Stadium Course),THE PLAYERS Championship 2024,THE PLAYERS Championship,2024,4,X. Schauffele,Xander Schauffele,Birdies,4.5,4.564,0.064,under,3.22,5,L,105,124,-1.000,-1.000
2026-07-23T02:15:27.589Z,East Lake Golf Club,TOUR Championship 2024,TOUR Championship,2024,2,A. Scott,Adam Scott,Birdies,4.5,4.199,-0.301,over,-7.78,5,W,105,127,1.050,1.270
2026-07-23T02:15:27.589Z,East Lake Golf Club,TOUR Championship 2024,TOUR Championship,2024,2,A. Scott,Adam Scott,Birdies,4.5,4.199,-0.301,under,-1.78,5,L,-155,-127,-1.000,-1.000
2026-07-23T02:15:27.589Z,East Lake Golf Club,TOUR Championship 2024,TOUR Championship,2024,2,X. Schauffele,Xander Schauffele,Birdies,4.5,4.528,0.028,over,-13.46,7,W,-155,-125,0.645,0.800
2026-07-23T02:15:27.589Z,East Lake Golf Club,TOUR Championship 2024,TOUR Championship,2024,4,H. Matsuyama,Hideki Matsuyama,Birdies,4.5,4.489,-0.011,over,3.10,7,W,130,161,1.300,1.610
2026-07-23T02:15:27.589Z,East Lake Golf Club,TOUR Championship 2024,TOUR Championship,2024,2,R. MacIntyre,Robert MacIntyre,Birdies,4.5,3.975,-0.525,over,-13.37,4,L,100,122,-1.000,-1.000
2026-07-23T02:15:27.589Z,East Lake Golf Club,TOUR Championship 2024,TOUR Championship,2024,2,R. MacIntyre,Robert MacIntyre,Birdies,4.5,3.975,-0.525,under,2.59,4,W,-155,-122,0.645,0.820
2026-07-23T02:15:27.589Z,East Lake Golf Club,TOUR Championship 2024,TOUR Championship,2024,2,V. Hovland,Viktor Hovland,Birdies,4.5,4.344,-0.156,over,-15.38,3,L,-145,-121,-1.000,-1.000
2026-07-23T02:15:27.589Z,East Lake Golf Club,TOUR Championship 2024,TOUR Championship,2024,2,J. Thomas,Justin Thomas,Birdies,4.5,4.228,-0.272,over,-10.82,3,L,-110,111,-1.000,-1.000
2026-07-23T02:15:27.589Z,East Lake Golf Club,TOUR Championship 2024,TOUR Championship,2024,1,L. Aberg,Ludvig Aberg,Birdies,4.5,4.802,0.302,over,-9.85,4,L,-165,-131,-1.000,-1.000
2026-07-23T02:15:27.589Z,East Lake Golf Club,TOUR Championship 2024,TOUR Championship,2024,4,L. Aberg,Ludvig Aberg,Birdies,4.5,4.589,0.089,over,-6.08,4,L,-120,101,-1.000,-1.000
2026-07-23T02:15:27.589Z,East Lake Golf Club,TOUR Championship 2024,TOUR Championship,2024,4,L. Aberg,Ludvig Aberg,Birdies,4.5,4.589,0.089,under,-4.03,4,W,-125,-101,0.800,0.990
2026-07-23T02:15:27.589Z,East Lake Golf Club,TOUR Championship 2024,TOUR Championship,2024,2,C. Morikawa,Collin Morikawa,Birdies,4.5,4.139,-0.361,over,-8.95,9,W,105,127,1.050,1.270
2026-07-23T02:15:27.589Z,East Lake Golf Club,TOUR Championship 2024,TOUR Championship,2024,2,C. Morikawa,Collin Morikawa,Birdies,4.5,4.139,-0.361,under,-0.61,9,L,-155,-127,-1.000,-1.000
2026-07-23T02:15:27.589Z,East Lake Golf Club,TOUR Championship 2024,TOUR Championship,2024,2,S. Scheffler,Scottie Scheffler,Birdies,4.5,4.234,-0.266,over,-19.11,6,W,-155,-135,0.645,0.741
2026-07-23T02:15:27.589Z,East Lake Golf Club,TOUR Championship 2024,TOUR Championship,2024,2,S. Scheffler,Scottie Scheffler,Birdies,4.5,4.234,-0.266,under,8.32,6,L,100,126,-1.000,-1.000
2026-07-23T02:15:27.589Z,East Lake Golf Club,TOUR Championship 2024,TOUR Championship,2024,3,C. Morikawa,Collin Morikawa,Birdies,4.5,4.409,-0.091,over,-14.13,5,W,-145,-121,0.690,0.826
2026-07-23T02:15:27.589Z,East Lake Golf Club,TOUR Championship 2024,TOUR Championship,2024,3,S. Scheffler,Scottie Scheffler,Birdies,5.5,4.394,-1.106,over,-18.60,6,W,115,139,1.150,1.390
2026-07-23T02:15:27.589Z,East Lake Golf Club,TOUR Championship 2024,TOUR Championship,2024,4,C. Morikawa,Collin Morikawa,Birdies,4.5,4.848,0.348,over,3.24,6,W,100,120,1.000,1.200
2026-07-23T02:15:27.589Z,East Lake Golf Club,TOUR Championship 2024,TOUR Championship,2024,4,C. Morikawa,Collin Morikawa,Birdies,4.5,4.848,0.348,under,-12.43,6,L,-145,-120,-1.000,-1.000
2026-07-23T02:15:27.589Z,East Lake Golf Club,TOUR Championship 2024,TOUR Championship,2024,4,S. Scheffler,Scottie Scheffler,Birdies,4.5,4.836,0.336,over,-7.76,6,W,-155,-128,0.645,0.781
2026-07-23T02:15:27.589Z,East Lake Golf Club,TOUR Championship 2024,TOUR Championship,2024,4,S. Scheffler,Scottie Scheffler,Birdies,4.5,4.836,0.336,under,-1.81,6,L,105,128,-1.000,-1.000
2026-07-23T02:15:27.589Z,East Lake Golf Club,TOUR Championship 2024,TOUR Championship,2024,1,S. Scheffler,Scottie Scheffler,Birdies,4.5,4.118,-0.382,over,-22.84,7,W,-165,-133,0.606,0.752
2026-07-23T02:15:27.589Z,East Lake Golf Club,TOUR Championship 2024,TOUR Championship,2024,1,S. Scheffler,Scottie Scheffler,Birdies,4.5,4.118,-0.382,under,12.96,7,L,110,133,-1.000,-1.000
2026-07-23T02:15:27.589Z,East Lake Golf Club,TOUR Championship 2024,TOUR Championship,2024,1,X. Schauffele,Xander Schauffele,Birdies,4.5,4.663,0.163,over,-12.41,3,L,-165,-141,-1.000,-1.000
2026-07-23T02:15:27.589Z,East Lake Golf Club,TOUR Championship 2024,TOUR Championship,2024,1,X. Schauffele,Xander Schauffele,Birdies,4.5,4.663,0.163,under,2.53,3,W,110,133,1.100,1.330
2026-07-23T02:15:27.589Z,East Lake Golf Club,TOUR Championship 2024,TOUR Championship,2024,3,S. Theegala,Sahith Theegala,Birdies,3.5,4.085,0.585,over,-7.22,8,W,-190,-154,0.526,0.649
2026-07-23T02:15:27.589Z,East Lake Golf Club,TOUR Championship 2024,TOUR Championship,2024,3,X. Schauffele,Xander Schauffele,Birdies,4.5,4.688,0.188,over,-10.47,2,L,-155,-124,-1.000,-1.000
2026-07-23T02:15:27.589Z,Memorial Park Golf Course,Texas Children's Houston Open,Texas Children's Houston Open,2026,1,Adam Scott,Adam Scott,Total score,68.5,69.454,0.954,over,1.30,67,L,-165,-137,-1.000,-1.000
2026-07-23T02:15:27.589Z,Memorial Park Golf Course,Texas Children's Houston Open,Texas Children's Houston Open,2026,1,Adam Scott,Adam Scott,Total score,68.5,69.454,0.954,under,-10.08,67,W,115,137,1.150,1.370
2026-07-23T02:15:27.589Z,Memorial Park Golf Course,Texas Children's Houston Open,Texas Children's Houston Open,2026,1,Adam Scott,Adam Scott,Total score,69.5,69.454,-0.046,over,1.71,67,L,110,129,-1.000,-1.000
2026-07-23T02:15:27.589Z,Memorial Park Golf Course,Texas Children's Houston Open,Texas Children's Houston Open,2026,1,Adam Scott,Adam Scott,Total score,69.5,69.454,-0.046,under,-11.60,67,W,-165,-135,0.606,0.741
2026-07-23T02:15:27.589Z,Memorial Park Golf Course,Texas Children's Houston Open,Texas Children's Houston Open,2026,1,Ben Griffin,Ben Griffin,Total score,68.5,68.409,-0.091,over,-9.65,70,W,-140,-116,0.714,0.862
2026-07-23T02:15:27.589Z,Memorial Park Golf Course,Texas Children's Houston Open,Texas Children's Houston Open,2026,1,Ben Griffin,Ben Griffin,Total score,68.5,68.409,-0.091,under,2.53,70,L,105,115,-1.000,-1.000
2026-07-23T02:15:27.589Z,Memorial Park Golf Course,Texas Children's Houston Open,Texas Children's Houston Open,2026,1,Billy Horschel,Billy Horschel,Total score,69.5,66.911,-2.589,over,-41.01,70,W,-140,-113,0.714,0.885
2026-07-23T02:15:27.589Z,Memorial Park Golf Course,Texas Children's Houston Open,Texas Children's Houston Open,2026,1,Billy Horschel,Billy Horschel,Total score,69.5,66.911,-2.589,under,31.46,70,L,-105,113,-1.000,-1.000
2026-07-23T02:15:27.589Z,Memorial Park Golf Course,Texas Children's Houston Open,Texas Children's Houston Open,2026,1,Brooks Koepka,Brooks Koepka,Total score,68.5,67.350,-1.150,over,-24.54,75,W,-140,-114,0.714,0.877
2026-07-23T02:15:27.589Z,Memorial Park Golf Course,Texas Children's Houston Open,Texas Children's Houston Open,2026,1,Brooks Koepka,Brooks Koepka,Total score,68.5,67.350,-1.150,under,14.98,75,L,-105,103,-1.000,-1.000
2026-07-23T02:15:27.589Z,Memorial Park Golf Course,Texas Children's Houston Open,Texas Children's Houston Open,2026,1,Chris Gotterup,Chris Gotterup,Total score,68.5,67.982,-0.518,over,-9.85,68,L,-110,108,-1.000,-1.000
2026-07-23T02:15:27.589Z,Memorial Park Golf Course,Texas Children's Houston Open,Texas Children's Houston Open,2026,1,Chris Gotterup,Chris Gotterup,Total score,68.5,67.982,-0.518,under,2.93,68,W,-120,-120,0.833,0.833
2026-07-23T02:15:27.589Z,Memorial Park Golf Course,Texas Children's Houston Open,Texas Children's Houston Open,2026,1,Harris English,Harris English,Total score,68.5,68.119,-0.381,over,-15.51,71,W,-150,-132,0.667,0.758
2026-07-23T02:15:27.589Z,Memorial Park Golf Course,Texas Children's Houston Open,Texas Children's Houston Open,2026,1,Harris English,Harris English,Total score,68.5,68.119,-0.381,under,6.73,71,L,105,118,-1.000,-1.000
2026-07-23T02:15:27.589Z,Memorial Park Golf Course,Texas Children's Houston Open,Texas Children's Houston Open,2026,1,Harry Hall,Harry Hall,Total score,68.5,67.652,-0.848,over,-22.12,69,W,-150,-124,0.667,0.806
2026-07-23T02:15:27.589Z,Memorial Park Golf Course,Texas Children's Houston Open,Texas Children's Houston Open,2026,1,Harry Hall,Harry Hall,Total score,68.5,67.652,-0.848,under,15.60,69,L,115,124,-1.000,-1.000
2026-07-23T02:15:27.589Z,Memorial Park Golf Course,Texas Children's Houston Open,Texas Children's Houston Open,2026,1,Jake Knapp,Jake Knapp,Total score,68.5,68.238,-0.262,over,-12.12,69,W,-140,-104,0.714,0.962
2026-07-23T02:15:27.589Z,Memorial Park Golf Course,Texas Children's Houston Open,Texas Children's Houston Open,2026,1,Jake Knapp,Jake Knapp,Total score,68.5,68.238,-0.262,under,2.57,69,L,-105,-106,-1.000,-1.000
2026-07-23T02:15:27.589Z,Memorial Park Golf Course,Texas Children's Houston Open,Texas Children's Houston Open,2026,1,Jason Day,Jason Day,Total score,68.5,68.594,0.094,over,-8.63,68,L,-150,-126,-1.000,-1.000
2026-07-23T02:15:27.589Z,Memorial Park Golf Course,Texas Children's Houston Open,Texas Children's Houston Open,2026,1,Jason Day,Jason Day,Total score,68.5,68.594,0.094,under,2.12,68,W,115,120,1.150,1.200
2026-07-23T02:15:27.589Z,Memorial Park Golf Course,Texas Children's Houston Open,Texas Children's Houston Open,2026,1,Keith Mitchell,Keith Mitchell,Total score,68.5,68.464,-0.036,over,-10.52,68,L,-150,-121,-1.000,-1.000
2026-07-23T02:15:27.589Z,Memorial Park Golf Course,Texas Children's Houston Open,Texas Children's Houston Open,2026,1,Keith Mitchell,Keith Mitchell,Total score,68.5,68.464,-0.036,under,2.90,68,W,110,113,1.100,1.130
2026-07-23T02:15:27.589Z,Memorial Park Golf Course,Texas Children's Houston Open,Texas Children's Houston Open,2026,1,Kurt Kitayama,Kurt Kitayama,Total score,68.5,67.355,-1.145,over,-21.70,66,L,-125,-105,-1.000,-1.000
2026-07-23T02:15:27.589Z,Memorial Park Golf Course,Texas Children's Houston Open,Texas Children's Houston Open,2026,1,Kurt Kitayama,Kurt Kitayama,Total score,68.5,67.355,-1.145,under,13.77,66,W,-110,110,0.909,1.100
2026-07-23T02:15:27.589Z,Memorial Park Golf Course,Texas Children's Houston Open,Texas Children's Houston Open,2026,1,Marco Penge,Marco Penge,Total score,68.5,68.692,0.192,over,-2.77,66,L,-125,-107,-1.000,-1.000
2026-07-23T02:15:27.589Z,Memorial Park Golf Course,Texas Children's Houston Open,Texas Children's Houston Open,2026,1,Marco Penge,Marco Penge,Total score,68.5,68.692,0.192,under,-4.01,66,W,-105,-105,0.952,0.952
2026-07-23T02:15:27.589Z,Memorial Park Golf Course,Texas Children's Houston Open,Texas Children's Houston Open,2026,1,Michael Thorbjornsen,Michael Thorbjornsen,Total score,68.5,67.000,-1.500,over,-30.73,68,L,-150,-121,-1.000,-1.000
2026-07-23T02:15:27.589Z,Memorial Park Golf Course,Texas Children's Houston Open,Texas Children's Houston Open,2026,1,Michael Thorbjornsen,Michael Thorbjornsen,Total score,68.5,67.000,-1.500,under,21.95,68,W,105,117,1.050,1.170
2026-07-23T02:15:27.589Z,Memorial Park Golf Course,Texas Children's Houston Open,Texas Children's Houston Open,2026,1,Min Woo Lee,Min Woo Lee,Total score,68.5,64.674,-3.826,over,-43.01,68,L,-105,113,-1.000,-1.000
2026-07-23T02:15:27.589Z,Memorial Park Golf Course,Texas Children's Houston Open,Texas Children's Houston Open,2026,1,Min Woo Lee,Min Woo Lee,Total score,68.5,64.674,-3.826,under,36.24,68,W,-125,-113,0.800,0.885
2026-07-23T02:15:27.589Z,Memorial Park Golf Course,Texas Children's Houston Open,Texas Children's Houston Open,2026,1,Nico Echavarria,Nico Echavarria,Total score,68.5,68.241,-0.259,over,-16.02,72,W,-165,-137,0.606,0.730
2026-07-23T02:15:27.589Z,Memorial Park Golf Course,Texas Children's Houston Open,Texas Children's Houston Open,2026,1,Nico Echavarria,Nico Echavarria,Total score,68.5,68.241,-0.259,under,7.24,72,L,115,137,-1.000,-1.000
2026-07-23T02:15:27.589Z,Memorial Park Golf Course,Texas Children's Houston Open,Texas Children's Houston Open,2026,1,Patrick Rodgers,Patrick Rodgers,Total score,69.5,68.293,-1.207,over,-14.59,72,W,110,130,1.100,1.300
2026-07-23T02:15:27.589Z,Memorial Park Golf Course,Texas Children's Houston Open,Texas Children's Houston Open,2026,1,Pierceson Coody,Pierceson Coody,Total score,68.5,68.779,0.279,over,-8.23,70,W,-165,-137,0.606,0.730
2026-07-23T02:15:27.589Z,Memorial Park Golf Course,Texas Children's Houston Open,Texas Children's Houston Open,2026,1,Pierceson Coody,Pierceson Coody,Total score,68.5,68.779,0.279,under,-0.55,70,L,115,137,-1.000,-1.000
2026-07-23T02:15:27.589Z,Memorial Park Golf Course,Texas Children's Houston Open,Texas Children's Houston Open,2026,1,Pierceson Coody,Pierceson Coody,Total score,69.5,68.779,-0.721,over,-7.97,70,W,110,132,1.100,1.320
2026-07-23T02:15:27.589Z,Memorial Park Golf Course,Texas Children's Houston Open,Texas Children's Houston Open,2026,1,Rickie Fowler,Rickie Fowler,Total score,68.5,67.460,-1.040,over,-20.29,67,L,-125,-116,-1.000,-1.000
2026-07-23T02:15:27.589Z,Memorial Park Golf Course,Texas Children's Houston Open,Texas Children's Houston Open,2026,1,Rickie Fowler,Rickie Fowler,Total score,68.5,67.460,-1.040,under,12.35,67,W,-110,-105,0.909,0.952
2026-07-23T02:15:27.589Z,Memorial Park Golf Course,Texas Children's Houston Open,Texas Children's Houston Open,2026,1,Ryan Gerard,Ryan Gerard,Total score,68.5,65.912,-2.588,over,-38.22,74,W,-125,-106,0.800,0.943
2026-07-23T02:15:27.589Z,Memorial Park Golf Course,Texas Children's Houston Open,Texas Children's Houston Open,2026,1,Ryan Gerard,Ryan Gerard,Total score,68.5,65.912,-2.588,under,32.67,74,L,100,-107,-1.000,-1.000
2026-07-23T02:15:27.589Z,Memorial Park Golf Course,Texas Children's Houston Open,Texas Children's Houston Open,2026,1,Sam Burns,Sam Burns,Total score,68.5,69.344,0.844,over,7.51,65,L,-120,100,-1.000,-1.000
2026-07-23T02:15:27.589Z,Memorial Park Golf Course,Texas Children's Houston Open,Texas Children's Houston Open,2026,1,Sam Burns,Sam Burns,Total score,68.5,69.344,0.844,under,-15.54,65,W,-115,-111,0.870,0.901
2026-07-23T02:15:27.589Z,Memorial Park Golf Course,Texas Children's Houston Open,Texas Children's Houston Open,2026,1,Samuel Stevens,Sam Stevens,Total score,68.5,69.261,0.761,over,0.90,67,L,-150,-125,-1.000,-1.000
2026-07-23T02:15:27.589Z,Memorial Park Golf Course,Texas Children's Houston Open,Texas Children's Houston Open,2026,1,Samuel Stevens,Sam Stevens,Total score,68.5,69.261,0.761,under,-8.52,67,W,110,124,1.100,1.240
2026-07-23T02:15:27.589Z,Memorial Park Golf Course,Texas Children's Houston Open,Texas Children's Houston Open,2026,1,Shane Lowry,Shane Lowry,Total score,68.5,68.018,-0.482,over,-16.96,69,W,-150,-137,0.667,0.730
2026-07-23T02:15:27.589Z,Memorial Park Golf Course,Texas Children's Houston Open,Texas Children's Houston Open,2026,1,Shane Lowry,Shane Lowry,Total score,68.5,68.018,-0.482,under,10.45,69,L,115,115,-1.000,-1.000
2026-07-23T02:15:27.589Z,Memorial Park Golf Course,Texas Children's Houston Open,Texas Children's Houston Open,2026,1,Stephan Jaeger,Stephan Jaeger,Total score,68.5,67.377,-1.123,over,-28.11,66,L,-165,-137,-1.000,-1.000
2026-07-23T02:15:27.589Z,Memorial Park Golf Course,Texas Children's Houston Open,Texas Children's Houston Open,2026,1,Stephan Jaeger,Stephan Jaeger,Total score,68.5,67.377,-1.123,under,19.33,66,W,115,119,1.150,1.190
2026-07-23T02:15:27.589Z,Memorial Park Golf Course,Texas Children's Houston Open,Texas Children's Houston Open,2026,1,Stephan Jaeger,Stephan Jaeger,Total score,69.5,67.377,-2.123,under,15.72,66,W,-165,-136,0.606,0.735
2026-07-23T02:15:27.589Z,Memorial Park Golf Course,Texas Children's Houston Open,Texas Children's Houston Open,2026,1,Sungjae Im,Sungjae Im,Total score,69.5,68.467,-1.033,over,-13.42,67,L,105,117,-1.000,-1.000
2026-07-23T02:15:27.589Z,Memorial Park Golf Course,Texas Children's Houston Open,Texas Children's Houston Open,2026,1,Sungjae Im,Sungjae Im,Total score,69.5,68.467,-1.033,under,4.64,67,W,-150,-122,0.667,0.820
2026-07-23T02:15:27.589Z,Memorial Park Golf Course,Texas Children's Houston Open,Texas Children's Houston Open,2026,1,Taylor Pendrith,Taylor Pendrith,Total score,68.5,68.064,-0.436,over,-18.56,75,W,-165,-136,0.606,0.735
2026-07-23T02:15:27.589Z,Memorial Park Golf Course,Texas Children's Houston Open,Texas Children's Houston Open,2026,1,Taylor Pendrith,Taylor Pendrith,Total score,68.5,68.064,-0.436,under,9.78,75,L,115,136,-1.000,-1.000
2026-07-23T02:15:27.589Z,Memorial Park Golf Course,Texas Children's Houston Open,Texas Children's Houston Open,2026,1,Taylor Pendrith,Taylor Pendrith,Total score,69.5,68.064,-1.436,over,-18.70,75,W,105,124,1.050,1.240
2026-07-23T02:15:27.589Z,Memorial Park Golf Course,Texas Children's Houston Open,Texas Children's Houston Open,2026,1,Taylor Pendrith,Taylor Pendrith,Total score,69.5,68.064,-1.436,under,7.66,75,L,-165,-123,-1.000,-1.000
2026-07-23T02:15:27.589Z,Memorial Park Golf Course,Texas Children's Houston Open,Texas Children's Houston Open,2026,1,Tony Finau,Tony Finau,Total score,69.5,67.369,-2.131,over,-25.70,67,L,110,131,-1.000,-1.000
2026-07-23T02:15:27.589Z,Memorial Park Golf Course,Texas Children's Houston Open,Texas Children's Houston Open,2026,1,Tony Finau,Tony Finau,Total score,69.5,67.369,-2.131,under,15.81,67,W,-165,-131,0.606,0.763
2026-07-23T02:15:27.589Z,Memorial Park Golf Course,Texas Children's Houston Open,Texas Children's Houston Open,2026,1,Wyndham Clark,Wyndham Clark,Total score,68.5,67.955,-0.545,over,-16.19,74,W,-140,-116,0.714,0.862
2026-07-23T02:15:27.589Z,Memorial Park Golf Course,Texas Children's Houston Open,Texas Children's Houston Open,2026,1,Wyndham Clark,Wyndham Clark,Total score,68.5,67.955,-0.545,under,9.08,74,L,105,101,-1.000,-1.000
2026-07-23T02:15:27.589Z,Memorial Park Golf Course,Texas Childrens Houston Open,Texas Childrens Houston Open,2024,4,S. Jaeger,Stephan Jaeger,Birdies,3.5,3.629,0.129,over,-2.13,4,W,-105,106,0.952,1.060
2026-07-23T02:15:27.589Z,Memorial Park Golf Course,Texas Childrens Houston Open,Texas Childrens Houston Open,2024,4,S. Jaeger,Stephan Jaeger,Birdies,3.5,3.629,0.129,under,-3.64,4,L,-120,-106,-1.000,-1.000
2026-07-23T02:15:27.589Z,Memorial Park Golf Course,Texas Childrens Houston Open,Texas Childrens Houston Open,2024,4,S. Scheffler,Scottie Scheffler,Birdies,4.5,4.463,-0.037,over,-2.69,4,L,105,102,-1.000,-1.000
2026-07-23T02:15:27.589Z,Memorial Park Golf Course,Texas Childrens Houston Open,Texas Childrens Houston Open,2024,4,S. Scheffler,Scottie Scheffler,Birdies,4.5,4.463,-0.037,under,-3.53,4,W,-135,-102,0.741,0.980
2026-07-23T02:15:27.589Z,Memorial Park Golf Course,Texas Childrens Houston Open,Texas Childrens Houston Open,2024,2,A. Bhatia,Akshay Bhatia,Birdies,3.5,3.085,-0.415,over,-17.37,2,L,-120,-102,-1.000,-1.000
2026-07-23T02:15:27.589Z,Memorial Park Golf Course,Texas Childrens Houston Open,Texas Childrens Houston Open,2024,2,A. Bhatia,Akshay Bhatia,Birdies,3.5,3.085,-0.415,under,10.44,2,W,-110,102,0.909,1.020
2026-07-23T02:15:27.589Z,Memorial Park Golf Course,Texas Childrens Houston Open,Texas Childrens Houston Open,2024,2,A. Svensson,Adam Svensson,Birdies,3.5,2.563,-0.937,over,-24.40,2,L,100,111,-1.000,-1.000
2026-07-23T02:15:27.589Z,Memorial Park Golf Course,Texas Childrens Houston Open,Texas Childrens Houston Open,2024,2,A. Svensson,Adam Svensson,Birdies,3.5,2.563,-0.937,under,18.85,2,W,-125,-111,0.800,0.901
2026-07-23T02:15:27.589Z,Memorial Park Golf Course,Texas Childrens Houston Open,Texas Childrens Houston Open,2024,2,J. Knapp,Jake Knapp,Birdies,3.5,3.592,0.092,over,-6.24,3,L,-120,-104,-1.000,-1.000
2026-07-23T02:15:27.589Z,Memorial Park Golf Course,Texas Childrens Houston Open,Texas Childrens Houston Open,2024,2,J. Knapp,Jake Knapp,Birdies,3.5,3.592,0.092,under,-0.69,3,W,-110,104,0.909,1.040
2026-07-23T02:15:27.589Z,Memorial Park Golf Course,Texas Childrens Houston Open,Texas Childrens Houston Open,2024,2,S. Theegala,Sahith Theegala,Birdies,4.5,3.446,-1.054,under,18.00,4,W,-125,-110,0.800,0.909
2026-07-23T02:15:27.589Z,Memorial Park Golf Course,Texas Childrens Houston Open,Texas Childrens Houston Open,2024,2,P. Malnati,Peter Malnati,Birdies,3.5,3.134,-0.366,over,-16.27,1,L,-120,-105,-1.000,-1.000
2026-07-23T02:15:27.589Z,Memorial Park Golf Course,Texas Childrens Houston Open,Texas Childrens Houston Open,2024,2,P. Malnati,Peter Malnati,Birdies,3.5,3.134,-0.366,under,10.50,1,W,-105,105,0.952,1.050
2026-07-23T02:15:27.589Z,Memorial Park Golf Course,Texas Childrens Houston Open,Texas Childrens Houston Open,2024,2,S. Scheffler,Scottie Scheffler,Birdies,4.5,4.402,-0.098,over,-12.53,5,W,-135,-122,0.741,0.820
2026-07-23T02:15:27.589Z,Memorial Park Golf Course,Texas Childrens Houston Open,Texas Childrens Houston Open,2024,2,S. Scheffler,Scottie Scheffler,Birdies,4.5,4.402,-0.098,under,7.46,5,L,110,122,-1.000,-1.000
2026-07-23T02:15:27.589Z,Memorial Park Golf Course,Texas Childrens Houston Open,Texas Childrens Houston Open,2024,2,W. Zalatoris,Will Zalatoris,Birdies,4,3.291,-0.709,over,-27.64,5,W,-105,107,0.952,1.070
2026-07-23T02:15:27.589Z,Memorial Park Golf Course,Texas Childrens Houston Open,Texas Childrens Houston Open,2024,2,W. Zalatoris,Will Zalatoris,Birdies,4,3.291,-0.709,under,21.88,5,L,-120,-107,-1.000,-1.000
2026-07-23T02:15:27.589Z,Memorial Park Golf Course,Texas Childrens Houston Open,Texas Childrens Houston Open,2024,4,A. Tosti,Alejandro Tosti,Birdies,3.5,3.641,0.141,over,-0.65,4,W,100,110,1.000,1.100
2026-07-23T02:15:27.589Z,Memorial Park Golf Course,Texas Childrens Houston Open,Texas Childrens Houston Open,2024,4,A. Tosti,Alejandro Tosti,Birdies,3.5,3.641,0.141,under,-4.90,4,L,-125,-110,-1.000,-1.000
2026-07-23T02:15:27.589Z,Memorial Park Golf Course,Texas Childrens Houston Open,Texas Childrens Houston Open,2024,4,N. Dunlap,Nick Dunlap,Birdies,3.5,3.858,0.358,over,-1.72,3,L,-125,-109,-1.000,-1.000
2026-07-23T02:15:27.589Z,Memorial Park Golf Course,Texas Childrens Houston Open,Texas Childrens Houston Open,2024,4,N. Dunlap,Nick Dunlap,Birdies,3.5,3.858,0.358,under,-5.05,3,W,-105,109,0.952,1.090
2026-07-23T02:15:27.589Z,Memorial Park Golf Course,Texas Childrens Houston Open,Texas Childrens Houston Open,2024,4,T. Detry,Thomas Detry,Birdies,3.5,3.511,0.011,over,-12.61,3,L,-145,-123,-1.000,-1.000
2026-07-23T02:15:27.589Z,Memorial Park Golf Course,Texas Childrens Houston Open,Texas Childrens Houston Open,2024,4,T. Detry,Thomas Detry,Birdies,3.5,3.511,0.011,under,5.81,3,W,110,123,1.100,1.230
2026-07-23T02:15:27.589Z,Memorial Park Golf Course,Texas Childrens Houston Open,Texas Childrens Houston Open,2024,2,W. Clark,Wyndham Clark,Birdies,4,3.788,-0.212,over,-26.20,5,W,-145,-124,0.690,0.806
2026-07-23T02:15:27.589Z,Nicklaus Tournament Course,The American Express 2024,The American Express,2024,2,J. Day,Jason Day,Birdies,5.5,5.725,0.225,over,-0.30,6,W,-105,-108,0.952,0.926
2026-07-23T02:15:27.589Z,Nicklaus Tournament Course,The American Express 2024,The American Express,2024,2,J. Day,Jason Day,Birdies,5.5,5.725,0.225,under,-6.48,6,L,-125,108,-1.000,-1.000
2026-07-23T02:15:27.589Z,Nicklaus Tournament Course,The American Express 2024,The American Express,2024,2,S. Lowry,Shane Lowry,Birdies,5.5,4.966,-0.534,over,-10.97,5,L,105,-108,-1.000,-1.000
2026-07-23T02:15:27.589Z,Nicklaus Tournament Course,The American Express 2024,The American Express,2024,2,S. Lowry,Shane Lowry,Birdies,5.5,4.966,-0.534,under,4.75,5,W,-135,108,0.741,1.080
2026-07-23T02:15:27.589Z,Pete Dye Stadium Course,The American Express 2024,The American Express,2024,4,"Dunlap, Nick",Nick Dunlap,Birdies,6.5,5.893,-0.607,over,-12.35,4,L,100,113,-1.000,-1.000
2026-07-23T02:15:27.589Z,Pete Dye Stadium Course,The American Express 2024,The American Express,2024,4,"Dunlap, Nick",Nick Dunlap,Birdies,6.5,5.893,-0.607,under,6.79,4,W,-125,-113,0.800,0.885
2026-07-23T02:15:27.589Z,Pete Dye Stadium Course,The American Express 2024,The American Express,2024,4,J. Thomas,Justin Thomas,Birdies,7,6.260,-0.740,over,-23.13,5,L,-110,101,-1.000,-1.000
2026-07-23T02:15:27.589Z,Pete Dye Stadium Course,The American Express 2024,The American Express,2024,4,J. Thomas,Justin Thomas,Birdies,7,6.260,-0.740,under,18.37,5,W,-110,-101,0.909,0.990
2026-07-23T02:15:27.589Z,Pete Dye Stadium Course,The American Express 2024,The American Express,2024,4,S. Burns,Sam Burns,Birdies,7,5.813,-1.187,over,-24.55,5,L,110,122,-1.000,-1.000
2026-07-23T02:15:27.589Z,Pete Dye Stadium Course,The American Express 2024,The American Express,2024,4,S. Burns,Sam Burns,Birdies,7,5.813,-1.187,under,17.75,5,W,-145,-122,0.690,0.820
2026-07-23T02:15:27.589Z,La Quinta Country Club,The American Express 2024,The American Express,2024,1,P. Cantlay,Patrick Cantlay,Birdies,6,5.481,-0.519,under,18.90,8,L,100,112,-1.000,-1.000
2026-07-23T02:15:27.589Z,Pete Dye Stadium Course,The American Express 2024,The American Express,2024,3,P. Cantlay,Patrick Cantlay,Birdies,6.5,6.041,-0.459,over,-14.52,6,L,-120,-102,-1.000,-1.000
2026-07-23T02:15:27.589Z,Pete Dye Stadium Course,The American Express 2024,The American Express,2024,3,S. Scheffler,Scottie Scheffler,Birdies,6.5,6.142,-0.358,over,-12.90,4,L,-120,-102,-1.000,-1.000
2026-07-23T02:15:27.589Z,La Quinta Country Club,The American Express 2024,The American Express,2024,1,J. Thomas,Justin Thomas,Birdies,5.5,5.033,-0.467,over,-16.57,8,W,-125,-112,0.800,0.893
2026-07-23T02:15:27.589Z,La Quinta Country Club,The American Express 2024,The American Express,2024,1,J. Thomas,Justin Thomas,Birdies,5.5,5.033,-0.467,under,11.02,8,L,100,112,-1.000,-1.000
2026-07-23T02:15:27.589Z,La Quinta Country Club,The American Express 2024,The American Express,2024,1,R. Fowler,Rickie Fowler,Birdies,5.5,5.020,-0.480,over,-13.63,5,L,-110,102,-1.000,-1.000
2026-07-23T02:15:27.589Z,La Quinta Country Club,The American Express 2024,The American Express,2024,1,R. Fowler,Rickie Fowler,Birdies,5.5,5.020,-0.480,under,6.70,5,W,-120,-102,0.833,0.980
2026-07-23T02:15:27.589Z,Nicklaus Tournament Course,The American Express 2024,The American Express,2024,2,J. Thomas,Justin Thomas,Birdies,5.5,5.575,0.075,over,-6.16,7,W,-120,-122,0.833,0.820
2026-07-23T02:15:27.589Z,Nicklaus Tournament Course,The American Express 2024,The American Express,2024,2,J. Thomas,Justin Thomas,Birdies,5.5,5.575,0.075,under,0.39,7,L,-105,105,-1.000,-1.000
2026-07-23T02:15:27.589Z,Nicklaus Tournament Course,The American Express 2024,The American Express,2024,2,R. Fowler,Rickie Fowler,Birdies,5,5.450,0.450,over,-11.20,6,W,-135,-133,0.741,0.752
2026-07-23T02:15:27.589Z,Nicklaus Tournament Course,The American Express 2024,The American Express,2024,2,R. Fowler,Rickie Fowler,Birdies,5,5.450,0.450,under,4.97,6,L,105,121,-1.000,-1.000
2026-07-23T02:15:27.589Z,Pete Dye Stadium Course,The American Express 2024,The American Express,2024,4,E. Cole,Eric Cole,Birdies,6,5.944,-0.056,over,-20.71,4,L,-145,-124,-1.000,-1.000
2026-07-23T02:15:27.589Z,Nicklaus Tournament Course,The American Express 2024,The American Express,2024,2,T. Finau,Tony Finau,Birdies,5,5.262,0.262,over,-14.46,7,W,-135,-133,0.741,0.752
2026-07-23T02:15:27.589Z,Nicklaus Tournament Course,The American Express 2024,The American Express,2024,2,X. Schauffele,Xander Schauffele,Birdies,5.5,5.784,0.284,over,-2.64,5,L,-120,-117,-1.000,-1.000
2026-07-23T02:15:27.589Z,Nicklaus Tournament Course,The American Express 2024,The American Express,2024,2,X. Schauffele,Xander Schauffele,Birdies,5.5,5.784,0.284,under,-3.12,5,W,-105,106,0.952,1.060
2026-07-23T02:15:27.589Z,Pete Dye Stadium Course,The American Express 2024,The American Express,2024,3,T. Finau,Tony Finau,Birdies,5.5,5.312,-0.188,over,-13.59,7,W,-135,-120,0.741,0.833
2026-07-23T02:15:27.589Z,TPC Craig Ranch,The CJ CUP Byron Nelson 2024,The CJ CUP Byron Nelson,2024,4,K. Kraft,Kelly Kraft,Birdies,4.5,4.315,-0.185,over,-14.20,5,W,-135,-117,0.741,0.855
2026-07-23T02:15:27.589Z,TPC Craig Ranch,The CJ CUP Byron Nelson 2024,The CJ CUP Byron Nelson,2024,4,K. Kraft,Kelly Kraft,Birdies,4.5,4.315,-0.185,under,7.97,5,L,105,117,-1.000,-1.000
2026-07-23T02:15:27.589Z,TPC Craig Ranch,The CJ CUP Byron Nelson 2024,The CJ CUP Byron Nelson,2024,4,M. Wallace,Matt Wallace,Birdies,5,4.557,-0.443,under,11.87,6,L,-135,-115,-1.000,-1.000
2026-07-23T02:15:27.589Z,TPC Craig Ranch,The CJ CUP Byron Nelson 2024,The CJ CUP Byron Nelson,2024,4,B. Kohles,Ben Kohles,Birdies,5,4.700,-0.300,under,7.66,6,L,-145,-124,-1.000,-1.000
2026-07-23T02:15:27.589Z,TPC Craig Ranch,The CJ CUP Byron Nelson 2024,The CJ CUP Byron Nelson,2024,4,J. Knapp,Jake Knapp,Birdies,5,4.601,-0.399,under,18.56,4,W,100,111,1.000,1.110
2026-07-23T02:15:27.589Z,TPC Craig Ranch,The CJ CUP Byron Nelson 2024,The CJ CUP Byron Nelson,2024,3,D. Riley,Davis Riley,Birdies,5,4.974,-0.026,under,7.51,2,W,-120,-104,0.833,0.962
2026-07-23T02:15:27.589Z,TPC Craig Ranch,The CJ CUP Byron Nelson 2024,The CJ CUP Byron Nelson,2024,3,T. Pendrith,Taylor Pendrith,Birdies,5,4.661,-0.339,over,-19.90,6,W,-110,-101,0.909,0.990
2026-07-23T02:15:27.589Z,TPC Craig Ranch,The CJ CUP Byron Nelson 2024,The CJ CUP Byron Nelson,2024,3,T. Pendrith,Taylor Pendrith,Birdies,5,4.661,-0.339,under,15.14,6,L,-110,101,-1.000,-1.000
2026-07-23T02:15:27.589Z,TPC Craig Ranch,The CJ CUP Byron Nelson 2024,The CJ CUP Byron Nelson,2024,4,A. Rai,Aaron Rai,Birdies,5,4.462,-0.538,under,22.16,7,L,105,118,-1.000,-1.000
2026-07-23T02:15:27.589Z,The Riviera Country Club,The Genesis Invitational 2024,The Genesis Invitational,2024,4,A. Scott,Adam Scott,Birdies,4.5,4.403,-0.097,over,-6.28,4,L,-105,105,-1.000,-1.000
2026-07-23T02:15:27.589Z,The Riviera Country Club,The Genesis Invitational 2024,The Genesis Invitational,2024,4,A. Scott,Adam Scott,Birdies,4.5,4.403,-0.097,under,0.52,4,W,-120,-105,0.833,0.952
2026-07-23T02:15:27.589Z,The Riviera Country Club,The Genesis Invitational 2024,The Genesis Invitational,2024,4,Cam. Young,Cameron Young,Birdies,4.5,4.324,-0.176,over,-7.80,2,L,-105,108,-1.000,-1.000
2026-07-23T02:15:27.589Z,The Riviera Country Club,The Genesis Invitational 2024,The Genesis Invitational,2024,3,A. Scott,Adam Scott,Birdies,4.5,4.205,-0.295,under,-1.90,7,L,-155,-131,-1.000,-1.000
2026-07-23T02:15:27.589Z,The Riviera Country Club,The Genesis Invitational 2024,The Genesis Invitational,2024,4,L. Aberg,Ludvig Aberg,Birdies,4.5,4.461,-0.039,over,-9.51,6,W,-125,-113,0.800,0.885
2026-07-23T02:15:27.589Z,The Riviera Country Club,The Genesis Invitational 2024,The Genesis Invitational,2024,1,E. Grillo,Emiliano Grillo,Birdies,5,3.422,-1.578,over,-37.99,3,L,-105,109,-1.000,-1.000
2026-07-23T02:15:27.589Z,The Riviera Country Club,The Genesis Invitational 2024,The Genesis Invitational,2024,1,E. Grillo,Emiliano Grillo,Birdies,5,3.422,-1.578,under,31.22,3,W,-125,-109,0.800,0.917
2026-07-23T02:15:27.589Z,The Riviera Country Club,The Genesis Invitational 2024,The Genesis Invitational,2024,1,J. Spieth,Jordan Spieth,Birdies,4,3.711,-0.289,over,-19.73,6,W,-105,107,0.952,1.070
2026-07-23T02:15:27.589Z,The Riviera Country Club,The Genesis Invitational 2024,The Genesis Invitational,2024,1,J. Spieth,Jordan Spieth,Birdies,4,3.711,-0.289,under,13.96,6,L,-120,-107,-1.000,-1.000
2026-07-23T02:15:27.589Z,The Riviera Country Club,The Genesis Invitational 2024,The Genesis Invitational,2024,1,P. Cantlay,Patrick Cantlay,Birdies,4,3.375,-0.625,over,-30.44,8,W,-125,-108,0.800,0.926
2026-07-23T02:15:27.589Z,The Riviera Country Club,The Genesis Invitational 2024,The Genesis Invitational,2024,1,T. Kim,Tom Kim,Birdies,3.5,3.693,0.193,over,-10.35,3,L,-155,-132,-1.000,-1.000
2026-07-23T02:15:27.589Z,The Riviera Country Club,The Genesis Invitational 2024,The Genesis Invitational,2024,2,J. Spieth,Jordan Spieth,Birdies,4.5,3.606,-0.894,over,-22.91,4,L,-110,-101,-1.000,-1.000
2026-07-23T02:15:27.589Z,The Riviera Country Club,The Genesis Invitational 2024,The Genesis Invitational,2024,2,P. Cantlay,Patrick Cantlay,Birdies,4.5,3.495,-1.005,over,-30.09,5,W,-135,-116,0.741,0.862
2026-07-23T02:15:27.589Z,The Riviera Country Club,The Genesis Invitational 2024,The Genesis Invitational,2024,2,P. Cantlay,Patrick Cantlay,Birdies,4.5,3.495,-1.005,under,23.86,5,L,105,116,-1.000,-1.000
2026-07-23T02:15:27.589Z,The Riviera Country Club,The Genesis Invitational 2024,The Genesis Invitational,2024,2,T. Kim,Tom Kim,Birdies,4,3.588,-0.412,over,-30.06,5,W,-145,-129,0.690,0.775
2026-07-23T02:15:27.589Z,The Riviera Country Club,The Genesis Invitational 2024,The Genesis Invitational,2024,3,P. Cantlay,Patrick Cantlay,Birdies,4.5,3.605,-0.895,over,-26.10,3,L,-125,-113,-1.000,-1.000
2026-07-23T02:15:27.589Z,The Riviera Country Club,The Genesis Invitational 2024,The Genesis Invitational,2024,3,P. Cantlay,Patrick Cantlay,Birdies,4.5,3.605,-0.895,under,20.55,3,W,100,113,1.000,1.130
2026-07-23T02:15:27.589Z,The Riviera Country Club,The Genesis Invitational 2024,The Genesis Invitational,2024,4,L. List,Luke List,Birdies,4.5,3.523,-0.977,over,-20.89,5,W,105,120,1.050,1.200
2026-07-23T02:15:27.589Z,The Riviera Country Club,The Genesis Invitational 2024,The Genesis Invitational,2024,4,L. List,Luke List,Birdies,4.5,3.523,-0.977,under,14.66,5,L,-135,-120,-1.000,-1.000
2026-07-23T02:15:27.589Z,The Riviera Country Club,The Genesis Invitational 2024,The Genesis Invitational,2024,4,W. Zalatoris,Will Zalatoris,Birdies,4.5,3.575,-0.925,over,-25.67,4,L,-120,-106,-1.000,-1.000
2026-07-23T02:15:27.589Z,The Riviera Country Club,The Genesis Invitational 2024,The Genesis Invitational,2024,4,W. Zalatoris,Will Zalatoris,Birdies,4.5,3.575,-0.925,under,19.90,4,W,-105,106,0.952,1.060
2026-07-23T02:15:27.589Z,The Riviera Country Club,The Genesis Invitational 2024,The Genesis Invitational,2024,1,C. Morikawa,Collin Morikawa,Birdies,4,4.161,0.161,over,-9.74,2,L,100,113,-1.000,-1.000
2026-07-23T02:15:27.589Z,The Riviera Country Club,The Genesis Invitational 2024,The Genesis Invitational,2024,1,C. Morikawa,Collin Morikawa,Birdies,4,4.161,0.161,under,4.19,2,W,-125,-113,0.800,0.885
2026-07-23T02:15:27.589Z,The Riviera Country Club,The Genesis Invitational 2024,The Genesis Invitational,2024,1,M. Fitzpatrick,Matt Fitzpatrick,Birdies,3.5,3.426,-0.074,over,-14.45,3,L,-145,-124,-1.000,-1.000
2026-07-23T02:15:27.589Z,The Riviera Country Club,The Genesis Invitational 2024,The Genesis Invitational,2024,1,M. Fitzpatrick,Matt Fitzpatrick,Birdies,3.5,3.426,-0.074,under,7.65,3,W,110,124,1.100,1.240
2026-07-23T02:15:27.589Z,The Riviera Country Club,The Genesis Invitational 2024,The Genesis Invitational,2024,1,S. Scheffler,Scottie Scheffler,Birdies,4,4.085,0.085,over,-20.41,5,W,-145,-123,0.690,0.813
2026-07-23T02:15:27.589Z,The Riviera Country Club,The Genesis Invitational 2024,The Genesis Invitational,2024,1,S. Scheffler,Scottie Scheffler,Birdies,4,4.085,0.085,under,13.60,5,L,110,123,-1.000,-1.000
2026-07-23T02:15:27.589Z,The Riviera Country Club,The Genesis Invitational 2024,The Genesis Invitational,2024,2,C. Morikawa,Collin Morikawa,Birdies,4.5,4.804,0.304,over,1.23,4,L,-105,107,-1.000,-1.000
2026-07-23T02:15:27.589Z,The Riviera Country Club,The Genesis Invitational 2024,The Genesis Invitational,2024,2,S. Scheffler,Scottie Scheffler,Birdies,5,4.521,-0.479,over,-17.55,3,L,110,127,-1.000,-1.000
2026-07-23T02:15:27.589Z,The Riviera Country Club,The Genesis Invitational 2024,The Genesis Invitational,2024,2,S. Scheffler,Scottie Scheffler,Birdies,5,4.521,-0.479,under,10.75,3,W,-145,-127,0.690,0.787
2026-07-23T02:15:27.589Z,The Riviera Country Club,The Genesis Invitational 2024,The Genesis Invitational,2024,4,M. Homa,Max Homa,Birdies,4.5,3.068,-1.432,over,-27.99,3,L,110,123,-1.000,-1.000
2026-07-23T02:15:27.589Z,The Riviera Country Club,The Genesis Invitational 2024,The Genesis Invitational,2024,4,S. Scheffler,Scottie Scheffler,Birdies,4.5,4.346,-0.154,over,-11.71,5,W,-125,-108,0.800,0.926
2026-07-23T02:15:27.589Z,The Riviera Country Club,The Genesis Invitational 2024,The Genesis Invitational,2024,4,S. Scheffler,Scottie Scheffler,Birdies,4.5,4.346,-0.154,under,4.94,5,L,-105,108,-1.000,-1.000
2026-07-23T02:15:27.589Z,The Riviera Country Club,The Genesis Invitational 2024,The Genesis Invitational,2024,1,N. Taylor,Nick Taylor,Birdies,3.5,3.164,-0.336,over,-18.50,2,L,-135,-120,-1.000,-1.000
2026-07-23T02:15:27.589Z,The Riviera Country Club,The Genesis Invitational 2024,The Genesis Invitational,2024,1,N. Taylor,Nick Taylor,Birdies,3.5,3.164,-0.336,under,12.27,2,W,105,120,1.050,1.200
2026-07-23T02:15:27.589Z,The Riviera Country Club,The Genesis Invitational 2024,The Genesis Invitational,2024,1,S. Burns,Sam Burns,Birdies,4,3.201,-0.799,over,-30.42,2,L,-110,101,-1.000,-1.000
2026-07-23T02:15:27.589Z,The Riviera Country Club,The Genesis Invitational 2024,The Genesis Invitational,2024,2,S. Burns,Sam Burns,Birdies,5,3.682,-1.318,under,32.05,3,W,-105,106,0.952,1.060
2026-07-23T02:15:27.589Z,The Riviera Country Club,The Genesis Invitational 2024,The Genesis Invitational,2024,2,V. Hovland,Viktor Hovland,Birdies,5,3.980,-1.020,over,-36.27,4,L,-135,-119,-1.000,-1.000
2026-07-23T02:15:27.589Z,The Riviera Country Club,The Genesis Invitational 2024,The Genesis Invitational,2024,2,V. Hovland,Viktor Hovland,Birdies,5,3.980,-1.020,under,30.04,4,W,105,119,1.050,1.190
2026-07-23T02:15:27.589Z,The Riviera Country Club,The Genesis Invitational 2024,The Genesis Invitational,2024,3,N. Taylor,Nick Taylor,Birdies,4,3.663,-0.337,over,-28.62,2,L,-145,-128,-1.000,-1.000
2026-07-23T02:15:27.589Z,The Riviera Country Club,The Genesis Invitational 2024,The Genesis Invitational,2024,3,V. Hovland,Viktor Hovland,Birdies,4.5,4.154,-0.346,over,-15.43,3,L,-125,-109,-1.000,-1.000
2026-07-23T02:15:27.589Z,The Riviera Country Club,The Genesis Invitational 2024,The Genesis Invitational,2024,4,P. Cantlay,Patrick Cantlay,Birdies,4.5,3.622,-0.878,over,-21.44,2,L,-105,108,-1.000,-1.000
2026-07-23T02:15:27.589Z,The Riviera Country Club,The Genesis Invitational 2024,The Genesis Invitational,2024,4,P. Cantlay,Patrick Cantlay,Birdies,4.5,3.622,-0.878,under,14.67,2,W,-125,-108,0.800,0.926
2026-07-23T02:15:27.589Z,The Riviera Country Club,The Genesis Invitational 2024,The Genesis Invitational,2024,4,X. Schauffele,Xander Schauffele,Birdies,4.5,3.881,-0.619,over,-16.43,4,L,-105,105,-1.000,-1.000
2026-07-23T02:15:27.589Z,The Riviera Country Club,The Genesis Invitational 2024,The Genesis Invitational,2024,4,X. Schauffele,Xander Schauffele,Birdies,4.5,3.881,-0.619,under,10.66,4,W,-120,-105,0.833,0.952
2026-07-23T02:15:27.589Z,The Riviera Country Club,The Genesis Invitational 2024,The Genesis Invitational,2024,1,M. Homa,Max Homa,Birdies,4,2.888,-1.112,over,-33.37,3,L,100,111,-1.000,-1.000
2026-07-23T02:15:27.589Z,The Riviera Country Club,The Genesis Invitational 2024,The Genesis Invitational,2024,1,W. Clark,Wyndham Clark,Birdies,3.5,3.383,-0.117,over,-16.99,4,W,-155,-132,0.645,0.758
2026-07-23T02:15:27.589Z,The Riviera Country Club,The Genesis Invitational 2024,The Genesis Invitational,2024,2,M. Homa,Max Homa,Birdies,4.5,2.856,-1.644,over,-35.10,8,W,-105,106,0.952,1.060
2026-07-23T02:15:27.589Z,The Riviera Country Club,The Genesis Invitational 2024,The Genesis Invitational,2024,2,M. Homa,Max Homa,Birdies,4.5,2.856,-1.644,under,29.34,8,L,-120,-106,-1.000,-1.000
2026-07-23T02:15:27.589Z,The Riviera Country Club,The Genesis Invitational 2024,The Genesis Invitational,2024,2,W. Clark,Wyndham Clark,Birdies,4.5,3.551,-0.949,over,-21.58,3,L,100,113,-1.000,-1.000
2026-07-23T02:15:27.589Z,The Riviera Country Club,The Genesis Invitational 2024,The Genesis Invitational,2024,2,W. Clark,Wyndham Clark,Birdies,4.5,3.551,-0.949,under,16.02,3,W,-125,-113,0.800,0.885
2026-07-23T02:15:27.589Z,The Riviera Country Club,The Genesis Invitational 2024,The Genesis Invitational,2024,3,S. Scheffler,Scottie Scheffler,Birdies,4.5,4.631,0.131,over,-6.30,4,L,-125,-108,-1.000,-1.000
2026-07-23T02:15:27.589Z,The Riviera Country Club,The Genesis Invitational 2024,The Genesis Invitational,2024,3,S. Scheffler,Scottie Scheffler,Birdies,4.5,4.631,0.131,under,-0.48,4,W,-105,108,0.952,1.080
2026-07-23T02:15:27.589Z,The Riviera Country Club,The Genesis Invitational 2024,The Genesis Invitational,2024,3,T. Fleetwood,Tommy Fleetwood,Birdies,4,3.592,-0.408,over,-29.98,3,L,-145,-130,-1.000,-1.000
2026-07-23T02:15:27.589Z,The Riviera Country Club,The Genesis Invitational 2024,The Genesis Invitational,2024,3,T. Fleetwood,Tommy Fleetwood,Birdies,4,3.592,-0.408,under,24.29,3,W,115,130,1.150,1.300
2026-07-23T02:15:27.589Z,The Riviera Country Club,The Genesis Invitational 2024,The Genesis Invitational,2024,1,S. Theegala,Sahith Theegala,Birdies,4,3.367,-0.633,over,-23.81,3,L,105,120,-1.000,-1.000
2026-07-23T02:15:27.589Z,The Riviera Country Club,The Genesis Invitational 2024,The Genesis Invitational,2024,1,S. Theegala,Sahith Theegala,Birdies,4,3.367,-0.633,under,17.58,3,W,-135,-120,0.741,0.833
2026-07-23T02:15:27.589Z,The Riviera Country Club,The Genesis Invitational 2024,The Genesis Invitational,2024,1,T. Fleetwood,Tommy Fleetwood,Birdies,4,3.587,-0.413,over,-19.67,3,L,105,120,-1.000,-1.000
2026-07-23T02:15:27.589Z,The Riviera Country Club,The Genesis Invitational 2024,The Genesis Invitational,2024,1,X. Schauffele,Xander Schauffele,Birdies,4,3.785,-0.215,over,-22.63,5,W,-125,-110,0.800,0.909
2026-07-23T02:15:27.589Z,The Riviera Country Club,The Genesis Invitational 2024,The Genesis Invitational,2024,1,X. Schauffele,Xander Schauffele,Birdies,4,3.785,-0.215,under,15.86,5,L,-105,110,-1.000,-1.000
2026-07-23T02:15:27.589Z,The Riviera Country Club,The Genesis Invitational 2024,The Genesis Invitational,2024,2,S. Theegala,Sahith Theegala,Birdies,4.5,4.021,-0.479,under,5.03,4,W,-135,-115,0.741,0.870
2026-07-23T02:15:27.589Z,The Riviera Country Club,The Genesis Invitational 2024,The Genesis Invitational,2024,1,G. Woodland,Gary Woodland,Birdies,3,3.058,0.058,over,-20.87,5,W,-135,-120,0.741,0.833
2026-07-23T02:15:27.589Z,The Riviera Country Club,The Genesis Invitational 2024,The Genesis Invitational,2024,1,J. Thomas,Justin Thomas,Birdies,4,3.407,-0.593,over,-23.07,3,L,105,116,-1.000,-1.000
2026-07-23T02:15:27.589Z,The Riviera Country Club,The Genesis Invitational 2024,The Genesis Invitational,2024,1,J. Thomas,Justin Thomas,Birdies,4,3.407,-0.593,under,16.84,3,W,-135,-116,0.741,0.862
2026-07-23T02:15:27.589Z,The Riviera Country Club,The Genesis Invitational 2024,The Genesis Invitational,2024,1,T. Woods,Tiger Woods,Birdies,3.5,3.201,-0.299,over,-6.74,5,W,115,129,1.150,1.290
2026-07-23T02:15:27.589Z,The Riviera Country Club,The Genesis Invitational 2024,The Genesis Invitational,2024,1,T. Woods,Tiger Woods,Birdies,3.5,3.201,-0.299,under,1.05,5,L,-145,-129,-1.000,-1.000
2026-07-23T02:15:27.589Z,The Riviera Country Club,The Genesis Invitational 2024,The Genesis Invitational,2024,2,G. Woodland,Gary Woodland,Birdies,4.5,3.204,-1.296,over,-25.61,2,L,110,125,-1.000,-1.000
2026-07-23T02:15:27.589Z,The Riviera Country Club,The Genesis Invitational 2024,The Genesis Invitational,2024,2,G. Woodland,Gary Woodland,Birdies,4.5,3.204,-1.296,under,18.81,2,W,-145,-125,0.690,0.800
2026-07-23T02:15:27.589Z,The Riviera Country Club,The Genesis Invitational 2024,The Genesis Invitational,2024,2,J. Thomas,Justin Thomas,Birdies,5,3.892,-1.108,over,-28.96,4,L,105,116,-1.000,-1.000
2026-07-23T02:15:27.589Z,The Riviera Country Club,The Genesis Invitational 2024,The Genesis Invitational,2024,2,J. Thomas,Justin Thomas,Birdies,5,3.892,-1.108,under,22.73,4,W,-135,-116,0.741,0.862
2026-07-23T02:15:27.589Z,Royal Liverpool,The Open Championship 2023,The Open Championship,2023,4,B. Harman,Brian Harman,Birdies,3,3.393,0.393,under,8.37,4,L,110,124,-1.000,-1.000
2026-07-23T02:15:27.589Z,Royal Liverpool,The Open Championship 2023,The Open Championship,2023,4,C. Young,Cameron Young,Birdies,3.5,3.451,-0.049,over,-3.50,2,L,105,118,-1.000,-1.000
2026-07-23T02:15:27.589Z,Royal Liverpool,The Open Championship 2023,The Open Championship,2023,4,C. Young,Cameron Young,Birdies,3.5,3.451,-0.049,under,-2.72,2,W,-135,-118,0.741,0.847
2026-07-23T02:15:27.589Z,Royal Liverpool,The Open Championship 2023,The Open Championship,2023,2,E. Grillo,Emiliano Grillo,Birdies,3,3.115,0.115,over,-17.70,2,L,-125,-112,-1.000,-1.000
2026-07-23T02:15:27.589Z,Royal Liverpool,The Open Championship 2023,The Open Championship,2023,4,J. Rahm,Jon Rahm,Birdies,4,3.047,-0.953,over,-27.24,3,L,115,129,-1.000,-1.000
2026-07-23T02:15:27.589Z,Royal Liverpool,The Open Championship 2023,The Open Championship,2023,4,J. Rahm,Jon Rahm,Birdies,4,3.047,-0.953,under,21.55,3,W,-145,-129,0.690,0.775
2026-07-23T02:15:27.589Z,Royal Liverpool,The Open Championship 2023,The Open Championship,2023,4,V. Hovland,Viktor Hovland,Birdies,3.5,3.416,-0.084,under,4.27,3,W,-105,106,0.952,1.060
2026-07-23T02:15:27.589Z,Royal Liverpool,The Open Championship 2023,The Open Championship,2023,2,T. Finau,Tony Finau,Birdies,3,2.492,-0.508,over,-31.48,1,L,-125,-113,-1.000,-1.000
2026-07-23T02:15:27.589Z,Royal Liverpool,The Open Championship 2023,The Open Championship,2023,3,B. Harman,Brian Harman,Birdies,3,2.830,-0.170,over,-18.53,4,W,100,113,1.000,1.130
2026-07-23T02:15:27.589Z,Royal Liverpool,The Open Championship 2023,The Open Championship,2023,3,T. Fleetwood,Tommy Fleetwood,Birdies,3,3.169,0.169,over,-21.73,1,L,-155,-134,-1.000,-1.000
2026-07-23T02:15:27.589Z,Royal Liverpool,The Open Championship 2023,The Open Championship,2023,4,S. Straka,Sepp Straka,Birdies,3,4.210,1.210,over,8.26,5,W,-110,100,0.909,1.000
2026-07-23T02:15:27.589Z,Royal Liverpool,The Open Championship 2023,The Open Championship,2023,4,S. Straka,Sepp Straka,Birdies,3,4.210,1.210,under,-13.03,5,L,-110,-100,-1.000,-1.000
2026-07-23T02:15:27.589Z,Royal Liverpool,The Open Championship 2023,The Open Championship,2023,4,T. Fleetwood,Tommy Fleetwood,Birdies,3.5,2.921,-0.579,under,14.11,2,W,-110,101,0.909,1.010
2026-07-23T02:15:27.589Z,Royal Portrush Golf Club,The Open Championship 2025,The Open Championship,2025,2,H. Matsuyama,Hideki Matsuyama,Birdies,2.5,3.792,1.292,over,5.24,5,W,-210,-168,0.476,0.595
2026-07-23T02:15:27.589Z,Royal Portrush Golf Club,The Open Championship 2025,The Open Championship,2025,2,M. Fitzpatrick,Matt Fitzpatrick,Birdies,3.5,3.237,-0.263,over,-8.21,8,W,105,129,1.050,1.290
2026-07-23T02:15:27.589Z,Royal Portrush Golf Club,The Open Championship 2025,The Open Championship,2025,2,J. Rahm,Jon Rahm,Birdies,3.5,3.064,-0.436,over,-26.93,3,L,-175,-141,-1.000,-1.000
2026-07-23T02:15:27.589Z,Royal Portrush Golf Club,The Open Championship 2025,The Open Championship,2025,2,J.J. Spaun,J.J. Spaun,Birdies,3.5,2.901,-0.599,over,-15.72,6,W,105,132,1.050,1.320
2026-07-23T02:15:27.589Z,Royal Portrush Golf Club,The Open Championship 2025,The Open Championship,2025,2,J.J. Spaun,J.J. Spaun,Birdies,3.5,2.901,-0.599,under,4.68,6,L,-165,-132,-1.000,-1.000
2026-07-23T02:15:27.589Z,Royal Portrush Golf Club,The Open Championship 2025,The Open Championship,2025,2,X. Schauffele,Xander Schauffele,Birdies,3.5,3.018,-0.482,over,-23.50,5,W,-145,-115,0.690,0.870
2026-07-23T02:15:27.589Z,Royal Portrush Golf Club,The Open Championship 2025,The Open Championship,2025,2,X. Schauffele,Xander Schauffele,Birdies,3.5,3.018,-0.482,under,13.10,5,L,-105,115,-1.000,-1.000
2026-07-23T02:15:27.589Z,Royal Portrush Golf Club,The Open Championship 2025,The Open Championship,2025,2,B. Dechambeau,Bryson DeChambeau,Birdies,3.5,3.240,-0.260,over,-5.87,7,W,115,140,1.150,1.400
2026-07-23T02:15:27.589Z,Royal Portrush Golf Club,The Open Championship 2025,The Open Championship,2025,2,R. MacIntyre,Robert MacIntyre,Birdies,3.5,3.083,-0.417,over,-6.34,6,W,130,158,1.300,1.580
2026-07-23T02:15:27.589Z,Royal Portrush Golf Club,The Open Championship 2025,The Open Championship,2025,1,J. Spieth,Jordan Spieth,Birdies,3.5,2.818,-0.682,over,-17.57,2,L,105,132,-1.000,-1.000
2026-07-23T02:15:27.589Z,Royal Portrush Golf Club,The Open Championship 2025,The Open Championship,2025,1,J. Spieth,Jordan Spieth,Birdies,3.5,2.818,-0.682,under,6.53,2,W,-165,-132,0.606,0.758
2026-07-23T02:15:27.589Z,Royal Portrush Golf Club,The Open Championship 2025,The Open Championship,2025,1,L. Aberg,Ludvig Aberg,Birdies,3.5,3.729,0.229,over,-3.36,2,L,-120,105,-1.000,-1.000
2026-07-23T02:15:27.589Z,Royal Portrush Golf Club,The Open Championship 2025,The Open Championship,2025,1,L. Aberg,Ludvig Aberg,Birdies,3.5,3.729,0.229,under,-6.74,2,W,-125,-105,0.800,0.952
2026-07-23T02:15:27.589Z,Royal Portrush Golf Club,The Open Championship 2025,The Open Championship,2025,1,V. Hovland,Viktor Hovland,Birdies,3.5,3.542,0.042,over,-5.14,2,L,-110,108,-1.000,-1.000
2026-07-23T02:15:27.589Z,Royal Portrush Golf Club,The Open Championship 2025,The Open Championship,2025,1,V. Hovland,Viktor Hovland,Birdies,3.5,3.542,0.042,under,-4.69,2,W,-135,-108,0.741,0.926
2026-07-23T02:15:27.589Z,Royal Portrush Golf Club,The Open Championship 2025,The Open Championship,2025,3,M. Fitzpatrick,Matt Fitzpatrick,Birdies,3.5,3.472,-0.028,over,-15.05,3,L,-155,-132,-1.000,-1.000
2026-07-23T02:15:27.589Z,Royal Portrush Golf Club,The Open Championship 2025,The Open Championship,2025,3,M. Fitzpatrick,Matt Fitzpatrick,Birdies,3.5,3.472,-0.028,under,4.27,3,W,100,125,1.000,1.250
2026-07-23T02:15:27.589Z,Royal Portrush Golf Club,The Open Championship 2025,The Open Championship,2025,3,S. Scheffler,Scottie Scheffler,Birdies,4.5,3.487,-1.013,over,-24.01,3,L,-105,104,-1.000,-1.000
2026-07-23T02:15:27.589Z,Royal Portrush Golf Club,The Open Championship 2025,The Open Championship,2025,3,S. Scheffler,Scottie Scheffler,Birdies,4.5,3.487,-1.013,under,10.53,3,W,-165,-104,0.606,0.962
2026-07-23T02:15:27.589Z,Royal Portrush Golf Club,The Open Championship 2025,The Open Championship,2025,4,N. Hojgaard,Nicolai Hojgaard,Birdies,3.5,3.620,0.120,over,-5.64,4,W,-120,101,0.833,1.010
2026-07-23T02:15:27.589Z,Royal Portrush Golf Club,The Open Championship 2025,The Open Championship,2025,4,R. Henley,Russell Henley,Birdies,3.5,3.224,-0.276,over,-17.16,3,L,-135,-110,-1.000,-1.000
2026-07-23T02:15:27.589Z,Royal Portrush Golf Club,The Open Championship 2025,The Open Championship,2025,1,J. Thomas,Justin Thomas,Birdies,3.5,3.304,-0.196,over,-3.40,4,W,120,148,1.200,1.480
2026-07-23T02:15:27.589Z,Royal Portrush Golf Club,The Open Championship 2025,The Open Championship,2025,1,J. Thomas,Justin Thomas,Birdies,3.5,3.304,-0.196,under,-6.34,4,L,-180,-148,-1.000,-1.000
2026-07-23T02:15:27.589Z,Royal Portrush Golf Club,The Open Championship 2025,The Open Championship,2025,1,T. Fleetwood,Tommy Fleetwood,Birdies,3.5,3.080,-0.420,over,-14.15,2,L,-105,115,-1.000,-1.000
2026-07-23T02:15:27.589Z,Royal Portrush Golf Club,The Open Championship 2025,The Open Championship,2025,1,T. Fleetwood,Tommy Fleetwood,Birdies,3.5,3.080,-0.420,under,3.75,2,W,-145,-115,0.690,0.870
2026-07-23T02:15:27.589Z,Royal Portrush Golf Club,The Open Championship 2025,The Open Championship,2025,2,C. Morikawa,Collin Morikawa,Birdies,3.5,3.211,-0.289,over,-11.23,3,L,-105,119,-1.000,-1.000
2026-07-23T02:15:27.589Z,Royal Portrush Golf Club,The Open Championship 2025,The Open Championship,2025,2,C. Morikawa,Collin Morikawa,Birdies,3.5,3.211,-0.289,under,0.82,3,W,-145,-119,0.690,0.840
2026-07-23T02:15:27.589Z,Royal Portrush Golf Club,The Open Championship 2025,The Open Championship,2025,2,S. Lowry,Shane Lowry,Birdies,3.5,3.066,-0.434,over,-15.63,2,L,-110,110,-1.000,-1.000
2026-07-23T02:15:27.589Z,Royal Portrush Golf Club,The Open Championship 2025,The Open Championship,2025,2,S. Lowry,Shane Lowry,Birdies,3.5,3.066,-0.434,under,5.80,2,W,-135,-110,0.741,0.909
2026-07-23T02:15:27.589Z,Royal Portrush Golf Club,The Open Championship 2025,The Open Championship,2025,2,S. Scheffler,Scottie Scheffler,Birdies,3.5,3.496,-0.004,over,-20.42,8,W,-200,-161,0.500,0.621
2026-07-23T02:15:27.589Z,Royal Portrush Golf Club,The Open Championship 2025,The Open Championship,2025,2,S. Scheffler,Scottie Scheffler,Birdies,3.5,3.496,-0.004,under,10.27,8,L,130,159,-1.000,-1.000
2026-07-23T02:15:27.589Z,Royal Portrush Golf Club,The Open Championship 2025,The Open Championship,2025,2,S. Scheffler,Scottie Scheffler,Birdies,4.5,3.496,-1.004,over,-16.10,8,W,130,161,1.300,1.610
2026-07-23T02:15:27.589Z,Royal Portrush Golf Club,The Open Championship 2025,The Open Championship,2025,3,J. Thomas,Justin Thomas,Birdies,3.5,3.163,-0.337,over,-25.36,4,W,-180,-150,0.556,0.667
2026-07-23T02:15:27.589Z,Royal Portrush Golf Club,The Open Championship 2025,The Open Championship,2025,3,J. Thomas,Justin Thomas,Birdies,3.5,3.163,-0.337,under,15.62,4,L,120,150,-1.000,-1.000
2026-07-23T02:15:27.589Z,Royal Portrush Golf Club,The Open Championship 2025,The Open Championship,2025,4,T. Hatton,Tyrrell Hatton,Birdies,4.5,3.044,-1.456,over,-25.23,2,L,125,153,-1.000,-1.000
2026-07-23T02:15:27.589Z,Royal Portrush Golf Club,The Open Championship 2025,The Open Championship,2025,4,T. Hatton,Tyrrell Hatton,Birdies,4.5,3.044,-1.456,under,15.26,2,W,-190,-153,0.526,0.654
2026-07-23T02:15:27.589Z,Royal Portrush Golf Club,The Open Championship 2025,The Open Championship,2025,4,X. Schauffele,Xander Schauffele,Birdies,4.5,3.114,-1.386,over,-26.09,3,L,115,143,-1.000,-1.000
2026-07-23T02:15:27.589Z,Royal Portrush Golf Club,The Open Championship 2025,The Open Championship,2025,4,X. Schauffele,Xander Schauffele,Birdies,4.5,3.114,-1.386,under,15.94,3,W,-175,-143,0.571,0.699
2026-07-23T02:15:27.589Z,TPC Sawgrass (THE PLAYERS Stadium Course),The Players Championship 2025,The Players Championship,2025,2,C. Morikawa,Collin Morikawa,Birdies,4.5,4.263,-0.237,over,-12.31,9,W,-120,105,0.833,1.050
2026-07-23T02:15:27.589Z,TPC Sawgrass (THE PLAYERS Stadium Course),The Players Championship 2025,The Players Championship,2025,2,T. Fleetwood,Tommy Fleetwood,Birdies,4.5,4.383,-0.117,over,-1.96,7,W,115,139,1.150,1.390
2026-07-23T02:15:27.589Z,TPC Sawgrass (THE PLAYERS Stadium Course),The Players Championship 2025,The Players Championship,2025,4,R. MacIntyre,Robert MacIntyre,Birdies,3.5,3.646,0.146,under,-10.24,6,L,-155,-126,-1.000,-1.000
2026-07-23T02:15:27.589Z,TPC Sawgrass (THE PLAYERS Stadium Course),The Players Championship 2025,The Players Championship,2025,4,D. Berger,Daniel Berger,Birdies,3.5,4.164,0.664,over,9.79,6,W,100,126,1.000,1.260
2026-07-23T02:15:27.589Z,TPC Sawgrass (THE PLAYERS Stadium Course),The Players Championship 2025,The Players Championship,2025,2,H. Matsuyama,Hideki Matsuyama,Birdies,4.5,4.232,-0.268,over,-2.81,5,W,125,152,1.250,1.520
2026-07-23T02:15:27.589Z,TPC Sawgrass (THE PLAYERS Stadium Course),The Players Championship 2025,The Players Championship,2025,2,H. Matsuyama,Hideki Matsuyama,Birdies,4.5,4.232,-0.268,under,-7.16,5,L,-190,-152,-1.000,-1.000
2026-07-23T02:15:27.589Z,TPC Sawgrass (THE PLAYERS Stadium Course),The Players Championship 2025,The Players Championship,2025,2,J. Thomas,Justin Thomas,Birdies,3.5,4.364,0.864,over,-2.09,11,W,-190,-154,0.526,0.649
2026-07-23T02:15:27.589Z,TPC Sawgrass (THE PLAYERS Stadium Course),The Players Championship 2025,The Players Championship,2025,2,L. Aberg,Ludvig Aberg,Birdies,4.5,4.693,0.193,over,0.41,3,L,100,121,-1.000,-1.000
2026-07-23T02:15:27.589Z,TPC Sawgrass (THE PLAYERS Stadium Course),The Players Championship 2025,The Players Championship,2025,4,"Cauley, Bud",Bud Cauley,Birdies,3.5,4.357,0.857,over,17.85,3,L,120,145,-1.000,-1.000
2026-07-23T02:15:27.589Z,TPC Sawgrass (THE PLAYERS Stadium Course),The Players Championship 2025,The Players Championship,2025,4,"Cauley, Bud",Bud Cauley,Birdies,3.5,4.357,0.857,under,-27.59,3,W,-180,-150,0.556,0.667
2026-07-23T02:15:27.589Z,TPC Sawgrass (THE PLAYERS Stadium Course),The Players Championship 2025,The Players Championship,2025,4,J.J. Spaun,J.J. Spaun,Birdies,3.5,3.972,0.472,over,8.49,3,L,110,134,-1.000,-1.000
2026-07-23T02:15:27.589Z,TPC Sawgrass (THE PLAYERS Stadium Course),The Players Championship 2025,The Players Championship,2025,4,J.J. Spaun,J.J. Spaun,Birdies,3.5,3.972,0.472,under,-18.37,3,W,-165,-134,0.606,0.746
2026-07-23T02:15:27.589Z,TPC Sawgrass (THE PLAYERS Stadium Course),The Players Championship 2025,The Players Championship,2025,4,L. Glover,Lucas Glover,Birdies,3.5,4.032,0.532,over,7.28,4,W,100,125,1.000,1.250
2026-07-23T02:15:27.589Z,TPC Sawgrass (THE PLAYERS Stadium Course),The Players Championship 2025,The Players Championship,2025,4,L. Glover,Lucas Glover,Birdies,3.5,4.032,0.532,under,-18.06,4,L,-155,-125,-1.000,-1.000
2026-07-23T02:15:27.589Z,TPC Sawgrass (THE PLAYERS Stadium Course),The Players Championship 2025,The Players Championship,2025,3,L. Glover,Lucas Glover,Birdies,3.5,3.928,0.428,over,12.68,5,W,135,165,1.350,1.650
2026-07-23T02:15:27.589Z,TPC Sawgrass (THE PLAYERS Stadium Course),The Players Championship 2025,The Players Championship,2025,3,L. Glover,Lucas Glover,Birdies,3.5,3.928,0.428,under,-21.90,5,L,-200,-165,-1.000,-1.000
2026-07-23T02:15:27.589Z,TPC Sawgrass (THE PLAYERS Stadium Course),The Players Championship 2025,The Players Championship,2025,3,W. Zalatoris,Will Zalatoris,Birdies,3.5,3.961,0.461,over,10.43,4,W,120,146,1.200,1.460
2026-07-23T02:15:27.589Z,TPC Sawgrass (THE PLAYERS Stadium Course),The Players Championship 2025,The Players Championship,2025,4,M. McGreevy,Max McGreevy,Birdies,2.5,3.851,1.351,over,7.26,1,L,-200,-165,-1.000,-1.000
2026-07-23T02:15:27.589Z,TPC Sawgrass (THE PLAYERS Stadium Course),The Players Championship 2025,The Players Championship,2025,4,P. Cantlay,Patrick Cantlay,Birdies,3.5,3.998,0.498,over,5.39,5,W,-105,119,0.952,1.190
2026-07-23T02:15:27.589Z,TPC Sawgrass (THE PLAYERS Stadium Course),The Players Championship 2025,The Players Championship,2025,4,S. Straka,Sepp Straka,Birdies,3.5,4.053,0.553,over,7.68,4,W,100,122,1.000,1.220
2026-07-23T02:15:27.589Z,TPC Sawgrass (THE PLAYERS Stadium Course),The Players Championship 2025,The Players Championship,2025,2,K. Bradley,Keegan Bradley,Birdies,4.5,4.108,-0.392,over,-6.23,5,W,120,147,1.200,1.470
2026-07-23T02:15:27.589Z,TPC Sawgrass (THE PLAYERS Stadium Course),The Players Championship 2025,The Players Championship,2025,2,K. Bradley,Keegan Bradley,Birdies,4.5,4.108,-0.392,under,-3.51,5,L,-180,-147,-1.000,-1.000
2026-07-23T02:15:27.589Z,TPC Sawgrass (THE PLAYERS Stadium Course),The Players Championship 2025,The Players Championship,2025,2,P. Cantlay,Patrick Cantlay,Birdies,4.5,4.103,-0.397,over,-12.09,5,W,-105,118,0.952,1.180
2026-07-23T02:15:27.589Z,TPC Sawgrass (THE PLAYERS Stadium Course),The Players Championship 2025,The Players Championship,2025,2,R. Fowler,Rickie Fowler,Birdies,3.5,4.331,0.831,over,-1.45,4,W,-180,-145,0.556,0.690
2026-07-23T02:15:27.589Z,TPC Sawgrass (THE PLAYERS Stadium Course),The Players Championship 2025,The Players Championship,2025,4,A. Smalley,Alex Smalley,Birdies,3.5,3.717,0.217,over,8.39,3,L,135,168,-1.000,-1.000
2026-07-23T02:15:27.589Z,TPC Sawgrass (THE PLAYERS Stadium Course),The Players Championship 2025,The Players Championship,2025,4,C. Conners,Corey Conners,Birdies,3.5,3.952,0.452,over,9.20,3,L,115,141,-1.000,-1.000
2026-07-23T02:15:27.589Z,TPC Sawgrass (THE PLAYERS Stadium Course),The Players Championship 2025,The Players Championship,2025,3,J.J. Spaun,J.J. Spaun,Birdies,2.5,3.963,1.463,over,11.36,5,W,-180,-150,0.556,0.667
2026-07-23T02:15:27.589Z,TPC Sawgrass (THE PLAYERS Stadium Course),The Players Championship 2025,The Players Championship,2025,3,J.J. Spaun,J.J. Spaun,Birdies,2.5,3.963,1.463,under,-21.10,5,L,120,150,-1.000,-1.000
2026-07-23T02:15:27.589Z,TPC Sawgrass (THE PLAYERS Stadium Course),The Players Championship 2025,The Players Championship,2025,2,S. Scheffler,Scottie Scheffler,Birdies,5.5,4.286,-1.214,over,-19.35,5,L,120,150,-1.000,-1.000
2026-07-23T02:15:27.589Z,TPC Sawgrass (THE PLAYERS Stadium Course),The Players Championship 2025,The Players Championship,2025,2,S. Scheffler,Scottie Scheffler,Birdies,5.5,4.286,-1.214,under,9.61,5,W,-180,-150,0.556,0.667
2026-07-23T02:15:27.589Z,TPC Sawgrass (THE PLAYERS Stadium Course),The Players Championship 2025,The Players Championship,2025,2,X. Schauffele,Xander Schauffele,Birdies,4.5,4.286,-0.214,over,-7.31,3,L,100,123,-1.000,-1.000
2026-07-23T02:15:27.589Z,TPC Sawgrass (THE PLAYERS Stadium Course),The Players Championship 2025,The Players Championship,2025,2,X. Schauffele,Xander Schauffele,Birdies,4.5,4.286,-0.214,under,-3.47,3,W,-155,-123,0.645,0.813
2026-07-23T02:15:27.589Z,TPC Sawgrass (THE PLAYERS Stadium Course),The Players Championship 2025,The Players Championship,2025,4,A. Bhatia,Akshay Bhatia,Birdies,3.5,4.646,1.146,over,15.79,4,W,-110,109,0.909,1.090
2026-07-23T02:15:27.589Z,TPC Sawgrass (THE PLAYERS Stadium Course),The Players Championship 2025,The Players Championship,2025,4,A. Bhatia,Akshay Bhatia,Birdies,3.5,4.646,1.146,under,-25.62,4,L,-135,-109,-1.000,-1.000
2026-07-23T02:15:27.589Z,TPC Sawgrass (THE PLAYERS Stadium Course),The Players Championship 2025,The Players Championship,2025,4,S. Jaeger,Stephan Jaeger,Birdies,3.5,4.209,0.709,over,11.85,3,L,105,128,-1.000,-1.000
2026-07-23T02:15:27.589Z,TPC Sawgrass (THE PLAYERS Stadium Course),The Players Championship 2025,The Players Championship,2025,4,S. Jaeger,Stephan Jaeger,Birdies,3.5,4.209,0.709,under,-21.41,3,W,-155,-128,0.645,0.781
2026-07-23T02:15:27.589Z,TPC Sawgrass (THE PLAYERS Stadium Course),The Players Championship 2025,The Players Championship,2025,4,"Walker, Danny",Danny Walker,Birdies,2.5,4.684,2.184,under,-28.09,4,L,130,158,-1.000,-1.000
2026-07-23T02:15:27.589Z,TPC Sawgrass (THE PLAYERS Stadium Course),The Players Championship 2025,The Players Championship,2025,2,R. Henley,Russell Henley,Birdies,4.5,4.193,-0.307,over,-10.34,4,L,-105,118,-1.000,-1.000
2026-07-23T02:15:27.589Z,TPC Sawgrass (THE PLAYERS Stadium Course),The Players Championship 2025,The Players Championship,2025,2,R. Henley,Russell Henley,Birdies,4.5,4.193,-0.307,under,-0.06,4,W,-145,-118,0.690,0.847
2026-07-23T02:15:27.589Z,TPC Sawgrass (THE PLAYERS Stadium Course),The Players Championship 2025,The Players Championship,2025,2,S. Lowry,Shane Lowry,Birdies,4.5,4.036,-0.464,over,-10.96,3,L,105,130,-1.000,-1.000
2026-07-23T02:15:27.589Z,TPC Sawgrass (THE PLAYERS Stadium Course),The Players Championship 2025,The Players Championship,2025,2,S. Lowry,Shane Lowry,Birdies,4.5,4.036,-0.464,under,-0.08,3,W,-165,-130,0.606,0.769
2026-07-23T02:15:27.589Z,TPC Sawgrass (THE PLAYERS Stadium Course),The Players Championship 2025,The Players Championship,2025,2,V. Hovland,Viktor Hovland,Birdies,3.5,4.209,0.709,over,-0.16,7,W,-155,-128,0.645,0.781
2026-07-23T02:15:27.589Z,TPC Sawgrass (THE PLAYERS Stadium Course),The Players Championship 2025,The Players Championship,2025,2,V. Hovland,Viktor Hovland,Birdies,3.5,4.209,0.709,under,-9.41,7,L,105,128,-1.000,-1.000
2026-07-23T02:15:27.589Z,Sea Island Golf Club (Seaside Course),The RSM Classic,The RSM Classic,2024,2,A. Eckroat,Austin Eckroat,Birdies,3.5,5.120,1.620,over,28.63,4,W,115,144,1.150,1.440
2026-07-23T02:15:27.589Z,Sea Island Golf Club (Seaside Course),The RSM Classic,The RSM Classic,2024,4,T. Kim,S.H. Kim,Birdies,4.5,3.684,-0.816,over,-21.41,5,W,-110,107,0.909,1.070
2026-07-23T02:15:27.589Z,Sea Island Golf Club (Seaside Course),The RSM Classic,The RSM Classic,2024,4,T. Kim,S.H. Kim,Birdies,4.5,3.684,-0.816,under,11.58,5,L,-135,-107,-1.000,-1.000
2026-07-23T02:15:27.589Z,Plantation Course at Kapalua,The Sentry 2024,The Sentry,2024,1,J. Spieth,Jordan Spieth,Birdies,6.5,6.030,-0.470,under,12.53,9,L,110,123,-1.000,-1.000
2026-07-23T02:15:27.589Z,Plantation Course at Kapalua,The Sentry 2024,The Sentry,2024,1,V. Hovland,Viktor Hovland,Birdies,7,6.177,-0.823,under,17.38,9,L,-120,-105,-1.000,-1.000
2026-07-23T02:15:27.589Z,Plantation Course at Kapalua,The Sentry 2024,The Sentry,2024,1,K. Bradley,Keegan Bradley,Birdies,6.5,5.286,-1.214,under,12.74,6,W,-145,-126,0.690,0.794
2026-07-23T02:15:27.589Z,Plantation Course at Kapalua,The Sentry 2024,The Sentry,2024,1,M. Fitzpatrick,Matt Fitzpatrick,Birdies,6.5,6.040,-0.460,under,4.43,6,W,-125,-108,0.800,0.926
2026-07-23T02:15:27.589Z,Plantation Course at Kapalua,The Sentry 2024,The Sentry,2024,1,T. Hatton,Tyrrell Hatton,Birdies,6.5,5.506,-0.994,under,12.95,5,W,-125,-108,0.800,0.926
2026-07-23T02:15:27.589Z,Plantation Course at Kapalua,The Sentry 2024,The Sentry,2024,1,L. Aberg,Ludvig Aberg,Birdies,6.5,7.113,0.613,under,-11.24,5,W,-120,-106,0.833,0.943
2026-07-23T02:15:27.589Z,Plantation Course at Kapalua,The Sentry 2024,The Sentry,2024,1,M. Homa,Max Homa,Birdies,6.5,5.696,-0.804,under,10.95,7,L,-120,-106,-1.000,-1.000
2026-07-23T02:15:27.589Z,Plantation Course at Kapalua,The Sentry 2024,The Sentry,2024,1,R. Fowler,Rickie Fowler,Birdies,6,5.492,-0.508,over,-27.91,8,W,-145,-127,0.690,0.787
2026-07-23T02:15:27.589Z,Plantation Course at Kapalua,The Sentry 2024,The Sentry,2024,1,R. Fowler,Rickie Fowler,Birdies,6,5.492,-0.508,under,21.11,8,L,110,127,-1.000,-1.000
2026-07-23T02:15:27.589Z,Plantation Course at Kapalua,The Sentry 2024,The Sentry,2024,1,S. Theegala,Sahith Theegala,Birdies,5.5,5.586,0.086,under,2.64,10,L,105,121,-1.000,-1.000
2026-07-23T02:15:27.589Z,Plantation Course at Kapalua,The Sentry 2024,The Sentry,2024,1,W. Clark,Wyndham Clark,Birdies,5.5,5.625,0.125,under,3.14,4,W,110,123,1.100,1.230
2026-07-23T02:15:27.589Z,Memorial Park Golf Course,The US Open 2024,The US Open,2024,1,N. Dunlap,Nick Dunlap,Birdies,2,3.733,1.733,over,12.83,7,W,-145,-112,0.690,0.893
2026-07-23T02:15:27.589Z,Memorial Park Golf Course,The US Open 2024,The US Open,2024,1,N. Dunlap,Nick Dunlap,Birdies,2.5,3.733,1.233,over,16.46,7,W,-125,-100,0.800,1.000
2026-07-23T02:15:27.589Z,Memorial Park Golf Course,The US Open 2024,The US Open,2024,1,W. Clark,Wyndham Clark,Birdies,2.5,3.158,0.658,over,13.51,4,W,110,-123,1.100,0.813
2026-07-23T02:15:27.589Z,Memorial Park Golf Course,The US Open 2024,The US Open,2024,1,S. Scheffler,Scottie Scheffler,Birdies,3.5,4.234,0.734,over,12.31,5,W,105,126,1.050,1.260
2026-07-23T02:15:27.589Z,Memorial Park Golf Course,The US Open 2024,The US Open,2024,1,S. Scheffler,Scottie Scheffler,Birdies,3.5,4.234,0.734,under,-21.87,5,L,-155,-126,-1.000,-1.000
2026-07-23T02:15:27.589Z,Memorial Park Golf Course,The US Open 2024,The US Open,2024,1,Tom Hoge,Tom Hoge,Birdies,2,3.057,1.057,over,3.39,5,W,-125,-103,0.800,0.971
2026-07-23T02:15:27.589Z,TPC River Highlands,Travelers Championship 2023,Travelers Championship,2023,3,C. Reavie,Chez Reavie,Total score,68.5,68.286,-0.214,under,1.88,63,W,-105,108,0.952,1.080
2026-07-23T02:15:27.589Z,TPC River Highlands,Travelers Championship 2023,Travelers Championship,2023,4,J. Thomas,Justin Thomas,Total score,66.5,69.345,2.845,over,34.96,67,W,100,113,1.000,1.130
2026-07-23T02:15:27.589Z,TPC River Highlands,Travelers Championship 2023,Travelers Championship,2023,4,J. Thomas,Justin Thomas,Total score,69,69.345,0.345,under,-9.54,67,W,-120,-107,0.833,0.935
2026-07-23T02:15:27.589Z,TPC River Highlands,Travelers Championship 2023,Travelers Championship,2023,4,S. Scheffler,Scottie Scheffler,Total score,67.5,66.531,-0.969,under,13.77,65,W,100,113,1.000,1.130
2026-07-23T02:15:27.589Z,TPC River Highlands,Travelers Championship 2023,Travelers Championship,2023,4,P. Cantlay,Patrick Cantlay,Total score,65.5,68.284,2.784,over,33.21,67,W,-105,105,0.952,1.050
2026-07-23T02:15:27.589Z,TPC River Highlands,Travelers Championship 2023,Travelers Championship,2023,4,P. Cantlay,Patrick Cantlay,Total score,68,68.284,0.284,under,-8.66,67,W,-120,-102,0.833,0.980
2026-07-23T02:15:27.589Z,TPC River Highlands,Travelers Championship 2023,Travelers Championship,2023,4,R. Fowler,Rickie Fowler,Total score,66,68.289,2.289,over,25.19,69,W,-120,-104,0.833,0.962
2026-07-23T02:15:27.589Z,TPC River Highlands,Travelers Championship 2023,Travelers Championship,2023,4,R. Fowler,Rickie Fowler,Total score,68.5,68.289,-0.211,under,1.84,69,L,-105,107,-1.000,-1.000
2026-07-23T02:15:27.589Z,TPC River Highlands,Travelers Championship 2023,Travelers Championship,2023,4,H. Matsuyama,Hideki Matsuyama,Total score,68.5,66.000,-2.500,under,31.83,66,W,100,114,1.000,1.140
2026-07-23T02:15:27.589Z,TPC River Highlands,Travelers Championship 2023,Travelers Championship,2023,1,V. Hovland,Viktor Hovland,Total score,68.5,67.778,-0.722,under,7.97,67,W,-110,103,0.909,1.030
2026-07-23T02:15:27.589Z,TPC River Highlands,Travelers Championship 2023,Travelers Championship,2023,4,S. Theegala,Sahith Theegala,Total score,68.5,67.142,-1.358,under,17.71,71,L,-105,107,-1.000,-1.000
2026-07-23T02:15:27.589Z,TPC River Highlands,Travelers Championship 2023,Travelers Championship,2023,4,V. Hovland,Viktor Hovland,Total score,68,67.743,-0.257,under,-0.83,66,W,-120,-102,0.833,0.980
2026-07-23T02:15:27.589Z,TPC River Highlands,Travelers Championship 2025,Travelers Championship,2025,1,J. Thomas,Justin Thomas,Birdies,4.5,4.800,0.300,over,1.15,4,L,-105,114,-1.000,-1.000
2026-07-23T02:15:27.589Z,TPC River Highlands,Travelers Championship 2025,Travelers Championship,2025,1,J. Thomas,Justin Thomas,Birdies,4.5,4.800,0.300,under,-11.56,4,W,-145,-114,0.690,0.877
2026-07-23T02:15:27.589Z,TPC River Highlands,Travelers Championship 2025,Travelers Championship,2025,1,L. Clanton,Luke Clanton,Birdies,4.5,4.729,0.229,over,3.46,5,W,110,138,1.100,1.380
2026-07-23T02:15:27.589Z,TPC River Highlands,Travelers Championship 2025,Travelers Championship,2025,1,K. Bradley,Keegan Bradley,Birdies,4.5,4.549,0.049,over,-6.83,7,W,-120,106,0.833,1.060
2026-07-23T02:15:27.589Z,TPC River Highlands,Travelers Championship 2025,Travelers Championship,2025,2,K. Bradley,Keegan Bradley,Birdies,3.5,4.601,1.101,over,3.16,3,L,-180,-143,-1.000,-1.000
2026-07-23T02:15:27.589Z,TPC River Highlands,Travelers Championship 2025,Travelers Championship,2025,2,K. Bradley,Keegan Bradley,Birdies,3.5,4.601,1.101,under,-12.90,3,W,120,143,1.200,1.430
2026-07-23T02:15:27.589Z,TPC River Highlands,Travelers Championship 2025,Travelers Championship,2025,2,K. Bradley,Keegan Bradley,Birdies,4.5,4.601,0.101,over,4.25,3,L,125,155,-1.000,-1.000
2026-07-23T02:15:27.589Z,TPC River Highlands,Travelers Championship 2025,Travelers Championship,2025,2,K. Bradley,Keegan Bradley,Birdies,4.5,4.601,0.101,under,-14.21,3,W,-190,-155,0.526,0.645
2026-07-23T02:15:27.589Z,TPC River Highlands,Travelers Championship 2025,Travelers Championship,2025,1,C. Morikawa,Collin Morikawa,Birdies,4.5,4.666,0.166,over,-14.38,4,L,-180,-149,-1.000,-1.000
2026-07-23T02:15:27.589Z,TPC River Highlands,Travelers Championship 2025,Travelers Championship,2025,1,C. Morikawa,Collin Morikawa,Birdies,4.5,4.666,0.166,under,4.64,4,W,120,149,1.200,1.490
2026-07-23T02:15:27.589Z,TPC River Highlands,Travelers Championship 2025,Travelers Championship,2025,1,X. Schauffele,Xander Schauffele,Birdies,4.5,5.027,0.527,over,-7.21,5,W,-175,-140,0.571,0.714
2026-07-23T02:15:27.589Z,TPC River Highlands,Travelers Championship 2025,Travelers Championship,2025,1,X. Schauffele,Xander Schauffele,Birdies,4.5,5.027,0.527,under,-2.93,5,L,115,140,-1.000,-1.000
2026-07-23T02:15:27.589Z,TPC River Highlands,Travelers Championship 2025,Travelers Championship,2025,2,C. Morikawa,Collin Morikawa,Birdies,4.5,4.589,0.089,over,-0.31,3,L,105,157,-1.000,-1.000
2026-07-23T02:15:27.589Z,TPC River Highlands,Travelers Championship 2025,Travelers Championship,2025,2,C. Morikawa,Collin Morikawa,Birdies,4.5,4.589,0.089,under,-9.25,3,W,-155,-127,0.645,0.787
2026-07-23T02:15:27.589Z,TPC River Highlands,Travelers Championship 2025,Travelers Championship,2025,2,X. Schauffele,Xander Schauffele,Birdies,3.5,4.959,1.459,over,7.40,2,L,-190,-142,-1.000,-1.000
2026-07-23T02:15:27.589Z,TPC River Highlands,Travelers Championship 2025,Travelers Championship,2025,2,X. Schauffele,Xander Schauffele,Birdies,4.5,4.959,0.459,over,9.77,2,L,120,148,-1.000,-1.000
2026-07-23T02:15:27.589Z,Quail Hollow Club,Truist Championship,Truist Championship,2026,1,Akshay Bhatia,Akshay Bhatia,Total score,70.5,73.244,2.744,over,25.75,68,L,-140,-119,-1.000,-1.000
2026-07-23T02:15:27.589Z,Quail Hollow Club,Truist Championship,Truist Championship,2026,1,Akshay Bhatia,Akshay Bhatia,Total score,70.5,73.244,2.744,under,-34.08,68,W,100,113,1.000,1.130
2026-07-23T02:15:27.589Z,Quail Hollow Club,Truist Championship,Truist Championship,2026,1,Akshay Bhatia,Akshay Bhatia,Total score,71.5,73.244,1.744,over,23.70,68,L,100,120,-1.000,-1.000
2026-07-23T02:15:27.589Z,Quail Hollow Club,Truist Championship,Truist Championship,2026,1,Akshay Bhatia,Akshay Bhatia,Total score,71.5,73.244,1.744,under,-29.26,68,W,-125,-116,0.800,0.862
2026-07-23T02:15:27.589Z,Quail Hollow Club,Truist Championship,Truist Championship,2026,1,Alex Fitzpatrick,Alex Fitzpatrick,Total score,71.5,70.772,-0.728,over,-12.82,67,L,-110,133,-1.000,-1.000
2026-07-23T02:15:27.589Z,Quail Hollow Club,Truist Championship,Truist Championship,2026,1,Alex Fitzpatrick,Alex Fitzpatrick,Total score,71.5,70.772,-0.728,under,4.88,67,W,-125,-124,0.800,0.806
2026-07-23T02:15:27.589Z,Quail Hollow Club,Truist Championship,Truist Championship,2026,1,Alex Fitzpatrick,Alex Fitzpatrick,Total score,70.5,70.772,0.272,under,-1.56,67,W,110,132,1.100,1.320
2026-07-23T02:15:27.589Z,Quail Hollow Club,Truist Championship,Truist Championship,2026,1,Alex Smalley,Alex Smalley,Total score,70.5,70.242,-0.258,under,4.96,75,L,105,106,-1.000,-1.000
2026-07-23T02:15:27.589Z,Quail Hollow Club,Truist Championship,Truist Championship,2026,1,Alex Smalley,Alex Smalley,Total score,71.5,70.242,-1.258,under,9.30,75,L,-140,-126,-1.000,-1.000
2026-07-23T02:15:27.589Z,Quail Hollow Club,Truist Championship,Truist Championship,2026,1,Ben Griffin,Ben Griffin,Total score,70.5,70.913,0.413,over,-4.03,69,L,-150,-100,-1.000,-1.000
2026-07-23T02:15:27.589Z,Quail Hollow Club,Truist Championship,Truist Championship,2026,1,Ben Griffin,Ben Griffin,Total score,70.5,70.913,0.413,under,-4.75,69,W,105,-101,1.050,0.990
2026-07-23T02:15:27.589Z,Quail Hollow Club,Truist Championship,Truist Championship,2026,1,Cameron Young,Cameron Young,Total score,69.5,72.014,2.514,over,23.64,68,L,-140,-116,-1.000,-1.000
2026-07-23T02:15:27.589Z,Quail Hollow Club,Truist Championship,Truist Championship,2026,1,Cameron Young,Cameron Young,Total score,69.5,72.014,2.514,under,-31.97,68,W,100,-113,1.000,0.885
2026-07-23T02:15:27.589Z,Quail Hollow Club,Truist Championship,Truist Championship,2026,1,Chris Gotterup,Chris Gotterup,Total score,70.5,71.152,0.652,under,-11.75,72,L,-110,-114,-1.000,-1.000
2026-07-23T02:15:27.589Z,Quail Hollow Club,Truist Championship,Truist Championship,2026,1,Harris English,Harris English,Total score,70.5,71.339,0.839,under,-9.60,68,W,110,104,1.100,1.040
2026-07-23T02:15:27.589Z,Quail Hollow Club,Truist Championship,Truist Championship,2026,1,Harris English,Harris English,Total score,71.5,71.339,-0.161,under,-7.66,68,W,-150,-125,0.667,0.800
2026-07-23T02:15:27.589Z,Quail Hollow Club,Truist Championship,Truist Championship,2026,1,Hideki Matsuyama,Hideki Matsuyama,Total score,70.5,71.761,1.261,over,13.13,72,W,-120,-100,0.833,1.000
2026-07-23T02:15:27.589Z,Quail Hollow Club,Truist Championship,Truist Championship,2026,1,Hideki Matsuyama,Hideki Matsuyama,Total score,70.5,71.761,1.261,under,-16.45,72,L,105,100,-1.000,-1.000
2026-07-23T02:15:27.589Z,Quail Hollow Club,Truist Championship,Truist Championship,2026,1,J.J. Spaun,J.J. Spaun,Total score,70.5,70.822,0.322,over,-5.34,69,L,-150,-124,-1.000,-1.000
2026-07-23T02:15:27.589Z,Quail Hollow Club,Truist Championship,Truist Championship,2026,1,J.J. Spaun,J.J. Spaun,Total score,70.5,70.822,0.322,under,-4.66,69,W,100,103,1.000,1.030
2026-07-23T02:15:27.589Z,Quail Hollow Club,Truist Championship,Truist Championship,2026,1,J.J. Spaun,J.J. Spaun,Total score,71.5,70.822,-0.678,under,-2.53,69,W,-165,-130,0.606,0.769
2026-07-23T02:15:27.589Z,Quail Hollow Club,Truist Championship,Truist Championship,2026,1,Jordan Spieth,Jordan Spieth,Total score,70.5,71.341,0.841,over,3.68,71,W,-140,-112,0.714,0.893
2026-07-23T02:15:27.589Z,Quail Hollow Club,Truist Championship,Truist Championship,2026,1,Jordan Spieth,Jordan Spieth,Total score,70.5,71.341,0.841,under,-12.01,71,L,100,105,-1.000,-1.000
2026-07-23T02:15:27.589Z,Quail Hollow Club,Truist Championship,Truist Championship,2026,1,Jordan Spieth,Jordan Spieth,Total score,71.5,71.341,-0.159,over,0.07,71,L,110,131,-1.000,-1.000
2026-07-23T02:15:27.589Z,Quail Hollow Club,Truist Championship,Truist Championship,2026,1,Jordan Spieth,Jordan Spieth,Total score,71.5,71.341,-0.159,under,-9.96,71,W,-165,-131,0.606,0.763
2026-07-23T02:15:27.589Z,Quail Hollow Club,Truist Championship,Truist Championship,2026,1,Justin Rose,Justin Rose,Total score,71.5,71.052,-0.448,over,-5.25,71,L,105,122,-1.000,-1.000
2026-07-23T02:15:27.589Z,Quail Hollow Club,Truist Championship,Truist Championship,2026,1,Justin Rose,Justin Rose,Total score,71.5,71.052,-0.448,under,-1.86,71,W,-140,-113,0.714,0.885
2026-07-23T02:15:27.589Z,Quail Hollow Club,Truist Championship,Truist Championship,2026,1,Justin Rose,Justin Rose,Total score,70.5,71.052,0.552,under,-5.57,71,L,110,108,-1.000,-1.000
2026-07-23T02:15:27.589Z,Quail Hollow Club,Truist Championship,Truist Championship,2026,1,Justin Thomas,Justin Thomas,Total score,70.5,70.437,-0.063,over,-6.46,67,L,-125,-108,-1.000,-1.000
2026-07-23T02:15:27.589Z,Quail Hollow Club,Truist Championship,Truist Championship,2026,1,Justin Thomas,Justin Thomas,Total score,70.5,70.437,-0.063,under,3.29,67,W,110,-102,1.100,0.980
2026-07-23T02:15:27.589Z,Quail Hollow Club,Truist Championship,Truist Championship,2026,1,Matt Fitzpatrick,Matt Fitzpatrick,Total score,69.5,71.598,2.098,under,-25.35,74,L,110,115,-1.000,-1.000
2026-07-23T02:15:27.589Z,Quail Hollow Club,Truist Championship,Truist Championship,2026,1,Matt Fitzpatrick,Matt Fitzpatrick,Total score,70.5,71.598,1.098,under,-21.08,74,L,-125,-118,-1.000,-1.000
2026-07-23T02:15:27.589Z,Quail Hollow Club,Truist Championship,Truist Championship,2026,1,Maverick McNealy,Maverick McNealy,Total score,70.5,71.039,0.539,under,-5.39,75,L,110,-102,-1.000,-1.000
2026-07-23T02:15:27.589Z,Quail Hollow Club,Truist Championship,Truist Championship,2026,1,Min Woo Lee,Min Woo Lee,Total score,70.5,71.514,1.014,over,13.16,72,W,-105,112,0.952,1.120
2026-07-23T02:15:27.589Z,Quail Hollow Club,Truist Championship,Truist Championship,2026,1,Min Woo Lee,Min Woo Lee,Total score,70.5,71.514,1.014,under,-17.87,72,L,-115,-112,-1.000,-1.000
2026-07-23T02:15:27.589Z,Quail Hollow Club,Truist Championship,Truist Championship,2026,1,Patrick Cantlay,Patrick Cantlay,Total score,70.5,71.203,0.703,under,-10.08,72,L,100,-103,-1.000,-1.000
2026-07-23T02:15:27.589Z,Quail Hollow Club,Truist Championship,Truist Championship,2026,1,Rickie Fowler,Rickie Fowler,Total score,70.5,70.780,0.280,over,-0.49,74,W,-120,-102,0.833,0.980
2026-07-23T02:15:27.589Z,Quail Hollow Club,Truist Championship,Truist Championship,2026,1,Rickie Fowler,Rickie Fowler,Total score,70.5,70.780,0.280,under,-5.28,74,L,-105,-104,-1.000,-1.000
2026-07-23T02:15:27.589Z,Quail Hollow Club,Truist Championship,Truist Championship,2026,1,Robert MacIntyre,Robert MacIntyre,Total score,70.5,70.968,0.468,under,-9.14,74,L,-110,-105,-1.000,-1.000
2026-07-23T02:15:27.589Z,Quail Hollow Club,Truist Championship,Truist Championship,2026,1,Rory McIlroy,Rory McIlroy,Total score,69.5,69.202,-0.298,over,-1.93,70,W,110,133,1.100,1.330
2026-07-23T02:15:27.589Z,Quail Hollow Club,Truist Championship,Truist Championship,2026,1,Rory McIlroy,Rory McIlroy,Total score,69.5,69.202,-0.298,under,-4.02,70,L,-140,-133,-1.000,-1.000
2026-07-23T02:15:27.589Z,Quail Hollow Club,Truist Championship,Truist Championship,2026,1,Rory McIlroy,Rory McIlroy,Total score,68.5,69.202,0.702,under,-7.70,70,L,110,130,-1.000,-1.000
2026-07-23T02:15:27.589Z,Quail Hollow Club,Truist Championship,Truist Championship,2026,1,Sam Burns,Sam Burns,Total score,70.5,72.468,1.968,under,-26.29,74,L,100,-103,-1.000,-1.000
2026-07-23T02:15:27.589Z,Quail Hollow Club,Truist Championship,Truist Championship,2026,1,Sepp Straka,Sepp Straka,Total score,70.5,71.905,1.405,over,13.97,66,L,-125,-106,-1.000,-1.000
2026-07-23T02:15:27.589Z,Quail Hollow Club,Truist Championship,Truist Championship,2026,1,Sepp Straka,Sepp Straka,Total score,70.5,71.905,1.405,under,-17.14,66,W,110,-102,1.100,0.980
2026-07-23T02:15:27.589Z,Quail Hollow Club,Truist Championship,Truist Championship,2026,1,Si Woo Kim,Si Woo Kim,Total score,70.5,70.737,0.237,over,3.44,70,L,100,120,-1.000,-1.000
2026-07-23T02:15:27.589Z,Quail Hollow Club,Truist Championship,Truist Championship,2026,1,Si Woo Kim,Si Woo Kim,Total score,70.5,70.737,0.237,under,-6.93,70,W,-115,-120,0.870,0.833
2026-07-23T02:15:27.589Z,Quail Hollow Club,Truist Championship,Truist Championship,2026,1,Tommy Fleetwood,Tommy Fleetwood,Total score,70.5,70.775,0.275,over,6.36,67,L,110,131,-1.000,-1.000
2026-07-23T02:15:27.589Z,Quail Hollow Club,Truist Championship,Truist Championship,2026,1,Tommy Fleetwood,Tommy Fleetwood,Total score,70.5,70.775,0.275,under,-12.32,67,W,-140,-117,0.714,0.855
2026-07-23T02:15:27.589Z,Quail Hollow Club,Truist Championship,Truist Championship,2026,1,Tommy Fleetwood,Tommy Fleetwood,Total score,69.5,70.775,1.275,under,-15.47,67,W,110,128,1.100,1.280
2026-07-23T02:15:27.589Z,Quail Hollow Club,Truist Championship,Truist Championship,2026,1,Viktor Hovland,Viktor Hovland,Total score,70.5,70.974,0.474,over,3.36,69,L,-115,103,-1.000,-1.000
2026-07-23T02:15:27.589Z,Quail Hollow Club,Truist Championship,Truist Championship,2026,1,Viktor Hovland,Viktor Hovland,Total score,70.5,70.974,0.474,under,-9.23,69,W,-110,-103,0.909,0.971
2026-07-23T02:15:27.589Z,Quail Hollow Club,Truist Championship,Truist Championship,2026,1,Xander Schauffele,Xander Schauffele,Total score,69.5,69.350,-0.150,over,-6.72,69,L,-120,-102,-1.000,-1.000
2026-07-23T02:15:27.589Z,Quail Hollow Club,Truist Championship,Truist Championship,2026,1,Xander Schauffele,Xander Schauffele,Total score,69.5,69.350,-0.150,under,4.56,69,W,110,-105,1.100,0.952
2026-07-23T02:15:27.589Z,The Philadelphia Cricket Club (Wissahickon Course),Truist Championship 2025,Truist Championship,2025,3,C. Morikawa,Collin Morikawa,Birdies,4.5,4.174,-0.326,over,-16.94,3,L,-135,-107,-1.000,-1.000
2026-07-23T02:15:27.589Z,The Philadelphia Cricket Club (Wissahickon Course),Truist Championship 2025,Truist Championship,2025,3,C. Morikawa,Collin Morikawa,Birdies,4.5,4.174,-0.326,under,7.11,3,W,-110,107,0.909,1.070
2026-07-23T02:15:27.589Z,The Philadelphia Cricket Club (Wissahickon Course),Truist Championship 2025,Truist Championship,2025,3,K. Mitchell,Keith Mitchell,Birdies,3.5,4.581,1.081,over,14.74,4,W,-110,109,0.909,1.090
2026-07-23T02:15:27.589Z,The Philadelphia Cricket Club (Wissahickon Course),Truist Championship 2025,Truist Championship,2025,3,K. Mitchell,Keith Mitchell,Birdies,3.5,4.581,1.081,under,-24.57,4,L,-135,-109,-1.000,-1.000
2026-07-23T02:15:27.589Z,The Philadelphia Cricket Club (Wissahickon Course),Truist Championship 2025,Truist Championship,2025,3,S. Lowry,Shane Lowry,Birdies,3.5,4.132,0.632,over,0.00,5,W,-145,-114,0.690,0.877
2026-07-23T02:15:27.589Z,The Philadelphia Cricket Club (Wissahickon Course),Truist Championship 2025,Truist Championship,2025,3,S. Lowry,Shane Lowry,Birdies,3.5,4.132,0.632,under,-10.41,5,L,-105,114,-1.000,-1.000
2026-07-23T02:15:27.589Z,Augusta National Golf Club,US Masters 2023,US Masters,2023,4,B. Koepka,Brooks Koepka,Total score,71,70.829,-0.171,under,-2.07,75,L,-120,-102,-1.000,-1.000
2026-07-23T02:15:27.589Z,Augusta National Golf Club,US Masters 2023,US Masters,2023,4,B. Koepka,Brooks Koepka,Birdies,4,3.786,-0.214,over,-14.68,3,L,110,123,-1.000,-1.000
2026-07-23T02:15:27.589Z,Augusta National Golf Club,US Masters 2023,US Masters,2023,4,B. Koepka,Brooks Koepka,Birdies,4,3.786,-0.214,under,7.87,3,W,-145,-123,0.690,0.813
2026-07-23T02:15:27.589Z,Augusta National Golf Club,US Masters 2023,US Masters,2023,4,J. Rahm,Jon Rahm,Total score,70,70.338,0.338,over,0.35,69,L,-120,-103,-1.000,-1.000
2026-07-23T02:15:27.589Z,Augusta National Golf Club,US Masters 2023,US Masters,2023,4,J. Rahm,Jon Rahm,Total score,70,70.338,0.338,under,-7.28,69,W,-110,103,0.909,1.030
2026-07-23T02:15:27.589Z,Augusta National Golf Club,US Masters 2023,US Masters,2023,3,B. Koepka,Brooks Koepka,Birdies,3.5,3.848,0.348,over,2.41,2,L,-105,109,-1.000,-1.000
2026-07-23T02:15:27.589Z,Augusta National Golf Club,US Masters 2023,US Masters,2023,3,J. Rahm,Jon Rahm,Birdies,4,3.723,-0.277,over,-14.79,3,L,115,129,-1.000,-1.000
2026-07-23T02:15:27.589Z,Augusta National Golf Club,US Masters 2023,US Masters,2023,3,S. Bennett,Sam Bennett,Birdies,2.5,2.322,-0.178,under,12.51,1,W,115,128,1.150,1.280
2026-07-23T02:15:27.589Z,Augusta National Golf Club,US Masters 2023,US Masters,2023,2,B. Koepka,Brooks Koepka,Total score,70.5,72.443,1.943,under,-26.01,67,W,100,114,1.000,1.140
2026-07-23T02:15:27.589Z,Augusta National Golf Club,US Masters 2023,US Masters,2023,3,V. Hovland,Viktor Hovland,Total score,72.5,71.025,-1.475,over,-19.20,70,L,105,117,-1.000,-1.000
2026-07-23T02:15:27.589Z,Augusta National Golf Club,US Masters 2023,US Masters,2023,2,J. Rahm,Jon Rahm,Total score,69.5,70.890,1.390,over,14.79,69,L,-120,-105,-1.000,-1.000
2026-07-23T02:15:27.589Z,Augusta National Golf Club,US Masters 2023,US Masters,2023,2,J. Rahm,Jon Rahm,Birdies,4.5,3.704,-0.796,over,-15.16,5,W,115,128,1.150,1.280
2026-07-23T02:15:27.589Z,Augusta National Golf Club,US Masters 2023,US Masters,2023,1,S. Scheffler,Scottie Scheffler,Total score,70,71.045,1.045,over,10.26,68,L,-120,-102,-1.000,-1.000
2026-07-23T02:15:27.589Z,Augusta National Golf Club,US Masters 2023,US Masters,2023,2,M. Homa,Max Homa,Total score,70,74.155,4.155,under,-45.84,73,L,-110,102,-1.000,-1.000
2026-07-23T02:15:27.589Z,Augusta National Golf Club,US Masters 2023,US Masters,2023,2,S. Bennett,Sam Bennett,Total score,71.5,74.095,2.595,over,28.19,68,L,-120,-107,-1.000,-1.000
2026-07-23T02:15:27.589Z,Augusta National Golf Club,US Masters 2023,US Masters,2023,4,P. Cantlay,Patrick Cantlay,Total score,70.5,71.422,0.922,under,-11.90,75,L,105,117,-1.000,-1.000
2026-07-23T02:15:27.589Z,Augusta National Golf Club,US Masters 2023,US Masters,2023,4,V. Hovland,Viktor Hovland,Total score,70.5,71.497,0.997,under,-12.94,74,L,105,117,-1.000,-1.000
2026-07-23T02:15:27.589Z,Augusta National Golf Club,US Masters 2023,US Masters,2023,4,V. Hovland,Viktor Hovland,Birdies,4,3.817,-0.183,over,-23.90,2,L,-135,-117,-1.000,-1.000
2026-07-23T02:15:27.589Z,Augusta National Golf Club,US Masters 2023,US Masters,2023,4,P. Reed,Patrick Reed,Total score,72,71.730,-0.270,over,-9.47,68,L,-125,-111,-1.000,-1.000
2026-07-23T02:15:27.589Z,Augusta National Golf Club,US Masters 2023,US Masters,2023,4,X. Schauffele,Xander Schauffele,Total score,71.5,71.994,0.494,under,-9.50,71,W,-110,101,0.909,1.010
2026-07-23T02:15:27.589Z,Augusta National Golf Club,US Masters 2023,US Masters,2023,1,J. Spieth,Jordan Spieth,Total score,71,71.403,0.403,under,-4.61,69,W,105,117,1.050,1.170
2026-07-23T02:15:27.589Z,Augusta National Golf Club,US Masters 2023,US Masters,2023,1,T. Finau,Tony Finau,Total score,71.5,71.836,0.336,under,-9.41,69,W,-120,-105,0.833,0.952
2026-07-23T02:15:27.589Z,Augusta National Golf Club,US Masters 2023,US Masters,2023,1,T. Woods,Tiger Woods,Total score,72,72.689,0.689,over,11.11,74,W,105,116,1.050,1.160
2026-07-23T02:15:27.589Z,Augusta National Golf Club,US Masters 2023,US Masters,2023,1,T. Woods,Tiger Woods,Total score,72,72.689,0.689,under,-17.33,74,L,-135,-116,-1.000,-1.000
2026-07-23T02:15:27.589Z,Augusta National Golf Club,US Masters 2023,US Masters,2023,1,T. Woods,Tiger Woods,Birdies,3.5,2.798,-0.702,over,-26.69,3,L,-135,-117,-1.000,-1.000
2026-07-23T02:15:27.589Z,Augusta National Golf Club,US Masters 2023,US Masters,2023,2,T. Woods,Tiger Woods,Total score,72,72.070,0.070,over,-1.37,73,W,-110,101,0.909,1.010
2026-07-23T02:15:27.589Z,Augusta National Golf Club,US Masters 2023,US Masters,2023,2,T. Woods,Tiger Woods,Birdies,3.5,2.985,-0.515,over,-13.84,2,L,105,118,-1.000,-1.000
2026-07-23T02:15:27.589Z,Augusta National Golf Club,US Masters 2023,US Masters,2023,2,X. Schauffele,Xander Schauffele,Total score,71,72.719,1.719,under,-23.41,74,L,100,110,-1.000,-1.000
2026-07-23T02:15:27.589Z,Augusta National Golf Club,US Masters 2024,US Masters,2024,3,A. Scott,Adam Scott,Birdies,3.5,2.937,-0.563,over,-25.32,6,W,-145,-128,0.690,0.781
2026-07-23T02:15:27.589Z,Augusta National Golf Club,US Masters 2024,US Masters,2024,3,A. Scott,Adam Scott,Birdies,3.5,2.937,-0.563,under,18.52,6,L,110,125,-1.000,-1.000
2026-07-23T02:15:27.589Z,Augusta National Golf Club,US Masters 2024,US Masters,2024,4,B. Dechambeau,Bryson DeChambeau,Birdies,4,3.439,-0.561,over,-21.31,2,L,110,124,-1.000,-1.000
2026-07-23T02:15:27.589Z,Augusta National Golf Club,US Masters 2024,US Masters,2024,4,B. Dechambeau,Bryson DeChambeau,Birdies,4,3.439,-0.561,under,14.51,2,W,-145,-124,0.690,0.806
2026-07-23T02:15:27.589Z,Augusta National Golf Club,US Masters 2024,US Masters,2024,3,C. Smith,Cameron Smith,Birdies,3.5,3.457,-0.043,over,-13.78,1,L,-145,-123,-1.000,-1.000
2026-07-23T02:15:27.589Z,Augusta National Golf Club,US Masters 2024,US Masters,2024,3,C. Smith,Cameron Smith,Birdies,3.5,3.457,-0.043,under,6.97,1,W,110,123,1.100,1.230
2026-07-23T02:15:27.589Z,Augusta National Golf Club,US Masters 2024,US Masters,2024,3,C. Smith,Cameron Smith,Birdies,4,3.457,-0.543,over,-24.57,1,L,-105,116,-1.000,-1.000
2026-07-23T02:15:27.589Z,Augusta National Golf Club,US Masters 2024,US Masters,2024,3,C. Smith,Cameron Smith,Birdies,4,3.457,-0.543,under,17.80,1,W,-125,-116,0.800,0.862
2026-07-23T02:15:27.589Z,Augusta National Golf Club,US Masters 2024,US Masters,2024,1,C. Smith,Cameron Smith,Birdies,3.5,3.798,0.298,over,2.61,3,L,100,113,-1.000,-1.000
2026-07-23T02:15:27.589Z,Augusta National Golf Club,US Masters 2024,US Masters,2024,1,V. Hovland,Viktor Hovland,Birdies,3.5,3.636,0.136,over,-3.14,5,W,-110,102,0.909,1.020
2026-07-23T02:15:27.589Z,Augusta National Golf Club,US Masters 2024,US Masters,2024,1,V. Hovland,Viktor Hovland,Birdies,3.5,3.636,0.136,under,-3.79,5,L,-120,-102,-1.000,-1.000
2026-07-23T02:15:27.589Z,Augusta National Golf Club,US Masters 2024,US Masters,2024,1,W. Clark,Wyndham Clark,Birdies,3.5,4.228,0.728,over,8.60,3,L,-110,102,-1.000,-1.000
2026-07-23T02:15:27.589Z,Augusta National Golf Club,US Masters 2024,US Masters,2024,2,C. Smith,Cameron Smith,Birdies,3.5,3.647,0.147,over,-6.08,3,L,-125,-111,-1.000,-1.000
2026-07-23T02:15:27.589Z,Augusta National Golf Club,US Masters 2024,US Masters,2024,2,C. Smith,Cameron Smith,Birdies,3.5,3.647,0.147,under,0.53,3,W,100,111,1.000,1.110
2026-07-23T02:15:27.589Z,Augusta National Golf Club,US Masters 2024,US Masters,2024,2,V. Hovland,Viktor Hovland,Birdies,3.5,3.565,0.065,over,-11.45,1,L,-145,126,-1.000,-1.000
2026-07-23T02:15:27.589Z,Augusta National Golf Club,US Masters 2024,US Masters,2024,2,V. Hovland,Viktor Hovland,Birdies,3.5,3.565,0.065,under,5.76,1,W,115,-126,1.150,0.794
2026-07-23T02:15:27.589Z,Augusta National Golf Club,US Masters 2024,US Masters,2024,2,W. Clark,Wyndham Clark,Birdies,3.5,4.056,0.556,over,11.23,1,L,115,130,-1.000,-1.000
2026-07-23T02:15:27.589Z,Augusta National Golf Club,US Masters 2024,US Masters,2024,2,W. Clark,Wyndham Clark,Birdies,3.5,4.056,0.556,under,-5.36,1,W,110,-130,1.100,0.769
2026-07-23T02:15:27.589Z,Augusta National Golf Club,US Masters 2024,US Masters,2024,1,C. Morikawa,Collin Morikawa,Birdies,3.5,3.162,-0.338,over,-12.32,3,L,-105,-124,-1.000,-1.000
2026-07-23T02:15:27.589Z,Augusta National Golf Club,US Masters 2024,US Masters,2024,1,C. Morikawa,Collin Morikawa,Birdies,3.5,3.162,-0.338,under,6.55,3,W,-120,130,0.833,1.300
2026-07-23T02:15:27.589Z,Augusta National Golf Club,US Masters 2024,US Masters,2024,1,D. Johnson,Dustin Johnson,Birdies,3.5,3.510,0.010,over,-4.67,0,L,-105,-124,-1.000,-1.000
2026-07-23T02:15:27.589Z,Augusta National Golf Club,US Masters 2024,US Masters,2024,1,D. Johnson,Dustin Johnson,Birdies,3.5,3.510,0.010,under,-1.10,0,W,-120,130,0.833,1.300
2026-07-23T02:15:27.589Z,Augusta National Golf Club,US Masters 2024,US Masters,2024,1,T. Fleetwood,Tommy Fleetwood,Birdies,3.5,3.063,-0.437,over,-15.69,3,L,-110,-123,-1.000,-1.000
2026-07-23T02:15:27.589Z,Augusta National Golf Club,US Masters 2024,US Masters,2024,1,T. Fleetwood,Tommy Fleetwood,Birdies,4,3.063,-0.937,over,-26.97,3,L,115,131,-1.000,-1.000
2026-07-23T02:15:27.589Z,Augusta National Golf Club,US Masters 2024,US Masters,2024,1,T. Fleetwood,Tommy Fleetwood,Birdies,4,3.063,-0.937,under,21.27,3,W,-145,-131,0.690,0.763
2026-07-23T02:15:27.589Z,Augusta National Golf Club,US Masters 2024,US Masters,2024,2,C. Morikawa,Collin Morikawa,Birdies,3.5,3.061,-0.439,over,-20.80,5,W,-135,-115,0.741,0.870
2026-07-23T02:15:27.589Z,Augusta National Golf Club,US Masters 2024,US Masters,2024,2,C. Morikawa,Collin Morikawa,Birdies,3.5,3.061,-0.439,under,13.36,5,L,100,115,-1.000,-1.000
2026-07-23T02:15:27.589Z,Augusta National Golf Club,US Masters 2024,US Masters,2024,2,D. Johnson,Dustin Johnson,Birdies,3.5,3.326,-0.174,under,8.68,1,W,105,120,1.050,1.200
2026-07-23T02:15:27.589Z,Augusta National Golf Club,US Masters 2024,US Masters,2024,2,T. Fleetwood,Tommy Fleetwood,Birdies,3.5,2.993,-0.507,under,18.37,3,W,115,130,1.150,1.300
2026-07-23T02:15:27.589Z,Augusta National Golf Club,US Masters 2024,US Masters,2024,1,B. Dechambeau,Bryson DeChambeau,Birdies,3.5,3.566,0.066,over,-11.43,8,W,-145,-125,0.690,0.800
2026-07-23T02:15:27.589Z,Augusta National Golf Club,US Masters 2024,US Masters,2024,1,B. Dechambeau,Bryson DeChambeau,Birdies,3.5,3.566,0.066,under,4.63,8,L,110,125,-1.000,-1.000
2026-07-23T02:15:27.589Z,Augusta National Golf Club,US Masters 2024,US Masters,2024,1,G. Woodland,Gary Woodland,Birdies,3.5,3.202,-0.298,under,1.02,3,W,-145,-125,0.690,0.800
2026-07-23T02:15:27.589Z,Augusta National Golf Club,US Masters 2024,US Masters,2024,1,T. Olesen,Thorbjorn Olesen,Birdies,3.5,3.184,-0.316,under,3.16,6,L,-135,-118,-1.000,-1.000
2026-07-23T02:15:27.589Z,Augusta National Golf Club,US Masters 2024,US Masters,2024,2,B. Dechambeau,Bryson DeChambeau,Birdies,3.5,3.636,0.136,over,-5.30,3,L,-120,-105,-1.000,-1.000
2026-07-23T02:15:27.589Z,Augusta National Golf Club,US Masters 2024,US Masters,2024,2,B. Dechambeau,Bryson DeChambeau,Birdies,3.5,3.636,0.136,under,-0.46,3,W,-105,105,0.952,1.050
2026-07-23T02:15:27.589Z,Augusta National Golf Club,US Masters 2024,US Masters,2024,2,G. Woodland,Gary Woodland,Birdies,2.5,3.121,0.621,over,7.96,2,L,-110,100,-1.000,-1.000
2026-07-23T02:15:27.589Z,Augusta National Golf Club,US Masters 2024,US Masters,2024,2,G. Woodland,Gary Woodland,Birdies,3,3.121,0.121,under,7.47,2,W,-120,-107,0.833,0.935
2026-07-23T02:15:27.589Z,Augusta National Golf Club,US Masters 2024,US Masters,2024,2,T. Olesen,Thorbjorn Olesen,Birdies,3,3.204,0.204,over,-15.72,2,L,-125,-113,-1.000,-1.000
2026-07-23T02:15:27.589Z,Augusta National Golf Club,US Masters 2024,US Masters,2024,2,T. Olesen,Thorbjorn Olesen,Birdies,3,3.204,0.204,under,10.16,2,W,100,113,1.000,1.130
2026-07-23T02:15:27.589Z,Augusta National Golf Club,US Masters 2024,US Masters,2024,1,H. Matsuyama,Hideki Matsuyama,Birdies,3.5,3.581,0.081,over,-7.48,1,L,-125,-110,-1.000,-1.000
2026-07-23T02:15:27.589Z,Augusta National Golf Club,US Masters 2024,US Masters,2024,1,J. Thomas,Justin Thomas,Birdies,3.5,3.221,-0.279,over,-9.78,3,L,100,112,-1.000,-1.000
2026-07-23T02:15:27.589Z,Augusta National Golf Club,US Masters 2024,US Masters,2024,1,W. Zalatoris,Will Zalatoris,Birdies,3.5,3.440,-0.060,over,-4.96,4,W,100,115,1.000,1.150
2026-07-23T02:15:27.589Z,Augusta National Golf Club,US Masters 2024,US Masters,2024,2,H. Matsuyama,Hideki Matsuyama,Birdies,3.5,3.421,-0.079,over,-4.16,3,L,105,120,-1.000,-1.000
2026-07-23T02:15:27.589Z,Augusta National Golf Club,US Masters 2024,US Masters,2024,2,H. Matsuyama,Hideki Matsuyama,Birdies,3.5,3.421,-0.079,under,-2.07,3,W,-135,-120,0.741,0.833
2026-07-23T02:15:27.589Z,Augusta National Golf Club,US Masters 2024,US Masters,2024,2,H. Matsuyama,Hideki Matsuyama,Birdies,4,3.421,-0.579,under,14.84,3,W,-145,-128,0.690,0.781
2026-07-23T02:15:27.589Z,Augusta National Golf Club,US Masters 2024,US Masters,2024,2,J. Thomas,Justin Thomas,Birdies,3,3.140,0.140,over,-20.77,2,L,-145,-127,-1.000,-1.000
2026-07-23T02:15:27.589Z,Augusta National Golf Club,US Masters 2024,US Masters,2024,2,J. Thomas,Justin Thomas,Birdies,3,3.140,0.140,under,13.97,2,W,110,127,1.100,1.270
2026-07-23T02:15:27.589Z,Augusta National Golf Club,US Masters 2024,US Masters,2024,2,J. Thomas,Justin Thomas,Birdies,3.5,3.140,-0.360,under,11.59,2,W,100,115,1.000,1.150
2026-07-23T02:15:27.589Z,Augusta National Golf Club,US Masters 2024,US Masters,2024,2,W. Zalatoris,Will Zalatoris,Birdies,3,3.336,0.336,over,-16.42,2,L,-145,-131,-1.000,-1.000
2026-07-23T02:15:27.589Z,Augusta National Golf Club,US Masters 2024,US Masters,2024,2,W. Zalatoris,Will Zalatoris,Birdies,3,3.336,0.336,under,9.62,2,W,110,127,1.100,1.270
2026-07-23T02:15:27.589Z,Augusta National Golf Club,US Masters 2024,US Masters,2024,2,W. Zalatoris,Will Zalatoris,Birdies,3.5,3.336,-0.164,over,-14.69,2,L,-135,-115,-1.000,-1.000
2026-07-23T02:15:27.589Z,Augusta National Golf Club,US Masters 2024,US Masters,2024,2,W. Zalatoris,Will Zalatoris,Birdies,3.5,3.336,-0.164,under,7.24,2,W,100,115,1.000,1.150
2026-07-23T02:15:27.589Z,Augusta National Golf Club,US Masters 2024,US Masters,2024,1,J. Spieth,Jordan Spieth,Birdies,3.5,4.061,0.561,over,3.29,2,L,-120,-103,-1.000,-1.000
2026-07-23T02:15:27.589Z,Augusta National Golf Club,US Masters 2024,US Masters,2024,1,J. Spieth,Jordan Spieth,Birdies,4,4.061,0.061,over,-8.20,2,L,115,120,-1.000,-1.000
2026-07-23T02:15:27.589Z,Augusta National Golf Club,US Masters 2024,US Masters,2024,1,J. Spieth,Jordan Spieth,Birdies,4,4.061,0.061,under,2.51,2,W,-145,-127,0.690,0.787
2026-07-23T02:15:27.589Z,Augusta National Golf Club,US Masters 2024,US Masters,2024,1,L. Aberg,Ludvig Aberg,Birdies,3.5,3.533,0.033,over,-5.33,2,L,-110,-127,-1.000,-1.000
2026-07-23T02:15:27.589Z,Augusta National Golf Club,US Masters 2024,US Masters,2024,1,L. Aberg,Ludvig Aberg,Birdies,3.5,3.533,0.033,under,-1.59,2,W,-120,-104,0.833,0.962
2026-07-23T02:15:27.589Z,Augusta National Golf Club,US Masters 2024,US Masters,2024,1,L. Aberg,Ludvig Aberg,Birdies,4,3.533,-0.467,over,-18.43,2,L,115,132,-1.000,-1.000
2026-07-23T02:15:27.589Z,Augusta National Golf Club,US Masters 2024,US Masters,2024,1,S. Theegala,Sahith Theegala,Birdies,3.5,3.768,0.268,over,3.21,1,L,105,-119,-1.000,-1.000
2026-07-23T02:15:27.589Z,Augusta National Golf Club,US Masters 2024,US Masters,2024,1,S. Theegala,Sahith Theegala,Birdies,3.5,3.768,0.268,under,-9.44,1,W,-135,119,0.741,1.190
2026-07-23T02:15:27.589Z,Augusta National Golf Club,US Masters 2024,US Masters,2024,2,J. Spieth,Jordan Spieth,Birdies,3.5,3.849,0.349,under,-1.27,2,W,110,125,1.100,1.250
2026-07-23T02:15:27.589Z,Augusta National Golf Club,US Masters 2024,US Masters,2024,1,J. Rahm,Jon Rahm,Birdies,3.5,3.958,0.458,over,-3.36,4,W,-145,-131,0.690,0.763
2026-07-23T02:15:27.589Z,Augusta National Golf Club,US Masters 2024,US Masters,2024,1,M. Fitzpatrick,Matt Fitzpatrick,Birdies,3.5,3.377,-0.123,over,-10.88,5,W,-120,-102,0.833,0.980
2026-07-23T02:15:27.589Z,Augusta National Golf Club,US Masters 2024,US Masters,2024,1,M. Fitzpatrick,Matt Fitzpatrick,Birdies,3.5,3.377,-0.123,under,3.96,5,L,-110,102,-1.000,-1.000
2026-07-23T02:15:27.589Z,Augusta National Golf Club,US Masters 2024,US Masters,2024,2,J. Rahm,Jon Rahm,Birdies,3.5,3.832,0.332,over,-2.25,2,L,-125,-115,-1.000,-1.000
2026-07-23T02:15:27.589Z,Augusta National Golf Club,US Masters 2024,US Masters,2024,2,J. Rahm,Jon Rahm,Birdies,4,3.832,-0.168,over,-21.72,2,L,-125,-114,-1.000,-1.000
2026-07-23T02:15:27.589Z,Augusta National Golf Club,US Masters 2024,US Masters,2024,2,J. Rahm,Jon Rahm,Birdies,4,3.832,-0.168,under,16.16,2,W,100,114,1.000,1.140
2026-07-23T02:15:27.589Z,Augusta National Golf Club,US Masters 2024,US Masters,2024,2,M. Fitzpatrick,Matt Fitzpatrick,Birdies,3.5,3.336,-0.164,over,-7.24,1,L,100,115,-1.000,-1.000
2026-07-23T02:15:27.589Z,Augusta National Golf Club,US Masters 2024,US Masters,2024,2,M. Fitzpatrick,Matt Fitzpatrick,Birdies,3.5,3.336,-0.164,under,-0.21,1,W,-135,-113,0.741,0.885
2026-07-23T02:15:27.589Z,Augusta National Golf Club,US Masters 2024,US Masters,2024,2,M. Fitzpatrick,Matt Fitzpatrick,Birdies,4,3.336,-0.664,over,-23.22,1,L,110,122,-1.000,-1.000
2026-07-23T02:15:27.589Z,Augusta National Golf Club,US Masters 2024,US Masters,2024,2,M. Fitzpatrick,Matt Fitzpatrick,Birdies,4,3.336,-0.664,under,18.15,1,W,-135,-122,0.741,0.820
2026-07-23T02:15:27.589Z,Augusta National Golf Club,US Masters 2024,US Masters,2024,2,N. Dunlap,Nick Dunlap,Birdies,2.5,3.704,1.204,over,12.34,5,W,-145,-126,0.690,0.794
2026-07-23T02:15:27.589Z,Augusta National Golf Club,US Masters 2024,US Masters,2024,2,N. Dunlap,Nick Dunlap,Birdies,2.5,3.704,1.204,under,-19.14,5,L,110,126,-1.000,-1.000
2026-07-23T02:15:27.589Z,Augusta National Golf Club,US Masters 2024,US Masters,2024,2,N. Dunlap,Nick Dunlap,Birdies,3,3.704,0.704,under,2.82,5,L,115,128,-1.000,-1.000
2026-07-23T02:15:27.589Z,Augusta National Golf Club,US Masters 2024,US Masters,2024,3,B. Dechambeau,Bryson DeChambeau,Birdies,4.5,3.404,-1.096,over,-24.34,4,L,100,120,-1.000,-1.000
2026-07-23T02:15:27.589Z,Augusta National Golf Club,US Masters 2024,US Masters,2024,3,B. Dechambeau,Bryson DeChambeau,Birdies,4.5,3.404,-1.096,under,18.79,4,W,-125,-135,0.800,0.741
2026-07-23T02:15:27.589Z,Augusta National Golf Club,US Masters 2024,US Masters,2024,3,M. Homa,Max Homa,Birdies,4,2.945,-1.055,over,-41.63,0,L,-145,-111,-1.000,-1.000
2026-07-23T02:15:27.589Z,Augusta National Golf Club,US Masters 2024,US Masters,2024,3,M. Homa,Max Homa,Birdies,4,2.945,-1.055,under,35.93,0,W,115,111,1.150,1.110
2026-07-23T02:15:27.589Z,Augusta National Golf Club,US Masters 2024,US Masters,2024,3,M. Homa,Max Homa,Birdies,4.5,2.945,-1.555,over,-30.06,0,L,110,117,-1.000,-1.000
2026-07-23T02:15:27.589Z,Augusta National Golf Club,US Masters 2024,US Masters,2024,3,M. Homa,Max Homa,Birdies,4.5,2.945,-1.555,under,23.26,0,W,-145,-117,0.690,0.855
2026-07-23T02:15:27.589Z,Augusta National Golf Club,US Masters 2024,US Masters,2024,4,L. Aberg,Ludvig Aberg,Birdies,4,3.522,-0.478,over,-24.51,5,W,-110,-101,0.909,0.990
2026-07-23T02:15:27.589Z,Augusta National Golf Club,US Masters 2024,US Masters,2024,4,L. Aberg,Ludvig Aberg,Birdies,4,3.522,-0.478,under,19.75,5,L,-110,101,-1.000,-1.000
2026-07-23T02:15:27.589Z,Augusta National Golf Club,US Masters 2024,US Masters,2024,4,M. Homa,Max Homa,Birdies,4,2.747,-1.253,over,-34.36,3,L,105,121,-1.000,-1.000
2026-07-23T02:15:27.589Z,Augusta National Golf Club,US Masters 2024,US Masters,2024,4,M. Homa,Max Homa,Birdies,4,2.747,-1.253,under,28.14,3,W,-135,-121,0.741,0.826
2026-07-23T02:15:27.589Z,Augusta National Golf Club,US Masters 2024,US Masters,2024,3,J. Niemann,Joaquin Niemann,Birdies,4,3.364,-0.636,over,-26.30,5,W,-105,106,0.952,1.060
2026-07-23T02:15:27.589Z,Augusta National Golf Club,US Masters 2024,US Masters,2024,3,J. Niemann,Joaquin Niemann,Birdies,4,3.364,-0.636,under,20.54,5,L,-120,-103,-1.000,-1.000
2026-07-23T02:15:27.589Z,Augusta National Golf Club,US Masters 2024,US Masters,2024,1,J. Niemann,Joaquin Niemann,Birdies,3,3.621,0.621,over,-10.26,5,W,-145,-129,0.690,0.775
2026-07-23T02:15:27.589Z,Augusta National Golf Club,US Masters 2024,US Masters,2024,1,N. Taylor,Nick Taylor,Birdies,3,3.374,0.374,over,-4.02,4,W,110,125,1.100,1.250
2026-07-23T02:15:27.589Z,Augusta National Golf Club,US Masters 2024,US Masters,2024,1,P. Cantlay,Patrick Cantlay,Birdies,3.5,3.018,-0.482,over,-19.88,4,W,-125,-113,0.800,0.885
2026-07-23T02:15:27.589Z,Augusta National Golf Club,US Masters 2024,US Masters,2024,1,P. Cantlay,Patrick Cantlay,Birdies,3.5,3.018,-0.482,under,14.32,4,L,100,113,-1.000,-1.000
2026-07-23T02:15:27.589Z,Augusta National Golf Club,US Masters 2024,US Masters,2024,1,R. Fowler,Rickie Fowler,Birdies,3.5,3.152,-0.348,over,-10.10,1,L,105,118,-1.000,-1.000
2026-07-23T02:15:27.589Z,Augusta National Golf Club,US Masters 2024,US Masters,2024,1,R. Fowler,Rickie Fowler,Birdies,3.5,3.152,-0.348,under,3.88,1,W,-135,-118,0.741,0.847
2026-07-23T02:15:27.589Z,Augusta National Golf Club,US Masters 2024,US Masters,2024,1,S. Scheffler,Scottie Scheffler,Birdies,4,4.263,0.263,over,-13.32,6,W,-125,-114,0.800,0.877
2026-07-23T02:15:27.589Z,Augusta National Golf Club,US Masters 2024,US Masters,2024,1,X. Schauffele,Xander Schauffele,Birdies,3.5,3.847,0.347,over,-5.58,2,L,-145,-129,-1.000,-1.000
2026-07-23T02:15:27.589Z,Augusta National Golf Club,US Masters 2024,US Masters,2024,1,X. Schauffele,Xander Schauffele,Birdies,3.5,3.847,0.347,under,-0.12,2,W,115,129,1.150,1.290
2026-07-23T02:15:27.589Z,Augusta National Golf Club,US Masters 2024,US Masters,2024,2,S. Scheffler,Scottie Scheffler,Birdies,4,4.192,0.192,over,-13.68,3,L,-120,-102,-1.000,-1.000
2026-07-23T02:15:27.589Z,Augusta National Golf Club,US Masters 2024,US Masters,2024,2,S. Scheffler,Scottie Scheffler,Birdies,4,4.192,0.192,under,6.76,3,W,-110,102,0.909,1.020
2026-07-23T02:15:27.589Z,Augusta National Golf Club,US Masters 2024,US Masters,2024,2,S. Scheffler,Scottie Scheffler,Birdies,4.5,4.192,-0.308,over,-11.52,3,L,-110,101,-1.000,-1.000
2026-07-23T02:15:27.589Z,Augusta National Golf Club,US Masters 2024,US Masters,2024,2,S. Scheffler,Scottie Scheffler,Birdies,4.5,4.192,-0.308,under,6.76,3,W,-110,-101,0.909,0.990
2026-07-23T02:15:27.589Z,Augusta National Golf Club,US Masters 2024,US Masters,2024,2,X. Schauffele,Xander Schauffele,Birdies,3.5,3.686,0.186,over,-4.25,2,L,-120,-108,-1.000,-1.000
2026-07-23T02:15:27.589Z,Augusta National Golf Club,US Masters 2024,US Masters,2024,2,X. Schauffele,Xander Schauffele,Birdies,3.5,3.686,0.186,under,-1.51,2,W,-105,106,0.952,1.060
2026-07-23T02:15:27.589Z,Augusta National Golf Club,US Masters 2024,US Masters,2024,2,X. Schauffele,Xander Schauffele,Birdies,4,3.686,-0.314,over,-23.54,2,L,-120,-105,-1.000,-1.000
2026-07-23T02:15:27.589Z,Augusta National Golf Club,US Masters 2024,US Masters,2024,2,X. Schauffele,Xander Schauffele,Birdies,4,3.686,-0.314,under,17.77,2,W,-105,105,0.952,1.050
2026-07-23T02:15:27.589Z,Augusta National Golf Club,US Masters 2024,US Masters,2024,3,A. Bhatia,Akshay Bhatia,Birdies,3.5,3.814,0.314,over,-2.62,3,L,-125,-124,-1.000,-1.000
2026-07-23T02:15:27.589Z,Augusta National Golf Club,US Masters 2024,US Masters,2024,3,A. Bhatia,Akshay Bhatia,Birdies,3.5,3.814,0.314,under,-2.94,3,W,100,124,1.000,1.240
2026-07-23T02:15:27.589Z,Augusta National Golf Club,US Masters 2024,US Masters,2024,3,S. Lowry,Shane Lowry,Birdies,4,3.234,-0.766,over,-27.45,2,L,100,104,-1.000,-1.000
2026-07-23T02:15:27.589Z,Augusta National Golf Club,US Masters 2024,US Masters,2024,3,S. Lowry,Shane Lowry,Birdies,4,3.234,-0.766,under,20.01,2,W,-135,-104,0.741,0.962
2026-07-23T02:15:27.589Z,Augusta National Golf Club,US Masters 2024,US Masters,2024,4,C. Morikawa,Collin Morikawa,Birdies,4,3.147,-0.853,over,-36.45,3,L,-135,-118,-1.000,-1.000
2026-07-23T02:15:27.589Z,Augusta National Golf Club,US Masters 2024,US Masters,2024,4,C. Morikawa,Collin Morikawa,Birdies,4,3.147,-0.853,under,30.22,3,W,105,118,1.050,1.180
2026-07-23T02:15:27.589Z,Augusta National Golf Club,US Masters 2024,US Masters,2024,4,S. Scheffler,Scottie Scheffler,Birdies,4.5,4.155,-0.345,over,-17.31,7,W,-135,-117,0.741,0.855
2026-07-23T02:15:27.589Z,Augusta National Golf Club,US Masters 2024,US Masters,2024,4,S. Scheffler,Scottie Scheffler,Birdies,4.5,4.155,-0.345,under,11.08,7,L,105,117,-1.000,-1.000
2026-07-23T02:15:27.589Z,Augusta National Golf Club,US Masters 2024,US Masters,2024,3,C. Kirk,Chris Kirk,Birdies,3.5,3.107,-0.393,over,-17.88,5,W,-125,-114,0.800,0.877
2026-07-23T02:15:27.589Z,Augusta National Golf Club,US Masters 2024,US Masters,2024,3,C. Kirk,Chris Kirk,Birdies,3.5,3.107,-0.393,under,12.33,5,L,100,114,-1.000,-1.000
2026-07-23T02:15:27.589Z,Augusta National Golf Club,US Masters 2024,US Masters,2024,3,T. Finau,Tony Finau,Birdies,4,3.291,-0.709,over,-26.42,3,L,100,112,-1.000,-1.000
2026-07-23T02:15:27.589Z,Augusta National Golf Club,US Masters 2024,US Masters,2024,3,T. Finau,Tony Finau,Birdies,4,3.291,-0.709,under,18.98,3,W,-135,-115,0.741,0.870
2026-07-23T02:15:27.589Z,Augusta National Golf Club,US Masters 2024,US Masters,2024,3,Cam. Young,Cameron Young,Birdies,3.5,3.532,0.032,over,-12.16,5,W,-145,-111,0.690,0.901
2026-07-23T02:15:27.589Z,Augusta National Golf Club,US Masters 2024,US Masters,2024,3,Cam. Young,Cameron Young,Birdies,3.5,3.532,0.032,under,1.75,5,L,-105,106,-1.000,-1.000
2026-07-23T02:15:27.589Z,Augusta National Golf Club,US Masters 2024,US Masters,2024,3,Cam. Young,Cameron Young,Birdies,4.5,3.532,-0.968,over,-20.72,5,W,105,127,1.050,1.270
2026-07-23T02:15:27.589Z,Augusta National Golf Club,US Masters 2024,US Masters,2024,3,Cam. Young,Cameron Young,Birdies,4.5,3.532,-0.968,under,14.49,5,L,-135,-127,-1.000,-1.000
2026-07-23T02:15:27.589Z,Augusta National Golf Club,US Masters 2024,US Masters,2024,3,T. Fleetwood,Tommy Fleetwood,Birdies,3.5,2.825,-0.675,over,-27.82,2,L,-145,-111,-1.000,-1.000
2026-07-23T02:15:27.589Z,Augusta National Golf Club,US Masters 2024,US Masters,2024,3,T. Fleetwood,Tommy Fleetwood,Birdies,3.5,2.825,-0.675,under,21.02,2,W,110,-105,1.100,0.952
2026-07-23T02:15:27.589Z,Augusta National Golf Club,US Masters 2024,US Masters,2024,3,T. Fleetwood,Tommy Fleetwood,Birdies,4.5,2.825,-1.675,over,-33.16,2,L,105,111,-1.000,-1.000
2026-07-23T02:15:27.589Z,Augusta National Golf Club,US Masters 2024,US Masters,2024,3,T. Fleetwood,Tommy Fleetwood,Birdies,4.5,2.825,-1.675,under,26.93,2,W,-135,-127,0.741,0.787
2026-07-23T02:15:27.589Z,Augusta National Golf Club,US Masters 2024,US Masters,2024,1,J. Day,Jason Day,Birdies,3.5,3.118,-0.382,over,-10.86,3,L,105,112,-1.000,-1.000
2026-07-23T02:15:27.589Z,Augusta National Golf Club,US Masters 2024,US Masters,2024,1,M. Homa,Max Homa,Birdies,3,3.092,0.092,over,-18.22,7,W,-125,-113,0.800,0.885
2026-07-23T02:15:27.589Z,Augusta National Golf Club,US Masters 2024,US Masters,2024,1,M. Homa,Max Homa,Birdies,3.5,3.092,-0.408,over,-11.44,7,W,105,112,1.050,1.120
2026-07-23T02:15:27.589Z,Augusta National Golf Club,US Masters 2024,US Masters,2024,1,T. Woods,Tiger Woods,Birdies,3,3.389,0.389,over,-4.86,2,L,105,-130,-1.000,-1.000
2026-07-23T02:15:27.589Z,Augusta National Golf Club,US Masters 2024,US Masters,2024,1,T. Woods,Tiger Woods,Birdies,3,3.389,0.389,under,-1.37,2,W,-135,130,0.741,1.300
2026-07-23T02:15:27.589Z,Augusta National Golf Club,US Masters 2024,US Masters,2024,3,T. Hatton,Tyrrell Hatton,Birdies,4,2.922,-1.078,over,-35.20,5,W,-110,116,0.909,1.160
2026-07-23T02:15:27.589Z,Augusta National Golf Club,US Masters 2024,US Masters,2024,3,T. Hatton,Tyrrell Hatton,Birdies,4,2.922,-1.078,under,30.44,5,L,-110,-116,-1.000,-1.000
2026-07-23T02:15:27.589Z,Augusta National Golf Club,US Masters 2024,US Masters,2024,3,T. Woods,Tiger Woods,Birdies,3.5,3.084,-0.416,over,-20.29,2,L,-135,-106,-1.000,-1.000
2026-07-23T02:15:27.589Z,Augusta National Golf Club,US Masters 2024,US Masters,2024,3,T. Woods,Tiger Woods,Birdies,3.5,3.084,-0.416,under,14.06,2,W,105,106,1.050,1.060
2026-07-23T02:15:27.589Z,Augusta National Golf Club,US Masters 2025,US Masters,2025,2,A. Scott,Adam Scott,Birdies,3.5,2.876,-0.624,over,-16.28,3,L,105,126,-1.000,-1.000
2026-07-23T02:15:27.589Z,Augusta National Golf Club,US Masters 2025,US Masters,2025,2,V. Hovland,Viktor Hovland,Birdies,3.5,3.475,-0.025,under,2.98,6,L,-105,118,-1.000,-1.000
2026-07-23T02:15:27.589Z,Augusta National Golf Club,US Masters 2025,US Masters,2025,2,X. Schauffele,Xander Schauffele,Birdies,3.5,3.102,-0.398,over,-24.70,3,L,-165,-131,-1.000,-1.000
2026-07-23T02:15:27.589Z,Augusta National Golf Club,US Masters 2025,US Masters,2025,2,X. Schauffele,Xander Schauffele,Birdies,3.5,3.102,-0.398,under,13.66,3,W,105,131,1.050,1.310
2026-07-23T02:15:27.589Z,Augusta National Golf Club,US Masters 2025,US Masters,2025,2,B. Harman,Brian Harman,Birdies,2.5,3.013,0.513,over,-9.77,4,W,-210,-170,0.476,0.588
2026-07-23T02:15:27.589Z,Augusta National Golf Club,US Masters 2025,US Masters,2025,2,B. Harman,Brian Harman,Birdies,3.5,3.013,-0.487,over,-8.88,4,W,125,166,1.250,1.660
2026-07-23T02:15:27.589Z,Augusta National Golf Club,US Masters 2025,US Masters,2025,2,C. Conners,Corey Conners,Birdies,3.5,3.017,-0.483,over,-15.56,4,W,-105,124,0.952,1.240
2026-07-23T02:15:27.589Z,Augusta National Golf Club,US Masters 2025,US Masters,2025,2,C. Conners,Corey Conners,Birdies,3.5,3.017,-0.483,under,5.16,4,L,-145,-122,-1.000,-1.000
2026-07-23T02:15:27.589Z,Augusta National Golf Club,US Masters 2025,US Masters,2025,2,S. Jaeger,Stephan Jaeger,Birdies,2.5,3.104,0.604,over,-6.70,3,W,-200,-155,0.500,0.645
2026-07-23T02:15:27.589Z,Augusta National Golf Club,US Masters 2025,US Masters,2025,2,S. Jaeger,Stephan Jaeger,Birdies,2.5,3.104,0.604,under,-4.41,3,L,125,155,-1.000,-1.000
2026-07-23T02:15:27.589Z,Augusta National Golf Club,US Masters 2025,US Masters,2025,2,C. Morikawa,Collin Morikawa,Birdies,3.5,3.451,-0.049,over,-18.36,6,W,-175,-133,0.571,0.752
2026-07-23T02:15:27.589Z,Augusta National Golf Club,US Masters 2025,US Masters,2025,2,C. Morikawa,Collin Morikawa,Birdies,3.5,3.451,-0.049,under,8.21,6,L,115,133,-1.000,-1.000
2026-07-23T02:15:27.589Z,Augusta National Golf Club,US Masters 2025,US Masters,2025,2,J. Niemann,Joaquin Niemann,Birdies,3.5,3.191,-0.309,over,-17.90,3,L,-135,-106,-1.000,-1.000
2026-07-23T02:15:27.589Z,Augusta National Golf Club,US Masters 2025,US Masters,2025,2,J. Niemann,Joaquin Niemann,Birdies,3.5,3.191,-0.309,under,8.07,3,W,-110,101,0.909,1.010
2026-07-23T02:15:27.589Z,Augusta National Golf Club,US Masters 2025,US Masters,2025,3,H. Matsuyama,Hideki Matsuyama,Birdies,3.5,3.039,-0.461,over,-24.63,0,L,-155,-127,-1.000,-1.000
2026-07-23T02:15:27.589Z,Augusta National Golf Club,US Masters 2025,US Masters,2025,3,B. Dechambeau,Bryson DeChambeau,Birdies,4.5,3.399,-1.101,over,-18.88,6,W,125,157,1.250,1.570
2026-07-23T02:15:27.589Z,Augusta National Golf Club,US Masters 2025,US Masters,2025,3,B. Dechambeau,Bryson DeChambeau,Birdies,4.5,3.399,-1.101,under,8.92,6,L,-190,-157,-1.000,-1.000
2026-07-23T02:15:27.589Z,Augusta National Golf Club,US Masters 2025,US Masters,2025,3,J. Rose,Justin Rose,Birdies,3.5,3.435,-0.065,over,-10.63,2,L,-125,-100,-1.000,-1.000
2026-07-23T02:15:27.589Z,Augusta National Golf Club,US Masters 2025,US Masters,2025,3,J. Rose,Justin Rose,Birdies,3.5,3.435,-0.065,under,-0.48,2,W,-125,100,0.800,1.000
2026-07-23T02:15:27.589Z,Augusta National Golf Club,US Masters 2025,US Masters,2025,2,J. Spieth,Jordan Spieth,Birdies,3.5,3.491,-0.009,over,-14.64,3,L,-155,-115,-1.000,-1.000
2026-07-23T02:15:27.589Z,Augusta National Golf Club,US Masters 2025,US Masters,2025,2,J. Spieth,Jordan Spieth,Birdies,3.5,3.491,-0.009,under,3.86,3,W,100,115,1.000,1.150
2026-07-23T02:15:27.589Z,Augusta National Golf Club,US Masters 2025,US Masters,2025,2,T. Hatton,Tyrrell Hatton,Birdies,3.5,2.654,-0.846,over,-31.60,6,W,-145,-124,0.690,0.806
2026-07-23T02:15:27.589Z,Augusta National Golf Club,US Masters 2025,US Masters,2025,2,T. Hatton,Tyrrell Hatton,Birdies,3.5,2.654,-0.846,under,21.20,6,L,-105,127,-1.000,-1.000
2026-07-23T02:15:27.589Z,Augusta National Golf Club,US Masters 2025,US Masters,2025,2,T. Kim,Tom Kim,Birdies,3.5,2.726,-0.774,over,-26.39,1,L,-125,108,-1.000,-1.000
2026-07-23T02:15:27.589Z,Augusta National Golf Club,US Masters 2025,US Masters,2025,2,T. Kim,Tom Kim,Birdies,3.5,2.726,-0.774,under,15.28,1,W,-125,-109,0.800,0.917
2026-07-23T02:15:27.589Z,Augusta National Golf Club,US Masters 2025,US Masters,2025,2,M. Fitzpatrick,Matt Fitzpatrick,Birdies,3.5,2.629,-0.871,over,-28.52,3,L,-125,-103,-1.000,-1.000
2026-07-23T02:15:27.589Z,Augusta National Golf Club,US Masters 2025,US Masters,2025,3,C. Conners,Corey Conners,Birdies,3.5,3.152,-0.348,over,-16.88,4,W,-125,-104,0.800,0.962
2026-07-23T02:15:27.589Z,Augusta National Golf Club,US Masters 2025,US Masters,2025,3,C. Conners,Corey Conners,Birdies,3.5,3.152,-0.348,under,6.78,4,L,-120,104,-1.000,-1.000
2026-07-23T02:15:27.589Z,Augusta National Golf Club,US Masters 2025,US Masters,2025,2,A. Bhatia,Akshay Bhatia,Birdies,3.5,3.236,-0.264,over,-9.45,1,L,100,120,-1.000,-1.000
2026-07-23T02:15:27.589Z,Augusta National Golf Club,US Masters 2025,US Masters,2025,2,A. Bhatia,Akshay Bhatia,Birdies,3.5,3.236,-0.264,under,0.27,1,W,-145,-120,0.690,0.833
2026-07-23T02:15:27.589Z,Augusta National Golf Club,US Masters 2025,US Masters,2025,2,L. Aberg,Ludvig Aberg,Birdies,3.5,3.515,0.015,over,-10.79,3,L,-135,-110,-1.000,-1.000
2026-07-23T02:15:27.589Z,Augusta National Golf Club,US Masters 2025,US Masters,2025,2,B. Dechambeau,Bryson DeChambeau,Birdies,3.5,3.243,-0.257,over,-20.08,5,W,-155,-122,0.645,0.820
2026-07-23T02:15:27.589Z,Augusta National Golf Club,US Masters 2025,US Masters,2025,2,B. Dechambeau,Bryson DeChambeau,Birdies,3.5,3.243,-0.257,under,9.30,5,L,100,122,-1.000,-1.000
2026-07-23T02:15:27.589Z,Augusta National Golf Club,US Masters 2025,US Masters,2025,2,H. Matsuyama,Hideki Matsuyama,Birdies,3.5,2.851,-0.649,under,13.51,5,L,-120,101,-1.000,-1.000
2026-07-23T02:15:27.589Z,Augusta National Golf Club,US Masters 2025,US Masters,2025,2,S. Lowry,Shane Lowry,Birdies,3.5,2.738,-0.762,over,-25.12,5,W,-120,102,0.833,1.020
2026-07-23T02:15:27.589Z,Augusta National Golf Club,US Masters 2025,US Masters,2025,2,S. Lowry,Shane Lowry,Birdies,3.5,2.738,-0.762,under,16.02,5,L,-120,101,-1.000,-1.000
2026-07-23T02:15:27.589Z,Augusta National Golf Club,US Masters 2025,US Masters,2025,3,S. Scheffler,Scottie Scheffler,Birdies,4.5,3.711,-0.789,over,-13.96,2,L,120,149,-1.000,-1.000
2026-07-23T02:15:27.589Z,Augusta National Golf Club,US Masters 2025,US Masters,2025,3,T. Hatton,Tyrrell Hatton,Birdies,3.5,2.870,-0.630,over,-22.18,1,L,-120,105,-1.000,-1.000
2026-07-23T02:15:27.589Z,Memorial Park Golf Course,US Open 2025,US Open,2025,1,S. Scheffler,Scottie Scheffler,Birdies,2.5,4.251,1.751,over,18.86,3,W,-155,-128,0.645,0.781
2026-07-23T02:15:27.589Z,Memorial Park Golf Course,US Open 2025,US Open,2025,2,S. Scheffler,Scottie Scheffler,Birdies,3.5,4.172,0.672,over,11.16,8,W,105,126,1.050,1.260
2026-07-23T02:15:27.589Z,TPC San Antonio - The Oaks Course,Valero Texas Open,Valero Texas Open,2026,1,Alex Noren,Alex Noren,Total score,70.5,71.405,0.905,over,2.89,70,L,-150,-134,-1.000,-1.000
2026-07-23T02:15:27.589Z,TPC San Antonio - The Oaks Course,Valero Texas Open,Valero Texas Open,2026,1,Davis Thompson,Davis Thompson,Total score,71.5,71.765,0.265,over,5.06,66,L,105,126,-1.000,-1.000
2026-07-23T02:15:27.589Z,TPC San Antonio - The Oaks Course,Valero Texas Open,Valero Texas Open,2026,1,Davis Thompson,Davis Thompson,Total score,71.5,71.765,0.265,under,-9.40,66,W,-125,-104,0.800,0.962
2026-07-23T02:15:27.589Z,TPC San Antonio - The Oaks Course,Valero Texas Open,Valero Texas Open,2026,1,Denny McCarthy,Denny McCarthy,Total score,70.5,71.473,0.973,over,3.82,73,W,-150,-121,0.667,0.826
2026-07-23T02:15:27.589Z,TPC San Antonio - The Oaks Course,Valero Texas Open,Valero Texas Open,2026,1,Denny McCarthy,Denny McCarthy,Total score,70.5,71.473,0.973,under,-11.44,73,L,110,130,-1.000,-1.000
2026-07-23T02:15:27.589Z,TPC San Antonio - The Oaks Course,Valero Texas Open,Valero Texas Open,2026,1,Hideki Matsuyama,Hideki Matsuyama,Total score,70.5,71.893,1.393,under,-20.60,70,W,-105,105,0.952,1.050
2026-07-23T02:15:27.589Z,TPC San Antonio - The Oaks Course,Valero Texas Open,Valero Texas Open,2026,1,J.J. Spaun,J.J. Spaun,Total score,70.5,72.286,1.786,over,14.20,69,L,-150,-121,-1.000,-1.000
2026-07-23T02:15:27.589Z,TPC San Antonio - The Oaks Course,Valero Texas Open,Valero Texas Open,2026,1,J.J. Spaun,J.J. Spaun,Total score,71.5,72.286,0.786,over,13.63,69,L,110,130,-1.000,-1.000
2026-07-23T02:15:27.589Z,TPC San Antonio - The Oaks Course,Valero Texas Open,Valero Texas Open,2026,1,Johnny Keefer,Johnny Keefer,Total score,71.5,71.970,0.470,over,8.01,76,W,105,125,1.050,1.250
2026-07-23T02:15:27.589Z,TPC San Antonio - The Oaks Course,Valero Texas Open,Valero Texas Open,2026,1,Johnny Keefer,Johnny Keefer,Total score,71.5,71.970,0.470,under,-15.13,76,L,-140,-113,-1.000,-1.000
2026-07-23T02:15:27.589Z,TPC San Antonio - The Oaks Course,Valero Texas Open,Valero Texas Open,2026,1,Jordan Smith,Jordan Smith,Total score,71.5,71.897,0.397,over,3.35,76,W,-110,125,0.909,1.250
2026-07-23T02:15:27.589Z,TPC San Antonio - The Oaks Course,Valero Texas Open,Valero Texas Open,2026,1,Jordan Spieth,Jordan Spieth,Total score,70.5,71.422,0.922,over,11.91,71,W,-105,103,0.952,1.030
2026-07-23T02:15:27.589Z,TPC San Antonio - The Oaks Course,Valero Texas Open,Valero Texas Open,2026,1,Jordan Spieth,Jordan Spieth,Total score,70.5,71.422,0.922,under,-21.46,71,L,-140,-106,-1.000,-1.000
2026-07-23T02:15:27.589Z,TPC San Antonio - The Oaks Course,Valero Texas Open,Valero Texas Open,2026,1,Keith Mitchell,Keith Mitchell,Total score,70.5,71.700,1.200,over,4.61,74,W,-165,-134,0.606,0.746
2026-07-23T02:15:27.589Z,TPC San Antonio - The Oaks Course,Valero Texas Open,Valero Texas Open,2026,1,Keith Mitchell,Keith Mitchell,Total score,70.5,71.700,1.200,under,-15.65,74,L,105,136,-1.000,-1.000
2026-07-23T02:15:27.589Z,TPC San Antonio - The Oaks Course,Valero Texas Open,Valero Texas Open,2026,1,Keith Mitchell,Keith Mitchell,Total score,71.5,71.700,0.200,under,-15.16,74,L,-165,-103,-1.000,-1.000
2026-07-23T02:15:27.589Z,TPC San Antonio - The Oaks Course,Valero Texas Open,Valero Texas Open,2026,1,Marco Penge,Marco Penge,Total score,71.5,72.066,0.566,over,10.54,68,L,110,116,-1.000,-1.000
2026-07-23T02:15:27.589Z,TPC San Antonio - The Oaks Course,Valero Texas Open,Valero Texas Open,2026,1,Marco Penge,Marco Penge,Total score,71.5,72.066,0.566,under,-13.71,68,W,-125,-116,0.800,0.862
2026-07-23T02:15:27.589Z,TPC San Antonio - The Oaks Course,Valero Texas Open,Valero Texas Open,2026,1,Maverick McNealy,Maverick McNealy,Total score,70.5,71.853,1.353,under,-22.35,67,W,-115,110,0.870,1.100
2026-07-23T02:15:27.589Z,TPC San Antonio - The Oaks Course,Valero Texas Open,Valero Texas Open,2026,1,Michael Thorbjornsen,Michael Thorbjornsen,Total score,70.5,71.359,0.859,over,6.71,70,L,-125,-122,-1.000,-1.000
2026-07-23T02:15:27.589Z,TPC San Antonio - The Oaks Course,Valero Texas Open,Valero Texas Open,2026,1,Michael Thorbjornsen,Michael Thorbjornsen,Total score,70.5,71.359,0.859,under,-9.88,70,W,110,127,1.100,1.270
2026-07-23T02:15:27.589Z,TPC San Antonio - The Oaks Course,Valero Texas Open,Valero Texas Open,2026,1,Nick Taylor,Nick Taylor,Total score,71.5,71.538,0.038,over,0.55,70,L,100,136,-1.000,-1.000
2026-07-23T02:15:27.589Z,TPC San Antonio - The Oaks Course,Valero Texas Open,Valero Texas Open,2026,1,Nick Taylor,Nick Taylor,Total score,71.5,71.538,0.038,under,-10.55,70,W,-150,-122,0.667,0.820
2026-07-23T02:15:27.589Z,TPC San Antonio - The Oaks Course,Valero Texas Open,Valero Texas Open,2026,1,Richard Hoey,Rico Hoey,Total score,71.5,71.376,-0.124,under,-6.53,70,W,-140,-115,0.714,0.870
2026-07-23T02:15:27.589Z,TPC San Antonio - The Oaks Course,Valero Texas Open,Valero Texas Open,2026,1,Rickie Fowler,Rickie Fowler,Total score,70.5,71.747,1.247,over,7.49,70,L,-150,-122,-1.000,-1.000
2026-07-23T02:15:27.589Z,TPC San Antonio - The Oaks Course,Valero Texas Open,Valero Texas Open,2026,1,Rickie Fowler,Rickie Fowler,Total score,70.5,71.747,1.247,under,-19.87,70,W,-110,127,0.909,1.270
2026-07-23T02:15:27.589Z,TPC San Antonio - The Oaks Course,Valero Texas Open,Valero Texas Open,2026,1,Robert MacIntyre,Robert MacIntyre,Total score,70.5,71.396,0.896,over,7.22,66,L,-125,108,-1.000,-1.000
2026-07-23T02:15:27.589Z,TPC San Antonio - The Oaks Course,Valero Texas Open,Valero Texas Open,2026,1,Robert MacIntyre,Robert MacIntyre,Total score,70.5,71.396,0.896,under,-12.78,66,W,100,100,1.000,1.000
2026-07-23T02:15:27.589Z,TPC San Antonio - The Oaks Course,Valero Texas Open,Valero Texas Open,2026,1,Russell Henley,Russell Henley,Total score,70.5,71.699,1.199,over,11.31,72,W,-125,113,0.800,1.130
2026-07-23T02:15:27.589Z,TPC San Antonio - The Oaks Course,Valero Texas Open,Valero Texas Open,2026,1,Russell Henley,Russell Henley,Total score,70.5,71.699,1.199,under,-13.38,72,L,115,-100,-1.000,-1.000
2026-07-23T02:15:27.589Z,TPC San Antonio - The Oaks Course,Valero Texas Open,Valero Texas Open,2026,1,Ryo Hisatsune,Ryo Hisatsune,Total score,70.5,71.585,1.085,under,-12.96,68,W,110,125,1.100,1.250
2026-07-23T02:15:27.589Z,TPC San Antonio - The Oaks Course,Valero Texas Open,Valero Texas Open,2026,1,Ryo Hisatsune,Ryo Hisatsune,Total score,71.5,71.585,0.085,under,-6.78,68,W,-125,-123,0.800,0.813
2026-07-23T02:15:27.589Z,TPC San Antonio - The Oaks Course,Valero Texas Open,Valero Texas Open,2026,1,Sepp Straka,Sepp Straka,Total score,70.5,72.123,1.623,over,16.69,72,W,-125,-119,0.800,0.840
2026-07-23T02:15:27.589Z,TPC San Antonio - The Oaks Course,Valero Texas Open,Valero Texas Open,2026,1,Sepp Straka,Sepp Straka,Total score,70.5,72.123,1.623,under,-24.63,72,L,-110,119,-1.000,-1.000
2026-07-23T02:15:27.589Z,TPC San Antonio - The Oaks Course,Valero Texas Open,Valero Texas Open,2026,1,Sepp Straka,Sepp Straka,Total score,71.5,72.123,0.623,under,-17.30,72,L,-140,-114,-1.000,-1.000
2026-07-23T02:15:27.589Z,TPC San Antonio - The Oaks Course,Valero Texas Open,Valero Texas Open,2026,1,Si Woo Kim,Si Woo Kim,Total score,70.5,71.840,1.340,under,-21.07,70,W,-110,-102,0.909,0.980
2026-07-23T02:15:27.589Z,TPC San Antonio - The Oaks Course,Valero Texas Open,Valero Texas Open,2026,1,Thorbjørn Olesen,Thorbjorn Olesen,Total score,71.5,71.861,0.361,under,-13.55,69,W,-140,-134,0.714,0.746
2026-07-23T02:15:27.589Z,TPC San Antonio - The Oaks Course,Valero Texas Open,Valero Texas Open,2026,1,Tommy Fleetwood,Tommy Fleetwood,Total score,70.5,71.854,1.354,under,-24.44,67,W,-125,-114,0.800,0.877
2026-07-23T02:15:27.589Z,TPC San Antonio - The Oaks Course,Valero Texas Open,Valero Texas Open,2026,1,Will Zalatoris,Will Zalatoris,Total score,71.5,71.769,0.269,over,0.41,67,L,-115,107,-1.000,-1.000
2026-07-23T02:15:27.589Z,TPC San Antonio - The Oaks Course,Valero Texas Open,Valero Texas Open,2026,1,Will Zalatoris,Will Zalatoris,Total score,71.5,71.769,0.269,under,-9.45,67,W,-125,-107,0.800,0.935
2026-07-23T02:15:27.589Z,TPC San Antonio (Oaks Course),Valero Texas Open 2023,Valero Texas Open,2023,1,H. Matsuyama,Hideki Matsuyama,Total score,71,71.535,0.535,under,-10.09,70,W,-110,103,0.909,1.030
2026-07-23T02:15:27.589Z,TPC San Antonio (Oaks Course),Valero Texas Open 2024,Valero Texas Open,2024,2,A. Scott,Adam Scott,Birdies,4,3.721,-0.279,over,-18.32,3,L,100,111,-1.000,-1.000
2026-07-23T02:15:27.589Z,TPC San Antonio (Oaks Course),Valero Texas Open 2024,Valero Texas Open,2024,2,A. Scott,Adam Scott,Birdies,4,3.721,-0.279,under,12.76,3,W,-125,-111,0.800,0.901
2026-07-23T02:15:27.589Z,TPC San Antonio (Oaks Course),Valero Texas Open 2024,Valero Texas Open,2024,2,B. Harman,Brian Harman,Birdies,4,3.563,-0.437,over,-25.90,2,L,-120,-105,-1.000,-1.000
2026-07-23T02:15:27.589Z,TPC San Antonio (Oaks Course),Valero Texas Open 2024,Valero Texas Open,2024,2,B. Harman,Brian Harman,Birdies,4,3.563,-0.437,under,20.13,2,W,-105,105,0.952,1.050
2026-07-23T02:15:27.589Z,TPC San Antonio (Oaks Course),Valero Texas Open 2024,Valero Texas Open,2024,2,M. Fitzpatrick,Matt Fitzpatrick,Birdies,4,4.669,0.669,over,-7.48,1,L,-135,-116,-1.000,-1.000
2026-07-23T02:15:27.589Z,TPC San Antonio (Oaks Course),Valero Texas Open 2024,Valero Texas Open,2024,2,M. Fitzpatrick,Matt Fitzpatrick,Birdies,4,4.669,0.669,under,1.25,1,W,105,116,1.050,1.160
2026-07-23T02:15:27.589Z,TPC San Antonio (Oaks Course),Valero Texas Open 2024,Valero Texas Open,2024,4,A. Bhatia,Akshay Bhatia,Birdies,4.5,4.098,-0.402,over,-7.48,6,W,115,-117,1.150,0.855
2026-07-23T02:15:27.589Z,TPC San Antonio (Oaks Course),Valero Texas Open 2024,Valero Texas Open,2024,4,A. Bhatia,Akshay Bhatia,Birdies,4.5,4.098,-0.402,under,1.79,6,L,-145,117,-1.000,-1.000
2026-07-23T02:15:27.589Z,TPC San Antonio (Oaks Course),Valero Texas Open 2024,Valero Texas Open,2024,4,B. Todd,Brendon Todd,Birdies,4.5,3.289,-1.211,over,-28.84,1,L,-110,103,-1.000,-1.000
2026-07-23T02:15:27.589Z,TPC San Antonio (Oaks Course),Valero Texas Open 2024,Valero Texas Open,2024,4,B. Todd,Brendon Todd,Birdies,4.5,3.289,-1.211,under,21.91,1,W,-120,-103,0.833,0.971
2026-07-23T02:15:27.589Z,TPC San Antonio (Oaks Course),Valero Texas Open 2024,Valero Texas Open,2024,4,D. McCarthy,Denny McCarthy,Birdies,4,3.810,-0.190,over,-24.04,9,W,-135,-115,0.741,0.870
2026-07-23T02:15:27.589Z,TPC San Antonio (Oaks Course),Valero Texas Open 2024,Valero Texas Open,2024,4,D. McCarthy,Denny McCarthy,Birdies,4.5,3.810,-0.690,over,-21.14,9,W,-120,-106,0.833,0.943
2026-07-23T02:15:27.589Z,TPC San Antonio (Oaks Course),Valero Texas Open 2024,Valero Texas Open,2024,4,D. McCarthy,Denny McCarthy,Birdies,4.5,3.810,-0.690,under,15.37,9,L,-105,106,-1.000,-1.000
2026-07-23T02:15:27.589Z,TPC San Antonio (Oaks Course),Valero Texas Open 2024,Valero Texas Open,2024,1,H. Matsuyama,Hideki Matsuyama,Birdies,4.5,4.233,-0.267,over,-5.96,3,L,110,125,-1.000,-1.000
2026-07-23T02:15:27.589Z,TPC San Antonio (Oaks Course),Valero Texas Open 2024,Valero Texas Open,2024,1,H. Matsuyama,Hideki Matsuyama,Birdies,4.5,4.233,-0.267,under,-0.84,3,W,-145,-125,0.690,0.800
2026-07-23T02:15:27.589Z,TPC San Antonio (Oaks Course),Valero Texas Open 2024,Valero Texas Open,2024,1,J. Spieth,Jordan Spieth,Birdies,4.5,3.978,-0.522,over,-10.93,5,W,110,125,1.100,1.250
2026-07-23T02:15:27.589Z,TPC San Antonio (Oaks Course),Valero Texas Open 2024,Valero Texas Open,2024,1,J. Spieth,Jordan Spieth,Birdies,4.5,3.978,-0.522,under,4.13,5,L,-145,-125,-1.000,-1.000
2026-07-23T02:15:27.589Z,TPC San Antonio (Oaks Course),Valero Texas Open 2024,Valero Texas Open,2024,1,L. Glover,Lucas Glover,Birdies,4,3.770,-0.230,over,-18.59,5,W,-105,108,0.952,1.080
2026-07-23T02:15:27.589Z,TPC San Antonio (Oaks Course),Valero Texas Open 2024,Valero Texas Open,2024,1,L. Glover,Lucas Glover,Birdies,4,3.770,-0.230,under,11.81,5,L,-125,-108,-1.000,-1.000
2026-07-23T02:15:27.589Z,TPC San Antonio (Oaks Course),Valero Texas Open 2024,Valero Texas Open,2024,2,C. Conners,Corey Conners,Birdies,3.5,4.452,0.952,over,7.51,5,W,-135,-121,0.741,0.826
2026-07-23T02:15:27.589Z,TPC San Antonio (Oaks Course),Valero Texas Open 2024,Valero Texas Open,2024,2,C. Conners,Corey Conners,Birdies,3.5,4.452,0.952,under,-13.73,5,L,105,121,-1.000,-1.000
2026-07-23T02:15:27.589Z,TPC San Antonio (Oaks Course),Valero Texas Open 2024,Valero Texas Open,2024,2,C. Morikawa,Collin Morikawa,Birdies,3.5,4.021,0.521,over,-0.38,1,L,-135,-121,-1.000,-1.000
2026-07-23T02:15:27.589Z,TPC San Antonio (Oaks Course),Valero Texas Open 2024,Valero Texas Open,2024,2,C. Morikawa,Collin Morikawa,Birdies,3.5,4.021,0.521,under,-5.84,1,W,105,121,1.050,1.210
2026-07-23T02:15:27.589Z,TPC San Antonio (Oaks Course),Valero Texas Open 2024,Valero Texas Open,2024,2,M. Homa,Max Homa,Birdies,3.5,4.284,0.784,over,2.81,2,L,-145,-128,-1.000,-1.000
2026-07-23T02:15:27.589Z,TPC San Antonio (Oaks Course),Valero Texas Open 2024,Valero Texas Open,2024,4,H. Matsuyama,Hideki Matsuyama,Birdies,4.5,3.809,-0.691,over,-13.12,4,L,115,-109,-1.000,-1.000
2026-07-23T02:15:27.589Z,TPC San Antonio (Oaks Course),Valero Texas Open 2024,Valero Texas Open,2024,4,H. Matsuyama,Hideki Matsuyama,Birdies,4.5,3.809,-0.691,under,15.39,4,W,-105,109,0.952,1.090
2026-07-23T02:15:27.589Z,TPC San Antonio (Oaks Course),Valero Texas Open 2024,Valero Texas Open,2024,4,L. Aberg,Ludvig Aberg,Birdies,4.5,3.404,-1.096,over,-21.96,3,L,110,-124,-1.000,-1.000
2026-07-23T02:15:27.589Z,TPC San Antonio (Oaks Course),Valero Texas Open 2024,Valero Texas Open,2024,4,L. Aberg,Ludvig Aberg,Birdies,4.5,3.404,-1.096,under,26.72,3,W,110,124,1.100,1.240
2026-07-23T02:15:27.589Z,TPC San Antonio (Oaks Course),Valero Texas Open 2024,Valero Texas Open,2024,4,R. Henley,Russell Henley,Birdies,4.5,3.535,-0.965,over,-21.88,4,L,100,111,-1.000,-1.000
2026-07-23T02:15:27.589Z,TPC San Antonio (Oaks Course),Valero Texas Open 2024,Valero Texas Open,2024,4,R. Henley,Russell Henley,Birdies,4.5,3.535,-0.965,under,16.33,4,W,-125,-111,0.800,0.901
2026-07-23T02:15:27.589Z,TPC San Antonio (Oaks Course),Valero Texas Open 2024,Valero Texas Open,2024,1,R. Fowler,Rickie Fowler,Birdies,4.5,3.605,-0.895,over,-21.77,3,L,-105,110,-1.000,-1.000
2026-07-23T02:15:27.589Z,TPC San Antonio (Oaks Course),Valero Texas Open 2024,Valero Texas Open,2024,1,R. Fowler,Rickie Fowler,Birdies,4.5,3.605,-0.895,under,14.99,3,W,-125,-110,0.800,0.909
2026-07-23T02:15:27.589Z,TPC San Antonio (Oaks Course),Valero Texas Open 2024,Valero Texas Open,2024,1,T. Fleetwood,Tommy Fleetwood,Birdies,4.5,4.152,-0.348,over,-19.10,3,L,-145,-124,-1.000,-1.000
2026-07-23T02:15:27.589Z,TPC San Antonio (Oaks Course),Valero Texas Open 2024,Valero Texas Open,2024,1,T. Fleetwood,Tommy Fleetwood,Birdies,4.5,4.152,-0.348,under,12.30,3,W,110,124,1.100,1.240
2026-07-23T02:15:27.589Z,Innisbrook Resort (Copperhead Course),Valspar Championship,Valspar Championship,2025,1,A. Scott,Adam Scott,Birdies,3.5,3.249,-0.251,over,-1.72,1,L,135,168,-1.000,-1.000
2026-07-23T02:15:27.589Z,Innisbrook Resort (Copperhead Course),Valspar Championship,Valspar Championship,2025,1,S. Straka,Sepp Straka,Birdies,3.5,3.474,-0.026,over,-5.44,4,W,-105,118,0.952,1.180
2026-07-23T02:15:27.589Z,Innisbrook Resort (Copperhead Course),Valspar Championship,Valspar Championship,2025,1,X. Schauffele,Xander Schauffele,Birdies,3.5,3.439,-0.061,over,-3.77,4,W,105,129,1.050,1.290
2026-07-23T02:15:27.589Z,Innisbrook Resort (Copperhead Course),Valspar Championship,Valspar Championship,2025,1,B. Horschel,Billy Horschel,Birdies,2.5,2.425,-0.075,over,-21.84,3,W,-190,-157,0.526,0.637
2026-07-23T02:15:27.589Z,Innisbrook Resort (Copperhead Course),Valspar Championship,Valspar Championship,2025,1,T. Detry,Thomas Detry,Birdies,3.5,3.284,-0.216,under,-8.28,3,W,-200,-164,0.500,0.610
2026-07-23T02:15:27.589Z,Innisbrook Resort (Copperhead Course),Valspar Championship,Valspar Championship,2025,1,T. Fleetwood,Tommy Fleetwood,Birdies,3.5,3.514,0.014,over,-12.55,4,W,-145,-118,0.690,0.847
2026-07-23T02:15:27.589Z,Innisbrook Resort (Copperhead Course),Valspar Championship,Valspar Championship,2025,1,T. Fleetwood,Tommy Fleetwood,Birdies,3.5,3.514,0.014,under,2.14,4,L,-105,118,-1.000,-1.000
2026-07-23T02:15:27.589Z,Innisbrook Resort and Golf Club - Copperhead Course,Valspar Championship,Valspar Championship,2026,1,Alex Smalley,Alex Smalley,Total score,71.5,70.554,-0.946,over,-13.45,68,L,100,119,-1.000,-1.000
2026-07-23T02:15:27.589Z,Innisbrook Resort and Golf Club - Copperhead Course,Valspar Championship,Valspar Championship,2026,1,Alex Smalley,Alex Smalley,Total score,71.5,70.554,-0.946,under,3.45,68,W,-150,-123,0.667,0.813
2026-07-23T02:15:27.589Z,Innisbrook Resort and Golf Club - Copperhead Course,Valspar Championship,Valspar Championship,2026,1,Ben Griffin,Ben Griffin,Total score,70.5,71.204,0.704,over,0.10,70,L,-150,-116,-1.000,-1.000
2026-07-23T02:15:27.589Z,Innisbrook Resort and Golf Club - Copperhead Course,Valspar Championship,Valspar Championship,2026,1,Ben Griffin,Ben Griffin,Total score,70.5,71.204,0.704,under,-8.88,70,W,105,110,1.050,1.100
2026-07-23T02:15:27.589Z,Innisbrook Resort and Golf Club - Copperhead Course,Valspar Championship,Valspar Championship,2026,1,Billy Horschel,Billy Horschel,Total score,71.5,70.692,-0.808,over,-17.11,67,L,-125,-103,-1.000,-1.000
2026-07-23T02:15:27.589Z,Innisbrook Resort and Golf Club - Copperhead Course,Valspar Championship,Valspar Championship,2026,1,Brooks Koepka,Brooks Koepka,Total score,70.5,70.374,-0.126,over,-10.15,71,W,-140,-116,0.714,0.862
2026-07-23T02:15:27.589Z,Innisbrook Resort and Golf Club - Copperhead Course,Valspar Championship,Valspar Championship,2026,1,Brooks Koepka,Brooks Koepka,Total score,70.5,70.374,-0.126,under,0.60,71,L,-105,113,-1.000,-1.000
2026-07-23T02:15:27.589Z,Innisbrook Resort and Golf Club - Copperhead Course,Valspar Championship,Valspar Championship,2026,1,Christiaan Bezuidenhout,Christiaan Bezuidenhout,Total score,71.5,71.027,-0.473,over,-3.35,70,L,115,125,-1.000,-1.000
2026-07-23T02:15:27.589Z,Innisbrook Resort and Golf Club - Copperhead Course,Valspar Championship,Valspar Championship,2026,1,Christiaan Bezuidenhout,Christiaan Bezuidenhout,Total score,71.5,71.027,-0.473,under,-5.43,70,W,-165,-128,0.606,0.781
2026-07-23T02:15:27.589Z,Innisbrook Resort and Golf Club - Copperhead Course,Valspar Championship,Valspar Championship,2026,1,Corey Conners,Corey Conners,Total score,70.5,70.634,0.134,over,-6.39,69,L,-140,-125,-1.000,-1.000
2026-07-23T02:15:27.589Z,Innisbrook Resort and Golf Club - Copperhead Course,Valspar Championship,Valspar Championship,2026,1,Corey Conners,Corey Conners,Total score,70.5,70.634,0.134,under,-3.17,69,W,-105,117,0.952,1.170
2026-07-23T02:15:27.589Z,Innisbrook Resort and Golf Club - Copperhead Course,Valspar Championship,Valspar Championship,2026,1,Davis Thompson,Davis Thompson,Total score,71.5,70.877,-0.623,over,-7.74,66,L,105,126,-1.000,-1.000
2026-07-23T02:15:27.589Z,Innisbrook Resort and Golf Club - Copperhead Course,Valspar Championship,Valspar Championship,2026,1,Davis Thompson,Davis Thompson,Total score,71.5,70.877,-0.623,under,-1.04,66,W,-150,-126,0.667,0.794
2026-07-23T02:15:27.589Z,Innisbrook Resort and Golf Club - Copperhead Course,Valspar Championship,Valspar Championship,2026,1,J.J. Spaun,J.J. Spaun,Total score,70.5,70.945,0.445,over,-1.90,77,W,-140,-116,0.714,0.862
2026-07-23T02:15:27.589Z,Innisbrook Resort and Golf Club - Copperhead Course,Valspar Championship,Valspar Championship,2026,1,J.J. Spaun,J.J. Spaun,Total score,70.5,70.945,0.445,under,-8.81,77,L,-110,116,-1.000,-1.000
2026-07-23T02:15:27.589Z,Innisbrook Resort and Golf Club - Copperhead Course,Valspar Championship,Valspar Championship,2026,1,Jacob Bridgeman,Jacob Bridgeman,Total score,70.5,70.919,0.419,over,3.67,68,L,-110,109,-1.000,-1.000
2026-07-23T02:15:27.589Z,Innisbrook Resort and Golf Club - Copperhead Course,Valspar Championship,Valspar Championship,2026,1,Jacob Bridgeman,Jacob Bridgeman,Total score,70.5,70.919,0.419,under,-11.60,68,W,-125,-112,0.800,0.893
2026-07-23T02:15:27.589Z,Innisbrook Resort and Golf Club - Copperhead Course,Valspar Championship,Valspar Championship,2026,1,Jordan Spieth,Jordan Spieth,Total score,70.5,70.445,-0.055,over,-9.14,69,L,-140,-118,-1.000,-1.000
2026-07-23T02:15:27.589Z,Innisbrook Resort and Golf Club - Copperhead Course,Valspar Championship,Valspar Championship,2026,1,Jordan Spieth,Jordan Spieth,Total score,70.5,70.445,-0.055,under,-0.42,69,W,-105,108,0.952,1.080
2026-07-23T02:15:27.589Z,Innisbrook Resort and Golf Club - Copperhead Course,Valspar Championship,Valspar Championship,2026,1,Justin Thomas,Justin Thomas,Total score,70.5,70.787,0.287,over,-1.40,72,W,-125,104,0.800,1.040
2026-07-23T02:15:27.589Z,Innisbrook Resort and Golf Club - Copperhead Course,Valspar Championship,Valspar Championship,2026,1,Justin Thomas,Justin Thomas,Total score,70.5,70.787,0.287,under,-6.54,72,L,-110,-102,-1.000,-1.000
2026-07-23T02:15:27.589Z,Innisbrook Resort and Golf Club - Copperhead Course,Valspar Championship,Valspar Championship,2026,1,Keegan Bradley,Keegan Bradley,Total score,70.5,71.040,0.540,over,-4.48,73,W,-165,-130,0.606,0.769
2026-07-23T02:15:27.589Z,Innisbrook Resort and Golf Club - Copperhead Course,Valspar Championship,Valspar Championship,2026,1,Keegan Bradley,Keegan Bradley,Total score,70.5,71.040,0.540,under,-5.40,73,L,110,130,-1.000,-1.000
2026-07-23T02:15:27.589Z,Innisbrook Resort and Golf Club - Copperhead Course,Valspar Championship,Valspar Championship,2026,1,Keegan Bradley,Keegan Bradley,Total score,71.5,71.040,-0.460,over,-4.26,73,W,110,128,1.100,1.280
2026-07-23T02:15:27.589Z,Innisbrook Resort and Golf Club - Copperhead Course,Valspar Championship,Valspar Championship,2026,1,Keegan Bradley,Keegan Bradley,Total score,71.5,71.040,-0.460,under,-5.62,73,L,-165,-137,-1.000,-1.000
2026-07-23T02:15:27.589Z,Innisbrook Resort and Golf Club - Copperhead Course,Valspar Championship,Valspar Championship,2026,1,Matt Fitzpatrick,Matt Fitzpatrick,Total score,70.5,70.697,0.197,over,1.63,68,L,-105,119,-1.000,-1.000
2026-07-23T02:15:27.589Z,Innisbrook Resort and Golf Club - Copperhead Course,Valspar Championship,Valspar Championship,2026,1,Matt Fitzpatrick,Matt Fitzpatrick,Total score,70.5,70.697,0.197,under,-11.18,68,W,-140,-123,0.714,0.813
2026-07-23T02:15:27.589Z,Innisbrook Resort and Golf Club - Copperhead Course,Valspar Championship,Valspar Championship,2026,1,Max Homa,Max Homa,Total score,71.5,70.936,-0.564,over,-6.91,78,W,105,120,1.050,1.200
2026-07-23T02:15:27.589Z,Innisbrook Resort and Golf Club - Copperhead Course,Valspar Championship,Valspar Championship,2026,1,Max Homa,Max Homa,Total score,71.5,70.936,-0.564,under,-1.87,78,L,-150,-116,-1.000,-1.000
2026-07-23T02:15:27.589Z,Innisbrook Resort and Golf Club - Copperhead Course,Valspar Championship,Valspar Championship,2026,1,Nick Taylor,Nick Taylor,Total score,70.5,70.429,-0.071,over,-11.03,72,W,-150,-125,0.667,0.800
2026-07-23T02:15:27.589Z,Innisbrook Resort and Golf Club - Copperhead Course,Valspar Championship,Valspar Championship,2026,1,Nick Taylor,Nick Taylor,Total score,70.5,70.429,-0.071,under,1.03,72,L,100,125,-1.000,-1.000
2026-07-23T02:15:27.589Z,Innisbrook Resort and Golf Club - Copperhead Course,Valspar Championship,Valspar Championship,2026,1,Nick Taylor,Nick Taylor,Total score,71.5,70.429,-1.071,over,-11.66,72,W,115,135,1.150,1.350
2026-07-23T02:15:27.589Z,Innisbrook Resort and Golf Club - Copperhead Course,Valspar Championship,Valspar Championship,2026,1,Patrick Cantlay,Patrick Cantlay,Total score,70.5,71.006,0.506,over,2.76,70,L,-120,-103,-1.000,-1.000
2026-07-23T02:15:27.589Z,Innisbrook Resort and Golf Club - Copperhead Course,Valspar Championship,Valspar Championship,2026,1,Patrick Cantlay,Patrick Cantlay,Total score,70.5,71.006,0.506,under,-11.85,70,W,-120,103,0.833,1.030
2026-07-23T02:15:27.589Z,Innisbrook Resort and Golf Club - Copperhead Course,Valspar Championship,Valspar Championship,2026,1,Ricky Castillo,Ricky Castillo,Total score,71.5,71.021,-0.479,over,-6.92,68,L,100,119,-1.000,-1.000
2026-07-23T02:15:27.589Z,Innisbrook Resort and Golf Club - Copperhead Course,Valspar Championship,Valspar Championship,2026,1,Ricky Castillo,Ricky Castillo,Total score,71.5,71.021,-0.479,under,-1.42,68,W,-140,-119,0.714,0.840
2026-07-23T02:15:27.589Z,Innisbrook Resort and Golf Club - Copperhead Course,Valspar Championship,Valspar Championship,2026,1,Ryo Hisatsune,Ryo Hisatsune,Total score,70.5,70.812,0.312,over,-3.82,71,W,-140,-107,0.714,0.935
2026-07-23T02:15:27.589Z,Innisbrook Resort and Golf Club - Copperhead Course,Valspar Championship,Valspar Championship,2026,1,Ryo Hisatsune,Ryo Hisatsune,Total score,70.5,70.812,0.312,under,-5.74,71,L,-105,103,-1.000,-1.000
2026-07-23T02:15:27.589Z,Innisbrook Resort and Golf Club - Copperhead Course,Valspar Championship,Valspar Championship,2026,1,Sahith Theegala,Sahith Theegala,Total score,70.5,70.343,-0.157,over,-12.27,77,W,-150,-125,0.667,0.800
2026-07-23T02:15:27.589Z,Innisbrook Resort and Golf Club - Copperhead Course,Valspar Championship,Valspar Championship,2026,1,Sahith Theegala,Sahith Theegala,Total score,70.5,70.343,-0.157,under,3.49,77,L,105,113,-1.000,-1.000
2026-07-23T02:15:27.589Z,Innisbrook Resort and Golf Club - Copperhead Course,Valspar Championship,Valspar Championship,2026,1,Sam Ryder,Sam Ryder,Total score,71.5,70.898,-0.602,over,-18.66,72,W,-150,-123,0.667,0.813
2026-07-23T02:15:27.589Z,Innisbrook Resort and Golf Club - Copperhead Course,Valspar Championship,Valspar Championship,2026,1,Taylor Pendrith,Taylor Pendrith,Total score,70.5,70.918,0.418,over,-6.23,76,W,-165,-134,0.606,0.746
2026-07-23T02:15:27.589Z,Innisbrook Resort and Golf Club - Copperhead Course,Valspar Championship,Valspar Championship,2026,1,Taylor Pendrith,Taylor Pendrith,Total score,70.5,70.918,0.418,under,-2.55,76,L,115,134,-1.000,-1.000
2026-07-23T02:15:27.589Z,Innisbrook Resort and Golf Club - Copperhead Course,Valspar Championship,Valspar Championship,2026,1,Taylor Pendrith,Taylor Pendrith,Total score,71.5,70.918,-0.582,over,-6.00,76,W,110,131,1.100,1.310
2026-07-23T02:15:27.589Z,Innisbrook Resort and Golf Club - Copperhead Course,Valspar Championship,Valspar Championship,2026,1,Taylor Pendrith,Taylor Pendrith,Total score,71.5,70.918,-0.582,under,-3.88,76,L,-165,-131,-1.000,-1.000
2026-07-23T02:15:27.589Z,Innisbrook Resort and Golf Club - Copperhead Course,Valspar Championship,Valspar Championship,2026,1,Thorbjørn Olesen,Thorbjorn Olesen,Total score,71.5,70.973,-0.527,over,-8.82,73,W,-105,113,0.952,1.130
2026-07-23T02:15:27.589Z,Innisbrook Resort and Golf Club - Copperhead Course,Valspar Championship,Valspar Championship,2026,1,Thorbjørn Olesen,Thorbjorn Olesen,Total score,71.5,70.973,-0.527,under,-0.74,73,L,-140,-113,-1.000,-1.000
2026-07-23T02:15:27.589Z,Innisbrook Resort and Golf Club - Copperhead Course,Valspar Championship,Valspar Championship,2026,1,Viktor Hovland,Viktor Hovland,Total score,70.5,70.361,-0.139,over,-3.23,70,L,-105,104,-1.000,-1.000
2026-07-23T02:15:27.589Z,Innisbrook Resort and Golf Club - Copperhead Course,Valspar Championship,Valspar Championship,2026,1,Viktor Hovland,Viktor Hovland,Total score,70.5,70.361,-0.139,under,-7.99,70,W,-150,-107,0.667,0.935
2026-07-23T02:15:27.589Z,Innisbrook Resort and Golf Club - Copperhead Course,Valspar Championship,Valspar Championship,2026,1,Wyndham Clark,Wyndham Clark,Total score,71.5,70.619,-0.881,over,-11.34,70,L,105,122,-1.000,-1.000
2026-07-23T02:15:27.589Z,Innisbrook Resort and Golf Club - Copperhead Course,Valspar Championship,Valspar Championship,2026,1,Wyndham Clark,Wyndham Clark,Total score,71.5,70.619,-0.881,under,2.56,70,W,-150,-123,0.667,0.813
2026-07-23T02:15:27.589Z,Innisbrook Resort and Golf Club - Copperhead Course,Valspar Championship,Valspar Championship,2026,1,Xander Schauffele,Xander Schauffele,Total score,69.5,70.540,1.040,over,2.47,68,L,-165,-138,-1.000,-1.000
2026-07-23T02:15:27.589Z,Innisbrook Resort and Golf Club - Copperhead Course,Valspar Championship,Valspar Championship,2026,1,Xander Schauffele,Xander Schauffele,Total score,69.5,70.540,1.040,under,-11.25,68,W,115,138,1.150,1.380
2026-07-23T02:15:27.589Z,Innisbrook Resort and Golf Club - Copperhead Course,Valspar Championship,Valspar Championship,2026,1,Xander Schauffele,Xander Schauffele,Total score,70.5,70.540,0.040,over,1.80,68,L,105,134,-1.000,-1.000
2026-07-23T02:15:27.589Z,Innisbrook Resort and Golf Club - Copperhead Course,Valspar Championship,Valspar Championship,2026,1,Xander Schauffele,Xander Schauffele,Total score,70.5,70.540,0.040,under,-10.58,68,W,-150,-134,0.667,0.746
2026-07-23T02:15:27.589Z,Innisbrook Resort (Copperhead Course),Valspar Championship 2024,Valspar Championship,2024,3,P. Malnati,Peter Malnati,Birdies,2.5,2.940,0.440,under,-7.54,5,L,-105,104,-1.000,-1.000
2026-07-23T02:15:27.589Z,TPC Scottsdale (Stadium Course),WM Phoenix Open 2024,WM Phoenix Open,2024,1,A. Scott,Adam Scott,Birdies,3.5,3.747,0.247,over,-3.99,2,L,-125,-112,-1.000,-1.000
2026-07-23T02:15:27.589Z,TPC Scottsdale (Stadium Course),WM Phoenix Open 2024,WM Phoenix Open,2024,1,A. Scott,Adam Scott,Birdies,3.5,3.747,0.247,under,-1.56,2,W,100,112,1.000,1.120
2026-07-23T02:15:27.589Z,TPC Scottsdale (Stadium Course),WM Phoenix Open 2024,WM Phoenix Open,2024,1,C. Young,Carson Young,Birdies,3.5,3.576,0.076,over,-9.48,2,L,-135,-120,-1.000,-1.000
2026-07-23T02:15:27.589Z,TPC Scottsdale (Stadium Course),WM Phoenix Open 2024,WM Phoenix Open,2024,1,C. Young,Carson Young,Birdies,3.5,3.576,0.076,under,3.25,2,W,105,120,1.050,1.200
2026-07-23T02:15:27.589Z,TPC Scottsdale (Stadium Course),WM Phoenix Open 2024,WM Phoenix Open,2024,1,H. Matsuyama,Hideki Matsuyama,Birdies,3.5,3.515,0.015,over,-7.89,7,W,-120,-104,0.833,0.962
2026-07-23T02:15:27.589Z,TPC Scottsdale (Stadium Course),WM Phoenix Open 2024,WM Phoenix Open,2024,1,H. Matsuyama,Hideki Matsuyama,Birdies,3.5,3.515,0.015,under,2.12,7,L,-105,104,-1.000,-1.000
2026-07-23T02:15:27.589Z,TPC Scottsdale (Stadium Course),WM Phoenix Open 2024,WM Phoenix Open,2024,1,S. Scheffler,Scottie Scheffler,Birdies,4,4.771,0.771,over,-7.34,5,W,-145,-129,0.690,0.775
2026-07-23T02:15:27.589Z,TPC Scottsdale (Stadium Course),WM Phoenix Open 2024,WM Phoenix Open,2024,1,S. Scheffler,Scottie Scheffler,Birdies,4,4.771,0.771,under,1.64,5,L,115,129,-1.000,-1.000
2026-07-23T02:15:27.589Z,TPC Scottsdale (Stadium Course),WM Phoenix Open 2024,WM Phoenix Open,2024,1,W. Clark,Wyndham Clark,Birdies,3.5,4.532,1.032,over,8.86,3,L,-135,-118,-1.000,-1.000
2026-07-23T02:15:27.589Z,TPC Scottsdale (Stadium Course),WM Phoenix Open 2024,WM Phoenix Open,2024,1,B. Harman,Brian Harman,Birdies,3.5,3.278,-0.222,over,-13.07,5,W,-120,-107,0.833,0.935
2026-07-23T02:15:27.589Z,TPC Scottsdale (Stadium Course),WM Phoenix Open 2024,WM Phoenix Open,2024,1,J. Spieth,Jordan Spieth,Birdies,4,3.931,-0.069,over,-15.45,5,W,-105,109,0.952,1.090
2026-07-23T02:15:27.589Z,TPC Scottsdale (Stadium Course),WM Phoenix Open 2024,WM Phoenix Open,2024,1,S. Lowry,Shane Lowry,Birdies,3.5,3.473,-0.027,over,-9.80,6,W,-125,-112,0.800,0.893
2026-07-23T02:15:27.589Z,TPC Scottsdale (Stadium Course),WM Phoenix Open 2025,WM Phoenix Open,2025,2,S. Scheffler,Scottie Scheffler,Birdies,4.5,5.222,0.722,over,-2.51,5,W,-165,-137,0.606,0.730
2026-07-23T02:15:27.589Z,TPC Scottsdale (Stadium Course),WM Phoenix Open 2025,WM Phoenix Open,2025,2,T. Kim,Tom Kim,Birdies,4.5,4.383,-0.117,over,-5.44,6,W,100,123,1.000,1.230
2026-07-23T02:15:27.589Z,TPC Scottsdale (Stadium Course),WM Phoenix Open 2025,WM Phoenix Open,2025,2,S. Burns,Sam Burns,Birdies,4.5,4.443,-0.057,over,-1.91,3,L,110,133,-1.000,-1.000
2026-07-23T02:15:27.589Z,TPC Scottsdale (Stadium Course),WM Phoenix Open 2025,WM Phoenix Open,2025,2,S. Burns,Sam Burns,Birdies,4.5,4.443,-0.057,under,-7.97,3,W,-165,-133,0.606,0.752
2026-07-23T02:15:27.589Z,TPC Scottsdale (Stadium Course),WM Phoenix Open 2025,WM Phoenix Open,2025,2,S. Straka,Sepp Straka,Birdies,4.5,4.168,-0.332,over,-7.22,5,W,110,136,1.100,1.360
2026-07-23T02:15:27.589Z,Quail Hollow Club,Wells Fargo Championship 2023,Wells Fargo Championship,2023,1,C. Morikawa,Collin Morikawa,Total score,70.5,71.683,1.183,under,-22.20,73,L,-125,-110,-1.000,-1.000
2026-07-23T02:15:27.589Z,Quail Hollow Club,Wells Fargo Championship 2023,Wells Fargo Championship,2023,4,W. Clark,Wyndham Clark,Total score,71,69.751,-1.249,under,15.14,68,W,-110,104,0.909,1.040
2026-07-23T02:15:27.589Z,Quail Hollow Club,Wells Fargo Championship 2023,Wells Fargo Championship,2023,4,W. Clark,Wyndham Clark,Birdies,3.5,4.063,0.563,over,5.49,5,W,-110,101,0.909,1.010
2026-07-23T02:15:27.589Z,Quail Hollow Club,Wells Fargo Championship 2024,Wells Fargo Championship,2024,1,S. Theegala,Sahith Theegala,Birdies,4,3.766,-0.234,over,-24.89,1,L,-135,-120,-1.000,-1.000
2026-07-23T02:15:27.589Z,Quail Hollow Club,Wells Fargo Championship 2024,Wells Fargo Championship,2024,1,S. Theegala,Sahith Theegala,Birdies,4,3.766,-0.234,under,18.66,1,W,105,120,1.050,1.200
2026-07-23T02:15:27.589Z,Quail Hollow Club,Wells Fargo Championship 2024,Wells Fargo Championship,2024,1,V. Hovland,Viktor Hovland,Birdies,4,3.739,-0.261,over,-25.41,5,W,-135,-120,0.741,0.833
2026-07-23T02:15:27.589Z,Quail Hollow Club,Wells Fargo Championship 2024,Wells Fargo Championship,2024,1,V. Hovland,Viktor Hovland,Birdies,4,3.739,-0.261,under,19.19,5,L,105,120,-1.000,-1.000
2026-07-23T02:15:27.589Z,Quail Hollow Club,Wells Fargo Championship 2024,Wells Fargo Championship,2024,1,B. Harman,Brian Harman,Birdies,4,3.731,-0.269,under,16.90,1,W,-105,107,0.952,1.070
2026-07-23T02:15:27.589Z,Quail Hollow Club,Wells Fargo Championship 2024,Wells Fargo Championship,2024,1,P. Cantlay,Patrick Cantlay,Birdies,4.5,3.411,-1.089,under,16.77,3,W,-135,-122,0.741,0.820
2026-07-23T02:15:27.589Z,Quail Hollow Club,Wells Fargo Championship 2024,Wells Fargo Championship,2024,1,J. Spieth,Jordan Spieth,Birdies,4,3.692,-0.308,under,20.10,3,W,105,118,1.050,1.180
2026-07-23T02:15:27.589Z,Quail Hollow Club,Wells Fargo Championship 2024,Wells Fargo Championship,2024,1,R. Fowler,Rickie Fowler,Birdies,4,3.438,-0.562,under,21.33,5,L,-110,101,-1.000,-1.000
2026-07-23T02:15:27.589Z,Quail Hollow Club,Wells Fargo Championship 2024,Wells Fargo Championship,2024,1,M. Homa,Max Homa,Birdies,4,3.526,-0.474,over,-29.50,6,W,-135,-119,0.741,0.840
2026-07-23T02:15:27.589Z,Quail Hollow Club,Wells Fargo Championship 2024,Wells Fargo Championship,2024,1,M. Homa,Max Homa,Birdies,4,3.526,-0.474,under,23.27,6,L,105,119,-1.000,-1.000
2026-07-23T02:15:27.589Z,Quail Hollow Club,Wells Fargo Championship 2024,Wells Fargo Championship,2024,1,T. Kim,Tom Kim,Birdies,4,4.131,0.131,over,-7.95,5,W,110,123,1.100,1.230
2026-07-23T02:15:27.589Z,Quail Hollow Club,Wells Fargo Championship 2024,Wells Fargo Championship,2024,1,T. Kim,Tom Kim,Birdies,4,4.131,0.131,under,1.14,5,L,-145,-123,-1.000,-1.000
2026-07-23T02:15:27.589Z,Quail Hollow Club,Wells Fargo Championship 2024,Wells Fargo Championship,2024,1,S. Lowry,Shane Lowry,Birdies,4,2.932,-1.068,under,25.21,1,W,-135,-117,0.741,0.855
2026-07-23T02:15:27.589Z,Quail Hollow Club,Wells Fargo Championship 2024,Wells Fargo Championship,2024,1,W. Clark,Wyndham Clark,Birdies,4,4.045,0.045,under,15.49,5,L,115,129,-1.000,-1.000
2026-07-23T02:15:27.589Z,Quail Hollow Club,Wells Fargo Championship 2024,Wells Fargo Championship,2024,1,X. Schauffele,Xander Schauffele,Birdies,4.5,3.612,-0.888,under,12.97,7,L,-135,-118,-1.000,-1.000
2026-07-23T02:15:27.589Z,El Cardonal at Diamante,World Wide Technology Championship 2024,World Wide Technology Championship,2024,1,D. Berger,Daniel Berger,Birdies,5.5,5.355,-0.145,under,-2.05,4,W,-135,-110,0.741,0.909
2026-07-23T02:15:27.589Z,El Cardonal at Diamante,World Wide Technology Championship 2024,World Wide Technology Championship,2024,1,H. English,Harris English,Birdies,5.5,5.277,-0.223,under,1.19,5,W,-125,100,0.800,1.000
2026-07-23T02:15:27.589Z,El Cardonal at Diamante,World Wide Technology Championship 2024,World Wide Technology Championship,2024,1,Tom Hoge,Tom Hoge,Birdies,5.5,5.058,-0.442,under,5.02,5,W,-125,-105,0.800,0.952
2026-07-23T02:15:27.589Z,El Cardonal at Diamante,World Wide Technology Championship 2024,World Wide Technology Championship,2024,1,A. Smalley,Alex Smalley,Birdies,5.5,5.236,-0.264,under,1.91,2,W,-125,-101,0.800,0.990
2026-07-23T02:15:27.589Z,El Cardonal at Diamante,World Wide Technology Championship 2024,World Wide Technology Championship,2024,1,K. Kraft,Kelly Kraft,Birdies,5.5,5.133,-0.367,under,-5.02,4,W,-180,-146,0.556,0.685
2026-07-23T02:15:27.589Z,El Cardonal at Diamante,World Wide Technology Championship 2024,World Wide Technology Championship,2024,1,M. McNealy,Maverick McNealy,Birdies,5.5,5.140,-0.360,under,10.36,6,L,105,128,-1.000,-1.000
2026-07-23T02:15:27.589Z,Sedgefield Country Club,Wyndham Championship 2023,Wyndham Championship,2023,1,A. Scott,Adam Scott,Birdies,5,3.987,-1.013,under,21.27,7,L,-135,-118,-1.000,-1.000
2026-07-23T02:15:27.589Z,Sedgefield Country Club,Wyndham Championship 2023,Wyndham Championship,2023,1,J. Thomas,Justin Thomas,Birdies,5,3.557,-1.443,under,27.55,2,W,-135,-118,0.741,0.847
2026-07-23T02:15:27.589Z,Sedgefield Country Club,Wyndham Championship 2023,Wyndham Championship,2023,1,S. Lowry,Shane Lowry,Birdies,5,3.927,-1.073,under,22.20,3,W,-135,-115,0.741,0.870
2026-07-23T02:15:27.589Z,Sedgefield Country Club,Wyndham Championship 2023,Wyndham Championship,2023,3,B. Horschel,Billy Horschel,Birdies,4,4.007,0.007,over,-15.13,7,W,-110,103,0.909,1.030
2026-07-23T02:15:27.589Z,Sedgefield Country Club,Wyndham Championship 2023,Wyndham Championship,2023,3,B. Horschel,Billy Horschel,Birdies,4.5,4.007,-0.493,over,-15.13,7,W,-110,100,0.909,1.000
2026-07-23T02:15:27.589Z,Sedgefield Country Club,Wyndham Championship 2023,Wyndham Championship,2023,3,R. Henley,Russell Henley,Birdies,4,4.111,0.111,over,-19.90,6,W,-145,-126,0.690,0.794
2026-07-23T02:15:27.589Z,Sedgefield Country Club,Wyndham Championship 2023,Wyndham Championship,2023,3,R. Henley,Russell Henley,Birdies,4.5,4.111,-0.389,over,-19.90,6,W,-145,-123,0.690,0.813
2026-07-23T02:15:27.589Z,Sedgefield Country Club,Wyndham Championship 2023,Wyndham Championship,2023,3,J. Thomas,Justin Thomas,Birdies,4.5,3.680,-0.820,over,-16.73,5,W,110,124,1.100,1.240
2026-07-23T02:15:27.589Z,Sedgefield Country Club,Wyndham Championship 2023,Wyndham Championship,2023,3,M. Wallace,Matt Wallace,Birdies,4,3.920,-0.080,over,-14.45,2,L,100,114,-1.000,-1.000
2026-07-23T02:15:27.589Z,Sedgefield Country Club,Wyndham Championship 2023,Wyndham Championship,2023,4,J. Thomas,Justin Thomas,Birdies,5,3.756,-1.244,under,29.82,2,W,-110,-101,0.909,0.990
2026-07-23T02:15:27.589Z,Sedgefield Country Club,Wyndham Championship 2023,Wyndham Championship,2023,4,N. Hardy,Nick Hardy,Birdies,4.5,4.290,-0.210,under,8.46,2,W,105,119,1.050,1.190
2026-07-23T02:15:27.589Z,Sedgefield Country Club,Wyndham Championship 2023,Wyndham Championship,2023,1,B. Horschel,Billy Horschel,Birdies,5,3.942,-1.058,under,23.86,4,W,-125,-110,0.800,0.909
2026-07-23T02:15:27.589Z,Sedgefield Country Club,Wyndham Championship 2023,Wyndham Championship,2023,1,K. Streelman,Kevin Streelman,Birdies,5,4.019,-0.981,under,19.03,4,W,-145,-124,0.690,0.806
2026-07-23T02:15:27.589Z,Sedgefield Country Club,Wyndham Championship 2023,Wyndham Championship,2023,3,A. Svensson,Adam Svensson,Birdies,4,4.405,0.405,over,-12.47,5,W,-135,-114,0.741,0.877
2026-07-23T02:15:27.589Z,Sedgefield Country Club,Wyndham Championship 2023,Wyndham Championship,2023,3,A. Svensson,Adam Svensson,Birdies,4.5,4.405,-0.095,over,-10.58,5,W,-125,-114,0.800,0.877
2026-07-23T02:15:27.589Z,Sedgefield Country Club,Wyndham Championship 2023,Wyndham Championship,2023,3,L. Glover,Lucas Glover,Birdies,4,4.446,0.446,over,-8.78,9,W,-120,-107,0.833,0.935
2026-07-23T02:15:27.589Z,Sedgefield Country Club,Wyndham Championship 2023,Wyndham Championship,2023,4,B. Horschel,Billy Horschel,Birdies,5,4.152,-0.848,over,-26.09,1,L,100,115,-1.000,-1.000
2026-07-23T02:15:27.589Z,Sedgefield Country Club,Wyndham Championship 2023,Wyndham Championship,2023,4,B. Horschel,Billy Horschel,Birdies,5,4.152,-0.848,under,18.65,1,W,-135,-115,0.741,0.870
2026-07-23T02:15:27.589Z,Sedgefield Country Club,Wyndham Championship 2023,Wyndham Championship,2023,4,L. Glover,Lucas Glover,Birdies,5,4.681,-0.319,over,-14.79,3,L,110,123,-1.000,-1.000
2026-07-23T02:15:27.589Z,Sedgefield Country Club,Wyndham Championship 2023,Wyndham Championship,2023,4,L. Glover,Lucas Glover,Birdies,5,4.681,-0.319,under,7.99,3,W,-145,-123,0.690,0.813
2026-07-23T02:15:27.589Z,Sedgefield Country Club,Wyndham Championship 2023,Wyndham Championship,2023,1,C. Davis,Cam Davis,Birdies,4.5,4.979,0.479,under,-4.36,4,W,105,120,1.050,1.200
2026-07-23T02:15:27.589Z,Sedgefield Country Club,Wyndham Championship 2023,Wyndham Championship,2023,1,H. Matsuyama,Hideki Matsuyama,Birdies,5,4.045,-0.955,under,23.26,3,W,-120,-104,0.833,0.962
2026-07-23T02:15:27.589Z,Sedgefield Country Club,Wyndham Championship 2023,Wyndham Championship,2023,1,R. Henley,Russell Henley,Birdies,5,4.065,-0.935,under,21.93,7,L,-125,-111,-1.000,-1.000
2026-07-23T02:15:27.589Z,Sedgefield Country Club,Wyndham Championship 2023,Wyndham Championship,2023,1,A. Bhatia,Akshay Bhatia,Birdies,5,4.898,-0.102,under,5.94,3,W,-135,-121,0.741,0.826
2026-07-23T02:15:27.589Z,Sedgefield Country Club,Wyndham Championship 2023,Wyndham Championship,2023,1,S. Cink,Stewart Cink,Birdies,4.5,3.802,-0.698,under,16.75,4,W,100,113,1.000,1.130
2026-07-23T02:15:27.589Z,Sedgefield Country Club,Wyndham Championship 2023,Wyndham Championship,2023,1,J.T. Poston,J.T. Poston,Birdies,5,4.049,-0.951,under,22.19,7,L,-125,-110,-1.000,-1.000
2026-07-23T02:15:27.589Z,Sedgefield Country Club,Wyndham Championship 2023,Wyndham Championship,2023,1,S.W. Kim,S.H. Kim,Birdies,5,4.247,-0.753,under,23.32,2,W,-105,107,0.952,1.070
2026-07-23T02:15:27.589Z,Sedgefield Country Club,Wyndham Championship 2023,Wyndham Championship,2023,1,W. Simpson,Webb Simpson,Birdies,4.5,4.226,-0.274,under,7.26,5,L,-105,109,-1.000,-1.000
2026-07-23T02:15:27.589Z,Muirfield Village Golf Club,the Memorial Tournament presented by Workday,the Memorial Tournament presented by Workday,2026,1,Adam Scott,Adam Scott,Total score,72.5,72.622,0.122,under,-6.31,72,W,-120,-100,0.833,1.000
2026-07-23T02:15:27.589Z,Muirfield Village Golf Club,the Memorial Tournament presented by Workday,the Memorial Tournament presented by Workday,2026,1,Ben Griffin,Ben Griffin,Total score,72.5,71.645,-0.855,over,-10.99,74,W,105,122,1.050,1.220
2026-07-23T02:15:27.589Z,Muirfield Village Golf Club,the Memorial Tournament presented by Workday,the Memorial Tournament presented by Workday,2026,1,Ben Griffin,Ben Griffin,Total score,72.5,71.645,-0.855,under,2.21,74,L,-150,-120,-1.000,-1.000
2026-07-23T02:15:27.589Z,Muirfield Village Golf Club,the Memorial Tournament presented by Workday,the Memorial Tournament presented by Workday,2026,1,Cameron Young,Cameron Young,Total score,71.5,74.452,2.952,over,31.30,73,W,-120,-103,0.833,0.971
2026-07-23T02:15:27.589Z,Muirfield Village Golf Club,the Memorial Tournament presented by Workday,the Memorial Tournament presented by Workday,2026,1,Cameron Young,Cameron Young,Total score,71.5,74.452,2.952,under,-40.39,73,L,-120,103,-1.000,-1.000
2026-07-23T02:15:27.589Z,Muirfield Village Golf Club,the Memorial Tournament presented by Workday,the Memorial Tournament presented by Workday,2026,1,Chris Gotterup,Chris Gotterup,Total score,72.5,74.444,1.944,over,23.64,74,W,-110,106,0.909,1.060
2026-07-23T02:15:27.589Z,Muirfield Village Golf Club,the Memorial Tournament presented by Workday,the Memorial Tournament presented by Workday,2026,1,Chris Gotterup,Chris Gotterup,Total score,72.5,74.444,1.944,under,-31.58,74,L,-125,-106,-1.000,-1.000
2026-07-23T02:15:27.589Z,Muirfield Village Golf Club,the Memorial Tournament presented by Workday,the Memorial Tournament presented by Workday,2026,1,Harris English,Harris English,Total score,72.5,72.904,0.404,under,-8.22,71,W,-110,106,0.909,1.060
2026-07-23T02:15:27.589Z,Muirfield Village Golf Club,the Memorial Tournament presented by Workday,the Memorial Tournament presented by Workday,2026,1,Hideki Matsuyama,Hideki Matsuyama,Total score,72.5,71.282,-1.218,under,7.10,72,W,-150,-124,0.667,0.806
2026-07-23T02:15:27.589Z,Muirfield Village Golf Club,the Memorial Tournament presented by Workday,the Memorial Tournament presented by Workday,2026,1,J.J. Spaun,J.J. Spaun,Total score,72.5,73.515,1.015,over,15.62,67,L,105,124,-1.000,-1.000
2026-07-23T02:15:27.589Z,Muirfield Village Golf Club,the Memorial Tournament presented by Workday,the Memorial Tournament presented by Workday,2026,1,Jason Day,Jason Day,Total score,72.5,72.707,0.207,under,-4.22,74,L,-105,115,-1.000,-1.000
2026-07-23T02:15:27.589Z,Muirfield Village Golf Club,the Memorial Tournament presented by Workday,the Memorial Tournament presented by Workday,2026,1,Jordan Spieth,Jordan Spieth,Total score,72.5,71.567,-0.933,under,4.95,71,W,-140,-112,0.714,0.893
2026-07-23T02:15:27.589Z,Muirfield Village Golf Club,the Memorial Tournament presented by Workday,the Memorial Tournament presented by Workday,2026,1,Justin Rose,Justin Rose,Total score,72.5,72.800,0.300,under,-6.73,69,W,-110,107,0.909,1.070
2026-07-23T02:15:27.589Z,Muirfield Village Golf Club,the Memorial Tournament presented by Workday,the Memorial Tournament presented by Workday,2026,1,Justin Thomas,Justin Thomas,Total score,72.5,71.964,-0.536,over,-6.51,74,W,105,125,1.050,1.250
2026-07-23T02:15:27.589Z,Muirfield Village Golf Club,the Memorial Tournament presented by Workday,the Memorial Tournament presented by Workday,2026,1,Justin Thomas,Justin Thomas,Total score,72.5,71.964,-0.536,under,-2.27,74,L,-150,-125,-1.000,-1.000
2026-07-23T02:15:27.589Z,Muirfield Village Golf Club,the Memorial Tournament presented by Workday,the Memorial Tournament presented by Workday,2026,1,Kurt Kitayama,Kurt Kitayama,Total score,72.5,75.633,3.133,under,-40.76,72,W,-115,104,0.870,1.040
2026-07-23T02:15:27.589Z,Muirfield Village Golf Club,the Memorial Tournament presented by Workday,the Memorial Tournament presented by Workday,2026,1,Matt Fitzpatrick,Matt Fitzpatrick,Total score,71.5,74.211,2.711,under,-31.41,75,L,110,130,-1.000,-1.000
2026-07-23T02:15:27.589Z,Muirfield Village Golf Club,the Memorial Tournament presented by Workday,the Memorial Tournament presented by Workday,2026,1,Maverick McNealy,Maverick McNealy,Total score,72.5,75.364,2.864,over,29.56,71,L,-125,-105,-1.000,-1.000
2026-07-23T02:15:27.589Z,Muirfield Village Golf Club,the Memorial Tournament presented by Workday,the Memorial Tournament presented by Workday,2026,1,Maverick McNealy,Maverick McNealy,Total score,72.5,75.364,2.864,under,-38.60,71,W,-115,105,0.870,1.050
2026-07-23T02:15:27.589Z,Muirfield Village Golf Club,the Memorial Tournament presented by Workday,the Memorial Tournament presented by Workday,2026,1,Min Woo Lee,Min Woo Lee,Total score,72.5,74.579,2.079,over,24.03,74,W,-115,104,0.870,1.040
2026-07-23T02:15:27.589Z,Muirfield Village Golf Club,the Memorial Tournament presented by Workday,the Memorial Tournament presented by Workday,2026,1,Min Woo Lee,Min Woo Lee,Total score,72.5,74.579,2.079,under,-33.08,74,L,-125,-107,-1.000,-1.000
2026-07-23T02:15:27.589Z,Muirfield Village Golf Club,the Memorial Tournament presented by Workday,the Memorial Tournament presented by Workday,2026,1,Patrick Cantlay,Patrick Cantlay,Total score,72.5,71.342,-1.158,under,6.32,70,W,-150,-126,0.667,0.794
2026-07-23T02:15:27.589Z,Muirfield Village Golf Club,the Memorial Tournament presented by Workday,the Memorial Tournament presented by Workday,2026,1,Rickie Fowler,Rickie Fowler,Total score,72.5,72.339,-0.161,over,-5.82,79,W,-115,105,0.870,1.050
2026-07-23T02:15:27.589Z,Muirfield Village Golf Club,the Memorial Tournament presented by Workday,the Memorial Tournament presented by Workday,2026,1,Rickie Fowler,Rickie Fowler,Total score,72.5,72.339,-0.161,under,-2.22,79,L,-120,-100,-1.000,-1.000
2026-07-23T02:15:27.589Z,Muirfield Village Golf Club,the Memorial Tournament presented by Workday,the Memorial Tournament presented by Workday,2026,1,Robert MacIntyre,Robert MacIntyre,Total score,72.5,73.771,1.271,over,14.31,77,W,-115,105,0.870,1.050
2026-07-23T02:15:27.589Z,Muirfield Village Golf Club,the Memorial Tournament presented by Workday,the Memorial Tournament presented by Workday,2026,1,Robert MacIntyre,Robert MacIntyre,Total score,72.5,73.771,1.271,under,-23.36,77,L,-125,-103,-1.000,-1.000
2026-07-23T02:15:27.589Z,Muirfield Village Golf Club,the Memorial Tournament presented by Workday,the Memorial Tournament presented by Workday,2026,1,Rory McIlroy,Rory McIlroy,Total score,71.5,71.663,0.163,over,2.37,71,L,100,119,-1.000,-1.000
2026-07-23T02:15:27.589Z,Muirfield Village Golf Club,the Memorial Tournament presented by Workday,the Memorial Tournament presented by Workday,2026,1,Rory McIlroy,Rory McIlroy,Total score,71.5,71.663,0.163,under,-12.37,71,W,-150,-126,0.667,0.794
2026-07-23T02:15:27.589Z,Muirfield Village Golf Club,the Memorial Tournament presented by Workday,the Memorial Tournament presented by Workday,2026,1,Russell Henley,Russell Henley,Total score,71.5,72.314,0.814,under,-15.13,72,L,-115,105,-1.000,-1.000
2026-07-23T02:15:27.589Z,Muirfield Village Golf Club,the Memorial Tournament presented by Workday,the Memorial Tournament presented by Workday,2026,1,Sam Burns,Sam Burns,Total score,72.5,73.415,0.915,over,9.55,69,L,-115,104,-1.000,-1.000
2026-07-23T02:15:27.589Z,Muirfield Village Golf Club,the Memorial Tournament presented by Workday,the Memorial Tournament presented by Workday,2026,1,Sam Burns,Sam Burns,Total score,72.5,73.415,0.915,under,-18.59,69,W,-125,-104,0.800,0.962
2026-07-23T02:15:27.589Z,Muirfield Village Golf Club,the Memorial Tournament presented by Workday,the Memorial Tournament presented by Workday,2026,1,Scottie Scheffler,Scottie Scheffler,Total score,70.5,70.654,0.154,under,-10.57,73,L,-140,-106,-1.000,-1.000
2026-07-23T02:15:27.589Z,Muirfield Village Golf Club,the Memorial Tournament presented by Workday,the Memorial Tournament presented by Workday,2026,1,Si Woo Kim,Si Woo Kim,Total score,71.5,71.688,0.188,under,-2.73,72,L,100,121,-1.000,-1.000
2026-07-23T02:15:27.589Z,Muirfield Village Golf Club,the Memorial Tournament presented by Workday,the Memorial Tournament presented by Workday,2026,1,Tommy Fleetwood,Tommy Fleetwood,Total score,71.5,73.720,2.220,over,20.69,67,L,-140,-113,-1.000,-1.000
2026-07-23T02:15:27.589Z,Muirfield Village Golf Club,the Memorial Tournament presented by Workday,the Memorial Tournament presented by Workday,2026,1,Tommy Fleetwood,Tommy Fleetwood,Total score,71.5,73.720,2.220,under,-30.24,67,W,-105,113,0.952,1.130
2026-07-23T02:15:27.589Z,Muirfield Village Golf Club,the Memorial Tournament presented by Workday,the Memorial Tournament presented by Workday,2026,1,Xander Schauffele,Xander Schauffele,Total score,71.5,72.196,0.696,under,-9.98,72,L,100,119,-1.000,-1.000
