"pga_player_id","pga_display_name","pga_first_name","pga_last_name","pga_country","dg_id","dg_player_name","dg_country","n_rounds_hist","match_method","confidence"
"01001","Tommy Aaron","Tommy","Aaron","United States",10001001,"Aaron, Tommy",NA,4,"last_first_exact",1
"23778","Brad Adamonis","Brad","Adamonis","United States",7612,"Adamonis, Brad",NA,171,"last_first_exact",1
"29910","Blake Adams","Blake","Adams","United States",12088,"Adams, Blake",NA,357,"last_first_exact",1
"06142","Mitch Adcock","Mitch","Adcock","United States",640,"Adcock, Mitch",NA,2,"last_first_exact",1
"67601","Patrick Adler","Patrick","Adler","United States",35576,"Adler, Patrick",NA,2,"last_first_exact",1
"27796","Joe Affrunti","Joe","Affrunti","United States",9194,"Affrunti, Joe",NA,51,"last_first_exact",1
"24461","Thomas Aiken","Thomas","Aiken","South Africa",7679,"Aiken, Thomas",NA,147,"last_first_exact",1
"67118","Kihei Akina","Kihei","Akina","United States",32652,"Akina, Kihei",NA,8,"last_first_exact",1
"49303","Anders Albertson","Anders","Albertson","United States",21235,"Albertson, Anders",NA,148,"last_first_exact",1
"29745","Tyler Aldridge","Tyler","Aldridge","United States",11677,"Aldridge, Tyler",NA,139,"last_first_exact",1
"33408","Tyson Alexander","Tyson","Alexander","United States",14002,"Alexander, Tyson",NA,189,"last_first_exact",1
"20771","Steven Alker","Steven","Alker","New Zealand",4871,"Alker, Steven",NA,141,"last_first_exact",1
"21633","Steve Allan","Steve","Allan","Australia",5697,"Allan, Steve",NA,252,"last_first_exact",1
"01014","Fulton Allem","Fulton","Allem","South Africa",433,"Allem, Fulton",NA,34,"last_first_exact",1
"06197","Michael Allen","Michael","Allen","United States",575,"Allen, Michael",NA,425,"last_first_exact",1
"10885","Robert Allenby","Robert","Allenby","Australia",4949,"Allenby, Robert",NA,967,"last_first_exact",1
"23540","Jason Allred","Jason","Allred","United States",7804,"Allred, Jason",NA,137,"last_first_exact",1
"06004","Stephen Ames","Stephen","Ames","Canada",4102,"Ames, Stephen",NA,716,"last_first_exact",1
"33948","Byeong Hun An","Byeong Hun","An","Republic of Korea",14459,"An, Byeong Hun",NA,789,"last_first_exact",1
"45526","Abraham Ancer","Abraham","Ancer","Mexico",18238,"Ancer, Abraham",NA,669,"last_first_exact",1
"52370","Mason Andersen","Mason","Andersen","United States",23540,"Andersen, Mason",NA,76,"last_first_exact",1
"23036","Chris Anderson","Chris","Anderson","United States",1573,"Anderson, Chris",NA,36,"last_first_exact",1
"06006","JC Anderson","JC","Anderson","United States",864,"Anderson, JC",NA,4,"last_first_exact",1
"33120","Mark Anderson","Mark","Anderson","United States",12131,"Anderson, Mark",NA,279,"last_first_exact",1
"57321","Matthew Anderson","Matthew","Anderson","Canada",26617,"Anderson, Matthew",NA,16,"last_first_exact",1
"01024","Billy Andrade","Billy","Andrade","United States",708,"Andrade, Billy",NA,396,"last_first_exact",1
"30978","Kiradech Aphibarnrat","Kiradech","Aphibarnrat","Thailand",12321,"Aphibarnrat, Kiradech",NA,324,"last_first_exact",1
"20098","Stuart Appleby","Stuart","Appleby","Australia",5294,"Appleby, Stuart",NA,984,"last_first_exact",1
"25936","Alex Aragon","Alex","Aragon","United States",7623,"Aragon, Alex",NA,89,"last_first_exact",1
"45194","Marcus Armitage","Marcus","Armitage","England",17813,"Armitage, Marcus",NA,38,"last_first_exact",1
"19803","Ryan Armour","Ryan","Armour","United States",8469,"Armour, Ryan",NA,755,"last_first_exact",1
"01035","Tommy Armour III","Tommy","Armour III","United States",556,"Armour III, Tommy",NA,391,"last_first_exact",1
"07781","Ty Armstrong","Ty","Armstrong","United States",4079,"Armstrong, Ty",NA,2,"last_first_exact",1
"52096","Adri Arnaus","Adri","Arnaus","Spain",23236,"Arnaus, Adri",NA,41,"last_first_exact",1
"01039","Perry Arthur","Perry","Arthur","United States",688,"Arthur, Perry",NA,4,"last_first_exact",1
"47125","Matt Atkins","Matt","Atkins","United States",19360,"Atkins, Matt",NA,82,"last_first_exact",1
"21407","Arjun Atwal","Arjun","Atwal","India",5701,"Atwal, Arjun",NA,607,"last_first_exact",1
"07867","Woody Austin","Woody","Austin","United States",3629,"Austin, Woody",NA,733,"last_first_exact",1
"65871","Thomas Avant","Thomas","Avant","United States",31585,"Avant, Thomas",NA,2,"last_first_exact",1
"23048","Eric Axley","Eric","Axley","United States",8024,"Axley, Eric",NA,471,"last_first_exact",1
"64052","Angel Ayora","Angel","Ayora","Spain",30445,"Ayora, Angel",NA,20,"last_first_exact",1
"01042","Paul Azinger","Paul","Azinger","United States",20,"Azinger, Paul",NA,250,"last_first_exact",1
"22371","Aaron Baddeley","Aaron","Baddeley","Australia",6252,"Baddeley, Aaron",NA,1493,"last_first_exact",1
"28259","Sangmoon Bae","Sangmoon","Bae","Republic of Korea",10081,"Bae, Sangmoon",NA,552,"last_first_exact",1
"56003","Yongjun Bae","Yongjun","Bae","Republic of Korea",25628,"Bae, Yongjun",NA,16,"last_first_exact",1
"20498","Briny Baird","Briny","Baird","United States",6277,"Baird, Briny",NA,666,"last_first_exact",1
"60369","Sam Bairstow","Sam","Bairstow","England",28615,"Bairstow, Sam",NA,30,"last_first_exact",1
"33404","Chris Baker","Chris","Baker","United States",13971,"Baker, Chris",NA,123,"last_first_exact",1
"01049","Ian Baker-Finch","Ian","Baker-Finch","Australia",482,"Baker-Finch, Ian",NA,2,"last_first_exact",1
"32622","Matthew Baldwin","Matthew","Baldwin","England",13344,"Baldwin, Matthew",NA,26,"last_first_exact",1
"60165","Jose Luis Ballester","Jose Luis","Ballester","Spain",28473,"Ballester, Jose Luis",NA,60,"last_first_exact",1
"01051","Seve Ballesteros","Seve","Ballesteros","Spain",238,"Ballesteros, Seve",NA,4,"last_first_exact",1
"70525","Ronin Banerjee","Ronin","Banerjee","United States",35309,"Banerjee, Ronin",NA,2,"last_first_exact",1
"21739","Aaron Barber","Aaron","Barber","United States",6704,"Barber, Aaron",NA,32,"last_first_exact",1
"35545","Blayne Barber","Blayne","Barber","United States",15608,"Barber, Blayne",NA,299,"last_first_exact",1
"23613","Rich Barcelo","Rich","Barcelo","United States",7439,"Barcelo, Rich",NA,157,"last_first_exact",1
"37212","Paul Barjon","Paul","Barjon","France",16566,"Barjon, Paul",NA,162,"last_first_exact",1
"19824","Craig Barlow","Craig","Barlow","United States",6138,"Barlow, Craig",NA,318,"last_first_exact",1
"34374","Erik Barnes","Erik","Barnes","United States",14799,"Barnes, Erik",NA,122,"last_first_exact",1
"24846","Ricky Barnes","Ricky","Barnes","United States",6846,"Barnes, Ricky",NA,977,"last_first_exact",1
"12661","Todd Barranger","Todd","Barranger","United States",3994,"Barranger, Todd",NA,5,"last_first_exact",1
"20099","Doug Barron","Doug","Barron","United States",5917,"Barron, Doug",NA,99,"last_first_exact",1
"27124","Chris Baryla","Chris","Baryla","Canada",7577,"Baryla, Chris",NA,68,"last_first_exact",1
"07223","Brian Bateman","Brian","Bateman","United States",5013,"Bateman, Brian",NA,318,"last_first_exact",1
"01063","Ben Bates","Ben","Bates","United States",2622,"Bates, Ben",NA,2,"last_first_exact",1
"07721","Pat Bates","Pat","Bates","United States",5658,"Bates, Pat",NA,67,"last_first_exact",1
"48001","Zach Bauchou","Zach","Bauchou","United States",19846,"Bauchou, Zach",NA,82,"last_first_exact",1
"01068","Andy Bean","Andy","Bean","United States",8,"Bean, Andy",NA,2,"last_first_exact",1
"12652","Cameron Beckman","Cameron","Beckman","United States",3869,"Beckman, Cameron",NA,692,"last_first_exact",1
"23614","Rich Beem","Rich","Beem","United States",6301,"Beem, Rich",NA,507,"last_first_exact",1
"20029","Notah Begay III","Notah","Begay III","United States",6302,"Begay III, Notah",NA,176,"last_first_exact",1
"32334","Charlie Beljan","Charlie","Beljan","United States",13118,"Beljan, Charlie",NA,359,"last_first_exact",1
"01078","Jim Benepe","Jim","Benepe","United States",677,"Benepe, Jim",NA,6,"last_first_exact",1
"63931","Daniel Bennett","Daniel","Bennett","South Africa",30332,"Bennett, Daniel",NA,4,"last_first_exact",1
"30637","Yohann Benson","Yohann","Benson","Canada",9457,"Benson, Yohann",NA,4,"last_first_exact",1
"39464","Derek Berg","Derek","Berg","United States",17617,"Berg, Derek",NA,2,"last_first_exact",1
"07003","David Berganio, Jr.","David","Berganio, Jr.","United States",4970,"Berganio, Jr., David",NA,64,"last_first_exact",1
"40026","Daniel Berger","Daniel","Berger","United States",17606,"Berger, Daniel",NA,830,"last_first_exact",1
"65825","Joshua Berry","Joshua","Berry","England",31520,"Berry, Joshua",NA,2,"last_first_exact",1
"70106","Carson Bertagnole","Carson","Bertagnole","United States",34966,"Bertagnole, Carson",NA,2,"last_first_exact",1
"10505","Shane Bertsch","Shane","Bertsch","United States",5605,"Bertsch, Shane",NA,319,"last_first_exact",1
"20070","Matt Bettencourt","Matt","Bettencourt","United States",7835,"Bettencourt, Matt",NA,394,"last_first_exact",1
"66506","Josh Bevell","Josh","Bevell","United States",32185,"Bevell, Josh",NA,2,"last_first_exact",1
"45522","Christiaan Bezuidenhout","Christiaan","Bezuidenhout","South Africa",18103,"Bezuidenhout, Christiaan",NA,495,"last_first_exact",1
"56630","Akshay Bhatia","Akshay","Bhatia","United States",26096,"Bhatia, Akshay",NA,376,"last_first_exact",1
"28697","Gaganjeet Bhullar","Gaganjeet","Bhullar","India",10766,"Bhullar, Gaganjeet",NA,31,"last_first_exact",1
"01086","Roy Biancalana","Roy","Biancalana","United States",659,"Biancalana, Roy",NA,8,"last_first_exact",1
"23542","Tommy Biershenk","Tommy","Biershenk","United States",6402,"Biershenk, Tommy",NA,66,"last_first_exact",1
"55930","Fred Biondi","Fred","Biondi","Brazil",25614,"Biondi, Fred",NA,44,"last_first_exact",1
"33803","Lucas Bjerregaard","Lucas","Bjerregaard","Denmark",11619,"Bjerregaard, Lucas",NA,91,"last_first_exact",1
"22946","Henrik Bjornstad","Henrik","Bjornstad","Norway",6095,"Bjornstad, Henrik",NA,135,"last_first_exact",1
"01093","Ronnie Black","Ronnie","Black","United States",11,"Black, Ronnie",NA,16,"last_first_exact",1
"01096","Phil Blackmar","Phil","Blackmar","United States",13,"Blackmar, Phil",NA,10,"last_first_exact",1
"40058","Zac Blair","Zac","Blair","United States",17639,"Blair, Zac",NA,717,"last_first_exact",1
"01098","Jay Don Blake","Jay Don","Blake","United States",612,"Blake, Jay Don",NA,29,"last_first_exact",1
"54788","Chandler Blanchet","Chandler","Blanchet","United States",24956,"Blanchet, Chandler",NA,67,"last_first_exact",1
"28087","Kris Blanks","Kris","Blanks","United States",7185,"Blanks, Kris",NA,306,"last_first_exact",1
"27958","Ryan Blaum","Ryan","Blaum","United States",9643,"Blaum, Ryan",NA,343,"last_first_exact",1
"27895","Jonas Blixt","Jonas","Blixt","Sweden",8182,"Blixt, Jonas",NA,666,"last_first_exact",1
"22764","Michael Block","Michael","Block","United States",12333,"Block, Michael",NA,83,"last_first_exact",1
"24507","Jason Bohn","Jason","Bohn","United States",6462,"Bohn, Jason",NA,1016,"last_first_exact",1
"24227","Justin Bolli","Justin","Bolli","United States",8175,"Bolli, Justin",NA,220,"last_first_exact",1
"06214","Guy Boros","Guy","Boros","United States",4650,"Boros, Guy",NA,114,"last_first_exact",1
"07363","Craig Bowden","Craig","Bowden","United States",5920,"Bowden, Craig",NA,188,"last_first_exact",1
"25274","Steven Bowditch","Steven","Bowditch","Australia",7053,"Bowditch, Steven",NA,544,"last_first_exact",1
"51735","Evan Bowser","Evan","Bowser","United States",23454,"Bowser, Evan",NA,4,"last_first_exact",1
"01114","Bob Boyd","Bob","Boyd","United States",17,"Boyd, Bob",NA,2,"last_first_exact",1
"40009","Dominic Bozzelli","Dominic","Bozzelli","United States",17564,"Bozzelli, Dominic",NA,271,"last_first_exact",1
"63459","Dan Bradbury","Dan","Bradbury","England",29971,"Bradbury, Dan",NA,18,"last_first_exact",1
"33141","Keegan Bradley","Keegan","Bradley","United States",13872,"Bradley, Keegan",NA,1351,"last_first_exact",1
"01116","Michael Bradley","Michael","Bradley","United States",3582,"Bradley, Michael",NA,372,"last_first_exact",1
"34255","Joseph Bramlett","Joseph","Bramlett","United States",14698,"Bramlett, Joseph",NA,536,"last_first_exact",1
"21646","David Branshaw","David","Branshaw","United States",6710,"Branshaw, David",NA,177,"last_first_exact",1
"08123","Jeff Brehaut","Jeff","Brehaut","United States",6280,"Brehaut, Jeff",NA,219,"last_first_exact",1
"28420","Ryan Brehm","Ryan","Brehm","United States",10423,"Brehm, Ryan",NA,426,"last_first_exact",1
"61522","Michael Brennan","Michael","Brennan","United States",29197,"Brennan, Michael",NA,87,"last_first_exact",1
"60004","Jacob Bridgeman","Jacob","Bridgeman","United States",29433,"Bridgeman, Jacob",NA,270,"last_first_exact",1
"01127","Danny Briggs","Danny","Briggs","United States",23,"Briggs, Danny",NA,96,"last_first_exact",1
"24290","D.J. Brigman","D.J.","Brigman","United States",7543,"Brigman, D.J.",NA,209,"last_first_exact",1
"01129","Bill Britton","Bill","Britton","United States",687,"Britton, Bill",NA,2,"last_first_exact",1
"01132","Mark Brooks","Mark","Brooks","United States",24,"Brooks, Mark",NA,372,"last_first_exact",1
"66417","Blades Brown","Blades","Brown","United States",32152,"Brown, Blades",NA,61,"last_first_exact",1
"57259","Dan Brown","Dan","Brown","England",20766,"Brown, Dan",NA,47,"last_first_exact",1
"22313","Mark Brown","Mark","Brown","United States",3486,"Brown, Mark",NA,26,"last_first_exact",1
"29479","Scott Brown","Scott","Brown","United States",11330,"Brown, Scott",NA,905,"last_first_exact",1
"01139","Olin Browne","Olin","Browne","United States",2130,"Browne, Olin",NA,334,"last_first_exact",1
"48084","Wesley Bryan","Wesley","Bryan","United States",21236,"Bryan, Wesley",NA,403,"last_first_exact",1
"01142","Bart Bryant","Bart","Bryant","United States",2162,"Bryant, Bart",NA,429,"last_first_exact",1
"01143","Brad Bryant","Brad","Bryant","United States",26,"Bryant, Brad",NA,10,"last_first_exact",1
"60495","Davis Bryant","Davis","Bryant","United States",32550,"Bryant, Davis",NA,10,"last_first_exact",1
"66742","Jackson Buchanan","Jackson","Buchanan","United States",32333,"Buchanan, Jackson",NA,12,"last_first_exact",1
"25273","Andrew Buckle","Andrew","Buckle","Australia",7052,"Buckle, Andrew",NA,99,"last_first_exact",1
"55708","Hayden Buckley","Hayden","Buckley","United States",25363,"Buckley, Hayden",NA,341,"last_first_exact",1
"29268","Bronson Burgoon","Bronson","Burgoon","United States",11082,"Burgoon, Bronson",NA,422,"last_first_exact",1
"33974","Dean Burmester","Dean","Burmester","South Africa",14424,"Burmester, Dean",NA,249,"last_first_exact",1
"06809","Bob Burns","Bob","Burns","United States",3739,"Burns, Bob",NA,120,"last_first_exact",1
"01150","George Burns","George","Burns","United States",27,"Burns, George",NA,6,"last_first_exact",1
"47504","Sam Burns","Sam","Burns","United States",19483,"Burns, Sam",NA,686,"last_first_exact",1
"10837","Kevin Burton","Kevin","Burton","United States",2887,"Burton, Kevin",NA,2,"last_first_exact",1
"01155","Bob Byman","Bob","Byman","United States",1083,"Byman, Bob",NA,1,"last_first_exact",1
"24925","Jonathan Byrd","Jonathan","Byrd","United States",6931,"Byrd, Jonathan",NA,1227,"last_first_exact",1
"58816","Marcus Byrd","Marcus","Byrd","United States",29304,"Byrd, Marcus",NA,26,"last_first_exact",1
"01157","Tom Byrum","Tom","Byrum","United States",555,"Byrum, Tom",NA,230,"last_first_exact",1
"70036","Anson Cabello","Anson","Cabello","United States",34840,"Cabello, Anson",NA,2,"last_first_exact",1
"26499","Rafa Cabrera Bello","Rafa","Cabrera Bello","Spain",7457,"Cabrera Bello, Rafa",NA,468,"last_first_exact",1
"22789","Brian Cairns","Brian","Cairns","United States",15637,"Cairns, Brian",NA,6,"last_first_exact",1
"01161","Mark Calcavecchia","Mark","Calcavecchia","United States",30,"Calcavecchia, Mark",NA,509,"last_first_exact",1
"46443","Brian Campbell","Brian","Campbell","United States",18628,"Campbell, Brian",NA,187,"last_first_exact",1
"12510","Chad Campbell","Chad","Campbell","United States",6248,"Campbell, Chad",NA,1323,"last_first_exact",1
"20400","Michael Campbell","Michael","Campbell","New Zealand",4984,"Campbell, Michael",NA,131,"last_first_exact",1
"46238","Thomas Campbell","Thomas","Campbell","New Zealand",18359,"Campbell, Thomas",NA,2,"last_first_exact",1
"32367","Jorge Campillo","Jorge","Campillo","Spain",14016,"Campillo, Jorge",NA,104,"last_first_exact",1
"32070","Rafael Campos","Rafael","Campos","Puerto Rico",12909,"Campos, Rafael",NA,351,"last_first_exact",1
"34362","Laurie Canter","Laurie","Canter","England",14795,"Canter, Laurie",NA,155,"last_first_exact",1
"47847","Ivan Cantero Gutierrez","Ivan","Cantero Gutierrez","Spain",19635,"Cantero Gutierrez, Ivan",NA,18,"last_first_exact",1
"35450","Patrick Cantlay","Patrick","Cantlay","United States",15466,"Cantlay, Patrick",NA,768,"last_first_exact",1
"49590","Frankie Capan III","Frankie","Capan III","United States",21412,"Capan III, Frankie",NA,108,"last_first_exact",1
"34314","Sebastian Cappelen","Sebastian","Cappelen","Denmark",14776,"Cappelen, Sebastian",NA,123,"last_first_exact",1
"28093","Miguel Angel Carballo","Miguel Angel","Carballo","Argentina",8570,"Carballo, Miguel Angel",NA,194,"last_first_exact",1
"07569","Mark Carnevale","Mark","Carnevale","United States",2524,"Carnevale, Mark",NA,3,"last_first_exact",1
"23656","Jason Caron","Jason","Caron","United States",1798,"Caron, Jason",NA,14,"last_first_exact",1
"01175","Jim Carter","Jim","Carter","United States",658,"Carter, Jim",NA,91,"last_first_exact",1
"12394","Tom Carter","Tom","Carter","United States",7204,"Carter, Tom",NA,78,"last_first_exact",1
"25364","Paul Casey","Paul","Casey","England",7108,"Casey, Paul",NA,1122,"last_first_exact",1
"01177","Billy Casper","Billy","Casper","United States",685,"Casper, Billy",NA,1,"last_first_exact",1
"59440","Ricky Castillo","Ricky","Castillo","United States",27819,"Castillo, Ricky",NA,157,"last_first_exact",1
"32200","Roberto Castro","Roberto","Castro","United States",12643,"Castro, Roberto",NA,581,"last_first_exact",1
"45734","John Catlin","John","Catlin","United States",18524,"Catlin, John",NA,73,"last_first_exact",1
"34021","Bud Cauley","Bud","Cauley","United States",14502,"Cauley, Bud",NA,785,"last_first_exact",1
"20472","Alex Cejka","Alex","Cejka","Germany",4425,"Cejka, Alex",NA,947,"last_first_exact",1
"52444","Filippo Celli","Filippo","Celli","Italy",23549,"Celli, Filippo",NA,14,"last_first_exact",1
"57492","Eugenio Chacarra","Eugenio","Chacarra","Spain",26745,"Chacarra, Eugenio",NA,22,"last_first_exact",1
"20593","Greg Chalmers","Greg","Chalmers","Australia",5625,"Chalmers, Greg",NA,878,"last_first_exact",1
"01185","Brandel Chamblee","Brandel","Chamblee","United States",817,"Chamblee, Brandel",NA,9,"last_first_exact",1
"52372","Cameron Champ","Cameron","Champ","United States",23542,"Champ, Cameron",NA,508,"last_first_exact",1
"58933","Will Chandler","Will","Chandler","United States",31212,"Chandler, Will",NA,87,"last_first_exact",1
"32366","Kevin Chappell","Kevin","Chappell","United States",13305,"Chappell, Kevin",NA,979,"last_first_exact",1
"59006","Davis Chatfield","Davis","Chatfield","United States",30620,"Chatfield, Davis",NA,52,"last_first_exact",1
"25203","SSP Chawrasia","SSP","Chawrasia","India",7040,"Chawrasia, SSP",NA,28,"last_first_exact",1
"34306","John Chin","John","Chin","United States",14797,"Chin, John",NA,62,"last_first_exact",1
"29294","Ho Sung Choi","Ho Sung","Choi","Republic of Korea",9041,"Choi, Ho Sung",NA,7,"last_first_exact",1
"24357","K.J. Choi","K.J.","Choi","Republic of Korea",1804,"Choi, K.J.",NA,1147,"last_first_exact",1
"57342","Seungbin Choi","Seungbin","Choi","Republic of Korea",26580,"Choi, Seungbin",NA,4,"last_first_exact",1
"20850","Daniel Chopra","Daniel","Chopra","Sweden",2035,"Chopra, Daniel",NA,678,"last_first_exact",1
"65071","Tiger Christensen","Tiger","Christensen","Germany",31123,"Christensen, Tiger",NA,4,"last_first_exact",1
"23204","Gary Christian","Gary","Christian","England",10941,"Christian, Gary",NA,113,"last_first_exact",1
"20229","Stewart Cink","Stewart","Cink","United States",5665,"Cink, Stewart",NA,1558,"last_first_exact",1
"01197","Bobby Clampett","Bobby","Clampett","United States",35,"Clampett, Bobby",NA,15,"last_first_exact",1
"66743","Luke Clanton","Luke","Clanton","United States",32330,"Clanton, Luke",NA,135,"last_first_exact",1
"23135","Tim Clark","Tim","Clark","South Africa",3849,"Clark, Tim",NA,774,"last_first_exact",1
"51766","Wyndham Clark","Wyndham","Clark","United States",23604,"Clark, Wyndham",NA,692,"last_first_exact",1
"12388","Michael Clark II","Michael","Clark II","United States",6389,"Clark II, Michael",NA,39,"last_first_exact",1
"19825","Darren Clarke","Darren","Clarke","Northern Ireland",3523,"Clarke, Darren",NA,287,"last_first_exact",1
"12826","Paul Claxton","Paul","Claxton","United States",5921,"Claxton, Paul",NA,103,"last_first_exact",1
"28455","Will Claxton","Will","Claxton","United States",10486,"Claxton, Will",NA,204,"last_first_exact",1
"01200","Keith Clearwater","Keith","Clearwater","United States",589,"Clearwater, Keith",NA,53,"last_first_exact",1
"51151","Todd Clements","Todd","Clements","England",22608,"Clements, Todd",NA,20,"last_first_exact",1
"19822","Bobby Cochran","Bobby","Cochran","United States",2151,"Cochran, Bobby",NA,2,"last_first_exact",1
"01203","Russ Cochran","Russ","Cochran","United States",37,"Cochran, Russ",NA,51,"last_first_exact",1
"28937","George Coetzee","George","Coetzee","South Africa",10884,"Coetzee, George",NA,126,"last_first_exact",1
"47591","Eric Cole","Eric","Cole","United States",21756,"Cole, Eric",NA,426,"last_first_exact",1
"70178","Hamilton Coleman","Hamilton","Coleman","United States",34994,"Coleman, Hamilton",NA,2,"last_first_exact",1
"20623","Gavin Coles","Gavin","Coles","Australia",4863,"Coles, Gavin",NA,224,"last_first_exact",1
"59570","Tyler Collet","Tyler","Collet","United States",28077,"Collet, Tyler",NA,30,"last_first_exact",1
"25720","Chad Collins","Chad","Collins","United States",7744,"Collins, Chad",NA,521,"last_first_exact",1
"27382","Wil Collins","Wil","Collins","United States",8116,"Collins, Wil",NA,41,"last_first_exact",1
"23452","Nicolas Colsaerts","Nicolas","Colsaerts","Belgium",6893,"Colsaerts, Nicolas",NA,121,"last_first_exact",1
"24494","Erik Compton","Erik","Compton","United States",6556,"Compton, Erik",NA,458,"last_first_exact",1
"49453","Trevor Cone","Trevor","Cone","United States",21880,"Cone, Trevor",NA,171,"last_first_exact",1
"23673","Michael Connell","Michael","Connell","United States",6615,"Connell, Michael",NA,174,"last_first_exact",1
"39997","Corey Conners","Corey","Conners","Canada",17576,"Conners, Corey",NA,805,"last_first_exact",1
"01215","Charles Coody","Charles","Coody","United States",752,"Coody, Charles",NA,6,"last_first_exact",1
"59442","Parker Coody","Parker","Coody","United States",27870,"Coody, Parker",NA,68,"last_first_exact",1
"59836","Pierceson Coody","Pierceson","Coody","United States",28309,"Coody, Pierceson",NA,238,"last_first_exact",1
"46435","Austin Cook","Austin","Cook","United States",18579,"Cook, Austin",NA,590,"last_first_exact",1
"01219","John Cook","John","Cook","United States",41,"Cook, John",NA,151,"last_first_exact",1
"06150","Carl Cooper","Carl","Cooper","United States",655,"Cooper, Carl",NA,2,"last_first_exact",1
"01224","Jeff Coston","Jeff","Coston","United States",749,"Coston, Jeff",NA,10,"last_first_exact",1
"11123","Chris Couch","Chris","Couch","United States",4614,"Couch, Chris",NA,379,"last_first_exact",1
"01226","Fred Couples","Fred","Couples","United States",44,"Couples, Fred",NA,421,"last_first_exact",1
"48936","Ugo Coussaud","Ugo","Coussaud","France",20727,"Coussaud, Ugo",NA,18,"last_first_exact",1
"60073","Martin Couvra","Martin","Couvra","France",27811,"Couvra, Martin",NA,14,"last_first_exact",1
"32982","Vince Covello","Vince","Covello","United States",11441,"Covello, Vince",NA,59,"last_first_exact",1
"70695","Ryder Cowan","Ryder","Cowan","United States",35481,"Cowan, Ryder",NA,4,"last_first_exact",1
"08835","Kris Cox","Kris","Cox","United States",6408,"Cox, Kris",NA,123,"last_first_exact",1
"23541","Ben Crane","Ben","Crane","United States",6674,"Crane, Ben",NA,1129,"last_first_exact",1
"01235","Ben Crenshaw","Ben","Crenshaw","United States",45,"Crenshaw, Ben",NA,32,"last_first_exact",1
"39524","Sean Crocker","Sean","Crocker","United States",23610,"Crocker, Sean",NA,36,"last_first_exact",1
"65418","Charlie Crockett","Charlie","Crockett","England",32460,"Crockett, Charlie",NA,2,"last_first_exact",1
"52514","Trace Crowe","Trace","Crowe","United States",27780,"Crowe, Trace",NA,129,"last_first_exact",1
"58605","Quade Cummins","Quade","Cummins","United States",27996,"Cummins, Quade",NA,112,"last_first_exact",1
"01242","Rod Curl","Rod","Curl","United States",49,"Curl, Rod",NA,5,"last_first_exact",1
"34262","Jon Curran","Jon","Curran","United States",14699,"Curran, Jon",NA,257,"last_first_exact",1
"22621","Ben Curtis","Ben","Curtis","United States",7101,"Curtis, Ben",NA,752,"last_first_exact",1
"39067","MJ Daffue","MJ","Daffue","South Africa",17068,"Daffue, MJ",NA,194,"last_first_exact",1
"34076","Joel Dahmen","Joel","Dahmen","United States",14509,"Dahmen, Joel",NA,805,"last_first_exact",1
"19883","Joe Daley","Joe","Daley","United States",3554,"Daley, Joe",NA,8,"last_first_exact",1
"49826","Brad Dalke","Brad","Dalke","United States",21501,"Dalke, Brad",NA,6,"last_first_exact",1
"01249","John Daly","John","Daly","United States",863,"Daly, John",NA,590,"last_first_exact",1
"51431","John Daly II","John","Daly II","United States",32432,"Daly II, John",NA,4,"last_first_exact",1
"19881","Robert Damron","Robert","Damron","United States",5919,"Damron, Robert",NA,294,"last_first_exact",1
"33459","Jens Dantorp","Jens","Dantorp","Sweden",14018,"Dantorp, Jens",NA,24,"last_first_exact",1
"21753","Brian Davis","Brian","Davis","England",5663,"Davis, Brian",NA,1022,"last_first_exact",1
"45157","Cam Davis","Cam","Davis","Australia",17786,"Davis, Cam",NA,376,"last_first_exact",1
"06034","Marco Dawson","Marco","Dawson","United States",2621,"Dawson, Marco",NA,327,"last_first_exact",1
"08931","Glen Day","Glen","Day","United States",3410,"Day, Glen",NA,404,"last_first_exact",1
"28089","Jason Day","Jason","Day","Australia",9771,"Day, Jason",NA,1268,"last_first_exact",1
"63223","Alejandro De Castro Piera","Alejandro","De Castro Piera","Spain",29810,"De Castro Piera, Alejandro",NA,2,"last_first_exact",1
"23638","Brendon de Jonge","Brendon","de Jonge","Zimbabwe",8767,"de Jonge, Brendon",NA,929,"last_first_exact",1
"37094","Joe Dean","Joe","Dean","England",16497,"Dean, Joe",NA,8,"last_first_exact",1
"47959","Bryson DeChambeau","Bryson","DeChambeau","United States",19841,"DeChambeau, Bryson",NA,700,"last_first_exact",1
"50762","Alejandro Del Rey","Alejandro","Del Rey","Spain",22259,"Del Rey, Alejandro",NA,22,"last_first_exact",1
"39859","Cristobal Del Solar","Cristobal","Del Solar","Chile",17422,"Del Solar, Cristobal",NA,82,"last_first_exact",1
"27436","Graham DeLaet","Graham","DeLaet","Canada",10252,"DeLaet, Graham",NA,569,"last_first_exact",1
"01261","Jay Delsing","Jay","Delsing","United States",50,"Delsing, Jay",NA,157,"last_first_exact",1
"55412","Mickey DeMorat","Mickey","DeMorat","United States",25078,"DeMorat, Mickey",NA,18,"last_first_exact",1
"10875","Todd Demsey","Todd","Demsey","United States",3937,"Demsey, Todd",NA,58,"last_first_exact",1
"01266","Clark Dennis","Clark","Dennis","United States",917,"Dennis, Clark",NA,6,"last_first_exact",1
"59338","Laurent Desmarchais","Laurent","Desmarchais","Canada",31347,"Desmarchais, Laurent",NA,2,"last_first_exact",1
"33653","Thomas Detry","Thomas","Detry","Belgium",14181,"Detry, Thomas",NA,355,"last_first_exact",1
"26360","Bubba Dickerson","Bubba","Dickerson","United States",7437,"Dickerson, Bubba",NA,102,"last_first_exact",1
"51690","Taylor Dickson","Taylor","Dickson","United States",27420,"Dickson, Taylor",NA,85,"last_first_exact",1
"06251","Chris DiMarco","Chris","DiMarco","United States",4302,"DiMarco, Chris",NA,687,"last_first_exact",1
"63196","Wenyi Ding","Wenyi","Ding","People’s Rep of China",26193,"Ding, Wenyi",NA,10,"last_first_exact",1
"36983","Matt Dobyns","Matt","Dobyns","United States",7466,"Dobyns, Matt",NA,34,"last_first_exact",1
"51680","Alistair Docherty","Alistair","Docherty","United States",24962,"Docherty, Alistair",NA,28,"last_first_exact",1
"01282","Trevor Dodds","Trevor","Dodds","Namibia",439,"Dodds, Trevor",NA,38,"last_first_exact",1
"28751","Andrew Dodt","Andrew","Dodt","Australia",8364,"Dodt, Andrew",NA,21,"last_first_exact",1
"23983","Luke Donald","Luke","Donald","England",4163,"Donald, Luke",NA,1173,"last_first_exact",1
"01284","Mike Donald","Mike","Donald","United States",54,"Donald, Mike",NA,2,"last_first_exact",1
"25369","Jamie Donaldson","Jamie","Donaldson","Wales",7084,"Donaldson, Jamie",NA,176,"last_first_exact",1
"58600","Cooper Dossey","Cooper","Dossey","United States",29347,"Dossey, Cooper",NA,12,"last_first_exact",1
"37338","Zecheng Dou","Zecheng","Dou","People’s Rep of China",16757,"Dou, Zecheng",NA,246,"last_first_exact",1
"47663","Kevin Dougherty","Kevin","Dougherty","United States",19738,"Dougherty, Kevin",NA,83,"last_first_exact",1
"24236","Nick Dougherty","Nick","Dougherty","England",6954,"Dougherty, Nick",NA,69,"last_first_exact",1
"32485","Sean Dougherty","Sean","Dougherty","United States",7456,"Dougherty, Sean",NA,4,"last_first_exact",1
"68159","Connor Doyal","Connor","Doyal","United States",33466,"Doyal, Connor",NA,6,"last_first_exact",1
"07267","Allen Doyle","Allen","Doyle","United States",5062,"Doyle, Allen",NA,4,"last_first_exact",1
"65422","Drew Doyle","Drew","Doyle","United States",33101,"Doyle, Drew",NA,12,"last_first_exact",1
"22983","Bradley Dredge","Bradley","Dredge","Wales",6150,"Dredge, Bradley",NA,30,"last_first_exact",1
"35110","Brett Drewitt","Brett","Drewitt","Australia",15162,"Drewitt, Brett",NA,132,"last_first_exact",1
"23409","James Driscoll","James","Driscoll","United States",6228,"Driscoll, James",NA,578,"last_first_exact",1
"54954","Jesse Droemer","Jesse","Droemer","United States",24584,"Droemer, Jesse",NA,12,"last_first_exact",1
"47497","Hennie Du Plessis","Hennie","Du Plessis","South Africa",19421,"Du Plessis, Hennie",NA,20,"last_first_exact",1
"28339","Victor Dubuisson","Victor","Dubuisson","France",10198,"Dubuisson, Victor",NA,74,"last_first_exact",1
"25686","Jason Dufner","Jason","Dufner","United States",7301,"Dufner, Jason",NA,1351,"last_first_exact",1
"20104","Ken Duke","Ken","Duke","United States",493,"Duke, Ken",NA,840,"last_first_exact",1
"45609","Tyler Duncan","Tyler","Duncan","United States",18187,"Duncan, Tyler",NA,658,"last_first_exact",1
"59866","Nick Dunlap","Nick","Dunlap","United States",28270,"Dunlap, Nick",NA,205,"last_first_exact",1
"06036","Scott Dunlap","Scott","Dunlap","United States",3346,"Dunlap, Scott",NA,55,"last_first_exact",1
"46567","Paul Dunne","Paul","Dunne","Ireland",18736,"Dunne, Paul",NA,52,"last_first_exact",1
"06621","Joe Durant","Joe","Durant","United States",3113,"Durant, Joe",NA,600,"last_first_exact",1
"09011","David Duval","David","Duval","United States",4761,"Duval, David",NA,478,"last_first_exact",1
"24512","Simon Dyson","Simon","Dyson","England",6436,"Dyson, Simon",NA,83,"last_first_exact",1
"51349","Nico Echavarria","Nico","Echavarria","Colombia",22833,"Echavarria, Nico",NA,320,"last_first_exact",1
"57362","Austin Eckroat","Austin","Eckroat","United States",26653,"Eckroat, Austin",NA,378,"last_first_exact",1
"01306","David Edwards","David","Edwards","United States",58,"Edwards, David",NA,39,"last_first_exact",1
"01307","Joel Edwards","Joel","Edwards","United States",2484,"Edwards, Joel",NA,32,"last_first_exact",1
"01310","Dave Eichelberger","Dave","Eichelberger","United States",59,"Eichelberger, Dave",NA,4,"last_first_exact",1
"23125","Brad Elder","Brad","Elder","United States",6204,"Elder, Brad",NA,55,"last_first_exact",1
"01313","Steve Elkington","Steve","Elkington","Australia",579,"Elkington, Steve",NA,426,"last_first_exact",1
"06599","John Elliott","John","Elliott","United States",3696,"Elliott, John",NA,40,"last_first_exact",1
"12760","Danny Ellis","Danny","Ellis","United States",3749,"Ellis, Danny",NA,99,"last_first_exact",1
"06522","Ernie Els","Ernie","Els","South Africa",874,"Els, Ernie",NA,961,"last_first_exact",1
"56643","Manuel Elvira","Manuel","Elvira","Spain",26008,"Elvira, Manuel",NA,16,"last_first_exact",1
"39201","Nacho Elvira","Nacho","Elvira","Spain",12988,"Elvira, Nacho",NA,16,"last_first_exact",1
"47079","Harrison Endycott","Harrison","Endycott","Australia",19208,"Endycott, Harrison",NA,162,"last_first_exact",1
"25935","John Engler, Jr.","John","Engler, Jr.","United States",7413,"Engler, Jr., John",NA,41,"last_first_exact",1
"34099","Harris English","Harris","English","United States",14577,"English, Harris",NA,1279,"last_first_exact",1
"37273","Derek Ernst","Derek","Ernst","United States",16711,"Ernst, Derek",NA,350,"last_first_exact",1
"01320","Bob Estes","Bob","Estes","United States",889,"Estes, Bob",NA,687,"last_first_exact",1
"06056","Jim Estes","Jim","Estes","United States",3403,"Estes, Jim",NA,2,"last_first_exact",1
"28307","Matt Every","Matt","Every","United States",10185,"Every, Matt",NA,729,"last_first_exact",1
"50286","A.J. Ewart","A.J.","Ewart","Canada",21883,"Ewart, A.J.",NA,72,"last_first_exact",1
"01326","Nick Faldo","Nick","Faldo","England",264,"Faldo, Nick",NA,59,"last_first_exact",1
"68932","Ethan Fang","Ethan","Fang","United States",34025,"Fang, Ethan",NA,8,"last_first_exact",1
"20585","Niclas Fasth","Niclas","Fasth","Sweden",3832,"Fasth, Niclas",NA,130,"last_first_exact",1
"31416","Derek Fathauer","Derek","Fathauer","United States",12689,"Fathauer, Derek",NA,416,"last_first_exact",1
"01329","Brad Faxon","Brad","Faxon","United States",62,"Faxon, Brad",NA,370,"last_first_exact",1
"57124","Michael Feagles","Michael","Feagles","United States",26656,"Feagles, Michael",NA,14,"last_first_exact",1
"01331","Rick Fehr","Rick","Fehr","United States",63,"Fehr, Rick",NA,4,"last_first_exact",1
"01334","Keith Fergus","Keith","Fergus","United States",65,"Fergus, Keith",NA,15,"last_first_exact",1
"22051","Ben Ferguson","Ben","Ferguson","Australia",5872,"Ferguson, Ben",NA,4,"last_first_exact",1
"50223","Ewen Ferguson","Ewen","Ferguson","Scotland",21646,"Ferguson, Ewen",NA,20,"last_first_exact",1
"21461","Kenneth Ferrie","Kenneth","Ferrie","England",6576,"Ferrie, Kenneth",NA,79,"last_first_exact",1
"29725","Tony Finau","Tony","Finau","United States",11676,"Finau, Tony",NA,1061,"last_first_exact",1
"01346","Ed Fiori","Ed","Fiori","United States",67,"Fiori, Ed",NA,4,"last_first_exact",1
"20121","Todd Fischer","Todd","Fischer","United States",3993,"Fischer, Todd",NA,232,"last_first_exact",1
"54576","Patrick Fishburn","Patrick","Fishburn","United States",25094,"Fishburn, Patrick",NA,221,"last_first_exact",1
"27484","Bryce Fisher","Bryce","Fisher","United States",10621,"Fisher, Bryce",NA,2,"last_first_exact",1
"52497","Darin Fisher","Darin","Fisher","United States",23709,"Fisher, Darin",NA,6,"last_first_exact",1
"27896","Ross Fisher","Ross","Fisher","England",9396,"Fisher, Ross",NA,254,"last_first_exact",1
"57123","Steven Fisk","Steven","Fisk","United States",26657,"Fisk, Steven",NA,151,"last_first_exact",1
"55721","Alex Fitzpatrick","Alex","Fitzpatrick","England",25362,"Fitzpatrick, Alex",NA,62,"last_first_exact",1
"40098","Matt Fitzpatrick","Matt","Fitzpatrick","England",17646,"Fitzpatrick, Matt",NA,395,"last_first_exact",1
"27561","Nick Flanagan","Nick","Flanagan","Australia",8357,"Flanagan, Nick",NA,99,"last_first_exact",1
"30911","Tommy Fleetwood","Tommy","Fleetwood","England",12294,"Fleetwood, Tommy",NA,648,"last_first_exact",1
"70698","Marek Fleming","Marek","Fleming","United States",35476,"Fleming, Marek",NA,4,"last_first_exact",1
"07457","Steve Flesch","Steve","Flesch","United States",4707,"Flesch, Steve",NA,680,"last_first_exact",1
"28500","Martin Flores","Martin","Flores","United States",10535,"Flores, Martin",NA,588,"last_first_exact",1
"01355","Raymond Floyd","Raymond","Floyd","United States",3462,"Floyd, Raymond",NA,14,"last_first_exact",1
"65256","David Ford","David","Ford","United States",31343,"Ford, David",NA,72,"last_first_exact",1
"37066","Grant Forrest","Grant","Forrest","Scotland",16475,"Forrest, Grant",NA,22,"last_first_exact",1
"01361","Dan Forsman","Dan","Forsman","United States",70,"Forsman, Dan",NA,153,"last_first_exact",1
"32102","Rickie Fowler","Rickie","Fowler","United States",12965,"Fowler, Rickie",NA,1340,"last_first_exact",1
"29936","Ryan Fox","Ryan","Fox","New Zealand",11889,"Fox, Ryan",NA,324,"last_first_exact",1
"12823","Carlos Franco","Carlos","Franco","Paraguay",3436,"Franco, Carlos",NA,309,"last_first_exact",1
"24083","Marcus Fraser","Marcus","Fraser","Australia",7070,"Fraser, Marcus",NA,78,"last_first_exact",1
"30736","Oscar Fraustro","Oscar","Fraustro","Mexico",9834,"Fraustro, Oscar",NA,74,"last_first_exact",1
"21805","Harrison Frazar","Harrison","Frazar","United States",6151,"Frazar, Harrison",NA,582,"last_first_exact",1
"26631","Cody Freeman","Cody","Freeman","United States",8233,"Freeman, Cody",NA,50,"last_first_exact",1
"01374","Robin Freeman","Robin","Freeman","United States",879,"Freeman, Robin",NA,59,"last_first_exact",1
"29740","Brad Fritsch","Brad","Fritsch","Canada",7207,"Fritsch, Brad",NA,197,"last_first_exact",1
"29970","Dylan Frittelli","Dylan","Frittelli","South Africa",11955,"Frittelli, Dylan",NA,481,"last_first_exact",1
"33181","Charles Frost","Charles","Frost","United States",13904,"Frost, Charles",NA,8,"last_first_exact",1
"01378","David Frost","David","Frost","South Africa",440,"Frost, David",NA,117,"last_first_exact",1
"20043","Edward Fryatt","Edward","Fryatt","England",5727,"Fryatt, Edward",NA,3,"last_first_exact",1
"29833","Yoshinori Fujimoto","Yoshinori","Fujimoto","Japan",11773,"Fujimoto, Yoshinori",NA,10,"last_first_exact",1
"21284","Hiroyuki Fujita","Hiroyuki","Fujita","Japan",5599,"Fujita, Hiroyuki",NA,66,"last_first_exact",1
"01381","Fred Funk","Fred","Funk","United States",72,"Funk, Fred",NA,441,"last_first_exact",1
"56149","Wilson Furr","Wilson","Furr","United States",25771,"Furr, Wilson",NA,73,"last_first_exact",1
"10809","Jim Furyk","Jim","Furyk","United States",2881,"Furyk, Jim",NA,1237,"last_first_exact",1
"70407","Chris Gabriele","Chris","Gabriele","United States",35228,"Gabriele, Chris",NA,2,"last_first_exact",1
"23366","Brian Gaffney","Brian","Gaffney","United States",6787,"Gaffney, Brian",NA,12,"last_first_exact",1
"30750","Tommy Gainey","Tommy","Gainey","United States",12169,"Gainey, Tommy",NA,635,"last_first_exact",1
"20376","Stephen Gallacher","Stephen","Gallacher","Scotland",5647,"Gallacher, Stephen",NA,108,"last_first_exact",1
"01385","Jim Gallagher, Jr.","Jim","Gallagher, Jr.","United States",3463,"Gallagher, Jr., Jim",NA,64,"last_first_exact",1
"01388","Robert Gamez","Robert","Gamez","United States",2878,"Gamez, Robert",NA,441,"last_first_exact",1
"23903","Stephen Gangluff","Stephen","Gangluff","United States",6642,"Gangluff, Stephen",NA,73,"last_first_exact",1
"46523","Joey Garber","Joey","Garber","United States",18658,"Garber, Joey",NA,77,"last_first_exact",1
"21209","Sergio Garcia","Sergio","Garcia","Spain",5689,"Garcia, Sergio",NA,1266,"last_first_exact",1
"67093","Tony Garcia","Tony","Garcia","United States",35624,"Garcia, Tony",NA,2,"last_first_exact",1
"48098","Sebastian Garcia Rodriguez","Sebastian","Garcia Rodriguez","Spain",12258,"Garcia Rodriguez, Sebastian",NA,20,"last_first_exact",1
"24399","Scott Gardiner","Scott","Gardiner","Australia",6270,"Gardiner, Scott",NA,105,"last_first_exact",1
"29535","Brice Garnett","Brice","Garnett","United States",11451,"Garnett, Brice",NA,886,"last_first_exact",1
"24358","Robert Garrigus","Robert","Garrigus","United States",6789,"Garrigus, Robert",NA,1038,"last_first_exact",1
"32698","Bobby Gates","Bobby","Gates","United States",13433,"Gates, Bobby",NA,250,"last_first_exact",1
"46033","Daniel Gavins","Daniel","Gavins","England",18241,"Gavins, Daniel",NA,11,"last_first_exact",1
"19846","Brian Gay","Brian","Gay","United States",5951,"Gay, Brian",NA,1395,"last_first_exact",1
"49893","Mark Geddes","Mark","Geddes","England",21886,"Geddes, Mark",NA,8,"last_first_exact",1
"12645","Brent Geiberger","Brent","Geiberger","United States",5918,"Geiberger, Brent",NA,232,"last_first_exact",1
"48045","Michael Gellerman","Michael","Gellerman","United States",19909,"Gellerman, Michael",NA,95,"last_first_exact",1
"34185","Domenico Geminiani","Domenico","Geminiani","Italy",14596,"Geminiani, Domenico",NA,10,"last_first_exact",1
"59018","Ryan Gerard","Ryan","Gerard","United States",29767,"Gerard, Ryan",NA,262,"last_first_exact",1
"52375","Doug Ghim","Doug","Ghim","United States",24550,"Ghim, Doug",NA,590,"last_first_exact",1
"01408","Kelly Gibson","Kelly","Gibson","United States",3359,"Gibson, Kelly",NA,15,"last_first_exact",1
"32618","Rhein Gibson","Rhein","Gibson","Australia",13342,"Gibson, Rhein",NA,178,"last_first_exact",1
"67947","Josiah Gilbert","Josiah","Gilbert","United States",33106,"Gilbert, Josiah",NA,2,"last_first_exact",1
"08725","Tom Gillis","Tom","Gillis","United States",3901,"Gillis, Tom",NA,414,"last_first_exact",1
"35564","Joel Girrbach","Joel","Girrbach","Switzerland",15592,"Girrbach, Joel",NA,22,"last_first_exact",1
"01418","Bill Glasson","Bill","Glasson","United States",79,"Glasson, Bill",NA,97,"last_first_exact",1
"01419","Tom Gleeton","Tom","Gleeton","United States",5171,"Gleeton, Tom",NA,6,"last_first_exact",1
"32662","Michael Gligic","Michael","Gligic","Canada",13404,"Gligic, Michael",NA,308,"last_first_exact",1
"25900","Lucas Glover","Lucas","Glover","United States",7399,"Glover, Lucas",NA,1738,"last_first_exact",1
"10201","Matt Gogel","Matt","Gogel","United States",5466,"Gogel, Matt",NA,149,"last_first_exact",1
"20574","Mathew Goggin","Mathew","Goggin","Australia",3756,"Goggin, Mathew",NA,430,"last_first_exact",1
"06566","Jaime Gomez","Jaime","Gomez","United States",4762,"Gomez, Jaime",NA,2,"last_first_exact",1
"29720","Andres Gonzales","Andres","Gonzales","United States",11640,"Gonzales, Andres",NA,348,"last_first_exact",1
"59567","Emilio Gonzalez","Emilio","Gonzalez","Mexico",28016,"Gonzalez, Emilio",NA,28,"last_first_exact",1
"01425","Ernie Gonzalez","Ernie","Gonzalez","United States",573,"Gonzalez, Ernie",NA,6,"last_first_exact",1
"46402","Talor Gooch","Talor","Gooch","United States",18580,"Gooch, Talor",NA,567,"last_first_exact",1
"55165","Noah Goodwin","Noah","Goodwin","United States",24837,"Goodwin, Noah",NA,101,"last_first_exact",1
"20157","Retief Goosen","Retief","Goosen","South Africa",4884,"Goosen, Retief",NA,811,"last_first_exact",1
"56762","Will Gordon","Will","Gordon","United States",26660,"Gordon, Will",NA,375,"last_first_exact",1
"22892","Jason Gore","Jason","Gore","United States",6321,"Gore, Jason",NA,569,"last_first_exact",1
"23338","David Gossett","David","Gossett","United States",6230,"Gossett, David",NA,77,"last_first_exact",1
"06088","Steve Gotsche","Steve","Gotsche","United States",1907,"Gotsche, Steve",NA,2,"last_first_exact",1
"59095","Chris Gotterup","Chris","Gotterup","United States",27774,"Gotterup, Chris",NA,275,"last_first_exact",1
"46594","Ricardo Gouveia","Ricardo","Gouveia","Portugal",18722,"Gouveia, Ricardo",NA,24,"last_first_exact",1
"20105","Jeff Gove","Jeff","Gove","United States",6390,"Gove, Jeff",NA,259,"last_first_exact",1
"21806","Paul Gow","Paul","Gow","Australia",4060,"Gow, Paul",NA,104,"last_first_exact",1
"31577","Tano Goya","Tano","Goya","Argentina",10877,"Goya, Tano",NA,114,"last_first_exact",1
"06643","Paul Goydos","Paul","Goydos","United States",3702,"Goydos, Paul",NA,515,"last_first_exact",1
"29974","Branden Grace","Branden","Grace","South Africa",11952,"Grace, Branden",NA,749,"last_first_exact",1
"01435","Wayne Grady","Wayne","Grady","Australia",501,"Grady, Wayne",NA,2,"last_first_exact",1
"51414","Brent Grant","Brent","Grant","United States",22914,"Grant, Brent",NA,99,"last_first_exact",1
"10963","Jimmy Green","Jimmy","Green","United States",5649,"Green, Jimmy",NA,4,"last_first_exact",1
"01444","Ken Green","Ken","Green","United States",84,"Green, Ken",NA,23,"last_first_exact",1
"23718","Nathan Green","Nathan","Green","Australia",6258,"Green, Nathan",NA,592,"last_first_exact",1
"20569","Richard Green","Richard","Green","Australia",3877,"Green, Richard",NA,104,"last_first_exact",1
"22752","Greg Gregory","Greg","Gregory","United States",6243,"Gregory, Greg",NA,4,"last_first_exact",1
"51174","Stuart Grehan","Stuart","Grehan","Ireland",22633,"Grehan, Stuart",NA,2,"last_first_exact",1
"51977","Max Greyserman","Max","Greyserman","United States",23465,"Greyserman, Max",NA,244,"last_first_exact",1
"39954","Cody Gribble","Cody","Gribble","United States",17508,"Gribble, Cody",NA,353,"last_first_exact",1
"54591","Ben Griffin","Ben","Griffin","United States",24968,"Griffin, Ben",NA,433,"last_first_exact",1
"35310","Lanto Griffin","Lanto","Griffin","United States",15330,"Griffin, Lanto",NA,606,"last_first_exact",1
"31646","Emiliano Grillo","Emiliano","Grillo","Argentina",12808,"Grillo, Emiliano",NA,987,"last_first_exact",1
"07941","Mike Grob","Mike","Grob","United States",4390,"Grob, Mike",NA,25,"last_first_exact",1
"46301","JJ Guerra","JJ","Guerra","Dominican Republic",18421,"Guerra, JJ",NA,2,"last_first_exact",1
"28340","Julien Guerrier","Julien","Guerrier","France",10201,"Guerrier, Julien",NA,22,"last_first_exact",1
"59798","Oihan Guillamoundeguy","Oihan","Guillamoundeguy","France",28239,"Guillamoundeguy, Oihan",NA,4,"last_first_exact",1
"51989","Jordan Gumberg","Jordan","Gumberg","United States",23892,"Gumberg, Jordan",NA,22,"last_first_exact",1
"06044","Scott Gump","Scott","Gump","United States",2041,"Gump, Scott",NA,33,"last_first_exact",1
"35539","Luke Guthrie","Luke","Guthrie","United States",15610,"Guthrie, Luke",NA,323,"last_first_exact",1
"67202","Luke Gutschewski","Luke","Gutschewski","United States",32683,"Gutschewski, Luke",NA,8,"last_first_exact",1
"24980","Scott Gutschewski","Scott","Gutschewski","United States",7305,"Gutschewski, Scott",NA,342,"last_first_exact",1
"24924","Bill Haas","Bill","Haas","United States",7900,"Haas, Bill",NA,1480,"last_first_exact",1
"24604","Hunter Haas","Hunter","Haas","United States",6594,"Haas, Hunter",NA,213,"last_first_exact",1
"01457","Jay Haas","Jay","Haas","United States",87,"Haas, Jay",NA,155,"last_first_exact",1
"01458","Jerry Haas","Jerry","Haas","United States",750,"Haas, Jerry",NA,10,"last_first_exact",1
"34563","Chesson Hadley","Chesson","Hadley","United States",14967,"Hadley, Chesson",NA,887,"last_first_exact",1
"33399","Adam Hadwin","Adam","Hadwin","Canada",13965,"Hadwin, Adam",NA,1033,"last_first_exact",1
"59601","Grant Haefner","Grant","Haefner","United States",33757,"Haefner, Grant",NA,4,"last_first_exact",1
"46550","Brandon Hagy","Brandon","Hagy","United States",18695,"Hagy, Brandon",NA,355,"last_first_exact",1
"32448","James Hahn","James","Hahn","United States",11374,"Hahn, James",NA,887,"last_first_exact",1
"39978","John Hahn","John","Hahn","United States",17539,"Hahn, John",NA,4,"last_first_exact",1
"60767","Blaine Hale, Jr.","Blaine","Hale, Jr.","United States",29348,"Hale, Jr., Blaine",NA,65,"last_first_exact",1
"35901","Paul Haley II","Paul","Haley II","United States",16039,"Haley II, Paul",NA,150,"last_first_exact",1
"57975","Harry Hall","Harry","Hall","England",27194,"Hall, Harry",NA,359,"last_first_exact",1
"01468","Gary Hallberg","Gary","Hallberg","United States",89,"Hallberg, Gary",NA,19,"last_first_exact",1
"46724","Jeong Woo Ham","Jeong Woo","Ham","Republic of Korea",17872,"Ham, Jeong Woo",NA,8,"last_first_exact",1
"01473","Todd Hamilton","Todd","Hamilton","United States",915,"Hamilton, Todd",NA,562,"last_first_exact",1
"47987","Cole Hammer","Cole","Hammer","United States",19864,"Hammer, Cole",NA,60,"last_first_exact",1
"01475","Donnie Hammond","Donnie","Hammond","United States",91,"Hammond, Donnie",NA,56,"last_first_exact",1
"27324","Seungsu Han","Seungsu","Han","United States",8046,"Han, Seungsu",NA,24,"last_first_exact",1
"20859","Anders Hansen","Anders","Hansen","Denmark",5724,"Hansen, Anders",NA,129,"last_first_exact",1
"27943","Matt Hansen","Matt","Hansen","United States",8652,"Hansen, Matt",NA,40,"last_first_exact",1
"23624","Soren Hansen","Soren","Hansen","Denmark",6319,"Hansen, Soren",NA,76,"last_first_exact",1
"22792","Peter Hanson","Peter","Hanson","Sweden",6850,"Hanson, Peter",NA,210,"last_first_exact",1
"59326","Albert Hansson","Albert","Hansson","Sweden",27646,"Hansson, Albert",NA,2,"last_first_exact",1
"70693","Vaughn Harber","Vaughn","Harber","United States",35477,"Harber, Vaughn",NA,2,"last_first_exact",1
"28938","Justin Harding","Justin","Harding","South Africa",10886,"Harding, Justin",NA,77,"last_first_exact",1
"47988","Nick Hardy","Nick","Hardy","United States",19865,"Hardy, Nick",NA,411,"last_first_exact",1
"35421","Brandon Harkins","Brandon","Harkins","United States",15427,"Harkins, Brandon",NA,199,"last_first_exact",1
"27644","Brian Harman","Brian","Harman","United States",8825,"Harman, Brian",NA,1390,"last_first_exact",1
"37428","Evan Harmeling","Evan","Harmeling","United States",16909,"Harmeling, Evan",NA,12,"last_first_exact",1
"20766","Padraig Harrington","Padraig","Harrington","Ireland",5716,"Harrington, Padraig",NA,914,"last_first_exact",1
"27554","Scott Harrington","Scott","Harrington","United States",8479,"Harrington, Scott",NA,249,"last_first_exact",1
"06575","Dudley Hart","Dudley","Hart","United States",3879,"Hart, Dudley",NA,349,"last_first_exact",1
"01487","Jeff Hart","Jeff","Hart","United States",94,"Hart, Jeff",NA,40,"last_first_exact",1
"66248","Justin Hastings","Justin","Hastings","Cayman Islands",31960,"Hastings, Justin",NA,26,"last_first_exact",1
"01495","Morris Hatalsky","Morris","Hatalsky","United States",7029,"Hatalsky, Morris",NA,1,"last_first_exact",1
"34363","Tyrrell Hatton","Tyrrell","Hatton","England",14796,"Hatton, Tyrrell",NA,591,"last_first_exact",1
"08537","J.P. Hayes","J.P.","Hayes","United States",4500,"Hayes, J.P.",NA,403,"last_first_exact",1
"01499","Mark Hayes","Mark","Hayes","United States",97,"Hayes, Mark",NA,4,"last_first_exact",1
"70406","Zach Haynes","Zach","Haynes","United States",35229,"Haynes, Zach",NA,2,"last_first_exact",1
"70198","Adam Headley","Adam","Headley","United States",35304,"Headley, Adam",NA,2,"last_first_exact",1
"26758","David Hearn","David","Hearn","Canada",7340,"Hearn, David",NA,960,"last_first_exact",1
"30812","Benjamin Hebert","Benjamin","Hebert","France",12213,"Hebert, Benjamin",NA,24,"last_first_exact",1
"08337","Mike Heinen","Mike","Heinen","United States",5140,"Heinen, Mike",NA,63,"last_first_exact",1
"10117","Bob Heintz","Bob","Heintz","United States",6394,"Heintz, Bob",NA,181,"last_first_exact",1
"48372","Marcus Helligkilde","Marcus","Helligkilde","Denmark",20190,"Helligkilde, Marcus",NA,18,"last_first_exact",1
"28380","Ryan Helminen","Ryan","Helminen","United States",10360,"Helminen, Ryan",NA,6,"last_first_exact",1
"23063","Scott Hend","Scott","Hend","Australia",1888,"Hend, Scott",NA,197,"last_first_exact",1
"27702","Matt Hendrix","Matt","Hendrix","United States",9186,"Hendrix, Matt",NA,43,"last_first_exact",1
"01510","Nolan Henke","Nolan","Henke","United States",651,"Henke, Nolan",NA,7,"last_first_exact",1
"34098","Russell Henley","Russell","Henley","United States",14578,"Henley, Russell",NA,1101,"last_first_exact",1
"06617","Brian Henninger","Brian","Henninger","United States",4326,"Henninger, Brian",NA,42,"last_first_exact",1
"23353","J.J. Henry","J.J.","Henry","United States",6222,"Henry, J.J.",NA,1352,"last_first_exact",1
"20433","Mark Hensby","Mark","Hensby","Australia",5859,"Hensby, Mark",NA,384,"last_first_exact",1
"39058","Lucas Herbert","Lucas","Herbert","Australia",17064,"Herbert, Lucas",NA,300,"last_first_exact",1
"31557","Jim Herman","Jim","Herman","United States",12846,"Herman, Jim",NA,786,"last_first_exact",1
"70148","Jackson Herrington","Jackson","Herrington","United States",35015,"Herrington, Jackson",NA,4,"last_first_exact",1
"12782","Tim Herron","Tim","Herron","United States",5621,"Herron, Tim",NA,932,"last_first_exact",1
"49298","Kramer Hickok","Kramer","Hickok","United States",21237,"Hickok, Kramer",NA,405,"last_first_exact",1
"25444","Justin Hicks","Justin","Hicks","United States",9166,"Hicks, Justin",NA,321,"last_first_exact",1
"64594","Angel Hidalgo","Angel","Hidalgo","Spain",24127,"Hidalgo, Angel",NA,4,"last_first_exact",1
"35778","Kazuki Higa","Kazuki","Higa","Japan",15756,"Higa, Kazuki",NA,46,"last_first_exact",1
"65460","Robbie Higgins","Robbie","Higgins","United States",33442,"Higgins, Robbie",NA,6,"last_first_exact",1
"54421","Garrick Higgo","Garrick","Higgo","South Africa",24342,"Higgo, Garrick",NA,379,"last_first_exact",1
"33597","Harry Higgs","Harry","Higgs","United States",14140,"Higgs, Harry",NA,474,"last_first_exact",1
"60067","Joe Highsmith","Joe","Highsmith","United States",28469,"Highsmith, Joe",NA,225,"last_first_exact",1
"55707","Calum Hill","Calum","Hill","Scotland",25131,"Hill, Calum",NA,22,"last_first_exact",1
"49813","Daniel Hillier","Daniel","Hillier","New Zealand",21362,"Hillier, Daniel",NA,34,"last_first_exact",1
"01522","Lon Hinkle","Lon","Hinkle","United States",100,"Hinkle, Lon",NA,3,"last_first_exact",1
"49120","Kensei Hirata","Kensei","Hirata","Japan",20954,"Hirata, Kensei",NA,71,"last_first_exact",1
"51287","Ryo Hisatsune","Ryo","Hisatsune","Japan",22760,"Hisatsune, Ryo",NA,290,"last_first_exact",1
"21007","Gabriel Hjertstedt","Gabriel","Hjertstedt","Sweden",4855,"Hjertstedt, Gabriel",NA,51,"last_first_exact",1
"08545","Glen Hnatiuk","Glen","Hnatiuk","Canada",6092,"Hnatiuk, Glen",NA,51,"last_first_exact",1
"33490","Bo Hoag","Bo","Hoag","United States",14081,"Hoag, Bo",NA,233,"last_first_exact",1
"01527","Scott Hoch","Scott","Hoch","United States",101,"Hoch, Scott",NA,40,"last_first_exact",1
"35409","Craig Hocknull","Craig","Hocknull","Australia",15428,"Hocknull, Craig",NA,12,"last_first_exact",1
"54628","Lee Hodges","Lee","Hodges","United States",25157,"Hodges, Lee",NA,449,"last_first_exact",1
"51696","Rico Hoey","Rico","Hoey","Philippines",23504,"Hoey, Rico",NA,272,"last_first_exact",1
"12716","Charley Hoffman","Charley","Hoffman","United States",5768,"Hoffman, Charley",NA,1667,"last_first_exact",1
"33461","Morgan Hoffmann","Morgan","Hoffmann","United States",14082,"Hoffmann, Morgan",NA,485,"last_first_exact",1
"35532","Tom Hoge","Tom","Hoge","United States",15575,"Hoge, Tom",NA,1041,"last_first_exact",1
"36344","Michael Hollick","Michael","Hollick","South Africa",15993,"Hollick, Michael",NA,2,"last_first_exact",1
"27141","J.B. Holmes","J.B.","Holmes","United States",7959,"Holmes, J.B.",NA,1112,"last_first_exact",1
"54525","Ian Holt","Ian","Holt","United States",25036,"Holt, Ian",NA,12,"last_first_exact",1
"70147","Brandon Holtz","Brandon","Holtz","United States",35014,"Holtz, Brandon",NA,4,"last_first_exact",1
"39977","Max Homa","Max","Homa","United States",17538,"Homa, Max",NA,765,"last_first_exact",1
"59862","Joe Hooks","Joe","Hooks","United States",33913,"Hooks, Joe",NA,2,"last_first_exact",1
"01533","P.H. Horgan III","P.H.","Horgan III","United States",3538,"Horgan III, P.H.",NA,6,"last_first_exact",1
"29420","Billy Horschel","Billy","Horschel","United States",11276,"Horschel, Billy",NA,1245,"last_first_exact",1
"47056","Rikuya Hoshino","Rikuya","Hoshino","Japan",19190,"Hoshino, Rikuya",NA,119,"last_first_exact",1
"20992","Kazuhiko Hosokawa","Kazuhiko","Hosokawa","Japan",3577,"Hosokawa, Kazuhiko",NA,4,"last_first_exact",1
"35461","Beau Hossler","Beau","Hossler","United States",15470,"Hossler, Beau",NA,820,"last_first_exact",1
"46717","Viktor Hovland","Viktor","Hovland","Norway",18841,"Hovland, Viktor",NA,550,"last_first_exact",1
"68566","David Howard","David","Howard","Ireland",33657,"Howard, David",NA,2,"last_first_exact",1
"20608","David Howell","David","Howell","England",5718,"Howell, David",NA,160,"last_first_exact",1
"68607","Mason Howell","Mason","Howell","United States",33759,"Howell, Mason",NA,18,"last_first_exact",1
"21961","Charles Howell III","Charles","Howell III","United States",6892,"Howell III, Charles",NA,1776,"last_first_exact",1
"12449","Ryan Howison","Ryan","Howison","United States",3510,"Howison, Ryan",NA,2,"last_first_exact",1
"66830","Cooper Hrabak","Cooper","Hrabak","United States",35195,"Hrabak, Cooper",NA,2,"last_first_exact",1
"57461","Petr Hruby","Petr","Hruby","Czechia",26710,"Hruby, Petr",NA,10,"last_first_exact",1
"70524","Alex Huang","Alex","Huang","United States",35310,"Huang, Alex",NA,2,"last_first_exact",1
"36801","Mark Hubbard","Mark","Hubbard","United States",16333,"Hubbard, Mark",NA,893,"last_first_exact",1
"10962","Bradley Hughes","Bradley","Hughes","Australia",853,"Hughes, Bradley",NA,32,"last_first_exact",1
"35506","Mackenzie Hughes","Mackenzie","Hughes","Canada",15556,"Hughes, Mackenzie",NA,840,"last_first_exact",1
"34174","John Huh","John","Huh","United States",14606,"Huh, John",NA,853,"last_first_exact",1
"01549","Mike Hulbert","Mike","Hulbert","United States",102,"Hulbert, Mike",NA,36,"last_first_exact",1
"58584","Charles Huntzinger","Charles","Huntzinger","United States",27688,"Huntzinger, Charles",NA,4,"last_first_exact",1
"29222","Billy Hurley III","Billy","Hurley III","United States",11046,"Hurley III, Billy",NA,499,"last_first_exact",1
"62845","Austin Hurt","Austin","Hurt","United States",29498,"Hurt, Austin",NA,4,"last_first_exact",1
"56926","Keenan Huskey","Keenan","Huskey","United States",26597,"Huskey, Keenan",NA,10,"last_first_exact",1
"01553","John Huston","John","Huston","United States",707,"Huston, John",NA,289,"last_first_exact",1
"47277","Daniel Iceman","Daniel","Iceman","United States",22255,"Iceman, Daniel",NA,6,"last_first_exact",1
"26908","Yuta Ikeda","Yuta","Ikeda","Japan",8236,"Ikeda, Yuta",NA,134,"last_first_exact",1
"24956","Mikko Ilonen","Mikko","Ilonen","Finland",6929,"Ilonen, Mikko",NA,54,"last_first_exact",1
"39971","Sungjae Im","Sungjae","Im","Republic of Korea",17488,"Im, Sungjae",NA,795,"last_first_exact",1
"21350","Ryuji Imada","Ryuji","Imada","Japan",6414,"Imada, Ryuji",NA,649,"last_first_exact",1
"22378","Trevor Immelman","Trevor","Immelman","South Africa",5935,"Immelman, Trevor",NA,752,"last_first_exact",1
"01555","Stu Ingraham","Stu","Ingraham","United States",1060,"Ingraham, Stu",NA,2,"last_first_exact",1
"01557","John Inman","John","Inman","United States",617,"Inman, John",NA,2,"last_first_exact",1
"01559","Hale Irwin","Hale","Irwin","United States",105,"Irwin, Hale",NA,2,"last_first_exact",1
"08881","Tripp Isenhour","Tripp","Isenhour","United States",3757,"Isenhour, Tripp",NA,108,"last_first_exact",1
"01560","David Ishii","David","Ishii","United States",107,"Ishii, David",NA,8,"last_first_exact",1
"30852","Ryo Ishikawa","Ryo","Ishikawa","Japan",12232,"Ishikawa, Ryo",NA,479,"last_first_exact",1
"27747","Hiroshi Iwata","Hiroshi","Iwata","Japan",9099,"Iwata, Hiroshi",NA,138,"last_first_exact",1
"69861","Avinash Iyer","Avinash","Iyer","United States",35625,"Iyer, Avinash",NA,2,"last_first_exact",1
"10821","Toshi Izawa","Toshi","Izawa","Japan",814,"Izawa, Toshi",NA,8,"last_first_exact",1
"06306","Tony Jacklin","Tony","Jacklin","England",281,"Jacklin, Tony",NA,4,"last_first_exact",1
"01569","Peter Jacobsen","Peter","Jacobsen","United States",109,"Jacobsen, Peter",NA,85,"last_first_exact",1
"21731","Freddie Jacobson","Freddie","Jacobson","Sweden",3846,"Jacobson, Freddie",NA,960,"last_first_exact",1
"36799","Stephan Jaeger","Stephan","Jaeger","Germany",16394,"Jaeger, Stephan",NA,627,"last_first_exact",1
"24511","Thongchai Jaidee","Thongchai","Jaidee","Thailand",5973,"Jaidee, Thongchai",NA,186,"last_first_exact",1
"57257","Filip Jakubcik","Filip","Jakubcik","Czechia",26482,"Jakubcik, Filip",NA,4,"last_first_exact",1
"57869","Ben James","Ben","James","United States",29827,"James, Ben",NA,36,"last_first_exact",1
"31138","Scott Jamieson","Scott","Jamieson","Scotland",11397,"Jamieson, Scott",NA,42,"last_first_exact",1
"47238","Jazz Janewattananond","Jazz","Janewattananond","Thailand",14368,"Janewattananond, Jazz",NA,80,"last_first_exact",1
"01577","Lee Janzen","Lee","Janzen","United States",892,"Janzen, Lee",NA,568,"last_first_exact",1
"57688","Casey Jarvis","Casey","Jarvis","South Africa",26947,"Jarvis, Casey",NA,34,"last_first_exact",1
"32878","Jin Jeong","Jin","Jeong","Republic of Korea",13573,"Jeong, Jin",NA,28,"last_first_exact",1
"06573","Brandt Jobe","Brandt","Jobe","United States",1391,"Jobe, Brandt",NA,473,"last_first_exact",1
"08633","Per-Ulrik Johansson","Per-Ulrik","Johansson","Sweden",4595,"Johansson, Per-Ulrik",NA,47,"last_first_exact",1
"47463","Cameron John","Cameron","John","Australia",19390,"John, Cameron",NA,5,"last_first_exact",1
"30925","Dustin Johnson","Dustin","Johnson","United States",12422,"Johnson, Dustin",NA,1279,"last_first_exact",1
"06514","Kevin Johnson","Kevin","Johnson","United States",4220,"Johnson, Kevin",NA,58,"last_first_exact",1
"12195","Tom Johnson","Tom","Johnson","United States",3349,"Johnson, Tom",NA,71,"last_first_exact",1
"24024","Zach Johnson","Zach","Johnson","United States",6986,"Johnson, Zach",NA,1748,"last_first_exact",1
"63617","Ryggs Johnston","Ryggs","Johnston","United States",32449,"Johnston, Ryggs",NA,10,"last_first_exact",1
"23725","Brendan Jones","Brendan","Jones","Australia",6254,"Jones, Brendan",NA,99,"last_first_exact",1
"28327","Brett Jones","Brett","Jones","United States",10206,"Jones, Brett",NA,2,"last_first_exact",1
"68984","Frazer Jones","Frazer","Jones","Denmark",34027,"Jones, Frazer",NA,2,"last_first_exact",1
"58391","Jared Jones","Jared","Jones","United States",29501,"Jones, Jared",NA,8,"last_first_exact",1
"10733","Kent Jones","Kent","Jones","United States",5825,"Jones, Kent",NA,501,"last_first_exact",1
"47990","Kyle Jones","Kyle","Jones","United States",19867,"Jones, Kyle",NA,72,"last_first_exact",1
"26300","Matt Jones","Matt","Jones","Australia",8605,"Jones, Matt",NA,1213,"last_first_exact",1
"01599","Steve Jones","Steve","Jones","United States",112,"Jones, Steve",NA,155,"last_first_exact",1
"60736","Tobias Jonsson","Tobias","Jonsson","Sweden",28686,"Jonsson, Tobias",NA,4,"last_first_exact",1
"55955","Matthew Jordan","Matthew","Jordan","England",25601,"Jordan, Matthew",NA,38,"last_first_exact",1
"06315","Pete Jordan","Pete","Jordan","United States",3961,"Jordan, Pete",NA,8,"last_first_exact",1
"01604","Steve Jurgensen","Steve","Jurgensen","United States",1606,"Jurgensen, Steve",NA,2,"last_first_exact",1
"07547","Craig Kanada","Craig","Kanada","United States",5096,"Kanada, Craig",NA,132,"last_first_exact",1
"47917","Takumi Kanaya","Takumi","Kanaya","Japan",19729,"Kanaya, Takumi",NA,210,"last_first_exact",1
"01609","Jim Kane","Jim","Kane","United States",5455,"Kane, Jim",NA,4,"last_first_exact",1
"61148","Kota Kaneko","Kota","Kaneko","Japan",28268,"Kaneko, Kota",NA,19,"last_first_exact",1
"47393","Jeffrey Kang","Jeffrey","Kang","United States",21889,"Kang, Jeffrey",NA,65,"last_first_exact",1
"27974","Sung Kang","Sung","Kang","Republic of Korea",7881,"Kang, Sung",NA,803,"last_first_exact",1
"27899","Rikard Karlberg","Rikard","Karlberg","Sweden",9398,"Karlberg, Rikard",NA,24,"last_first_exact",1
"19970","Robert Karlsson","Robert","Karlsson","Sweden",4331,"Karlsson, Robert",NA,331,"last_first_exact",1
"51836","Michael Kartrude","Michael","Kartrude","United States",23469,"Kartrude, Michael",NA,8,"last_first_exact",1
"07465","Hideki Kase","Hideki","Kase","Japan",702,"Kase, Hideki",NA,2,"last_first_exact",1
"46879","Naoyuki Kataoka","Naoyuki","Kataoka","Japan",18994,"Kataoka, Naoyuki",NA,18,"last_first_exact",1
"20218","Shingo Katayama","Shingo","Katayama","Japan",3770,"Katayama, Shingo",NA,84,"last_first_exact",1
"48632","Yuto Katsuragawa","Yuto","Katsuragawa","Japan",20448,"Katsuragawa, Yuto",NA,42,"last_first_exact",1
"46440","Smylie Kaufman","Smylie","Kaufman","United States",18631,"Kaufman, Smylie",NA,243,"last_first_exact",1
"20094","Jonathan Kaye","Jonathan","Kaye","United States",3581,"Kaye, Jonathan",NA,286,"last_first_exact",1
"27408","Martin Kaymer","Martin","Kaymer","Germany",8117,"Kaymer, Martin",NA,664,"last_first_exact",1
"63454","Johnny Keefer","Johnny","Keefer","United States",32457,"Keefer, Johnny",NA,88,"last_first_exact",1
"01618","Ken Kelley","Ken","Kelley","United States",8886,"Kelley, Ken",NA,2,"last_first_exact",1
"08075","Jerry Kelly","Jerry","Kelly","United States",5151,"Kelly, Jerry",NA,1086,"last_first_exact",1
"28308","Troy Kelly","Troy","Kelly","United States",10181,"Kelly, Troy",NA,148,"last_first_exact",1
"01619","Skip Kendall","Skip","Kendall","United States",2794,"Kendall, Skip",NA,290,"last_first_exact",1
"11747","Ben Kern","Ben","Kern","Brazil",25439,"Kern, Ben",NA,13,"last_first_exact",1
"01624","Darrell Kestner","Darrell","Kestner","United States",113,"Kestner, Darrell",NA,10,"last_first_exact",1
"31558","J.J. Killeen","J.J.","Killeen","United States",12847,"Killeen, J.J.",NA,101,"last_first_exact",1
"29718","Anthony Kim","Anthony","Kim","United States",11641,"Kim, Anthony",NA,499,"last_first_exact",1
"66834","Baekjun Kim","Baekjun","Kim","Republic of Korea",27759,"Kim, Baekjun",NA,2,"last_first_exact",1
"35087","Bio Kim","Bio","Kim","Republic of Korea",12188,"Kim, Bio",NA,83,"last_first_exact",1
"34587","Chan Kim","Chan","Kim","United States",15004,"Kim, Chan",NA,282,"last_first_exact",1
"37092","Hyung-Sung Kim","Hyung-Sung","Kim","Republic of Korea",11131,"Kim, Hyung-Sung",NA,35,"last_first_exact",1
"28258","K.T. Kim","K.T.","Kim","Republic of Korea",7880,"Kim, K.T.",NA,112,"last_first_exact",1
"39975","Michael Kim","Michael","Kim","United States",17543,"Kim, Michael",NA,790,"last_first_exact",1
"50188","S.H. Kim","S.H.","Kim","Republic of Korea",21688,"Kim, S.H.",NA,255,"last_first_exact",1
"37455","Si Woo Kim","Si Woo","Kim","Republic of Korea",14609,"Kim, Si Woo",NA,1031,"last_first_exact",1
"46155","T.K. Kim","T.K.","Kim","United States",18349,"Kim, T.K.",NA,2,"last_first_exact",1
"55182","Tom Kim","Tom","Kim","Republic of Korea",24766,"Kim, Tom",NA,340,"last_first_exact",1
"37454","Whee Kim","Whee","Kim","Republic of Korea",11702,"Kim, Whee",NA,377,"last_first_exact",1
"45426","Nathan Kimsey","Nathan","Kimsey","England",18027,"Kimsey, Nathan",NA,14,"last_first_exact",1
"46404","Marcus Kinhult","Marcus","Kinhult","Sweden",18514,"Kinhult, Marcus",NA,44,"last_first_exact",1
"30926","Chris Kirk","Chris","Kirk","United States",12423,"Kirk, Chris",NA,1281,"last_first_exact",1
"29478","Kevin Kisner","Kevin","Kisner","United States",11328,"Kisner, Kevin",NA,1039,"last_first_exact",1
"48117","Kurt Kitayama","Kurt","Kitayama","United States",21891,"Kitayama, Kurt",NA,422,"last_first_exact",1
"01633","Tom Kite","Tom","Kite","United States",114,"Kite, Tom",NA,31,"last_first_exact",1
"32757","Patton Kizzire","Patton","Kizzire","United States",13470,"Kizzire, Patton",NA,867,"last_first_exact",1
"24503","Jeff Klauk","Jeff","Klauk","United States",7098,"Klauk, Jeff",NA,158,"last_first_exact",1
"47420","Jake Knapp","Jake","Knapp","United States",19396,"Knapp, Jake",NA,217,"last_first_exact",1
"30711","Colt Knost","Colt","Knost","United States",12149,"Knost, Colt",NA,523,"last_first_exact",1
"36852","Jim Knous","Jim","Knous","United States",16382,"Knous, Jim",NA,132,"last_first_exact",1
"54813","Philip Knowles","Philip","Knowles","United States",24562,"Knowles, Philip",NA,83,"last_first_exact",1
"01639","Kenny Knox","Kenny","Knox","United States",115,"Knox, Kenny",NA,2,"last_first_exact",1
"33122","Russell Knox","Russell","Knox","Scotland",13831,"Knox, Russell",NA,1016,"last_first_exact",1
"56987","Jeong Weon Ko","Jeong Weon","Ko","France",26213,"Ko, Jeong Weon",NA,20,"last_first_exact",1
"54621","Kazuma Kobori","Kazuma","Kobori","New Zealand",24369,"Kobori, Kazuma",NA,10,"last_first_exact",1
"59871","Greg Koch","Greg","Koch","United States",28323,"Koch, Greg",NA,32,"last_first_exact",1
"32816","Satoshi Kodaira","Satoshi","Kodaira","Japan",13531,"Kodaira, Satoshi",NA,384,"last_first_exact",1
"36689","Brooks Koepka","Brooks","Koepka","United States",16243,"Koepka, Brooks",NA,823,"last_first_exact",1
"36884","Ben Kohles","Ben","Kohles","United States",16395,"Kohles, Ben",NA,366,"last_first_exact",1
"66701","Jackson Koivun","Jackson","Koivun","United States",32319,"Koivun, Jackson",NA,42,"last_first_exact",1
"27652","Johan Kok","Johan","Kok","South Africa",8601,"Kok, Johan",NA,10,"last_first_exact",1
"30944","Jason Kokrak","Jason","Kokrak","United States",12337,"Kokrak, Jason",NA,1059,"last_first_exact",1
"22032","Tomohiro Kondo","Tomohiro","Kondo","Japan",6625,"Kondo, Tomohiro",NA,8,"last_first_exact",1
"21893","Brian Kortan","Brian","Kortan","United States",7315,"Kortan, Brian",NA,42,"last_first_exact",1
"47735","Corey Kozuma","Corey","Kozuma","United States",34839,"Kozuma, Corey",NA,2,"last_first_exact",1
"06012","Greg Kraft","Greg","Kraft","United States",5049,"Kraft, Greg",NA,204,"last_first_exact",1
"35879","Kelly Kraft","Kelly","Kraft","United States",15852,"Kraft, Kelly",NA,589,"last_first_exact",1
"12705","Cliff Kresge","Cliff","Kresge","United States",7092,"Kresge, Cliff",NA,323,"last_first_exact",1
"22624","Joel Kribel","Joel","Kribel","United States",6035,"Kribel, Joel",NA,39,"last_first_exact",1
"37446","Jacques Kruyswijk","Jacques","Kruyswijk","South Africa",16896,"Kruyswijk, Jacques",NA,18,"last_first_exact",1
"20940","Kenichi Kuboya","Kenichi","Kuboya","Japan",5790,"Kuboya, Kenichi",NA,14,"last_first_exact",1
"23108","Matt Kuchar","Matt","Kuchar","United States",6169,"Kuchar, Matt",NA,1710,"last_first_exact",1
"23552","Hank Kuehne","Hank","Kuehne","United States",6349,"Kuehne, Hank",NA,186,"last_first_exact",1
"58696","Peter Kuest","Peter","Kuest","United States",27600,"Kuest, Peter",NA,83,"last_first_exact",1
"60547","Tommy Kuhl","Tommy","Kuhl","United States",31215,"Kuhl, Tommy",NA,4,"last_first_exact",1
"70692","Chase Kyes","Chase","Kyes","United States",35478,"Kyes, Chase",NA,2,"last_first_exact",1
"22806","Doug LaBelle II","Doug","LaBelle II","United States",6700,"LaBelle II, Doug",NA,240,"last_first_exact",1
"34317","Joakim Lagergren","Joakim","Lagergren","Sweden",14780,"Lagergren, Joakim",NA,18,"last_first_exact",1
"31420","Anirban Lahiri","Anirban","Lahiri","India",12669,"Lahiri, Anirban",NA,689,"last_first_exact",1
"27936","Martin Laird","Martin","Laird","Scotland",9586,"Laird, Martin",NA,1304,"last_first_exact",1
"46732","Rick Lamb","Rick","Lamb","United States",18869,"Lamb, Rick",NA,96,"last_first_exact",1
"27797","Derek Lamely","Derek","Lamely","United States",9195,"Lamely, Derek",NA,238,"last_first_exact",1
"06128","Steve Lamontagne","Steve","Lamontagne","United States",4279,"Lamontagne, Steve",NA,4,"last_first_exact",1
"54422","Christo Lamprecht","Christo","Lamprecht","South Africa",24343,"Lamprecht, Christo",NA,65,"last_first_exact",1
"06332","Neal Lancaster","Neal","Lancaster","United States",4199,"Lancaster, Neal",NA,271,"last_first_exact",1
"33410","Andrew Landry","Andrew","Landry","United States",14000,"Landry, Andrew",NA,470,"last_first_exact",1
"37250","Romain Langasque","Romain","Langasque","France",16652,"Langasque, Romain",NA,58,"last_first_exact",1
"01666","Bernhard Langer","Bernhard","Langer","Germany",290,"Langer, Bernhard",NA,284,"last_first_exact",1
"08993","Franklin Langham","Franklin","Langham","United States",5257,"Langham, Franklin",NA,63,"last_first_exact",1
"34261","Scott Langley","Scott","Langley","United States",14700,"Langley, Scott",NA,421,"last_first_exact",1
"01668","Jeffrey Lankford","Jeffrey","Lankford","United States",926,"Lankford, Jeffrey",NA,8,"last_first_exact",1
"70146","Fifa Laopakdee","Fifa","Laopakdee","Thailand",27019,"Laopakdee, Fifa",NA,4,"last_first_exact",1
"34607","Francesco Laporta","Francesco","Laporta","Italy",14987,"Laporta, Francesco",NA,18,"last_first_exact",1
"06016","Brad Lardon","Brad","Lardon","United States",4086,"Lardon, Brad",NA,55,"last_first_exact",1
"29670","Pablo Larrazabal","Pablo","Larrazabal","Spain",9133,"Larrazabal, Pablo",NA,99,"last_first_exact",1
"65310","Anders Larson","Anders","Larson","United States",31312,"Larson, Anders",NA,6,"last_first_exact",1
"28775","Nate Lashley","Nate","Lashley","United States",10943,"Lashley, Nate",NA,571,"last_first_exact",1
"34364","David Law","David","Law","Scotland",14784,"Law, David",NA,14,"last_first_exact",1
"45523","Thriston Lawrence","Thriston","Lawrence","South Africa",18105,"Lawrence, Thriston",NA,98,"last_first_exact",1
"19904","Paul Lawrie","Paul","Lawrie","Scotland",5105,"Lawrie, Paul",NA,94,"last_first_exact",1
"20573","Scott Laycock","Scott","Laycock","Australia",3472,"Laycock, Scott",NA,2,"last_first_exact",1
"20382","Stephen Leaney","Stephen","Leaney","Australia",4889,"Leaney, Stephen",NA,323,"last_first_exact",1
"49766","Hank Lebioda","Hank","Lebioda","United States",21943,"Lebioda, Hank",NA,409,"last_first_exact",1
"35230","Nelson Ledesma","Nelson","Ledesma","Argentina",15239,"Ledesma, Nelson",NA,101,"last_first_exact",1
"68608","Bryan Lee","Bryan","Lee","United States",33756,"Lee, Bryan",NA,4,"last_first_exact",1
"29926","Danny Lee","Danny","Lee","New Zealand",11826,"Lee, Danny",NA,1010,"last_first_exact",1
"28092","D.H. Lee","D.H.","Lee","Republic of Korea",8211,"Lee, D.H.",NA,171,"last_first_exact",1
"70734","Eric Lee","Eric","Lee","United States",35479,"Lee, Eric",NA,4,"last_first_exact",1
"47443","Junghwan Lee","Junghwan","Lee","Republic of Korea",13498,"Lee, Junghwan",NA,16,"last_first_exact",1
"32791","K.H. Lee","K.H.","Lee","Republic of Korea",13497,"Lee, K.H.",NA,335,"last_first_exact",1
"32888","Lucas Lee","Lucas","Lee","Brazil",13618,"Lee, Lucas",NA,42,"last_first_exact",1
"37378","Min Woo Lee","Min Woo","Lee","Australia",16841,"Lee, Min Woo",NA,287,"last_first_exact",1
"36529","S.T. Lee","S.T.","Lee","Republic of Korea",16162,"Lee, S.T.",NA,11,"last_first_exact",1
"34168","Soomin Lee","Soomin","Lee","Republic of Korea",14614,"Lee, Soomin",NA,22,"last_first_exact",1
"10565","Ian Leggatt","Ian","Leggatt","Canada",5205,"Leggatt, Ian",NA,95,"last_first_exact",1
"01677","Tom Lehman","Tom","Lehman","United States",757,"Lehman, Tom",NA,401,"last_first_exact",1
"26851","Marc Leishman","Marc","Leishman","Australia",7649,"Leishman, Marc",NA,1280,"last_first_exact",1
"25799","Niklas Lemke","Niklas","Lemke","Sweden",10418,"Lemke, Niklas",NA,10,"last_first_exact",1
"46581","Ryan Lenahan","Ryan","Lenahan","United States",18711,"Lenahan, Ryan",NA,6,"last_first_exact",1
"10860","Justin Leonard","Justin","Leonard","United States",5603,"Leonard, Justin",NA,975,"last_first_exact",1
"26695","Michael Letzig","Michael","Letzig","United States",7641,"Letzig, Michael",NA,298,"last_first_exact",1
"12662","Thomas Levet","Thomas","Levet","France",2141,"Levet, Thomas",NA,132,"last_first_exact",1
"27466","Spencer Levin","Spencer","Levin","United States",8199,"Levin, Spencer",NA,716,"last_first_exact",1
"34579","Alexander Levy","Alexander","Levy","France",14973,"Levy, Alexander",NA,70,"last_first_exact",1
"70574","Dawson Lew","Dawson","Lew","Canada",35422,"Lew, Dawson",NA,2,"last_first_exact",1
"01685","J.L. Lewis","J.L.","Lewis","United States",3387,"Lewis, J.L.",NA,267,"last_first_exact",1
"35104","Tom Lewis","Tom","Lewis","England",15164,"Lewis, Tom",NA,154,"last_first_exact",1
"24748","WC Liang","WC","Liang","People’s Rep of China",6470,"Liang, WC",NA,90,"last_first_exact",1
"11032","Frank Lickliter II","Frank","Lickliter II","United States",5708,"Lickliter II, Frank",NA,517,"last_first_exact",1
"22212","Craig Lile","Craig","Lile","South Africa",6841,"Lile, Craig",NA,51,"last_first_exact",1
"48293","Mikael Lindberg","Mikael","Lindberg","Sweden",20084,"Lindberg, Mikael",NA,16,"last_first_exact",1
"48237","Oliver Lindell","Oliver","Lindell","Finland",20085,"Lindell, Oliver",NA,8,"last_first_exact",1
"37278","Nicholas Lindheim","Nicholas","Lindheim","United States",16713,"Lindheim, Nicholas",NA,231,"last_first_exact",1
"34409","David Lingmerth","David","Lingmerth","Sweden",14815,"Lingmerth, David",NA,693,"last_first_exact",1
"36326","David Lipsky","David","Lipsky","United States",15980,"Lipsky, David",NA,479,"last_first_exact",1
"27129","Luke List","Luke","List","United States",7960,"List, Luke",NA,938,"last_first_exact",1
"58632","David Liu","David","Liu","People’s Rep of China",28644,"Liu, David",NA,2,"last_first_exact",1
"24940","Edward Loar","Edward","Loar","United States",6938,"Loar, Edward",NA,105,"last_first_exact",1
"63806","Hunter Logan","Hunter","Logan","United States",31866,"Logan, Hunter",NA,8,"last_first_exact",1
"20634","Peter Lonard","Peter","Lonard","Australia",4122,"Lonard, Peter",NA,437,"last_first_exact",1
"35449","Adam Long","Adam","Long","United States",15473,"Long, Adam",NA,496,"last_first_exact",1
"59131","Luke Long","Luke","Long","United States",31193,"Long, Luke",NA,10,"last_first_exact",1
"20502","Michael Long","Michael","Long","New Zealand",4865,"Long, Michael",NA,47,"last_first_exact",1
"35300","Andrew Loupe","Andrew","Loupe","United States",15318,"Loupe, Andrew",NA,239,"last_first_exact",1
"01706","Davis Love III","Davis","Love III","United States",3464,"Love III, Davis",NA,993,"last_first_exact",1
"50526","Tom Lovelady","Tom","Lovelady","United States",22068,"Lovelady, Tom",NA,124,"last_first_exact",1
"29461","Jamie Lovemark","Jamie","Lovemark","United States",11382,"Lovemark, Jamie",NA,546,"last_first_exact",1
"40162","Justin Lower","Justin","Lower","United States",17723,"Lower, Justin",NA,429,"last_first_exact",1
"01707","Steve Lowery","Steve","Lowery","United States",828,"Lowery, Steve",NA,470,"last_first_exact",1
"33204","Shane Lowry","Shane","Lowry","Ireland",13900,"Lowry, Shane",NA,740,"last_first_exact",1
"37380","Curtis Luck","Curtis","Luck","Australia",16842,"Luck, Curtis",NA,104,"last_first_exact",1
"28300","Joost Luiten","Joost","Luiten","Netherlands",10158,"Luiten, Joost",NA,151,"last_first_exact",1
"23548","Bill Lunde","Bill","Lunde","United States",7962,"Lunde, Bill",NA,398,"last_first_exact",1
"01713","David Lundstrom","David","Lundstrom","United States",127,"Lundstrom, David",NA,14,"last_first_exact",1
"27613","David Lutterus","David","Lutterus","Australia",8388,"Lutterus, David",NA,96,"last_first_exact",1
"26881","Jarrod Lyle","Jarrod","Lyle","Australia",8392,"Lyle, Jarrod",NA,307,"last_first_exact",1
"01717","Sandy Lyle","Sandy","Lyle","Scotland",294,"Lyle, Sandy",NA,100,"last_first_exact",1
"21099","David Lynn","David","Lynn","England",5830,"Lynn, David",NA,103,"last_first_exact",1
"24912","Will MacKenzie","Will","MacKenzie","United States",7470,"MacKenzie, Will",NA,679,"last_first_exact",1
"32694","Morten Orum Madsen","Morten Orum","Madsen","Denmark",13411,"Madsen, Morten Orum",NA,6,"last_first_exact",1
"01723","Andrew Magee","Andrew","Magee","United States",129,"Magee, Andrew",NA,108,"last_first_exact",1
"01724","Jeff Maggert","Jeff","Maggert","United States",576,"Maggert, Jeff",NA,685,"last_first_exact",1
"08547","John Maginnes","John","Maginnes","United States",5544,"Maginnes, John",NA,46,"last_first_exact",1
"24781","Hunter Mahan","Hunter","Mahan","United States",7636,"Mahan, Hunter",NA,1325,"last_first_exact",1
"27060","John Mallinger","John","Mallinger","United States",9027,"Mallinger, John",NA,494,"last_first_exact",1
"34466","Peter Malnati","Peter","Malnati","United States",14926,"Malnati, Peter",NA,920,"last_first_exact",1
"01736","Roger Maltbie","Roger","Maltbie","United States",131,"Maltbie, Roger",NA,9,"last_first_exact",1
"33199","Matteo Manassero","Matteo","Manassero","Italy",11460,"Manassero, Matteo",NA,172,"last_first_exact",1
"54190","Richard Mansell","Richard","Mansell","England",24185,"Mansell, Richard",NA,28,"last_first_exact",1
"60333","Nicholas Marchese","Nicholas","Marchese","Canada",35197,"Marchese, Nicholas",NA,2,"last_first_exact",1
"28158","Steve Marino","Steve","Marino","United States",7741,"Marino, Steve",NA,651,"last_first_exact",1
"33413","Ben Martin","Ben","Martin","United States",14007,"Martin, Ben",NA,836,"last_first_exact",1
"20445","Casey Martin","Casey","Martin","United States",6214,"Martin, Casey",NA,10,"last_first_exact",1
"21470","Daisuke Maruyama","Daisuke","Maruyama","Japan",6018,"Maruyama, Daisuke",NA,137,"last_first_exact",1
"12680","Shigeki Maruyama","Shigeki","Maruyama","Japan",4418,"Maruyama, Shigeki",NA,383,"last_first_exact",1
"01755","Dick Mast","Dick","Mast","United States",535,"Mast, Dick",NA,9,"last_first_exact",1
"22961","David Mathis","David","Mathis","United States",7149,"Mathis, David",NA,287,"last_first_exact",1
"32839","Hideki Matsuyama","Hideki","Matsuyama","Japan",13562,"Matsuyama, Hideki",NA,1105,"last_first_exact",1
"27120","Troy Matteson","Troy","Matteson","United States",7954,"Matteson, Troy",NA,723,"last_first_exact",1
"51491","Brandon Matthews","Brandon","Matthews","United States",22981,"Matthews, Brandon",NA,90,"last_first_exact",1
"66562","Justin Matthews","Justin","Matthews","Canada",32259,"Matthews, Justin",NA,8,"last_first_exact",1
"01761","Len Mattiace","Len","Mattiace","United States",3982,"Mattiace, Len",NA,242,"last_first_exact",1
"06350","Bob May","Bob","May","United States",5348,"May, Bob",NA,84,"last_first_exact",1
"01766","Billy Mayfair","Billy","Mayfair","United States",3572,"Mayfair, Billy",NA,804,"last_first_exact",1
"49037","Stefano Mazzoli","Stefano","Mazzoli","Italy",20844,"Mazzoli, Stefano",NA,10,"last_first_exact",1
"01771","Blaine McCallister","Blaine","McCallister","United States",572,"McCallister, Blaine",NA,99,"last_first_exact",1
"10585","Scott McCarron","Scott","McCarron","United States",3682,"McCarron, Scott",NA,497,"last_first_exact",1
"47993","Denny McCarthy","Denny","McCarthy","United States",19870,"McCarthy, Denny",NA,779,"last_first_exact",1
"59141","Matt McCarty","Matt","McCarty","United States",28635,"McCarty, Matt",NA,176,"last_first_exact",1
"58597","Paul McClure","Paul","McClure","United States",35227,"McClure, Paul",NA,2,"last_first_exact",1
"46113","Ryan McCormick","Ryan","McCormick","United States",18536,"McCormick, Ryan",NA,82,"last_first_exact",1
"59409","Ashton McCulloch","Ashton","McCulloch","Canada",32260,"McCulloch, Ashton",NA,10,"last_first_exact",1
"01783","Mark McCumber","Mark","McCumber","United States",135,"McCumber, Mark",NA,4,"last_first_exact",1
"40042","Tyler McCumber","Tyler","McCumber","United States",17584,"McCumber, Tyler",NA,169,"last_first_exact",1
"36872","Jack McDonald","Jack","McDonald","Scotland",16372,"McDonald, Jack",NA,6,"last_first_exact",1
"25572","Graeme McDowell","Graeme","McDowell","Northern Ireland",7548,"McDowell, Graeme",NA,991,"last_first_exact",1
"39976","Cory McElyea","Cory","McElyea","United States",17540,"McElyea, Cory",NA,2,"last_first_exact",1
"12461","Paul McGinley","Paul","McGinley","Ireland",5222,"McGinley, Paul",NA,104,"last_first_exact",1
"31202","William McGirt","William","McGirt","United States",12477,"McGirt, William",NA,893,"last_first_exact",1
"06090","Jim McGovern","Jim","McGovern","United States",4090,"McGovern, Jim",NA,110,"last_first_exact",1
"51950","Max McGreevy","Max","McGreevy","United States",23505,"McGreevy, Max",NA,348,"last_first_exact",1
"28237","Rory McIlroy","Rory","McIlroy","Northern Ireland",10091,"McIlroy, Rory",NA,1034,"last_first_exact",1
"20631","David McKenzie","David","McKenzie","Australia",4912,"McKenzie, David",NA,52,"last_first_exact",1
"24449","Parker McLachlin","Parker","McLachlin","United States",9168,"McLachlin, Parker",NA,359,"last_first_exact",1
"22122","Andrew McLardy","Andrew","McLardy","South Africa",3913,"McLardy, Andrew",NA,67,"last_first_exact",1
"46442","Maverick McNealy","Maverick","McNealy","United States",18634,"McNealy, Maverick",NA,622,"last_first_exact",1
"24490","George McNeill","George","McNeill","United States",6419,"McNeill, George",NA,889,"last_first_exact",1
"27939","Matt McQuillan","Matt","McQuillan","Canada",6935,"McQuillan, Matt",NA,78,"last_first_exact",1
"08339","Spike McRoy","Spike","McRoy","United States",5177,"McRoy, Spike",NA,124,"last_first_exact",1
"01797","Rocco Mediate","Rocco","Mediate","United States",627,"Mediate, Rocco",NA,512,"last_first_exact",1
"12781","Scott Medlin","Scott","Medlin","United States",3960,"Medlin, Scott",NA,2,"last_first_exact",1
"24039","Prom Meesawat","Prom","Meesawat","Thailand",7109,"Meesawat, Prom",NA,12,"last_first_exact",1
"59143","Mac Meissner","Mac","Meissner","United States",28159,"Meissner, Mac",NA,239,"last_first_exact",1
"33674","Adrian Meronk","Adrian","Meronk","Poland",14196,"Meronk, Adrian",NA,172,"last_first_exact",1
"27933","John Merrick","John","Merrick","United States",9584,"Merrick, John",NA,826,"last_first_exact",1
"32640","Troy Merritt","Troy","Merritt","United States",13367,"Merritt, Troy",NA,1071,"last_first_exact",1
"06515","Shaun Micheel","Shaun","Micheel","United States",4377,"Micheel, Shaun",NA,597,"last_first_exact",1
"47102","David Micheluzzi","David","Micheluzzi","Australia",19224,"Micheluzzi, David",NA,18,"last_first_exact",1
"01810","Phil Mickelson","Phil","Mickelson","United States",1547,"Mickelson, Phil",NA,1464,"last_first_exact",1
"39834","Guido Migliozzi","Guido","Migliozzi","Italy",17357,"Migliozzi, Guido",NA,62,"last_first_exact",1
"01813","Mike Miles","Mike","Miles","United States",1100,"Miles, Mike",NA,11,"last_first_exact",1
"25031","Andy Miller","Andy","Miller","United States",6984,"Miller, Andy",NA,2,"last_first_exact",1
"01817","Lindy Miller","Lindy","Miller","United States",760,"Miller, Lindy",NA,2,"last_first_exact",1
"31401","Zack Miller","Zack","Miller","United States",12652,"Miller, Zack",NA,113,"last_first_exact",1
"25842","Jon Mills","Jon","Mills","Canada",7372,"Mills, Jon",NA,133,"last_first_exact",1
"39546","Keith Mitchell","Keith","Mitchell","United States",17365,"Mitchell, Keith",NA,768,"last_first_exact",1
"19795","Kelly Mitchum","Kelly","Mitchum","United States",7865,"Mitchum, Kelly",NA,44,"last_first_exact",1
"20213","Katsumasa Miyamoto","Katsumasa","Miyamoto","Japan",5791,"Miyamoto, Katsumasa",NA,6,"last_first_exact",1
"12682","Hirofumi Miyase","Hirofumi","Miyase","Japan",3808,"Miyase, Hirofumi",NA,46,"last_first_exact",1
"23821","Yusaku Miyazato","Yusaku","Miyazato","Japan",7031,"Miyazato, Yusaku",NA,58,"last_first_exact",1
"01823","Larry Mize","Larry","Mize","United States",139,"Mize, Larry",NA,173,"last_first_exact",1
"01825","Kris Moe","Kris","Moe","United States",140,"Moe, Kris",NA,3,"last_first_exact",1
"23800","Bryce Molder","Bryce","Molder","United States",7292,"Molder, Bryce",NA,728,"last_first_exact",1
"23814","Edoardo Molinari","Edoardo","Molinari","Italy",7033,"Molinari, Edoardo",NA,124,"last_first_exact",1
"25198","Francesco Molinari","Francesco","Molinari","Italy",7655,"Molinari, Francesco",NA,741,"last_first_exact",1
"08635","Colin Montgomerie","Colin","Montgomerie","Scotland",741,"Montgomerie, Colin",NA,142,"last_first_exact",1
"55789","Taylor Montgomery","Taylor","Montgomery","United States",25442,"Montgomery, Taylor",NA,256,"last_first_exact",1
"29422","Jonathan Moore","Jonathan","Moore","United States",11278,"Moore, Jonathan",NA,15,"last_first_exact",1
"20676","Patrick Moore","Patrick","Moore","United States",5729,"Moore, Patrick",NA,33,"last_first_exact",1
"26596","Ryan Moore","Ryan","Moore","United States",7489,"Moore, Ryan",NA,1412,"last_first_exact",1
"49947","Taylor Moore","Taylor","Moore","United States",21944,"Moore, Taylor",NA,440,"last_first_exact",1
"50525","Collin Morikawa","Collin","Morikawa","United States",22085,"Morikawa, Collin",NA,571,"last_first_exact",1
"23091","Alan Morin","Alan","Morin","United States",7836,"Morin, Alan",NA,38,"last_first_exact",1
"12753","David Morland IV","David","Morland IV","Canada",5853,"Morland IV, David",NA,62,"last_first_exact",1
"07235","John Morse","John","Morse","United States",2478,"Morse, John",NA,35,"last_first_exact",1
"55468","Felix Mory","Felix","Mory","France",25089,"Mory, Felix",NA,4,"last_first_exact",1
"08045","Perry Moss","Perry","Moss","United States",5347,"Moss, Perry",NA,2,"last_first_exact",1
"63121","William Mouw","William","Mouw","United States",29770,"Mouw, William",NA,144,"last_first_exact",1
"46601","Trey Mullinax","Trey","Mullinax","United States",18761,"Mullinax, Trey",NA,491,"last_first_exact",1
"27302","Garth Mulroy","Garth","Mulroy","South Africa",8065,"Mulroy, Garth",NA,114,"last_first_exact",1
"06140","Sean Murphy","Sean","Murphy","United States",3394,"Murphy, Sean",NA,6,"last_first_exact",1
"34213","Grayson Murray","Grayson","Murray","United States",14655,"Murray, Grayson",NA,392,"last_first_exact",1
"55420","Cooper Musselman","Cooper","Musselman","United States",25318,"Musselman, Cooper",NA,25,"last_first_exact",1
"27118","Toshinori Muto","Toshinori","Muto","Japan",7936,"Muto, Toshinori",NA,19,"last_first_exact",1
"25396","Kevin Na","Kevin","Na","United States",7452,"Na, Kevin",NA,1493,"last_first_exact",1
"28521","Ryutaro Nagano","Ryutaro","Nagano","Japan",10523,"Nagano, Ryutaro",NA,16,"last_first_exact",1
"66447","Taisei Nagasaki","Taisei","Nagasaki","Japan",32081,"Nagasaki, Taisei",NA,2,"last_first_exact",1
"47505","Dylan Naidoo","Dylan","Naidoo","South Africa",19429,"Naidoo, Dylan",NA,6,"last_first_exact",1
"49228","Keita Nakajima","Keita","Nakajima","Japan",21074,"Nakajima, Keita",NA,96,"last_first_exact",1
"52689","Rasmus Neergaard-Petersen","Rasmus","Neergaard-Petersen","Denmark",23841,"Neergaard-Petersen, Rasmus",NA,70,"last_first_exact",1
"01864","Larry Nelson","Larry","Nelson","United States",147,"Nelson, Larry",NA,4,"last_first_exact",1
"45729","Drew Nesbitt","Drew","Nesbitt","Canada",16492,"Nesbitt, Drew",NA,19,"last_first_exact",1
"36871","Matt NeSmith","Matt","NeSmith","United States",16433,"NeSmith, Matt",NA,168,"last_first_exact",1
"58188","James Nicholas","James","Nicholas","United States",27598,"Nicholas, James",NA,25,"last_first_exact",1
"08535","Gary Nicklaus","Gary","Nicklaus","United States",4787,"Nicklaus, Gary",NA,2,"last_first_exact",1
"01869","Jack Nicklaus","Jack","Nicklaus","United States",148,"Nicklaus, Jack",NA,12,"last_first_exact",1
"51635","Chris Nido","Chris","Nido","Puerto Rico",23094,"Nido, Chris",NA,26,"last_first_exact",1
"45486","Joaquin Niemann","Joaquin","Niemann","Chile",18079,"Niemann, Joaquin",NA,627,"last_first_exact",1
"26301","James Nitties","James","Nitties","Australia",7388,"Nitties, James",NA,152,"last_first_exact",1
"29289","S.Y. Noh","S.Y.","Noh","Republic of Korea",11117,"Noh, S.Y.",NA,117,"last_first_exact",1
"27349","Alex Noren","Alex","Noren","Sweden",10419,"Noren, Alex",NA,650,"last_first_exact",1
"30163","Henrik Norlander","Henrik","Norlander","Sweden",11657,"Norlander, Henrik",NA,674,"last_first_exact",1
"01876","Greg Norman","Greg","Norman","Australia",512,"Norman, Greg",NA,36,"last_first_exact",1
"26328","Shaun Norris","Shaun","Norris","South Africa",7677,"Norris, Shaun",NA,89,"last_first_exact",1
"51070","Vincent Norrman","Vincent","Norrman","Sweden",22535,"Norrman, Vincent",NA,166,"last_first_exact",1
"51997","Andrew Novak","Andrew","Novak","United States",23475,"Novak, Andrew",NA,443,"last_first_exact",1
"55851","Pontus Nyholm","Pontus","Nyholm","Sweden",25475,"Nyholm, Pontus",NA,53,"last_first_exact",1
"64526","Declan O'Donovan","Declan","O'Donovan","Australia",30717,"O'Donovan, Declan",NA,2,"last_first_exact",1
"24140","Sean O'Hair","Sean","O'Hair","United States",7626,"O'Hair, Sean",NA,1288,"last_first_exact",1
"22348","Nick O'Hern","Nick","O'Hern","Australia",6100,"O'Hern, Nick",NA,492,"last_first_exact",1
"01886","Peter O'Malley","Peter","O'Malley","Australia",660,"O'Malley, Peter",NA,2,"last_first_exact",1
"01887","Mark O'Meara","Mark","O'Meara","United States",154,"O'Meara, Mark",NA,221,"last_first_exact",1
"20628","Arron Oberholser","Arron","Oberholser","United States",6557,"Oberholser, Arron",NA,294,"last_first_exact",1
"27119","Koumei Oda","Koumei","Oda","Japan",7940,"Oda, Koumei",NA,36,"last_first_exact",1
"21949","Joe Ogilvie","Joe","Ogilvie","United States",6303,"Ogilvie, Joe",NA,728,"last_first_exact",1
"22046","Geoff Ogilvy","Geoff","Ogilvy","Australia",5698,"Ogilvy, Geoff",NA,1017,"last_first_exact",1
"57944","Andy Ogletree","Andy","Ogletree","United States",27597,"Ogletree, Andy",NA,125,"last_first_exact",1
"01891","David Ogrin","David","Ogrin","United States",153,"Ogrin, David",NA,10,"last_first_exact",1
"48933","Ryuichi Oiwa","Ryuichi","Oiwa","Japan",20761,"Oiwa, Ryuichi",NA,6,"last_first_exact",1
"49226","Taehoon Ok","Taehoon","Ok","Republic of Korea",21072,"Ok, Taehoon",NA,6,"last_first_exact",1
"55965","Jacob Skov Olesen","Jacob Skov","Olesen","Denmark",25611,"Olesen, Jacob Skov",NA,22,"last_first_exact",1
"07939","Dan Olsen","Dan","Olsen","United States",4369,"Olsen, Dan",NA,48,"last_first_exact",1
"34357","Jeff Olson","Jeff","Olson","United States",8671,"Olson, Jeff",NA,2,"last_first_exact",1
"55623","Kaito Onishi","Kaito","Onishi","Japan",25263,"Onishi, Kaito",NA,86,"last_first_exact",1
"26329","Louis Oosthuizen","Louis","Oosthuizen","South Africa",7672,"Oosthuizen, Louis",NA,875,"last_first_exact",1
"27942","Rob Oppenheim","Rob","Oppenheim","United States",8002,"Oppenheim, Rob",NA,297,"last_first_exact",1
"70296","Jackson Ormond","Jackson","Ormond","United States",35389,"Ormond, Jackson",NA,2,"last_first_exact",1
"26341","Wade Ormsby","Wade","Ormsby","Australia",7532,"Ormsby, Wade",NA,75,"last_first_exact",1
"33667","Carlos Ortiz","Carlos","Ortiz","Mexico",14735,"Ortiz, Carlos",NA,679,"last_first_exact",1
"34575","Adrian Otaegui","Adrian","Otaegui","United Arab Emirates",14975,"Otaegui, Adrian",NA,47,"last_first_exact",1
"22400","Hennie Otto","Hennie","Otto","South Africa",5942,"Otto, Hennie",NA,26,"last_first_exact",1
"01901","Jay Overton","Jay","Overton","United States",833,"Overton, Jay",NA,4,"last_first_exact",1
"28475","Jeff Overton","Jeff","Overton","United States",10498,"Overton, Jeff",NA,853,"last_first_exact",1
"20691","Greg Owen","Greg","Owen","England",5723,"Owen, Greg",NA,685,"last_first_exact",1
"59160","John Pak","John","Pak","United States",27820,"Pak, John",NA,127,"last_first_exact",1
"01910","Arnold Palmer","Arnold","Palmer","United States",155,"Palmer, Arnold",NA,4,"last_first_exact",1
"23320","Ryan Palmer","Ryan","Palmer","United States",7820,"Palmer, Ryan",NA,1544,"last_first_exact",1
"20572","Rod Pampling","Rod","Pampling","Australia",5668,"Pampling, Rod",NA,984,"last_first_exact",1
"29908","C.T. Pan","C.T.","Pan","Chinese Taipei",15475,"Pan, C.T.",NA,628,"last_first_exact",1
"20663","Brenden Pappas","Brenden","Pappas","South Africa",3794,"Pappas, Brenden",NA,194,"last_first_exact",1
"10107","Deane Pappas","Deane","Pappas","South Africa",5451,"Pappas, Deane",NA,54,"last_first_exact",1
"37157","Renato Paratore","Renato","Paratore","Italy",16549,"Paratore, Renato",NA,27,"last_first_exact",1
"20443","Jin Park","Jin","Park","Republic of Korea",7362,"Park, Jin",NA,126,"last_first_exact",1
"34130","Sung Joon Park","Sung Joon","Park","Republic of Korea",14565,"Park, Sung Joon",NA,5,"last_first_exact",1
"12660","Jesper Parnevik","Jesper","Parnevik","Sweden",948,"Parnevik, Jesper",NA,471,"last_first_exact",1
"01920","Craig Parry","Craig","Parry","Australia",637,"Parry, Craig",NA,128,"last_first_exact",1
"28723","John Parry","John","Parry","England",13764,"Parry, John",NA,90,"last_first_exact",1
"01925","Jerry Pate","Jerry","Pate","United States",156,"Pate, Jerry",NA,5,"last_first_exact",1
"01926","Steve Pate","Steve","Pate","United States",157,"Pate, Steve",NA,68,"last_first_exact",1
"50582","Jeremy Paul","Jeremy","Paul","Germany",22087,"Paul, Jeremy",NA,111,"last_first_exact",1
"20095","Carl Paulson","Carl","Paulson","United States",3565,"Paulson, Carl",NA,58,"last_first_exact",1
"01927","Dennis Paulson","Dennis","Paulson","United States",2603,"Paulson, Dennis",NA,89,"last_first_exact",1
"01928","Corey Pavin","Corey","Pavin","United States",159,"Pavin, Corey",NA,424,"last_first_exact",1
"48153","Matthieu Pavon","Matthieu","Pavon","France",19960,"Pavon, Matthieu",NA,235,"last_first_exact",1
"66035","Jake Peacock","Jake","Peacock","United States",33952,"Peacock, Jake",NA,8,"last_first_exact",1
"66249","Evan Pena","Evan","Pena","Puerto Rico",31959,"Pena, Evan",NA,4,"last_first_exact",1
"40250","Taylor Pendrith","Taylor","Pendrith","Canada",17780,"Pendrith, Taylor",NA,446,"last_first_exact",1
"51003","Marco Penge","Marco","Penge","England",22465,"Penge, Marco",NA,62,"last_first_exact",1
"01938","David Peoples","David","Peoples","United States",163,"Peoples, David",NA,96,"last_first_exact",1
"34709","Eddie Pepperell","Eddie","Pepperell","England",15113,"Pepperell, Eddie",NA,54,"last_first_exact",1
"22056","Cameron Percy","Cameron","Percy","Australia",5874,"Percy, Cameron",NA,633,"last_first_exact",1
"47806","Raul Pereda","Raul","Pereda","Mexico",19620,"Pereda, Raul",NA,66,"last_first_exact",1
"47529","Mito Pereira","Mito","Pereira","Chile",19455,"Pereira, Mito",NA,265,"last_first_exact",1
"24361","Pat Perez","Pat","Perez","United States",6762,"Perez, Pat",NA,1496,"last_first_exact",1
"47679","Victor Perez","Victor","Perez","France",20730,"Perez, Victor",NA,295,"last_first_exact",1
"10912","Craig Perks","Craig","Perks","New Zealand",3852,"Perks, Craig",NA,160,"last_first_exact",1
"01941","Tom Pernice Jr.","Tom","Pernice Jr.","United States",3466,"Pernice Jr., Tom",NA,636,"last_first_exact",1
"01943","Chris Perry","Chris","Perry","United States",162,"Perry, Chris",NA,6,"last_first_exact",1
"01945","Kenny Perry","Kenny","Perry","United States",604,"Perry, Kenny",NA,632,"last_first_exact",1
"25863","Rod Perry","Rod","Perry","United States",8263,"Perry, Rod",NA,61,"last_first_exact",1
"48139","Austin Peters","Austin","Peters","United States",20460,"Peters, Austin",NA,2,"last_first_exact",1
"35541","John Peterson","John","Peterson","United States",15611,"Peterson, John",NA,254,"last_first_exact",1
"36824","Paul Peterson","Paul","Peterson","United States",16341,"Peterson, Paul",NA,118,"last_first_exact",1
"63307","Nathan Petronzio","Nathan","Petronzio","United States",29915,"Petronzio, Nathan",NA,8,"last_first_exact",1
"01948","Tim Petrovic","Tim","Petrovic","United States",2701,"Petrovic, Tim",NA,803,"last_first_exact",1
"25345","Carl Pettersson","Carl","Pettersson","Sweden",7048,"Pettersson, Carl",NA,1209,"last_first_exact",1
"57900","Chandler Phillips","Chandler","Phillips","United States",27164,"Phillips, Chandler",NA,242,"last_first_exact",1
"46374","Tracy Phillips","Tracy","Phillips","United States",32184,"Phillips, Tracy",NA,2,"last_first_exact",1
"57625","Trent Phillips","Trent","Phillips","United States",26913,"Phillips, Trent",NA,23,"last_first_exact",1
"25818","Scott Piercy","Scott","Piercy","United States",7899,"Piercy, Scott",NA,1268,"last_first_exact",1
"33293","Thomas Pieters","Thomas","Pieters","Belgium",13944,"Pieters, Thomas",NA,323,"last_first_exact",1
"32876","Martin Piller","Martin","Piller","United States",13760,"Piller, Martin",NA,240,"last_first_exact",1
"35451","Scott Pinckney","Scott","Pinckney","United States",15477,"Pinckney, Scott",NA,171,"last_first_exact",1
"01955","Gary Player","Gary","Player","South Africa",451,"Player, Gary",NA,12,"last_first_exact",1
"59613","Marcus Plunkett","Marcus","Plunkett","United States",29716,"Plunkett, Marcus",NA,9,"last_first_exact",1
"01958","Dan Pohl","Dan","Pohl","United States",166,"Pohl, Dan",NA,6,"last_first_exact",1
"25240","D.A. Points","D.A.","Points","United States",6761,"Points, D.A.",NA,1009,"last_first_exact",1
"47567","Ben Polland","Ben","Polland","United States",20344,"Polland, Ben",NA,30,"last_first_exact",1
"35912","Haydn Porteous","Haydn","Porteous","South Africa",15866,"Porteous, Haydn",NA,12,"last_first_exact",1
"49771","J.T. Poston","J.T.","Poston","United States",21554,"Poston, J.T.",NA,852,"last_first_exact",1
"63343","Aldrich Potgieter","Aldrich","Potgieter","South Africa",27900,"Potgieter, Aldrich",NA,124,"last_first_exact",1
"27556","Ted Potter, Jr.","Ted","Potter, Jr.","United States",8769,"Potter, Jr., Ted",NA,540,"last_first_exact",1
"24138","Ian Poulter","Ian","Poulter","England",1435,"Poulter, Ian",NA,1202,"last_first_exact",1
"28252","Seamus Power","Seamus","Power","Ireland",10104,"Power, Seamus",NA,721,"last_first_exact",1
"56267","Yurav Premlall","Yurav","Premlall","South Africa",25890,"Premlall, Yurav",NA,2,"last_first_exact",1
"25336","Alistair Presnell","Alistair","Presnell","Australia",7089,"Presnell, Alistair",NA,63,"last_first_exact",1
"67611","Jansen Preston","Jansen","Preston","United States",35616,"Preston, Jansen",NA,2,"last_first_exact",1
"28620","Aron Price","Aron","Price","Australia",9772,"Price, Aron",NA,173,"last_first_exact",1
"01968","Nick Price","Nick","Price","Zimbabwe",452,"Price, Nick",NA,125,"last_first_exact",1
"20474","Phillip Price","Phillip","Price","Wales",4739,"Price, Phillip",NA,81,"last_first_exact",1
"10213","Dicky Pride","Dicky","Pride","United States",5467,"Pride, Dicky",NA,450,"last_first_exact",1
"30946","Alex Prugh","Alex","Prugh","United States",12339,"Prugh, Alex",NA,372,"last_first_exact",1
"68009","Giuseppe Puebla","Giuseppe","Puebla","United States",33280,"Puebla, Giuseppe",NA,2,"last_first_exact",1
"61193","David Puig","David","Puig","Spain",28984,"Puig, David",NA,108,"last_first_exact",1
"70145","Mateo Pulcini","Mateo","Pulcini","Argentina",35013,"Pulcini, Mateo",NA,6,"last_first_exact",1
"35946","Willy Pumarol","Willy","Pumarol","Dominican Republic",15903,"Pumarol, Willy",NA,18,"last_first_exact",1
"21959","Ted Purdy","Ted","Purdy","United States",5906,"Purdy, Ted",NA,645,"last_first_exact",1
"01975","Tom Purtzer","Tom","Purtzer","United States",169,"Purtzer, Tom",NA,4,"last_first_exact",1
"34256","Andrew Putnam","Andrew","Putnam","United States",14704,"Putnam, Andrew",NA,821,"last_first_exact",1
"28486","Michael Putnam","Michael","Putnam","United States",10180,"Putnam, Michael",NA,388,"last_first_exact",1
"07749","Brett Quigley","Brett","Quigley","United States",5101,"Quigley, Brett",NA,554,"last_first_exact",1
"01978","Fran Quinn","Fran","Quinn","United States",3650,"Quinn, Fran",NA,59,"last_first_exact",1
"25190","Jeff Quinney","Jeff","Quinney","United States",7235,"Quinney, Jeff",NA,342,"last_first_exact",1
"27072","Alvaro Quiros","Alvaro","Quiros","Spain",7886,"Quiros, Alvaro",NA,119,"last_first_exact",1
"46970","Jon Rahm","Jon","Rahm","Spain",19195,"Rahm, Jon",NA,707,"last_first_exact",1
"46414","Aaron Rai","Aaron","Rai","England",18554,"Rai, Aaron",NA,449,"last_first_exact",1
"46488","Adam Rainaud","Adam","Rainaud","United States",18659,"Rainaud, Adam",NA,8,"last_first_exact",1
"47983","Chad Ramey","Chad","Ramey","United States",19840,"Ramey, Chad",NA,433,"last_first_exact",1
"29531","Richie Ramsay","Richie","Ramsay","Scotland",11396,"Ramsay, Richie",NA,62,"last_first_exact",1
"34358","Jonathan Randolph","Jonathan","Randolph","United States",14837,"Randolph, Jonathan",NA,216,"last_first_exact",1
"25847","Rob Rashell","Rob","Rashell","United States",8348,"Rashell, Rob",NA,51,"last_first_exact",1
"52287","David Ravetto","David","Ravetto","France",23416,"Ravetto, David",NA,12,"last_first_exact",1
"26476","Chez Reavie","Chez","Reavie","United States",7961,"Reavie, Chez",NA,1340,"last_first_exact",1
"53165","Doc Redman","Doc","Redman","United States",24481,"Redman, Doc",NA,389,"last_first_exact",1
"34360","Patrick Reed","Patrick","Reed","United States",14838,"Reed, Patrick",NA,1131,"last_first_exact",1
"47856","Seth Reeves","Seth","Reeves","United States",19643,"Reeves, Seth",NA,146,"last_first_exact",1
"29476","Kyle Reifers","Kyle","Reifers","United States",11329,"Reifers, Kyle",NA,457,"last_first_exact",1
"70696","Logan Reilly","Logan","Reilly","United States",35480,"Reilly, Logan",NA,2,"last_first_exact",1
"49855","Kristoffer Reitan","Kristoffer","Reitan","Norway",21407,"Reitan, Kristoffer",NA,76,"last_first_exact",1
"24389","Jean-Francois Remesy","Jean-Francois","Remesy","France",1760,"Remesy, Jean-Francois",NA,14,"last_first_exact",1
"31193","Jim Renner","Jim","Renner","United States",12475,"Renner, Jim",NA,178,"last_first_exact",1
"65229","Rocco Repetto Taylor","Rocco","Repetto Taylor","Spain",31235,"Repetto Taylor, Rocco",NA,2,"last_first_exact",1
"23497","Tag Ridings","Tag","Ridings","United States",6840,"Ridings, Tag",NA,527,"last_first_exact",1
"64693","Matthew Riedel","Matthew","Riedel","United States",30892,"Riedel, Matthew",NA,74,"last_first_exact",1
"02002","John Riegger","John","Riegger","United States",929,"Riegger, John",NA,138,"last_first_exact",1
"20127","Chris Riley","Chris","Riley","United States",6281,"Riley, Chris",NA,499,"last_first_exact",1
"47995","Davis Riley","Davis","Riley","United States",19872,"Riley, Davis",NA,458,"last_first_exact",1
"02007","Larry Rinker","Larry","Rinker","United States",175,"Rinker, Larry",NA,4,"last_first_exact",1
"02008","Lee Rinker","Lee","Rinker","United States",1065,"Rinker, Lee",NA,19,"last_first_exact",1
"45847","JC Ritchie","JC","Ritchie","South Africa",18174,"Ritchie, JC",NA,27,"last_first_exact",1
"35732","Wes Roach","Wes","Roach","United States",15720,"Roach, Wes",NA,265,"last_first_exact",1
"02010","Loren Roberts","Loren","Roberts","United States",176,"Roberts, Loren",NA,148,"last_first_exact",1
"65374","Brandon Robinson Thompson","Brandon","Robinson Thompson","England",24497,"Robinson Thompson, Brandon",NA,12,"last_first_exact",1
"25457","Alexandre Rocha","Alexandre","Rocha","Brazil",7441,"Rocha, Alexandre",NA,125,"last_first_exact",1
"26539","Robert Rock","Robert","Rock","England",7895,"Rock, Robert",NA,42,"last_first_exact",1
"36699","Patrick Rodgers","Patrick","Rodgers","United States",16283,"Rodgers, Patrick",NA,1051,"last_first_exact",1
"65956","Daniel Rodrigues","Daniel","Rodrigues","Portugal",27149,"Rodrigues, Daniel",NA,2,"last_first_exact",1
"20158","Anthony Rodriguez","Anthony","Rodriguez","United States",5648,"Rodriguez, Anthony",NA,2,"last_first_exact",1
"22913","John Rollins","John","Rollins","United States",6300,"Rollins, John",NA,937,"last_first_exact",1
"25562","Andres Romero","Andres","Romero","Argentina",7751,"Romero, Andres",NA,645,"last_first_exact",1
"02020","Eduardo Romero","Eduardo","Romero","Argentina",464,"Romero, Eduardo",NA,16,"last_first_exact",1
"22405","Justin Rose","Justin","Rose","England",6093,"Rose, Justin",NA,1427,"last_first_exact",1
"60882","Thomas Rosenmueller","Thomas","Rosenmueller","Germany",22736,"Rosenmueller, Thomas",NA,101,"last_first_exact",1
"39335","Kevin Roy","Kevin","Roy","United States",18424,"Roy, Kevin",NA,246,"last_first_exact",1
"46646","Antoine Rozner","Antoine","Rozner","France",18770,"Rozner, Antoine",NA,113,"last_first_exact",1
"37076","Marcelo Rozo","Marcelo","Rozo","Colombia",16591,"Rozo, Marcelo",NA,60,"last_first_exact",1
"39251","Ryan Ruffels","Ryan","Ruffels","Australia",17169,"Ruffels, Ryan",NA,53,"last_first_exact",1
"68670","Nevill Ruiter","Nevill","Ruiter","Netherlands",33707,"Ruiter, Nevill",NA,2,"last_first_exact",1
"23797","Brett Rumford","Brett","Rumford","Australia",6255,"Rumford, Brett",NA,94,"last_first_exact",1
"02033","Dave Rummells","Dave","Rummells","United States",180,"Rummells, Dave",NA,5,"last_first_exact",1
"51933","Casey Russell","Casey","Russell","United States",23133,"Russell, Casey",NA,6,"last_first_exact",1
"66290","Miles Russell","Miles","Russell","United States",32064,"Russell, Miles",NA,18,"last_first_exact",1
"02036","Jim Rutledge","Jim","Rutledge","Canada",666,"Rutledge, Jim",NA,57,"last_first_exact",1
"37275","Sam Ryder","Sam","Ryder","United States",16715,"Ryder, Sam",NA,747,"last_first_exact",1
"23621","Rory Sabbatini","Rory","Sabbatini","Slovakia",6283,"Sabbatini, Rory",NA,1442,"last_first_exact",1
"25692","Akio Sadakata","Akio","Sadakata","Japan",7416,"Sadakata, Akio",NA,4,"last_first_exact",1
"34371","Adrien Saddier","Adrien","Saddier","France",14792,"Saddier, Adrien",NA,64,"last_first_exact",1
"56781","Isaiah Salinda","Isaiah","Salinda","United States",27183,"Salinda, Isaiah",NA,142,"last_first_exact",1
"69319","Calen Sanderson","Calen","Sanderson","United States",35395,"Sanderson, Calen",NA,4,"last_first_exact",1
"33951","Julio Santos","Julio","Santos","Dominican Republic",14456,"Santos, Julio",NA,16,"last_first_exact",1
"32467","Garrett Sapp","Garrett","Sapp","United States",13196,"Sapp, Garrett",NA,4,"last_first_exact",1
"64442","Gordon Sargent","Gordon","Sargent","United States",30814,"Sargent, Gordon",NA,86,"last_first_exact",1
"33908","Taihei Sato","Taihei","Sato","Japan",14371,"Sato, Taihei",NA,2,"last_first_exact",1
"02049","Gene Sauers","Gene","Sauers","United States",185,"Sauers, Gene",NA,69,"last_first_exact",1
"29223","Sam Saunders","Sam","Saunders","United States",11048,"Saunders, Sam",NA,449,"last_first_exact",1
"55592","Joey Savoie","Joey","Savoie","Canada",25289,"Savoie, Joey",NA,8,"last_first_exact",1
"57737","Jayden Schaper","Jayden","Schaper","South Africa",26991,"Schaper, Jayden",NA,18,"last_first_exact",1
"48081","Xander Schauffele","Xander","Schauffele","United States",19895,"Schauffele, Xander",NA,799,"last_first_exact",1
"46046","Scottie Scheffler","Scottie","Scheffler","United States",18417,"Scheffler, Scottie",NA,626,"last_first_exact",1
"47347","Adam Schenk","Adam","Schenk","United States",19477,"Schenk, Adam",NA,801,"last_first_exact",1
"10649","Tom Scherrer","Tom","Scherrer","United States",5706,"Scherrer, Tom",NA,54,"last_first_exact",1
"48867","Matti Schmid","Matti","Schmid","Germany",20722,"Schmid, Matti",NA,319,"last_first_exact",1
"31242","Marcel Schneider","Marcel","Schneider","Germany",12522,"Schneider, Marcel",NA,26,"last_first_exact",1
"30786","Brady Schnell","Brady","Schnell","United States",12414,"Schnell, Brady",NA,67,"last_first_exact",1
"46501","Ollie Schniederjans","Ollie","Schniederjans","United States",18662,"Schniederjans, Ollie",NA,324,"last_first_exact",1
"69864","Jack Schoenberger","Jack","Schoenberger","United States",35474,"Schoenberger, Jack",NA,2,"last_first_exact",1
"58690","Freddy Schott","Freddy","Schott","Germany",27588,"Schott, Freddy",NA,10,"last_first_exact",1
"06136","Mike Schuchart","Mike","Schuchart","United States",2989,"Schuchart, Mike",NA,2,"last_first_exact",1
"21660","Jason Schultz","Jason","Schultz","United States",6705,"Schultz, Jason",NA,92,"last_first_exact",1
"02067","Ted Schulz","Ted","Schulz","United States",799,"Schulz, Ted",NA,4,"last_first_exact",1
"34610","Matthias Schwab","Matthias","Schwab","Austria",15016,"Schwab, Matthias",NA,233,"last_first_exact",1
"26331","Charl Schwartzel","Charl","Schwartzel","South Africa",7398,"Schwartzel, Charl",NA,983,"last_first_exact",1
"24502","Adam Scott","Adam","Scott","Australia",6430,"Scott, Adam",NA,1431,"last_first_exact",1
"39953","Chase Seiffert","Chase","Seiffert","United States",17509,"Seiffert, Chase",NA,212,"last_first_exact",1
"20645","John Senden","John","Senden","Australia",5207,"Senden, John",NA,1252,"last_first_exact",1
"34708","Jack Senior","Jack","Senior","England",15115,"Senior, Jack",NA,20,"last_first_exact",1
"02076","Peter Senior","Peter","Senior","Australia",520,"Senior, Peter",NA,20,"last_first_exact",1
"47687","Manav Shah","Manav","Shah","United States",21901,"Shah, Manav",NA,4,"last_first_exact",1
"39113","Shubhankar Sharma","Shubhankar","Sharma","India",17081,"Sharma, Shubhankar",NA,76,"last_first_exact",1
"63181","Braden Shattuck","Braden","Shattuck","United States",31027,"Shattuck, Braden",NA,20,"last_first_exact",1
"46441","Robby Shelton","Robby","Shelton","United States",18635,"Shelton, Robby",NA,412,"last_first_exact",1
"29078","Chan Shih-chang","Chan","Shih-chang","Chinese Taipei",9698,"Shih-chang, Chan",NA,8,"last_first_exact",1
"39328","Conrad Shindler","Conrad","Shindler","United States",17274,"Shindler, Conrad",NA,75,"last_first_exact",1
"63807","Neal Shipley","Neal","Shipley","United States",32055,"Shipley, Neal",NA,87,"last_first_exact",1
"51395","Trey Shirley","Trey","Shirley","United States",23506,"Shirley, Trey",NA,6,"last_first_exact",1
"07013","Wes Short, Jr.","Wes","Short, Jr.","United States",7444,"Short, Jr., Wes",NA,190,"last_first_exact",1
"68991","William Sides","William","Sides","United States",35308,"Sides, William",NA,2,"last_first_exact",1
"23481","Marcel Siem","Marcel","Siem","Germany",6950,"Siem, Marcel",NA,116,"last_first_exact",1
"63548","Chase Sienkiewicz","Chase","Sienkiewicz","United States",31216,"Sienkiewicz, Chase",NA,12,"last_first_exact",1
"51890","Greyson Sigg","Greyson","Sigg","United States",23482,"Sigg, Greyson",NA,402,"last_first_exact",1
"62811","Jeevan Sihota","Jeevan","Sihota","Canada",29702,"Sihota, Jeevan",NA,2,"last_first_exact",1
"37410","Hiram Silfa","Hiram","Silfa","Dominican Republic",16888,"Silfa, Hiram",NA,26,"last_first_exact",1
"39327","Ben Silverman","Ben","Silverman","Canada",17381,"Silverman, Ben",NA,375,"last_first_exact",1
"26882","Michael Sim","Michael","Sim","Australia",7681,"Sim, Michael",NA,163,"last_first_exact",1
"68021","Reinaldo Simoni","Reinaldo","Simoni","Puerto Rico",33277,"Simoni, Reinaldo",NA,4,"last_first_exact",1
"02099","Scott Simpson","Scott","Simpson","United States",189,"Simpson, Scott",NA,58,"last_first_exact",1
"29221","Webb Simpson","Webb","Simpson","United States",11049,"Simpson, Webb",NA,1310,"last_first_exact",1
"02101","Joey Sindelar","Joey","Sindelar","United States",191,"Sindelar, Joey",NA,271,"last_first_exact",1
"20686","Jeev Milkha Singh","Jeev Milkha","Singh","India",3831,"Singh, Jeev Milkha",NA,160,"last_first_exact",1
"06567","Vijay Singh","Vijay","Singh","Fiji",653,"Singh, Vijay",NA,1187,"last_first_exact",1
"06655","Geoffrey Sisk","Geoffrey","Sisk","United States",5251,"Sisk, Geoffrey",NA,14,"last_first_exact",1
"06132","Sonny Skinner","Sonny","Skinner","United States",4549,"Skinner, Sonny",NA,10,"last_first_exact",1
"27139","David Skinns","David","Skinns","England",10873,"Skinns, David",NA,280,"last_first_exact",1
"25321","Lee Slattery","Lee","Slattery","England",6866,"Slattery, Lee",NA,20,"last_first_exact",1
"33486","Roger Sloan","Roger","Sloan","Canada",14050,"Sloan, Roger",NA,455,"last_first_exact",1
"22293","Heath Slocum","Heath","Slocum","United States",7170,"Slocum, Heath",NA,909,"last_first_exact",1
"02104","Jeff Sluman","Jeff","Sluman","United States",192,"Sluman, Jeff",NA,289,"last_first_exact",1
"07707","Mike Small","Mike","Small","United States",4820,"Small, Mike",NA,66,"last_first_exact",1
"46340","Alex Smalley","Alex","Smalley","United States",18474,"Smalley, Alex",NA,467,"last_first_exact",1
"35891","Cameron Smith","Cameron","Smith","Australia",15856,"Smith, Cameron",NA,770,"last_first_exact",1
"02106","Chris Smith","Chris","Smith","United States",2079,"Smith, Chris",NA,285,"last_first_exact",1
"02110","Jerry Smith","Jerry","Smith","United States",908,"Smith, Jerry",NA,95,"last_first_exact",1
"46464","Jordan Smith","Jordan","Smith","England",18586,"Smith, Jordan",NA,96,"last_first_exact",1
"33911","Nate Smith","Nate","Smith","United States",8821,"Smith, Nate",NA,62,"last_first_exact",1
"50095","Austin Smotherman","Austin","Smotherman","United States",22985,"Smotherman, Austin",NA,301,"last_first_exact",1
"54185","Elvis Smylie","Elvis","Smylie","Australia",24200,"Smylie, Elvis",NA,52,"last_first_exact",1
"47078","Travis Smyth","Travis","Smyth","Australia",19232,"Smyth, Travis",NA,13,"last_first_exact",1
"27649","Brandt Snedeker","Brandt","Snedeker","United States",8820,"Snedeker, Brandt",NA,1531,"last_first_exact",1
"48138","Brent Snyder","Brent","Snyder","United States",20461,"Snyder, Brent",NA,4,"last_first_exact",1
"21951","Joey Snyder III","Joey","Snyder III","United States",5947,"Snyder III, Joey",NA,121,"last_first_exact",1
"46405","Sebastian Soderberg","Sebastian","Soderberg","Sweden",18517,"Soderberg, Sebastian",NA,42,"last_first_exact",1
"02123","Mick Soli","Mick","Soli","United States",10967,"Soli, Mick",NA,3,"last_first_exact",1
"60879","Jake Sollon","Jake","Sollon","United States",30528,"Sollon, Jake",NA,6,"last_first_exact",1
"36521","Young-han Song","Young-han","Song","Republic of Korea",16160,"Song, Young-han",NA,30,"last_first_exact",1
"35174","Matthew Southgate","Matthew","Southgate","England",15191,"Southgate, Matthew",NA,38,"last_first_exact",1
"12309","Bob Sowards","Bob","Sowards","United States",8084,"Sowards, Bob",NA,69,"last_first_exact",1
"39324","J.J. Spaun","J.J.","Spaun","United States",17536,"Spaun, J.J.",NA,840,"last_first_exact",1
"34046","Jordan Spieth","Jordan","Spieth","United States",14636,"Spieth, Jordan",NA,1147,"last_first_exact",1
"11011","Mike Sposa","Mike","Sposa","United States",5176,"Sposa, Mike",NA,41,"last_first_exact",1
"50484","Hayden Springer","Hayden","Springer","United States",21995,"Springer, Hayden",NA,205,"last_first_exact",1
"02131","Mike Springer","Mike","Springer","United States",638,"Springer, Mike",NA,35,"last_first_exact",1
"02133","Craig Stadler","Craig","Stadler","United States",199,"Stadler, Craig",NA,75,"last_first_exact",1
"26679","Kevin Stadler","Kevin","Stadler","United States",7602,"Stadler, Kevin",NA,803,"last_first_exact",1
"32493","Gary Stal","Gary","Stal","France",13262,"Stal, Gary",NA,10,"last_first_exact",1
"30692","Scott Stallings","Scott","Stallings","United States",12359,"Stallings, Scott",NA,1027,"last_first_exact",1
"02135","Mike Standly","Mike","Standly","United States",3529,"Standly, Mike",NA,17,"last_first_exact",1
"51600","Jimmy Stanger","Jimmy","Stanger","United States",23048,"Stanger, Jimmy",NA,93,"last_first_exact",1
"08375","Paul Stankowski","Paul","Stankowski","United States",4051,"Stankowski, Paul",NA,324,"last_first_exact",1
"30110","Kyle Stanley","Kyle","Stanley","United States",12069,"Stanley, Kyle",NA,1001,"last_first_exact",1
"25679","B.J. Staten","B.J.","Staten","United States",7642,"Staten, B.J.",NA,41,"last_first_exact",1
"29518","Brendan Steele","Brendan","Steele","United States",11019,"Steele, Brendan",NA,1107,"last_first_exact",1
"33418","Shawn Stefani","Shawn","Stefani","United States",14012,"Stefani, Shawn",NA,587,"last_first_exact",1
"29485","Brett Stegmaier","Brett","Stegmaier","United States",11354,"Stegmaier, Brett",NA,240,"last_first_exact",1
"50236","Maximilian Steinlechner","Maximilian","Steinlechner","Austria",21677,"Steinlechner, Maximilian",NA,4,"last_first_exact",1
"21528","Henrik Stenson","Henrik","Stenson","Sweden",5994,"Stenson, Henrik",NA,918,"last_first_exact",1
"08845","Scott Sterling","Scott","Sterling","United States",5945,"Sterling, Scott",NA,106,"last_first_exact",1
"24459","Richard Sterne","Richard","Sterne","South Africa",7049,"Sterne, Richard",NA,179,"last_first_exact",1
"55893","Sam Stevens","Sam","Stevens","United States",25569,"Stevens, Sam",NA,400,"last_first_exact",1
"22295","Darron Stiles","Darron","Stiles","United States",6401,"Stiles, Darron",NA,249,"last_first_exact",1
"07101","Dave Stockton, Jr.","Dave","Stockton, Jr.","United States",4946,"Stockton, Jr., Dave",NA,3,"last_first_exact",1
"20580","Andre Stolz","Andre","Stolz","Australia",5237,"Stolz, Andre",NA,73,"last_first_exact",1
"35225","Brandon Stone","Brandon","Stone","South Africa",15229,"Stone, Brandon",NA,67,"last_first_exact",1
"23969","Graeme Storm","Graeme","Storm","England",3323,"Storm, Graeme",NA,38,"last_first_exact",1
"66416","Preston Stout","Preston","Stout","United States",32089,"Stout, Preston",NA,14,"last_first_exact",1
"49960","Sepp Straka","Sepp","Straka","Austria",17511,"Straka, Sepp",NA,673,"last_first_exact",1
"02159","Curtis Strange","Curtis","Strange","United States",201,"Strange, Curtis",NA,5,"last_first_exact",1
"34431","Robert Streb","Robert","Streb","United States",14852,"Streb, Robert",NA,929,"last_first_exact",1
"27214","Kevin Streelman","Kevin","Streelman","United States",8480,"Streelman, Kevin",NA,1517,"last_first_exact",1
"06527","Steve Stricker","Steve","Stricker","United States",4818,"Stricker, Steve",NA,928,"last_first_exact",1
"27963","Chris Stroud","Chris","Stroud","United States",9604,"Stroud, Chris",NA,1103,"last_first_exact",1
"33023","Ockie Strydom","Ockie","Strydom","South Africa",13731,"Strydom, Ockie",NA,12,"last_first_exact",1
"31560","Brian Stuard","Brian","Stuard","United States",13022,"Stuard, Brian",NA,1034,"last_first_exact",1
"33545","Grant Sturgeon","Grant","Sturgeon","United States",14126,"Sturgeon, Grant",NA,6,"last_first_exact",1
"60019","Jackson Suber","Jackson","Suber","United States",29279,"Suber, Jackson",NA,149,"last_first_exact",1
"33449","Zack Sucher","Zack","Sucher","United States",14036,"Sucher, Zack",NA,183,"last_first_exact",1
"54218","Yuta Sugiura","Yuta","Sugiura","Japan",24223,"Sugiura, Yuta",NA,13,"last_first_exact",1
"50493","Justin Suh","Justin","Suh","United States",22050,"Suh, Justin",NA,278,"last_first_exact",1
"35314","Andy Sullivan","Andy","Sullivan","England",15326,"Sullivan, Andy",NA,124,"last_first_exact",1
"02166","Chip Sullivan","Chip","Sullivan","United States",2850,"Sullivan, Chip",NA,20,"last_first_exact",1
"20429","Boyd Summerhays","Boyd","Summerhays","United States",7609,"Summerhays, Boyd",NA,28,"last_first_exact",1
"25834","Daniel Summerhays","Daniel","Summerhays","United States",12424,"Summerhays, Daniel",NA,666,"last_first_exact",1
"64054","Caleb Surratt","Caleb","Surratt","United States",30463,"Surratt, Caleb",NA,131,"last_first_exact",1
"06581","David Sutherland","David","Sutherland","United States",3489,"Sutherland, David",NA,25,"last_first_exact",1
"06595","Kevin Sutherland","Kevin","Sutherland","United States",4996,"Sutherland, Kevin",NA,635,"last_first_exact",1
"02170","Hal Sutton","Hal","Sutton","United States",205,"Sutton, Hal",NA,59,"last_first_exact",1
"40115","Adam Svensson","Adam","Svensson","Canada",13997,"Svensson, Adam",NA,558,"last_first_exact",1
"57586","Jesper Svensson","Jesper","Svensson","Sweden",26850,"Svensson, Jesper",NA,140,"last_first_exact",1
"29425","Andrew Svoboda","Andrew","Svoboda","United States",11274,"Svoboda, Andrew",NA,216,"last_first_exact",1
"34264","Hudson Swafford","Hudson","Swafford","United States",14706,"Swafford, Hudson",NA,716,"last_first_exact",1
"50584","Connor Syme","Connor","Syme","Scotland",22089,"Syme, Connor",NA,26,"last_first_exact",1
"23307","Roger Tambellini","Roger","Tambellini","United States",6698,"Tambellini, Roger",NA,154,"last_first_exact",1
"20548","Hidemichi Tanaka","Hidemichi","Tanaka","Japan",5655,"Tanaka, Hidemichi",NA,175,"last_first_exact",1
"20935","Toru Taniguchi","Toru","Taniguchi","Japan",3750,"Taniguchi, Toru",NA,76,"last_first_exact",1
"21498","Hideto Tanihara","Hideto","Tanihara","Japan",7046,"Tanihara, Hideto",NA,132,"last_first_exact",1
"48699","Callum Tarren","Callum","Tarren","England",20519,"Tarren, Callum",NA,260,"last_first_exact",1
"12663","Phil Tataurangi","Phil","Tataurangi","New Zealand",4860,"Tataurangi, Phil",NA,82,"last_first_exact",1
"48119","Ben Taylor","Ben","Taylor","England",19948,"Taylor, Ben",NA,285,"last_first_exact",1
"25493","Nick Taylor","Nick","Taylor","Canada",13126,"Taylor, Nick",NA,1052,"last_first_exact",1
"23325","Vaughn Taylor","Vaughn","Taylor","United States",6930,"Taylor, Vaughn",NA,1295,"last_first_exact",1
"27330","Josh Teater","Josh","Teater","United States",8085,"Teater, Josh",NA,725,"last_first_exact",1
"02185","Lance Ten Broeck","Lance","Ten Broeck","United States",206,"Ten Broeck, Lance",NA,3,"last_first_exact",1
"02190","Doug Tewell","Doug","Tewell","United States",208,"Tewell, Doug",NA,4,"last_first_exact",1
"26287","Roland Thatcher","Roland","Thatcher","United States",7445,"Thatcher, Roland",NA,321,"last_first_exact",1
"51634","Sahith Theegala","Sahith","Theegala","United States",23014,"Theegala, Sahith",NA,523,"last_first_exact",1
"02191","Tim Thelen","Tim","Thelen","United States",4229,"Thelen, Tim",NA,24,"last_first_exact",1
"33448","Justin Thomas","Justin","Thomas","United States",14139,"Thomas, Justin",NA,1001,"last_first_exact",1
"10387","Chris Thompson","Chris","Thompson","United States",11983,"Thompson, Chris",NA,54,"last_first_exact",1
"10381","Curtis Thompson","Curtis","Thompson","United States",19395,"Thompson, Curtis",NA,84,"last_first_exact",1
"58168","Davis Thompson","Davis","Thompson","United States",27364,"Thompson, Davis",NA,379,"last_first_exact",1
"22582","Kyle Thompson","Kyle","Thompson","United States",7617,"Thompson, Kyle",NA,157,"last_first_exact",1
"32150","Michael Thompson","Michael","Thompson","United States",12946,"Thompson, Michael",NA,908,"last_first_exact",1
"28780","Nicholas Thompson","Nicholas","Thompson","United States",10889,"Thompson, Nicholas",NA,594,"last_first_exact",1
"02196","Robert Thompson","Robert","Thompson","United States",639,"Thompson, Robert",NA,2,"last_first_exact",1
"57364","Michael Thorbjornsen","Michael","Thorbjornsen","United States",26649,"Thorbjornsen, Michael",NA,207,"last_first_exact",1
"52144","Braden Thornberry","Braden","Thornberry","United States",23502,"Thornberry, Braden",NA,106,"last_first_exact",1
"57365","Spencer Tibbits","Spencer","Tibbits","United States",26650,"Tibbits, Spencer",NA,6,"last_first_exact",1
"12714","Chris Tidland","Chris","Tidland","United States",5687,"Tidland, Chris",NA,126,"last_first_exact",1
"12454","Mario Tiziani","Mario","Tiziani","United States",6067,"Tiziani, Mario",NA,40,"last_first_exact",1
"30927","Brendon Todd","Brendon","Todd","United States",12425,"Todd, Brendon",NA,959,"last_first_exact",1
"37249","Ryuko Tokimatsu","Ryuko","Tokimatsu","Japan",16648,"Tokimatsu, Ryuko",NA,10,"last_first_exact",1
"06078","Esteban Toledo","Esteban","Toledo","Mexico",710,"Toledo, Esteban",NA,103,"last_first_exact",1
"06613","Tommy Tolles","Tommy","Tolles","United States",2420,"Tolles, Tommy",NA,40,"last_first_exact",1
"28118","Peter Tomasulo","Peter","Tomasulo","United States",9910,"Tomasulo, Peter",NA,126,"last_first_exact",1
"02206","David Toms","David","Toms","United States",4340,"Toms, David",NA,847,"last_first_exact",1
"38991","Alejandro Tosti","Alejandro","Tosti","Argentina",17032,"Tosti, Alejandro",NA,203,"last_first_exact",1
"59198","Hugo Townsend","Hugo","Townsend","Sweden",31165,"Townsend, Hugo",NA,4,"last_first_exact",1
"47287","Ethan Tracy","Ethan","Tracy","United States",19552,"Tracy, Ethan",NA,78,"last_first_exact",1
"23788","D.J. Trahan","D.J.","Trahan","United States",7236,"Trahan, D.J.",NA,961,"last_first_exact",1
"35617","Martin Trainer","Martin","Trainer","France",15634,"Trainer, Martin",NA,392,"last_first_exact",1
"33419","Cameron Tringale","Cameron","Tringale","United States",14013,"Tringale, Cameron",NA,1211,"last_first_exact",1
"02214","Kirk Triplett","Kirk","Triplett","United States",631,"Triplett, Kirk",NA,339,"last_first_exact",1
"02215","Paul Trittler","Paul","Trittler","United States",886,"Trittler, Paul",NA,8,"last_first_exact",1
"45733","Austen Truslow","Austen","Truslow","United States",18239,"Truslow, Austen",NA,24,"last_first_exact",1
"02218","Ted Tryba","Ted","Tryba","United States",3020,"Tryba, Ted",NA,21,"last_first_exact",1
"25450","Ty Tryon","Ty","Tryon","United States",7166,"Tryon, Ty",NA,6,"last_first_exact",1
"32617","Jerod Turner","Jerod","Turner","United States",13343,"Turner, Jerod",NA,60,"last_first_exact",1
"26668","Marc Turnesa","Marc","Turnesa","United States",7627,"Turnesa, Marc",NA,270,"last_first_exact",1
"02223","Bob Tway","Bob","Tway","United States",215,"Tway, Bob",NA,339,"last_first_exact",1
"32333","Kevin Tway","Kevin","Tway","United States",13127,"Tway, Kevin",NA,740,"last_first_exact",1
"29484","Peter Uihlein","Peter","Uihlein","United States",11357,"Uihlein, Peter",NA,550,"last_first_exact",1
"02229","Brett Upper","Brett","Upper","United States",218,"Upper, Brett",NA,2,"last_first_exact",1
"08385","Omar Uresti","Omar","Uresti","United States",5183,"Uresti, Omar",NA,405,"last_first_exact",1
"02230","Stan Utley","Stan","Utley","United States",907,"Utley, Stan",NA,26,"last_first_exact",1
"59827","Tom Vaillant","Tom","Vaillant","France",28157,"Vaillant, Tom",NA,18,"last_first_exact",1
"52666","Sami Valimaki","Sami","Valimaki","Finland",23816,"Valimaki, Sami",NA,217,"last_first_exact",1
"28132","Tyrone Van Aswegen","Tyrone","Van Aswegen","South Africa",9913,"Van Aswegen, Tyrone",NA,462,"last_first_exact",1
"06431","Jean Van de Velde","Jean","Van de Velde","France",3726,"Van de Velde, Jean",NA,6,"last_first_exact",1
"28114","Dawie van der Walt","Dawie","van der Walt","South Africa",9883,"van der Walt, Dawie",NA,154,"last_first_exact",1
"20812","Tjaart van der Walt","Tjaart","van der Walt","South Africa",5937,"van der Walt, Tjaart",NA,98,"last_first_exact",1
"32659","Darius Van Driel","Darius","Van Driel","Netherlands",13374,"Van Driel, Darius",NA,12,"last_first_exact",1
"50706","Ashton Van Horne","Ashton","Van Horne","United States",22207,"Van Horne, Ashton",NA,5,"last_first_exact",1
"57864","Jackson Van Paris","Jackson","Van Paris","United States",31955,"Van Paris, Jackson",NA,12,"last_first_exact",1
"23623","Bo Van Pelt","Bo","Van Pelt","United States",6457,"Van Pelt, Bo",NA,1213,"last_first_exact",1
"24457","Jaco Van Zyl","Jaco","Van Zyl","South Africa",7105,"Van Zyl, Jaco",NA,51,"last_first_exact",1
"55573","John VanDerLaan","John","VanDerLaan","United States",25319,"VanDerLaan, John",NA,67,"last_first_exact",1
"37189","Harold Varner III","Harold","Varner III","United States",16602,"Varner III, Harold",NA,781,"last_first_exact",1
"08563","Bruce Vaughan","Bruce","Vaughan","United States",875,"Vaughan, Bruce",NA,4,"last_first_exact",1
"12755","Vance Veazey","Vance","Veazey","United States",6137,"Veazey, Vance",NA,125,"last_first_exact",1
"48640","Johannes Veerman","Johannes","Veerman","United States",20522,"Veerman, Johannes",NA,34,"last_first_exact",1
"27064","Jhonattan Vegas","Jhonattan","Vegas","Venezuela",13508,"Vegas, Jhonattan",NA,1119,"last_first_exact",1
"58619","Kevin Velo","Kevin","Velo","United States",27762,"Velo, Kevin",NA,75,"last_first_exact",1
"48137","Daniel Venezio","Daniel","Venezio","United States",20462,"Venezio, Daniel",NA,2,"last_first_exact",1
"35658","Kristoffer Ventura","Kristoffer","Ventura","Norway",15651,"Ventura, Kristoffer",NA,112,"last_first_exact",1
"24964","Ryan Vermeer","Ryan","Vermeer","United States",7326,"Vermeer, Ryan",NA,30,"last_first_exact",1
"02239","Scott Verplank","Scott","Verplank","United States",220,"Verplank, Scott",NA,647,"last_first_exact",1
"63162","Quim Vidal","Quim","Vidal","Spain",29712,"Vidal, Quim",NA,2,"last_first_exact",1
"54304","Karl Vilips","Karl","Vilips","Australia",24304,"Vilips, Karl",NA,118,"last_first_exact",1
"27770","Camilo Villegas","Camilo","Villegas","Colombia",9171,"Villegas, Camilo",NA,1360,"last_first_exact",1
"34126","Scott Vincent","Scott","Vincent","Zimbabwe",14559,"Vincent, Scott",NA,166,"last_first_exact",1
"50743","Nicolai Von Dellingshausen","Nicolai","Von Dellingshausen","Germany",22231,"Von Dellingshausen, Nicolai",NA,20,"last_first_exact",1
"68994","Ryan Voois","Ryan","Voois","United States",35545,"Voois, Ryan",NA,4,"last_first_exact",1
"02241","Bobby Wadkins","Bobby","Wadkins","United States",222,"Wadkins, Bobby",NA,2,"last_first_exact",1
"02242","Lanny Wadkins","Lanny","Wadkins","United States",223,"Wadkins, Lanny",NA,4,"last_first_exact",1
"26951","Johnson Wagner","Johnson","Wagner","United States",7927,"Wagner, Johnson",NA,1009,"last_first_exact",1
"02245","Grant Waite","Grant","Waite","New Zealand",650,"Waite, Grant",NA,121,"last_first_exact",1
"02246","Duffy Waldorf","Duffy","Waldorf","United States",224,"Waldorf, Duffy",NA,327,"last_first_exact",1
"54607","Danny Walker","Danny","Walker","United States",25003,"Walker, Danny",NA,136,"last_first_exact",1
"57940","Euan Walker","Euan","Walker","Scotland",27147,"Walker, Euan",NA,4,"last_first_exact",1
"25632","Jimmy Walker","Jimmy","Walker","United States",7293,"Walker, Jimmy",NA,1272,"last_first_exact",1
"48887","Matt Wallace","Matt","Wallace","England",20706,"Wallace, Matt",NA,493,"last_first_exact",1
"31113","Paul Waring","Paul","Waring","England",12426,"Waring, Paul",NA,72,"last_first_exact",1
"23349","Charles Warren","Charles","Warren","United States",6278,"Warren, Charles",NA,395,"last_first_exact",1
"25841","Marc Warren","Marc","Warren","Scotland",7567,"Warren, Marc",NA,58,"last_first_exact",1
"28135","Aaron Watkins","Aaron","Watkins","United States",9932,"Watkins, Aaron",NA,77,"last_first_exact",1
"27095","Nick Watney","Nick","Watney","United States",7955,"Watney, Nick",NA,1463,"last_first_exact",1
"25804","Bubba Watson","Bubba","Watson","United States",7334,"Watson, Bubba",NA,1330,"last_first_exact",1
"02255","Denis Watson","Denis","Watson","Zimbabwe",454,"Watson, Denis",NA,2,"last_first_exact",1
"02256","Tom Watson","Tom","Watson","United States",226,"Watson, Tom",NA,96,"last_first_exact",1
"02257","Brian Watts","Brian","Watts","United States",922,"Watts, Brian",NA,20,"last_first_exact",1
"26289","Boo Weekley","Boo","Weekley","United States",7403,"Weekley, Boo",NA,896,"last_first_exact",1
"26498","Matt Weibring","Matt","Weibring","United States",7928,"Weibring, Matt",NA,97,"last_first_exact",1
"10423","Mike Weir","Mike","Weir","Canada",5513,"Weir, Mike",NA,824,"last_first_exact",1
"02268","Tom Weiskopf","Tom","Weiskopf","United States",228,"Weiskopf, Tom",NA,2,"last_first_exact",1
"58967","Trevor Werbylo","Trevor","Werbylo","United States",28558,"Werbylo, Trevor",NA,101,"last_first_exact",1
"47128","Richy Werenski","Richy","Werenski","United States",19364,"Werenski, Richy",NA,611,"last_first_exact",1
"52411","Kyle Westmoreland","Kyle","Westmoreland","United States",23599,"Westmoreland, Kyle",NA,119,"last_first_exact",1
"20396","Lee Westwood","Lee","Westwood","England",4052,"Westwood, Lee",NA,859,"last_first_exact",1
"23322","Brett Wetterich","Brett","Wetterich","United States",1800,"Wetterich, Brett",NA,323,"last_first_exact",1
"51894","Vince Whaley","Vince","Whaley","United States",25908,"Whaley, Vince",NA,356,"last_first_exact",1
"25892","Steve Wheatcroft","Steve","Wheatcroft","United States",10292,"Wheatcroft, Steve",NA,429,"last_first_exact",1
"48319","Tom Whitney","Tom","Whitney","United States",20353,"Whitney, Tom",NA,85,"last_first_exact",1
"19913","Ron Whittaker","Ron","Whittaker","United States",3465,"Whittaker, Ron",NA,87,"last_first_exact",1
"20160","Charlie Wi","Charlie","Wi","Republic of Korea",5905,"Wi, Charlie",NA,718,"last_first_exact",1
"50474","Tim Widing","Tim","Widing","Sweden",21875,"Widing, Tim",NA,66,"last_first_exact",1
"02279","Mark Wiebe","Mark","Wiebe","United States",229,"Wiebe, Mark",NA,7,"last_first_exact",1
"63475","Tim Wiedemeyer","Tim","Wiedemeyer","Germany",29973,"Wiedemeyer, Tim",NA,2,"last_first_exact",1
"29454","Bernd Wiesberger","Bernd","Wiesberger","Austria",9531,"Wiesberger, Bernd",NA,274,"last_first_exact",1
"34265","Will Wilcox","Will","Wilcox","United States",14696,"Wilcox, Will",NA,163,"last_first_exact",1
"33445","Patrick Wilkes-Krier","Patrick","Wilkes-Krier","United States",14001,"Wilkes-Krier, Patrick",NA,2,"last_first_exact",1
"25349","Tim Wilkinson","Tim","Wilkinson","New Zealand",7097,"Wilkinson, Tim",NA,537,"last_first_exact",1
"32139","Danny Willett","Danny","Willett","England",12920,"Willett, Danny",NA,492,"last_first_exact",1
"28310","Lee Williams","Lee","Williams","United States",10186,"Williams, Lee",NA,99,"last_first_exact",1
"66745","Wells Williams","Wells","Williams","United States",32328,"Williams, Wells",NA,4,"last_first_exact",1
"10425","Jay Williamson","Jay","Williamson","United States",5260,"Williamson, Jay",NA,376,"last_first_exact",1
"20436","Garrett Willis","Garrett","Willis","United States",6260,"Willis, Garrett",NA,292,"last_first_exact",1
"55940","Andrew Wilson","Andrew","Wilson","England",25588,"Wilson, Andrew",NA,17,"last_first_exact",1
"08057","Brian Wilson","Brian","Wilson","United States",1523,"Wilson, Brian",NA,2,"last_first_exact",1
"26392","Chris Wilson","Chris","Wilson","United States",7432,"Wilson, Chris",NA,70,"last_first_exact",1
"12602","Dean Wilson","Dean","Wilson","United States",4414,"Wilson, Dean",NA,569,"last_first_exact",1
"21878","Mark Wilson","Mark","Wilson","United States",4107,"Wilson, Mark",NA,969,"last_first_exact",1
"27506","Oliver Wilson","Oliver","Wilson","England",8300,"Wilson, Oliver",NA,96,"last_first_exact",1
"22110","Thaworn Wiratchant","Thaworn","Wiratchant","Thailand",3602,"Wiratchant, Thaworn",NA,18,"last_first_exact",1
"49964","Aaron Wise","Aaron","Wise","United States",22051,"Wise, Aaron",NA,485,"last_first_exact",1
"55417","Timothy Wiseman","Timothy","Wiseman","United States",25085,"Wiseman, Timothy",NA,6,"last_first_exact",1
"26497","Casey Wittenberg","Casey","Wittenberg","United States",8819,"Wittenberg, Casey",NA,192,"last_first_exact",1
"45540","Jared Wolfe","Jared","Wolfe","United States",18164,"Wolfe, Jared",NA,61,"last_first_exact",1
"56278","Matthew Wolff","Matthew","Wolff","United States",25919,"Wolff, Matthew",NA,369,"last_first_exact",1
"22000","Chris Wood","Chris","Wood","England",12451,"Wood, Chris",NA,114,"last_first_exact",1
"70244","Grayson Wood","Grayson","Wood","United States",35196,"Wood, Grayson",NA,4,"last_first_exact",1
"02294","Willie Wood","Willie","Wood","United States",230,"Wood, Willie",NA,68,"last_first_exact",1
"31323","Gary Woodland","Gary","Woodland","United States",12577,"Woodland, Gary",NA,1344,"last_first_exact",1
"08793","Tiger Woods","Tiger","Woods","United States",5321,"Woods, Tiger",NA,792,"last_first_exact",1
"02300","Ian Woosnam","Ian","Woosnam","Wales",334,"Woosnam, Ian",NA,38,"last_first_exact",1
"37340","Chase Wright","Chase","Wright","United States",16807,"Wright, Chase",NA,77,"last_first_exact",1
"33870","Ashun Wu","Ashun","Wu","People’s Rep of China",11763,"Wu, Ashun",NA,46,"last_first_exact",1
"52374","Brandon Wu","Brandon","Wu","United States",25213,"Wu, Brandon",NA,328,"last_first_exact",1
"54783","Dylan Wu","Dylan","Wu","United States",25002,"Wu, Dylan",NA,370,"last_first_exact",1
"46507","Bobby Wyatt","Bobby","Wyatt","United States",18660,"Wyatt, Bobby",NA,78,"last_first_exact",1
"60222","Austin Wylie","Austin","Wylie","United States",31909,"Wylie, Austin",NA,4,"last_first_exact",1
"54328","Norman Xiong","Norman","Xiong","United States",24354,"Xiong, Norman",NA,100,"last_first_exact",1
"26489","Cameron Yancey","Cameron","Yancey","United States",7460,"Yancey, Cameron",NA,2,"last_first_exact",1
"70939","Jiho Yang","Jiho","Yang","Republic of Korea",14419,"Yang, Jiho",NA,2,"last_first_exact",1
"24663","Y.E. Yang","Y.E.","Yang","Republic of Korea",6629,"Yang, Y.E.",NA,567,"last_first_exact",1
"60386","Sudarshan Yellamaraju","Sudarshan","Yellamaraju","Canada",29925,"Yellamaraju, Sudarshan",NA,81,"last_first_exact",1
"20566","Kaname Yokoo","Kaname","Yokoo","Japan",5680,"Yokoo, Kaname",NA,18,"last_first_exact",1
"56100","Ren Yonezawa","Ren","Yonezawa","Japan",25739,"Yonezawa, Ren",NA,14,"last_first_exact",1
"57366","Cameron Young","Cameron","Young","United States",26651,"Young, Cameron",NA,418,"last_first_exact",1
"52513","Carson Young","Carson","Young","United States",23656,"Young, Carson",NA,315,"last_first_exact",1
"48061","Daniel Young","Daniel","Young","Scotland",19908,"Young, Daniel",NA,4,"last_first_exact",1
"22746","Steven Young","Steven","Young","Scotland",6068,"Young, Steven",NA,2,"last_first_exact",1
"45242","Kevin Yu","Kevin","Yu","Chinese Taipei",17881,"Yu, Kevin",NA,316,"last_first_exact",1
"55454","Carl Yuan","Carl","Yuan","People’s Rep of China",17266,"Yuan, Carl",NA,189,"last_first_exact",1
"47483","Will Zalatoris","Will","Zalatoris","United States",19428,"Zalatoris, Will",NA,329,"last_first_exact",1
"29939","Fabrizio Zanotti","Fabrizio","Zanotti","Paraguay",9842,"Zanotti, Fabrizio",NA,81,"last_first_exact",1
"32254","Xinjun Zhang","Xinjun","Zhang","People’s Rep of China",13026,"Zhang, Xinjun",NA,234,"last_first_exact",1
"70674","Eric Zhao","Eric","Zhao","Canada",35463,"Zhao, Eric",NA,2,"last_first_exact",1
"61431","Yanhan Zhou","Yanhan","Zhou","People’s Rep of China",29119,"Zhou, Yanhan",NA,2,"last_first_exact",1
"02321","Fuzzy Zoeller","Fuzzy","Zoeller","United States",233,"Zoeller, Fuzzy",NA,14,"last_first_exact",1
"02322","Richard Zokol","Richard","Zokol","Canada",234,"Zokol, Richard",NA,4,"last_first_exact",1
"66202","Jack Buchanan","Jack","Buchanan","South Africa",27379,"Buchanan, Jack",NA,4,"name_key_fallback_max_rounds",0.5
"50497","Adrien Dumont de Chassart","Adrien","Dumont de Chassart","Belgium",22002,"Dumont de Chassart, Adrien",NA,147,"name_key_fallback_max_rounds",0.5
"23157","Richard Johnson","Richard","Johnson","Wales",6415,"Johnson, Richard",NA,67,"name_key_fallback_max_rounds",0.5
"26420","Richard Johnson","Richard","Johnson","Sweden",1805,"Johnson, Richard",NA,4,"name_key",0.85
"52585","Frederic LaCroix","Frederic","LaCroix","France",23733,"LaCroix, Frederic",NA,6,"name_key_fallback_max_rounds",0.5
"67358","Greyson Leach","Greyson","Leach","United States",10067358,"Leach, Greyson",NA,4,"name_key_fallback_max_rounds",0.5
"35139","Richard Lee","Richard","Lee","United States",12413,"Lee, Richard",NA,49,"name_key_fallback_max_rounds",0.5
"35296","Haotong Li","Haotong","Li","People’s Rep of China",15310,"Li, Haotong",NA,118,"name_key_fallback_max_rounds",0.5
"52215","Robert MacIntyre","Robert","MacIntyre","Scotland",23323,"MacIntyre, Robert",NA,307,"name_key_fallback_max_rounds",0.5
"50823","Tom McKibbin","Tom","McKibbin","Northern Ireland",22322,"McKibbin, Tom",NA,88,"name_key_fallback_max_rounds",0.5
"22548","Patrick Sheehan","Patrick","Sheehan","United States",7242,"Sheehan, Patrick",NA,421,"name_key_fallback_max_rounds",0.5
"40006","Erik van Rooyen","Erik","van Rooyen","South Africa",17550,"van Rooyen, Erik",NA,449,"name_key_fallback_max_rounds",0.5
"35181","Daniel van Tonder","Daniel","van Tonder","South Africa",15193,"van Tonder, Daniel",NA,14,"name_key_fallback_max_rounds",0.5
"58132","Kieron van Wyk","Kieron","van Wyk","South Africa",27300,"Van Wyk, Kieron",NA,6,"name_key_fallback_max_rounds",0.5
"69503","Tyler Wilkes","Tyler","Wilkes","United States",10069503,"Wilkes, Tyler",NA,4,"name_key_fallback_max_rounds",0.5
