captured_at,book_odds_refreshed_at,projections_updated_at,event_name,course_used,display_round,dg_id,player_name,market,dk_line,over_odds,under_odds,model_total_score,model_birdies,model_pars,model_bogeys,model_gir,model_fairways,model_putts
2026-05-15T03:18:40Z,2026-05-15T03:18:23Z,2026-05-15T03:18:23Z,PGA Championship,Aronimink Golf Club,2,17606,"Berger, Daniel",Birdies,2.5,-160,112,69.5,3.73,11.2,2.61,12.47,8.71,28.19
2026-05-15T03:18:40Z,2026-05-15T03:18:23Z,2026-05-15T03:18:23Z,PGA Championship,Aronimink Golf Club,2,8825,"Harman, Brian",Birdies,2.5,-144,102,69.49,3.73,11.2,2.61,11.45,7.88,28.29
2026-05-15T03:18:40Z,2026-05-15T03:18:23Z,2026-05-15T03:18:23Z,PGA Championship,Aronimink Golf Club,2,16394,"Jaeger, Stephan",Birdies,2.5,-138,-102,70.07,3.49,11.16,2.86,9.04,6.97,28.72
2026-05-15T03:18:40Z,2026-05-15T03:18:23Z,2026-05-15T03:18:23Z,PGA Championship,Aronimink Golf Club,2,23841,"Neergaard-Petersen, Rasmus",Birdies,2.5,-146,104,69.72,3.64,11.18,2.71,10.38,8.85,28.47
2026-05-15T03:18:40Z,2026-05-15T03:18:23Z,2026-05-15T03:18:23Z,PGA Championship,Aronimink Golf Club,2,,John Keefer,Birdies,2.5,-134,-105,,,,,,,
2026-05-15T03:18:40Z,2026-05-15T03:18:23Z,2026-05-15T03:18:23Z,PGA Championship,Aronimink Golf Club,2,14502,"Cauley, Bud",Birdies,2.5,-136,-104,69.33,3.8,11.21,2.54,12.51,8.78,28.14
2026-05-15T03:18:40Z,2026-05-15T03:18:23Z,2026-05-15T03:18:23Z,PGA Championship,Aronimink Golf Club,2,14796,"Hatton, Tyrrell",Birdies,3.5,128,-180,69.12,3.88,11.22,2.45,12.78,8.99,28.04
2026-05-15T03:18:40Z,2026-05-15T03:18:23Z,2026-05-15T03:18:23Z,PGA Championship,Aronimink Golf Club,2,14636,"Spieth, Jordan",Birdies,3.5,108,-152,69.08,3.9,11.23,2.43,11.86,9.13,28.12
2026-05-15T03:18:40Z,2026-05-15T03:18:23Z,2026-05-15T03:18:23Z,PGA Championship,Aronimink Golf Club,2,18841,"Hovland, Viktor",Birdies,3.5,-102,-138,68.87,3.99,11.24,2.34,13.55,9.11,27.88
2026-05-15T03:18:40Z,2026-05-15T03:18:23Z,2026-05-15T03:18:23Z,PGA Championship,Aronimink Golf Club,2,23323,"MacIntyre, Robert",Birdies,3.5,132,-188,68.77,4.03,11.25,2.3,10.74,9.9,28.13
2026-05-15T03:18:40Z,2026-05-15T03:18:23Z,2026-05-15T03:18:23Z,PGA Championship,Aronimink Golf Club,2,9771,"Day, Jason",Birdies,2.5,-172,122,69.46,3.74,11.2,2.6,9.63,7.96,28.46
2026-05-15T03:18:40Z,2026-05-15T03:18:23Z,2026-05-15T03:18:23Z,PGA Championship,Aronimink Golf Club,2,16841,"Lee, Min Woo",Birdies,3.5,138,-194,68.58,4.1,11.26,2.22,12.06,10.17,27.94
2026-05-15T03:18:40Z,2026-05-15T03:18:23Z,2026-05-15T03:18:23Z,PGA Championship,Aronimink Golf Club,2,23465,"Greyserman, Max",Birdies,2.5,-160,114,69.88,3.57,11.17,2.78,9.72,7.21,28.59
2026-05-15T03:18:40Z,2026-05-15T03:18:23Z,2026-05-15T03:18:23Z,PGA Championship,Aronimink Golf Club,2,27774,"Gotterup, Chris",Birdies,3.5,-112,-128,68.84,4,11.24,2.33,12.14,9.75,28.01
2026-05-15T03:18:40Z,2026-05-15T03:18:23Z,2026-05-15T03:18:23Z,PGA Championship,Aronimink Golf Club,2,28984,"Puig, David",Birdies,3.5,132,-186,69.16,3.87,11.22,2.47,9.87,9.63,28.35
2026-05-15T03:18:40Z,2026-05-15T03:18:23Z,2026-05-15T03:18:23Z,PGA Championship,Aronimink Golf Club,2,18417,"Scheffler, Scottie",Birdies,4.5,132,-186,67.29,4.64,11.36,1.65,14.4,11.4,27.29
2026-05-15T03:18:40Z,2026-05-15T03:18:23Z,2026-05-15T03:18:23Z,PGA Championship,Aronimink Golf Club,2,12965,"Fowler, Rickie",Birdies,2.5,-194,138,68.91,3.97,11.24,2.36,12.43,9.29,28.01
2026-05-15T03:18:40Z,2026-05-15T03:18:23Z,2026-05-15T03:18:23Z,PGA Championship,Aronimink Golf Club,2,18554,"Rai, Aaron",Birdies,2.5,-140,-102,69.38,3.78,11.21,2.56,12.59,8.64,28.14
2026-05-15T03:18:40Z,2026-05-15T03:18:23Z,2026-05-15T03:18:23Z,PGA Championship,Aronimink Golf Club,2,17576,"Conners, Corey",Birdies,2.5,-182,128,69.36,3.78,11.21,2.55,12.2,8.41,28.18
2026-05-15T03:18:40Z,2026-05-15T03:18:23Z,2026-05-15T03:18:23Z,PGA Championship,Aronimink Golf Club,2,6093,"Rose, Justin",Birdies,3.5,-106,-134,69.33,3.8,11.21,2.54,12.48,8.66,28.14
2026-05-15T03:18:40Z,2026-05-15T03:18:23Z,2026-05-15T03:18:23Z,PGA Championship,Aronimink Golf Club,2,23950,"Aberg, Ludvig",Birdies,3.5,-136,-104,68.2,4.26,11.29,2.05,14.37,10.51,27.59
2026-05-15T03:18:40Z,2026-05-15T03:18:23Z,2026-05-15T03:18:23Z,PGA Championship,Aronimink Golf Club,2,29433,"Bridgeman, Jacob",Birdies,2.5,-158,112,69.09,3.9,11.23,2.44,11.57,8.57,28.15
2026-05-15T03:18:40Z,2026-05-15T03:18:23Z,2026-05-15T03:18:23Z,PGA Championship,Aronimink Golf Club,2,22085,"Morikawa, Collin",Birdies,3.5,100,-142,68.58,4.11,11.26,2.21,14.35,9.6,27.71
2026-05-15T03:18:40Z,2026-05-15T03:18:23Z,2026-05-15T03:18:23Z,PGA Championship,Aronimink Golf Club,2,21554,"Poston, J.T.",Birdies,2.5,-148,105,69.41,3.76,11.2,2.58,11.51,8.7,28.26
2026-05-15T03:18:40Z,2026-05-15T03:18:23Z,2026-05-15T03:18:23Z,PGA Championship,Aronimink Golf Club,2,17538,"Homa, Max",Birdies,2.5,-166,116,69.72,3.64,11.18,2.71,9.62,7.99,28.55
2026-05-15T03:18:40Z,2026-05-15T03:18:23Z,2026-05-15T03:18:23Z,PGA Championship,Aronimink Golf Club,2,23838,"Hojgaard, Rasmus",Birdies,3.5,138,-196,69.54,3.71,11.19,2.63,10.55,8.41,28.4
2026-05-15T03:18:40Z,2026-05-15T03:18:23Z,2026-05-15T03:18:23Z,PGA Championship,Aronimink Golf Club,2,23014,"Theegala, Sahith",Birdies,2.5,-160,114,69.48,3.74,11.2,2.61,11.26,7.98,28.31
2026-05-15T03:18:40Z,2026-05-15T03:18:23Z,2026-05-15T03:18:23Z,PGA Championship,Aronimink Golf Club,2,19483,"Burns, Sam",Birdies,3.5,124,-174,68.87,3.99,11.24,2.34,11.54,9.29,28.09
2026-05-15T03:18:40Z,2026-05-15T03:18:23Z,2026-05-15T03:18:23Z,PGA Championship,Aronimink Golf Club,2,26651,"Young, Cameron",Birdies,3.5,-152,106,67.98,4.35,11.31,1.96,14.37,10.88,27.52
2026-05-15T03:18:40Z,2026-05-15T03:18:23Z,2026-05-15T03:18:23Z,PGA Championship,Aronimink Golf Club,2,19195,"Rahm, Jon",Birdies,3.5,-142,100,67.89,4.39,11.31,1.92,14.38,11.1,27.49
2026-05-15T03:18:40Z,2026-05-15T03:18:23Z,2026-05-15T03:18:23Z,PGA Championship,Aronimink Golf Club,2,17536,"Spaun, J.J.",Birdies,3.5,108,-154,68.72,4.05,11.25,2.28,14.35,9.9,27.76
2026-05-15T03:18:40Z,2026-05-15T03:18:23Z,2026-05-15T03:18:23Z,PGA Championship,Aronimink Golf Club,2,15466,"Cantlay, Patrick",Birdies,2.5,-188,132,68.57,4.11,11.26,2.21,14.13,9.69,27.73
2026-05-15T03:18:40Z,2026-05-15T03:18:23Z,2026-05-15T03:18:23Z,PGA Championship,Aronimink Golf Club,2,14577,"English, Harris",Birdies,2.5,-168,120,69.08,3.9,11.23,2.43,10.66,9.04,28.24
2026-05-15T03:18:40Z,2026-05-15T03:18:23Z,2026-05-15T03:18:23Z,PGA Championship,Aronimink Golf Club,2,14139,"Thomas, Justin",Birdies,3.5,-112,-126,68.98,3.94,11.23,2.39,12.3,8.86,28.04
2026-05-15T03:18:40Z,2026-05-15T03:18:23Z,2026-05-15T03:18:23Z,PGA Championship,Aronimink Golf Club,2,13900,"Lowry, Shane",Birdies,2.5,-184,130,69.13,3.88,11.22,2.45,13.28,8.82,27.99
2026-05-15T03:18:40Z,2026-05-15T03:18:23Z,2026-05-15T03:18:23Z,PGA Championship,Aronimink Golf Club,2,6430,"Scott, Adam",Birdies,3.5,125,-175,68.84,4,11.24,2.33,14.34,9.58,27.8
2026-05-15T03:18:40Z,2026-05-15T03:18:23Z,2026-05-15T03:18:23Z,PGA Championship,Aronimink Golf Club,2,28309,"Coody, Pierceson",Birdies,2.5,-186,132,69.24,3.84,11.22,2.5,11.8,9.69,28.18
2026-05-15T03:18:40Z,2026-05-15T03:18:23Z,2026-05-15T03:18:23Z,PGA Championship,Aronimink Golf Club,2,23602,"Hojgaard, Nicolai",Birdies,3.5,125,-175,68.77,4.03,11.25,2.3,13.48,9.9,27.86
2026-05-15T03:18:40Z,2026-05-15T03:18:23Z,2026-05-15T03:18:23Z,PGA Championship,Aronimink Golf Club,2,18586,"Smith, Jordan",Birdies,2.5,-152,108,69.31,3.81,11.21,2.53,11.92,9.58,28.19
2026-05-15T03:18:40Z,2026-05-15T03:18:23Z,2026-05-15T03:18:23Z,PGA Championship,Aronimink Golf Club,2,10419,"Noren, Alex",Birdies,2.5,-152,108,69.07,3.9,11.23,2.43,12.36,8.52,28.07
2026-05-15T03:18:40Z,2026-05-15T03:18:23Z,2026-05-15T03:18:23Z,PGA Championship,Aronimink Golf Club,2,14838,"Reed, Patrick",Birdies,3.5,118,-166,69.09,3.9,11.23,2.44,12.68,8.55,28.04
2026-05-15T03:18:40Z,2026-05-15T03:18:23Z,2026-05-15T03:18:23Z,PGA Championship,Aronimink Golf Club,2,13562,"Matsuyama, Hideki",Birdies,2.5,-192,136,69.13,3.88,11.22,2.45,13.06,8,28.02
2026-05-15T03:18:40Z,2026-05-15T03:18:23Z,2026-05-15T03:18:23Z,PGA Championship,Aronimink Golf Club,2,26096,"Bhatia, Akshay",Birdies,3.5,122,-172,69.14,3.87,11.22,2.46,12.36,8,28.09
2026-05-15T03:18:40Z,2026-05-15T03:18:23Z,2026-05-15T03:18:23Z,PGA Championship,Aronimink Golf Club,2,23604,"Clark, Wyndham",Birdies,2.5,-158,112,69.33,3.8,11.21,2.54,11.52,8.39,28.23
2026-05-15T03:18:40Z,2026-05-15T03:18:23Z,2026-05-15T03:18:23Z,PGA Championship,Aronimink Golf Club,2,17646,"Fitzpatrick, Matt",Birdies,3.5,108,-152,68.3,4.22,11.28,2.09,14.36,9.87,27.62
2026-05-15T03:18:40Z,2026-05-15T03:18:23Z,2026-05-15T03:18:23Z,PGA Championship,Aronimink Golf Club,2,23475,"Novak, Andrew",Birdies,2.5,-144,102,69.55,3.71,11.19,2.63,11.71,8.27,28.28
2026-05-15T03:18:40Z,2026-05-15T03:18:23Z,2026-05-15T03:18:23Z,PGA Championship,Aronimink Golf Club,2,19895,"Schauffele, Xander",Birdies,3.5,110,-154,68.24,4.25,11.29,2.07,14.37,10.74,27.6
2026-05-15T03:18:40Z,2026-05-15T03:18:23Z,2026-05-15T03:18:23Z,PGA Championship,Aronimink Golf Club,2,23816,"Valimaki, Sami",Birdies,2.5,-122,-115,69.98,3.53,11.16,2.82,10.36,7.27,28.56
2026-05-15T03:18:40Z,2026-05-15T03:18:23Z,2026-05-15T03:18:23Z,PGA Championship,Aronimink Golf Club,2,21407,"Reitan, Kristoffer",Birdies,2.5,-180,128,69.11,3.89,11.23,2.44,10.76,9.77,28.24
2026-05-15T03:18:40Z,2026-05-15T03:18:23Z,2026-05-15T03:18:23Z,PGA Championship,Aronimink Golf Club,2,16243,"Koepka, Brooks",Birdies,3.5,-124,-114,69.36,3.79,11.21,2.55,12.73,9.11,28.12
2026-05-15T03:18:40Z,2026-05-15T03:18:23Z,2026-05-15T03:18:23Z,PGA Championship,Aronimink Golf Club,2,14181,"Detry, Thomas",Birdies,2.5,-168,118,69.1,3.89,11.23,2.44,11.83,8.91,28.13
2026-05-15T03:18:40Z,2026-05-15T03:18:23Z,2026-05-15T03:18:23Z,PGA Championship,Aronimink Golf Club,2,27900,"Potgieter, Aldrich",Birdies,3.5,126,-178,69.92,3.56,11.17,2.79,9.53,9.19,28.62
2026-05-15T03:18:40Z,2026-05-15T03:18:23Z,2026-05-15T03:18:23Z,PGA Championship,Aronimink Golf Club,2,12294,"Fleetwood, Tommy",Birdies,3.5,106,-150,68.48,4.15,11.27,2.17,13.63,10.02,27.75
2026-05-15T03:18:40Z,2026-05-15T03:18:23Z,2026-05-15T03:18:23Z,PGA Championship,Aronimink Golf Club,2,13872,"Bradley, Keegan",Birdies,2.5,-194,138,69.14,3.88,11.22,2.46,11.31,8.86,28.19
2026-05-15T03:18:40Z,2026-05-15T03:18:23Z,2026-05-15T03:18:23Z,PGA Championship,Aronimink Golf Club,2,10091,"McIlroy, Rory",Birdies,3.5,-170,120,68,4.34,11.3,1.97,14.37,11.27,27.52
2026-05-15T03:18:40Z,2026-05-15T03:18:23Z,2026-05-15T03:18:23Z,PGA Championship,Aronimink Golf Club,2,18634,"McNealy, Maverick",Birdies,2.5,-172,122,68.9,3.97,11.24,2.36,11.14,9.07,28.14
2026-05-15T03:18:40Z,2026-05-15T03:18:23Z,2026-05-15T03:18:23Z,PGA Championship,Aronimink Golf Club,2,12577,"Woodland, Gary",Birdies,3.5,120,-170,69.35,3.79,11.21,2.55,11.79,9.45,28.21
2026-05-15T03:18:40Z,2026-05-15T03:18:23Z,2026-05-15T03:18:23Z,PGA Championship,Aronimink Golf Club,2,13126,"Taylor, Nick",Birdies,2.5,-156,110,69.28,3.82,11.21,2.52,12.33,8.15,28.14
2026-05-15T03:18:40Z,2026-05-15T03:18:23Z,2026-05-15T03:18:23Z,PGA Championship,Aronimink Golf Club,2,24968,"Griffin, Ben",Birdies,2.5,-172,122,69,3.94,11.23,2.4,11.09,8.53,28.17
2026-05-15T03:18:40Z,2026-05-15T03:18:23Z,2026-05-15T03:18:23Z,PGA Championship,Aronimink Golf Club,2,19841,"DeChambeau, Bryson",Birdies,3.5,-124,-114,68.67,4.07,11.26,2.26,12.31,10.83,27.94
2026-05-15T03:18:40Z,2026-05-15T03:18:23Z,2026-05-15T03:18:23Z,PGA Championship,Aronimink Golf Club,2,14578,"Henley, Russell",Birdies,2.5,-194,136,68.67,4.07,11.26,2.25,13.35,9.59,27.84
2026-05-15T03:18:40Z,2026-05-15T03:18:23Z,2026-05-15T03:18:23Z,PGA Championship,Aronimink Golf Club,2,19483,"Burns, Sam",Pars,11.5,104,-146,68.87,3.99,11.24,2.34,11.54,9.29,28.09
2026-05-15T03:18:40Z,2026-05-15T03:18:23Z,2026-05-15T03:18:23Z,PGA Championship,Aronimink Golf Club,2,14838,"Reed, Patrick",Pars,11.5,-102,-140,69.09,3.9,11.23,2.44,12.68,8.55,28.04
2026-05-15T03:18:40Z,2026-05-15T03:18:23Z,2026-05-15T03:18:23Z,PGA Championship,Aronimink Golf Club,2,14796,"Hatton, Tyrrell",Pars,11.5,-105,-134,69.12,3.88,11.22,2.45,12.78,8.99,28.04
2026-05-15T03:18:40Z,2026-05-15T03:18:23Z,2026-05-15T03:18:23Z,PGA Championship,Aronimink Golf Club,2,16841,"Lee, Min Woo",Pars,11.5,-115,-122,68.58,4.1,11.26,2.22,12.06,10.17,27.94
2026-05-15T03:18:40Z,2026-05-15T03:18:23Z,2026-05-15T03:18:23Z,PGA Championship,Aronimink Golf Club,2,21407,"Reitan, Kristoffer",Pars,11.5,106,-150,69.11,3.89,11.23,2.44,10.76,9.77,28.24
2026-05-15T03:18:40Z,2026-05-15T03:18:23Z,2026-05-15T03:18:23Z,PGA Championship,Aronimink Golf Club,2,19195,"Rahm, Jon",Pars,11.5,118,-168,67.89,4.39,11.31,1.92,14.38,11.1,27.49
2026-05-15T03:18:40Z,2026-05-15T03:18:23Z,2026-05-15T03:18:23Z,PGA Championship,Aronimink Golf Club,2,6093,"Rose, Justin",Pars,10.5,-156,110,69.33,3.8,11.21,2.54,12.48,8.66,28.14
2026-05-15T03:18:40Z,2026-05-15T03:18:23Z,2026-05-15T03:18:23Z,PGA Championship,Aronimink Golf Club,2,26096,"Bhatia, Akshay",Pars,11.5,106,-150,69.14,3.87,11.22,2.46,12.36,8,28.09
2026-05-15T03:18:40Z,2026-05-15T03:18:23Z,2026-05-15T03:18:23Z,PGA Championship,Aronimink Golf Club,2,14636,"Spieth, Jordan",Pars,11.5,118,-168,69.08,3.9,11.23,2.43,11.86,9.13,28.12
2026-05-15T03:18:40Z,2026-05-15T03:18:23Z,2026-05-15T03:18:23Z,PGA Championship,Aronimink Golf Club,2,18417,"Scheffler, Scottie",Pars,11.5,-126,-112,67.29,4.64,11.36,1.65,14.4,11.4,27.29
2026-05-15T03:18:40Z,2026-05-15T03:18:23Z,2026-05-15T03:18:23Z,PGA Championship,Aronimink Golf Club,2,17536,"Spaun, J.J.",Pars,11.5,120,-168,68.72,4.05,11.25,2.28,14.35,9.9,27.76
2026-05-15T03:18:40Z,2026-05-15T03:18:23Z,2026-05-15T03:18:23Z,PGA Championship,Aronimink Golf Club,2,14578,"Henley, Russell",Pars,11.5,-174,122,68.67,4.07,11.26,2.25,13.35,9.59,27.84
2026-05-15T03:18:40Z,2026-05-15T03:18:23Z,2026-05-15T03:18:23Z,PGA Championship,Aronimink Golf Club,2,13562,"Matsuyama, Hideki",Pars,11.5,-128,-112,69.13,3.88,11.22,2.45,13.06,8,28.02
2026-05-15T03:18:40Z,2026-05-15T03:18:23Z,2026-05-15T03:18:23Z,PGA Championship,Aronimink Golf Club,2,12294,"Fleetwood, Tommy",Pars,11.5,-136,-104,68.48,4.15,11.27,2.17,13.63,10.02,27.75
2026-05-15T03:18:40Z,2026-05-15T03:18:23Z,2026-05-15T03:18:23Z,PGA Championship,Aronimink Golf Club,2,10419,"Noren, Alex",Pars,11.5,-115,-122,69.07,3.9,11.23,2.43,12.36,8.52,28.07
2026-05-15T03:18:40Z,2026-05-15T03:18:23Z,2026-05-15T03:18:23Z,PGA Championship,Aronimink Golf Club,2,17646,"Fitzpatrick, Matt",Pars,11.5,-156,110,68.3,4.22,11.28,2.09,14.36,9.87,27.62
2026-05-15T03:18:40Z,2026-05-15T03:18:23Z,2026-05-15T03:18:23Z,PGA Championship,Aronimink Golf Club,2,14577,"English, Harris",Pars,11.5,-118,-120,69.08,3.9,11.23,2.43,10.66,9.04,28.24
2026-05-15T03:18:40Z,2026-05-15T03:18:23Z,2026-05-15T03:18:23Z,PGA Championship,Aronimink Golf Club,2,19895,"Schauffele, Xander",Pars,11.5,-146,102,68.24,4.25,11.29,2.07,14.37,10.74,27.6
2026-05-15T03:18:40Z,2026-05-15T03:18:23Z,2026-05-15T03:18:23Z,PGA Championship,Aronimink Golf Club,2,26651,"Young, Cameron",Pars,10.5,-172,122,67.98,4.35,11.31,1.96,14.37,10.88,27.52
2026-05-15T03:18:40Z,2026-05-15T03:18:23Z,2026-05-15T03:18:23Z,PGA Championship,Aronimink Golf Club,2,16243,"Koepka, Brooks",Pars,10.5,-146,104,69.36,3.79,11.21,2.55,12.73,9.11,28.12
2026-05-15T03:18:40Z,2026-05-15T03:18:23Z,2026-05-15T03:18:23Z,PGA Championship,Aronimink Golf Club,2,24968,"Griffin, Ben",Pars,11.5,-122,-115,69,3.94,11.23,2.4,11.09,8.53,28.17
2026-05-15T03:18:40Z,2026-05-15T03:18:23Z,2026-05-15T03:18:23Z,PGA Championship,Aronimink Golf Club,2,23323,"MacIntyre, Robert",Pars,11.5,-124,-114,68.77,4.03,11.25,2.3,10.74,9.9,28.13
2026-05-15T03:18:40Z,2026-05-15T03:18:23Z,2026-05-15T03:18:23Z,PGA Championship,Aronimink Golf Club,2,13900,"Lowry, Shane",Pars,11.5,-126,-112,69.13,3.88,11.22,2.45,13.28,8.82,27.99
2026-05-15T03:18:40Z,2026-05-15T03:18:23Z,2026-05-15T03:18:23Z,PGA Championship,Aronimink Golf Club,2,18634,"McNealy, Maverick",Pars,11.5,-120,-118,68.9,3.97,11.24,2.36,11.14,9.07,28.14
2026-05-15T03:18:40Z,2026-05-15T03:18:23Z,2026-05-15T03:18:23Z,PGA Championship,Aronimink Golf Club,2,10091,"McIlroy, Rory",Pars,10.5,-154,110,68,4.34,11.3,1.97,14.37,11.27,27.52
2026-05-15T03:18:40Z,2026-05-15T03:18:23Z,2026-05-15T03:18:23Z,PGA Championship,Aronimink Golf Club,2,23950,"Aberg, Ludvig",Pars,10.5,-144,102,68.2,4.26,11.29,2.05,14.37,10.51,27.59
2026-05-15T03:18:40Z,2026-05-15T03:18:23Z,2026-05-15T03:18:23Z,PGA Championship,Aronimink Golf Club,2,23602,"Hojgaard, Nicolai",Pars,11.5,100,-142,68.77,4.03,11.25,2.3,13.48,9.9,27.86
2026-05-15T03:18:40Z,2026-05-15T03:18:23Z,2026-05-15T03:18:23Z,PGA Championship,Aronimink Golf Club,2,12965,"Fowler, Rickie",Pars,11.5,-130,-108,68.91,3.97,11.24,2.36,12.43,9.29,28.01
2026-05-15T03:18:40Z,2026-05-15T03:18:23Z,2026-05-15T03:18:23Z,PGA Championship,Aronimink Golf Club,2,27774,"Gotterup, Chris",Pars,10.5,-136,-104,68.84,4,11.24,2.33,12.14,9.75,28.01
2026-05-15T03:18:40Z,2026-05-15T03:18:23Z,2026-05-15T03:18:23Z,PGA Championship,Aronimink Golf Club,2,14139,"Thomas, Justin",Pars,10.5,-156,110,68.98,3.94,11.23,2.39,12.3,8.86,28.04
2026-05-15T03:18:40Z,2026-05-15T03:18:23Z,2026-05-15T03:18:23Z,PGA Championship,Aronimink Golf Club,2,15466,"Cantlay, Patrick",Pars,11.5,-160,114,68.57,4.11,11.26,2.21,14.13,9.69,27.73
2026-05-15T03:18:40Z,2026-05-15T03:18:23Z,2026-05-15T03:18:23Z,PGA Championship,Aronimink Golf Club,2,22085,"Morikawa, Collin",Pars,11.5,-106,-134,68.58,4.11,11.26,2.21,14.35,9.6,27.71
2026-05-15T03:18:40Z,2026-05-15T03:18:23Z,2026-05-15T03:18:23Z,PGA Championship,Aronimink Golf Club,2,22085,"Morikawa, Collin",Bogeys,3.5,115,-162,68.58,4.11,11.26,2.21,14.35,9.6,27.71
2026-05-15T03:18:40Z,2026-05-15T03:18:23Z,2026-05-15T03:18:23Z,PGA Championship,Aronimink Golf Club,2,27774,"Gotterup, Chris",Bogeys,3.5,-148,105,68.84,4,11.24,2.33,12.14,9.75,28.01
2026-05-15T03:18:40Z,2026-05-15T03:18:23Z,2026-05-15T03:18:23Z,PGA Championship,Aronimink Golf Club,2,18417,"Scheffler, Scottie",Bogeys,2.5,108,-154,67.29,4.64,11.36,1.65,14.4,11.4,27.29
2026-05-15T03:18:40Z,2026-05-15T03:18:23Z,2026-05-15T03:18:23Z,PGA Championship,Aronimink Golf Club,2,14577,"English, Harris",Bogeys,3.5,-120,-118,69.08,3.9,11.23,2.43,10.66,9.04,28.24
2026-05-15T03:18:40Z,2026-05-15T03:18:23Z,2026-05-15T03:18:23Z,PGA Championship,Aronimink Golf Club,2,14139,"Thomas, Justin",Bogeys,3.5,-126,-112,68.98,3.94,11.23,2.39,12.3,8.86,28.04
2026-05-15T03:18:40Z,2026-05-15T03:18:23Z,2026-05-15T03:18:23Z,PGA Championship,Aronimink Golf Club,2,24968,"Griffin, Ben",Bogeys,3.5,-114,-124,69,3.94,11.23,2.4,11.09,8.53,28.17
2026-05-15T03:18:40Z,2026-05-15T03:18:23Z,2026-05-15T03:18:23Z,PGA Championship,Aronimink Golf Club,2,12965,"Fowler, Rickie",Bogeys,3.5,108,-152,68.91,3.97,11.24,2.36,12.43,9.29,28.01
2026-05-15T03:18:40Z,2026-05-15T03:18:23Z,2026-05-15T03:18:23Z,PGA Championship,Aronimink Golf Club,2,16841,"Lee, Min Woo",Bogeys,3.5,-106,-132,68.58,4.1,11.26,2.22,12.06,10.17,27.94
2026-05-15T03:18:40Z,2026-05-15T03:18:23Z,2026-05-15T03:18:23Z,PGA Championship,Aronimink Golf Club,2,13562,"Matsuyama, Hideki",Bogeys,3.5,102,-146,69.13,3.88,11.22,2.45,13.06,8,28.02
2026-05-15T03:18:40Z,2026-05-15T03:18:23Z,2026-05-15T03:18:23Z,PGA Championship,Aronimink Golf Club,2,23602,"Hojgaard, Nicolai",Bogeys,3.5,-114,-124,68.77,4.03,11.25,2.3,13.48,9.9,27.86
2026-05-15T03:18:40Z,2026-05-15T03:18:23Z,2026-05-15T03:18:23Z,PGA Championship,Aronimink Golf Club,2,23950,"Aberg, Ludvig",Bogeys,3.5,-114,-124,68.2,4.26,11.29,2.05,14.37,10.51,27.59
2026-05-15T03:18:40Z,2026-05-15T03:18:23Z,2026-05-15T03:18:23Z,PGA Championship,Aronimink Golf Club,2,13900,"Lowry, Shane",Bogeys,3.5,-102,-140,69.13,3.88,11.22,2.45,13.28,8.82,27.99
2026-05-15T03:18:40Z,2026-05-15T03:18:23Z,2026-05-15T03:18:23Z,PGA Championship,Aronimink Golf Club,2,17536,"Spaun, J.J.",Bogeys,3.5,-126,-112,68.72,4.05,11.25,2.28,14.35,9.9,27.76
2026-05-15T03:18:40Z,2026-05-15T03:18:23Z,2026-05-15T03:18:23Z,PGA Championship,Aronimink Golf Club,2,19895,"Schauffele, Xander",Bogeys,2.5,-172,122,68.24,4.25,11.29,2.07,14.37,10.74,27.6
2026-05-15T03:18:40Z,2026-05-15T03:18:23Z,2026-05-15T03:18:23Z,PGA Championship,Aronimink Golf Club,2,19195,"Rahm, Jon",Bogeys,3.5,124,-175,67.89,4.39,11.31,1.92,14.38,11.1,27.49
2026-05-15T03:18:40Z,2026-05-15T03:18:23Z,2026-05-15T03:18:23Z,PGA Championship,Aronimink Golf Club,2,15466,"Cantlay, Patrick",Bogeys,3.5,134,-190,68.57,4.11,11.26,2.21,14.13,9.69,27.73
2026-05-15T03:18:40Z,2026-05-15T03:18:23Z,2026-05-15T03:18:23Z,PGA Championship,Aronimink Golf Club,2,10091,"McIlroy, Rory",Bogeys,3.5,122,-174,68,4.34,11.3,1.97,14.37,11.27,27.52
2026-05-15T03:18:40Z,2026-05-15T03:18:23Z,2026-05-15T03:18:23Z,PGA Championship,Aronimink Golf Club,2,14578,"Henley, Russell",Bogeys,2.5,-180,128,68.67,4.07,11.26,2.25,13.35,9.59,27.84
2026-05-15T03:18:40Z,2026-05-15T03:18:23Z,2026-05-15T03:18:23Z,PGA Championship,Aronimink Golf Club,2,26096,"Bhatia, Akshay",Bogeys,3.5,-122,-115,69.14,3.87,11.22,2.46,12.36,8,28.09
2026-05-15T03:18:40Z,2026-05-15T03:18:23Z,2026-05-15T03:18:23Z,PGA Championship,Aronimink Golf Club,2,14838,"Reed, Patrick",Bogeys,3.5,-108,-132,69.09,3.9,11.23,2.44,12.68,8.55,28.04
2026-05-15T03:18:40Z,2026-05-15T03:18:23Z,2026-05-15T03:18:23Z,PGA Championship,Aronimink Golf Club,2,6093,"Rose, Justin",Bogeys,3.5,-132,-108,69.33,3.8,11.21,2.54,12.48,8.66,28.14
2026-05-15T03:18:40Z,2026-05-15T03:18:23Z,2026-05-15T03:18:23Z,PGA Championship,Aronimink Golf Club,2,23323,"MacIntyre, Robert",Bogeys,3.5,106,-152,68.77,4.03,11.25,2.3,10.74,9.9,28.13
2026-05-15T03:18:40Z,2026-05-15T03:18:23Z,2026-05-15T03:18:23Z,PGA Championship,Aronimink Golf Club,2,21407,"Reitan, Kristoffer",Bogeys,3.5,-150,106,69.11,3.89,11.23,2.44,10.76,9.77,28.24
2026-05-15T03:18:40Z,2026-05-15T03:18:23Z,2026-05-15T03:18:23Z,PGA Championship,Aronimink Golf Club,2,12294,"Fleetwood, Tommy",Bogeys,2.5,-184,130,68.48,4.15,11.27,2.17,13.63,10.02,27.75
2026-05-15T03:18:40Z,2026-05-15T03:18:23Z,2026-05-15T03:18:23Z,PGA Championship,Aronimink Golf Club,2,19483,"Burns, Sam",Bogeys,3.5,-120,-118,68.87,3.99,11.24,2.34,11.54,9.29,28.09
2026-05-15T03:18:40Z,2026-05-15T03:18:23Z,2026-05-15T03:18:23Z,PGA Championship,Aronimink Golf Club,2,17646,"Fitzpatrick, Matt",Bogeys,2.5,-156,110,68.3,4.22,11.28,2.09,14.36,9.87,27.62
2026-05-15T03:18:40Z,2026-05-15T03:18:23Z,2026-05-15T03:18:23Z,PGA Championship,Aronimink Golf Club,2,16243,"Koepka, Brooks",Bogeys,3.5,-122,-115,69.36,3.79,11.21,2.55,12.73,9.11,28.12
2026-05-15T03:18:40Z,2026-05-15T03:18:23Z,2026-05-15T03:18:23Z,PGA Championship,Aronimink Golf Club,2,26651,"Young, Cameron",Bogeys,3.5,125,-175,67.98,4.35,11.31,1.96,14.37,10.88,27.52
2026-05-15T03:18:40Z,2026-05-15T03:18:23Z,2026-05-15T03:18:23Z,PGA Championship,Aronimink Golf Club,2,10419,"Noren, Alex",Bogeys,3.5,-136,-104,69.07,3.9,11.23,2.43,12.36,8.52,28.07
2026-05-15T03:18:40Z,2026-05-15T03:18:23Z,2026-05-15T03:18:23Z,PGA Championship,Aronimink Golf Club,2,14636,"Spieth, Jordan",Bogeys,3.5,-124,-114,69.08,3.9,11.23,2.43,11.86,9.13,28.12
2026-05-15T03:18:40Z,2026-05-15T03:18:23Z,2026-05-15T03:18:23Z,PGA Championship,Aronimink Golf Club,2,14796,"Hatton, Tyrrell",Bogeys,3.5,-112,-128,69.12,3.88,11.22,2.45,12.78,8.99,28.04
2026-05-15T03:18:40Z,2026-05-15T03:18:23Z,2026-05-15T03:18:23Z,PGA Championship,Aronimink Golf Club,2,18634,"McNealy, Maverick",Bogeys,3.5,-116,-122,68.9,3.97,11.24,2.36,11.14,9.07,28.14
2026-05-15T03:18:40Z,2026-05-15T03:18:23Z,2026-05-15T03:18:23Z,PGA Championship,Aronimink Golf Club,2,14578,"Henley, Russell",GIR,11.5,-160,116,68.67,4.07,11.26,2.25,13.35,9.59,27.84
2026-05-15T03:18:40Z,2026-05-15T03:18:23Z,2026-05-15T03:18:23Z,PGA Championship,Aronimink Golf Club,2,23602,"Hojgaard, Nicolai",GIR,11.5,-168,122,68.77,4.03,11.25,2.3,13.48,9.9,27.86
2026-05-15T03:18:40Z,2026-05-15T03:18:23Z,2026-05-15T03:18:23Z,PGA Championship,Aronimink Golf Club,2,13562,"Matsuyama, Hideki",GIR,11.5,-150,110,69.13,3.88,11.22,2.45,13.06,8,28.02
2026-05-15T03:18:40Z,2026-05-15T03:18:23Z,2026-05-15T03:18:23Z,PGA Championship,Aronimink Golf Club,2,15466,"Cantlay, Patrick",GIR,12.5,100,-136,68.57,4.11,11.26,2.21,14.13,9.69,27.73
2026-05-15T03:18:40Z,2026-05-15T03:18:23Z,2026-05-15T03:18:23Z,PGA Championship,Aronimink Golf Club,2,26651,"Young, Cameron",GIR,12.5,126,-174,67.98,4.35,11.31,1.96,14.37,10.88,27.52
2026-05-15T03:18:40Z,2026-05-15T03:18:23Z,2026-05-15T03:18:23Z,PGA Championship,Aronimink Golf Club,2,16841,"Lee, Min Woo",GIR,11.5,-106,-130,68.58,4.1,11.26,2.22,12.06,10.17,27.94
2026-05-15T03:18:40Z,2026-05-15T03:18:23Z,2026-05-15T03:18:23Z,PGA Championship,Aronimink Golf Club,2,13872,"Bradley, Keegan",GIR,11.5,-136,100,69.14,3.88,11.22,2.46,11.31,8.86,28.19
2026-05-15T03:18:40Z,2026-05-15T03:18:23Z,2026-05-15T03:18:23Z,PGA Championship,Aronimink Golf Club,2,14139,"Thomas, Justin",GIR,11.5,-120,-115,68.98,3.94,11.23,2.39,12.3,8.86,28.04
2026-05-15T03:18:40Z,2026-05-15T03:18:23Z,2026-05-15T03:18:23Z,PGA Championship,Aronimink Golf Club,2,19895,"Schauffele, Xander",GIR,12.5,106,-146,68.24,4.25,11.29,2.07,14.37,10.74,27.6
2026-05-15T03:18:40Z,2026-05-15T03:18:23Z,2026-05-15T03:18:23Z,PGA Championship,Aronimink Golf Club,2,10419,"Noren, Alex",GIR,11.5,-168,122,69.07,3.9,11.23,2.43,12.36,8.52,28.07
2026-05-15T03:18:40Z,2026-05-15T03:18:23Z,2026-05-15T03:18:23Z,PGA Championship,Aronimink Golf Club,2,14838,"Reed, Patrick",GIR,11.5,-115,-120,69.09,3.9,11.23,2.44,12.68,8.55,28.04
2026-05-15T03:18:40Z,2026-05-15T03:18:23Z,2026-05-15T03:18:23Z,PGA Championship,Aronimink Golf Club,2,18417,"Scheffler, Scottie",GIR,12.5,-168,122,67.29,4.64,11.36,1.65,14.4,11.4,27.29
2026-05-15T03:18:40Z,2026-05-15T03:18:23Z,2026-05-15T03:18:23Z,PGA Championship,Aronimink Golf Club,2,14636,"Spieth, Jordan",GIR,11.5,-158,115,69.08,3.9,11.23,2.43,11.86,9.13,28.12
2026-05-15T03:18:40Z,2026-05-15T03:18:23Z,2026-05-15T03:18:23Z,PGA Championship,Aronimink Golf Club,2,19195,"Rahm, Jon",GIR,12.5,116,-158,67.89,4.39,11.31,1.92,14.38,11.1,27.49
2026-05-15T03:18:40Z,2026-05-15T03:18:23Z,2026-05-15T03:18:23Z,PGA Championship,Aronimink Golf Club,2,19841,"DeChambeau, Bryson",GIR,12.5,118,-162,68.67,4.07,11.26,2.26,12.31,10.83,27.94
2026-05-15T03:18:40Z,2026-05-15T03:18:23Z,2026-05-15T03:18:23Z,PGA Championship,Aronimink Golf Club,2,26096,"Bhatia, Akshay",GIR,11.5,-160,116,69.14,3.87,11.22,2.46,12.36,8,28.09
2026-05-15T03:18:40Z,2026-05-15T03:18:23Z,2026-05-15T03:18:23Z,PGA Championship,Aronimink Golf Club,2,21407,"Reitan, Kristoffer",GIR,11.5,-118,-116,69.11,3.89,11.23,2.44,10.76,9.77,28.24
2026-05-15T03:18:40Z,2026-05-15T03:18:23Z,2026-05-15T03:18:23Z,PGA Championship,Aronimink Golf Club,2,23950,"Aberg, Ludvig",GIR,12.5,118,-164,68.2,4.26,11.29,2.05,14.37,10.51,27.59
2026-05-15T03:18:40Z,2026-05-15T03:18:23Z,2026-05-15T03:18:23Z,PGA Championship,Aronimink Golf Club,2,23323,"MacIntyre, Robert",GIR,11.5,-162,118,68.77,4.03,11.25,2.3,10.74,9.9,28.13
2026-05-15T03:18:40Z,2026-05-15T03:18:23Z,2026-05-15T03:18:23Z,PGA Championship,Aronimink Golf Club,2,14796,"Hatton, Tyrrell",GIR,12.5,122,-166,69.12,3.88,11.22,2.45,12.78,8.99,28.04
2026-05-15T03:18:40Z,2026-05-15T03:18:23Z,2026-05-15T03:18:23Z,PGA Championship,Aronimink Golf Club,2,27774,"Gotterup, Chris",GIR,11.5,-160,116,68.84,4,11.24,2.33,12.14,9.75,28.01
2026-05-15T03:18:40Z,2026-05-15T03:18:23Z,2026-05-15T03:18:23Z,PGA Championship,Aronimink Golf Club,2,17536,"Spaun, J.J.",GIR,12.5,106,-146,68.72,4.05,11.25,2.28,14.35,9.9,27.76
2026-05-15T03:18:40Z,2026-05-15T03:18:23Z,2026-05-15T03:18:23Z,PGA Championship,Aronimink Golf Club,2,24968,"Griffin, Ben",GIR,11.5,-164,120,69,3.94,11.23,2.4,11.09,8.53,28.17
2026-05-15T03:18:40Z,2026-05-15T03:18:23Z,2026-05-15T03:18:23Z,PGA Championship,Aronimink Golf Club,2,19483,"Burns, Sam",GIR,11.5,-158,115,68.87,3.99,11.24,2.34,11.54,9.29,28.09
2026-05-15T03:18:40Z,2026-05-15T03:18:23Z,2026-05-15T03:18:23Z,PGA Championship,Aronimink Golf Club,2,18841,"Hovland, Viktor",GIR,11.5,-170,125,68.87,3.99,11.24,2.34,13.55,9.11,27.88
2026-05-15T03:18:40Z,2026-05-15T03:18:23Z,2026-05-15T03:18:23Z,PGA Championship,Aronimink Golf Club,2,14577,"English, Harris",GIR,11.5,-158,116,69.08,3.9,11.23,2.43,10.66,9.04,28.24
2026-05-15T03:18:40Z,2026-05-15T03:18:23Z,2026-05-15T03:18:23Z,PGA Championship,Aronimink Golf Club,2,6093,"Rose, Justin",GIR,11.5,-168,122,69.33,3.8,11.21,2.54,12.48,8.66,28.14
2026-05-15T03:18:40Z,2026-05-15T03:18:23Z,2026-05-15T03:18:23Z,PGA Championship,Aronimink Golf Club,2,16243,"Koepka, Brooks",GIR,11.5,-172,125,69.36,3.79,11.21,2.55,12.73,9.11,28.12
2026-05-15T03:18:40Z,2026-05-15T03:18:23Z,2026-05-15T03:18:23Z,PGA Championship,Aronimink Golf Club,2,17646,"Fitzpatrick, Matt",GIR,12.5,102,-140,68.3,4.22,11.28,2.09,14.36,9.87,27.62
2026-05-15T03:18:40Z,2026-05-15T03:18:23Z,2026-05-15T03:18:23Z,PGA Championship,Aronimink Golf Club,2,22085,"Morikawa, Collin",GIR,12.5,-102,-136,68.58,4.11,11.26,2.21,14.35,9.6,27.71
2026-05-15T03:18:40Z,2026-05-15T03:18:23Z,2026-05-15T03:18:23Z,PGA Championship,Aronimink Golf Club,2,13900,"Lowry, Shane",GIR,12.5,100,-138,69.13,3.88,11.22,2.45,13.28,8.82,27.99
2026-05-15T03:18:40Z,2026-05-15T03:18:23Z,2026-05-15T03:18:23Z,PGA Championship,Aronimink Golf Club,2,10091,"McIlroy, Rory",GIR,12.5,-106,-128,68,4.34,11.3,1.97,14.37,11.27,27.52
2026-05-15T03:18:40Z,2026-05-15T03:18:23Z,2026-05-15T03:18:23Z,PGA Championship,Aronimink Golf Club,2,18634,"McNealy, Maverick",GIR,11.5,-132,-104,68.9,3.97,11.24,2.36,11.14,9.07,28.14
2026-05-15T03:18:40Z,2026-05-15T03:18:23Z,2026-05-15T03:18:23Z,PGA Championship,Aronimink Golf Club,2,12965,"Fowler, Rickie",GIR,11.5,-124,-110,68.91,3.97,11.24,2.36,12.43,9.29,28.01
2026-05-15T03:18:40Z,2026-05-15T03:18:23Z,2026-05-15T03:18:23Z,PGA Championship,Aronimink Golf Club,2,12294,"Fleetwood, Tommy",GIR,12.5,106,-146,68.48,4.15,11.27,2.17,13.63,10.02,27.75
2026-05-15T03:18:40Z,2026-05-15T03:18:23Z,2026-05-15T03:18:23Z,PGA Championship,Aronimink Golf Club,2,29433,"Bridgeman, Jacob",GIR,11.5,-120,-114,69.09,3.9,11.23,2.44,11.57,8.57,28.15
2026-05-15T03:18:40Z,2026-05-15T03:18:23Z,2026-05-15T03:18:23Z,PGA Championship,Aronimink Golf Club,2,18417,"Scheffler, Scottie",Fairways hit,8.5,-182,126,67.29,4.64,11.36,1.65,14.4,11.4,27.29
2026-05-15T03:18:40Z,2026-05-15T03:18:23Z,2026-05-15T03:18:23Z,PGA Championship,Aronimink Golf Club,2,14578,"Henley, Russell",Fairways hit,9.5,-142,-102,68.67,4.07,11.26,2.25,13.35,9.59,27.84
2026-05-15T03:18:40Z,2026-05-15T03:18:23Z,2026-05-15T03:18:23Z,PGA Championship,Aronimink Golf Club,2,14838,"Reed, Patrick",Fairways hit,8.5,-114,-126,69.09,3.9,11.23,2.44,12.68,8.55,28.04
2026-05-15T03:18:40Z,2026-05-15T03:18:23Z,2026-05-15T03:18:23Z,PGA Championship,Aronimink Golf Club,2,13872,"Bradley, Keegan",Fairways hit,8.5,-122,-118,69.14,3.88,11.22,2.46,11.31,8.86,28.19
2026-05-15T03:18:40Z,2026-05-15T03:18:23Z,2026-05-15T03:18:23Z,PGA Championship,Aronimink Golf Club,2,10091,"McIlroy, Rory",Fairways hit,7.5,-168,116,68,4.34,11.3,1.97,14.37,11.27,27.52
2026-05-15T03:18:40Z,2026-05-15T03:18:23Z,2026-05-15T03:18:23Z,PGA Championship,Aronimink Golf Club,2,14139,"Thomas, Justin",Fairways hit,7.5,-132,-110,68.98,3.94,11.23,2.39,12.3,8.86,28.04
2026-05-15T03:18:40Z,2026-05-15T03:18:23Z,2026-05-15T03:18:23Z,PGA Championship,Aronimink Golf Club,2,19841,"DeChambeau, Bryson",Fairways hit,7.5,122,-176,68.67,4.07,11.26,2.26,12.31,10.83,27.94
2026-05-15T03:18:40Z,2026-05-15T03:18:23Z,2026-05-15T03:18:23Z,PGA Championship,Aronimink Golf Club,2,27774,"Gotterup, Chris",Fairways hit,7.5,-105,-136,68.84,4,11.24,2.33,12.14,9.75,28.01
2026-05-15T03:18:40Z,2026-05-15T03:18:23Z,2026-05-15T03:18:23Z,PGA Championship,Aronimink Golf Club,2,19483,"Burns, Sam",Fairways hit,7.5,-164,114,68.87,3.99,11.24,2.34,11.54,9.29,28.09
2026-05-15T03:18:40Z,2026-05-15T03:18:23Z,2026-05-15T03:18:23Z,PGA Championship,Aronimink Golf Club,2,29433,"Bridgeman, Jacob",Fairways hit,7.5,-170,118,69.09,3.9,11.23,2.44,11.57,8.57,28.15
2026-05-15T03:18:40Z,2026-05-15T03:18:23Z,2026-05-15T03:18:23Z,PGA Championship,Aronimink Golf Club,2,14636,"Spieth, Jordan",Fairways hit,7.5,-172,118,69.08,3.9,11.23,2.43,11.86,9.13,28.12
2026-05-15T03:18:40Z,2026-05-15T03:18:23Z,2026-05-15T03:18:23Z,PGA Championship,Aronimink Golf Club,2,12294,"Fleetwood, Tommy",Fairways hit,9.5,108,-156,68.48,4.15,11.27,2.17,13.63,10.02,27.75
2026-05-15T03:18:40Z,2026-05-15T03:18:23Z,2026-05-15T03:18:23Z,PGA Championship,Aronimink Golf Club,2,16841,"Lee, Min Woo",Fairways hit,8.5,125,-180,68.58,4.1,11.26,2.22,12.06,10.17,27.94
2026-05-15T03:18:40Z,2026-05-15T03:18:23Z,2026-05-15T03:18:23Z,PGA Championship,Aronimink Golf Club,2,12965,"Fowler, Rickie",Fairways hit,8.5,-150,104,68.91,3.97,11.24,2.36,12.43,9.29,28.01
2026-05-15T03:18:40Z,2026-05-15T03:18:23Z,2026-05-15T03:18:23Z,PGA Championship,Aronimink Golf Club,2,23602,"Hojgaard, Nicolai",Fairways hit,7.5,-132,-110,68.77,4.03,11.25,2.3,13.48,9.9,27.86
2026-05-15T03:18:40Z,2026-05-15T03:18:23Z,2026-05-15T03:18:23Z,PGA Championship,Aronimink Golf Club,2,14796,"Hatton, Tyrrell",Fairways hit,8.5,110,-160,69.12,3.88,11.22,2.45,12.78,8.99,28.04
2026-05-15T03:18:40Z,2026-05-15T03:18:23Z,2026-05-15T03:18:23Z,PGA Championship,Aronimink Golf Club,2,18841,"Hovland, Viktor",Fairways hit,8.5,-152,105,68.87,3.99,11.24,2.34,13.55,9.11,27.88
2026-05-15T03:18:40Z,2026-05-15T03:18:23Z,2026-05-15T03:18:23Z,PGA Championship,Aronimink Golf Club,2,6093,"Rose, Justin",Fairways hit,8.5,-110,-132,69.33,3.8,11.21,2.54,12.48,8.66,28.14
2026-05-15T03:18:40Z,2026-05-15T03:18:23Z,2026-05-15T03:18:23Z,PGA Championship,Aronimink Golf Club,2,16243,"Koepka, Brooks",Fairways hit,7.5,-118,-122,69.36,3.79,11.21,2.55,12.73,9.11,28.12
2026-05-15T03:18:40Z,2026-05-15T03:18:23Z,2026-05-15T03:18:23Z,PGA Championship,Aronimink Golf Club,2,26096,"Bhatia, Akshay",Fairways hit,8.5,100,-144,69.14,3.87,11.22,2.46,12.36,8,28.09
2026-05-15T03:18:40Z,2026-05-15T03:18:23Z,2026-05-15T03:18:23Z,PGA Championship,Aronimink Golf Club,2,17646,"Fitzpatrick, Matt",Fairways hit,8.5,-186,128,68.3,4.22,11.28,2.09,14.36,9.87,27.62
2026-05-15T03:18:40Z,2026-05-15T03:18:23Z,2026-05-15T03:18:23Z,PGA Championship,Aronimink Golf Club,2,24968,"Griffin, Ben",Fairways hit,8.5,-106,-136,69,3.94,11.23,2.4,11.09,8.53,28.17
2026-05-15T03:18:40Z,2026-05-15T03:18:23Z,2026-05-15T03:18:23Z,PGA Championship,Aronimink Golf Club,2,15466,"Cantlay, Patrick",Fairways hit,8.5,115,-166,68.57,4.11,11.26,2.21,14.13,9.69,27.73
2026-05-15T03:18:40Z,2026-05-15T03:18:23Z,2026-05-15T03:18:23Z,PGA Championship,Aronimink Golf Club,2,19195,"Rahm, Jon",Fairways hit,8.5,102,-148,67.89,4.39,11.31,1.92,14.38,11.1,27.49
2026-05-15T03:18:40Z,2026-05-15T03:18:23Z,2026-05-15T03:18:23Z,PGA Championship,Aronimink Golf Club,2,22085,"Morikawa, Collin",Fairways hit,9.5,-132,-110,68.58,4.11,11.26,2.21,14.35,9.6,27.71
2026-05-15T03:18:40Z,2026-05-15T03:18:23Z,2026-05-15T03:18:23Z,PGA Championship,Aronimink Golf Club,2,17536,"Spaun, J.J.",Fairways hit,8.5,-158,110,68.72,4.05,11.25,2.28,14.35,9.9,27.76
2026-05-15T03:18:40Z,2026-05-15T03:18:23Z,2026-05-15T03:18:23Z,PGA Championship,Aronimink Golf Club,2,10419,"Noren, Alex",Fairways hit,8.5,-156,108,69.07,3.9,11.23,2.43,12.36,8.52,28.07
2026-05-15T03:18:40Z,2026-05-15T03:18:23Z,2026-05-15T03:18:23Z,PGA Championship,Aronimink Golf Club,2,23323,"MacIntyre, Robert",Fairways hit,8.5,-126,-114,68.77,4.03,11.25,2.3,10.74,9.9,28.13
2026-05-15T03:18:40Z,2026-05-15T03:18:23Z,2026-05-15T03:18:23Z,PGA Championship,Aronimink Golf Club,2,19895,"Schauffele, Xander",Fairways hit,7.5,-170,118,68.24,4.25,11.29,2.07,14.37,10.74,27.6
2026-05-15T03:18:40Z,2026-05-15T03:18:23Z,2026-05-15T03:18:23Z,PGA Championship,Aronimink Golf Club,2,14577,"English, Harris",Fairways hit,8.5,-134,-108,69.08,3.9,11.23,2.43,10.66,9.04,28.24
2026-05-15T03:18:40Z,2026-05-15T03:18:23Z,2026-05-15T03:18:23Z,PGA Championship,Aronimink Golf Club,2,26651,"Young, Cameron",Fairways hit,8.5,114,-164,67.98,4.35,11.31,1.96,14.37,10.88,27.52
2026-05-15T03:18:40Z,2026-05-15T03:18:23Z,2026-05-15T03:18:23Z,PGA Championship,Aronimink Golf Club,2,21407,"Reitan, Kristoffer",Fairways hit,8.5,102,-148,69.11,3.89,11.23,2.44,10.76,9.77,28.24
2026-05-15T03:18:40Z,2026-05-15T03:18:23Z,2026-05-15T03:18:23Z,PGA Championship,Aronimink Golf Club,2,23950,"Aberg, Ludvig",Fairways hit,8.5,-105,-136,68.2,4.26,11.29,2.05,14.37,10.51,27.59
2026-05-15T03:18:40Z,2026-05-15T03:18:23Z,2026-05-15T03:18:23Z,PGA Championship,Aronimink Golf Club,2,13900,"Lowry, Shane",Fairways hit,8.5,-132,-110,69.13,3.88,11.22,2.45,13.28,8.82,27.99
2026-05-15T03:18:40Z,2026-05-15T03:18:23Z,2026-05-15T03:18:23Z,PGA Championship,Aronimink Golf Club,2,18634,"McNealy, Maverick",Fairways hit,7.5,-176,122,68.9,3.97,11.24,2.36,11.14,9.07,28.14
2026-05-15T03:18:40Z,2026-05-15T03:18:23Z,2026-05-15T03:18:23Z,PGA Championship,Aronimink Golf Club,2,13562,"Matsuyama, Hideki",Fairways hit,8.5,-104,-138,69.13,3.88,11.22,2.45,13.06,8,28.02
2026-05-15T03:18:40Z,2026-05-15T03:18:23Z,2026-05-15T03:18:23Z,PGA Championship,Aronimink Golf Club,2,24968,"Griffin, Ben",Putts,30.5,-142,102,69,3.94,11.23,2.4,11.09,8.53,28.17
2026-05-15T03:18:40Z,2026-05-15T03:18:23Z,2026-05-15T03:18:23Z,PGA Championship,Aronimink Golf Club,2,23950,"Aberg, Ludvig",Putts,30.5,-130,-105,68.2,4.26,11.29,2.05,14.37,10.51,27.59
2026-05-15T03:18:40Z,2026-05-15T03:18:23Z,2026-05-15T03:18:23Z,PGA Championship,Aronimink Golf Club,2,22085,"Morikawa, Collin",Putts,30.5,-158,116,68.58,4.11,11.26,2.21,14.35,9.6,27.71
2026-05-15T03:18:40Z,2026-05-15T03:18:23Z,2026-05-15T03:18:23Z,PGA Championship,Aronimink Golf Club,2,6093,"Rose, Justin",Putts,30.5,-144,105,69.33,3.8,11.21,2.54,12.48,8.66,28.14
2026-05-15T03:18:40Z,2026-05-15T03:18:23Z,2026-05-15T03:18:23Z,PGA Championship,Aronimink Golf Club,2,29433,"Bridgeman, Jacob",Putts,30.5,-130,-106,69.09,3.9,11.23,2.44,11.57,8.57,28.15
2026-05-15T03:18:40Z,2026-05-15T03:18:23Z,2026-05-15T03:18:23Z,PGA Championship,Aronimink Golf Club,2,17646,"Fitzpatrick, Matt",Putts,30.5,-136,-102,68.3,4.22,11.28,2.09,14.36,9.87,27.62
2026-05-15T03:18:40Z,2026-05-15T03:18:23Z,2026-05-15T03:18:23Z,PGA Championship,Aronimink Golf Club,2,23323,"MacIntyre, Robert",Putts,30.5,-130,-106,68.77,4.03,11.25,2.3,10.74,9.9,28.13
2026-05-15T03:18:40Z,2026-05-15T03:18:23Z,2026-05-15T03:18:23Z,PGA Championship,Aronimink Golf Club,2,10091,"McIlroy, Rory",Putts,30.5,-130,-106,68,4.34,11.3,1.97,14.37,11.27,27.52
2026-05-15T03:18:40Z,2026-05-15T03:18:23Z,2026-05-15T03:18:23Z,PGA Championship,Aronimink Golf Club,2,19195,"Rahm, Jon",Putts,31.5,118,-162,67.89,4.39,11.31,1.92,14.38,11.1,27.49
2026-05-15T03:18:40Z,2026-05-15T03:18:23Z,2026-05-15T03:18:23Z,PGA Championship,Aronimink Golf Club,2,18417,"Scheffler, Scottie",Putts,30.5,-136,-102,67.29,4.64,11.36,1.65,14.4,11.4,27.29
2026-05-15T03:18:40Z,2026-05-15T03:18:23Z,2026-05-15T03:18:23Z,PGA Championship,Aronimink Golf Club,2,14139,"Thomas, Justin",Putts,30.5,-120,-114,68.98,3.94,11.23,2.39,12.3,8.86,28.04
2026-05-15T03:18:40Z,2026-05-15T03:18:23Z,2026-05-15T03:18:23Z,PGA Championship,Aronimink Golf Club,2,16243,"Koepka, Brooks",Putts,30.5,-154,112,69.36,3.79,11.21,2.55,12.73,9.11,28.12
2026-05-15T03:18:40Z,2026-05-15T03:18:23Z,2026-05-15T03:18:23Z,PGA Championship,Aronimink Golf Club,2,10419,"Noren, Alex",Putts,30.5,-142,104,69.07,3.9,11.23,2.43,12.36,8.52,28.07
2026-05-15T03:18:40Z,2026-05-15T03:18:23Z,2026-05-15T03:18:23Z,PGA Championship,Aronimink Golf Club,2,19895,"Schauffele, Xander",Putts,30.5,-150,108,68.24,4.25,11.29,2.07,14.37,10.74,27.6
2026-05-15T03:18:40Z,2026-05-15T03:18:23Z,2026-05-15T03:18:23Z,PGA Championship,Aronimink Golf Club,2,17536,"Spaun, J.J.",Putts,31.5,100,-138,68.72,4.05,11.25,2.28,14.35,9.9,27.76
2026-05-15T03:18:40Z,2026-05-15T03:18:23Z,2026-05-15T03:18:23Z,PGA Championship,Aronimink Golf Club,2,27774,"Gotterup, Chris",Putts,30.5,-158,115,68.84,4,11.24,2.33,12.14,9.75,28.01
2026-05-15T03:18:40Z,2026-05-15T03:18:23Z,2026-05-15T03:18:23Z,PGA Championship,Aronimink Golf Club,2,16841,"Lee, Min Woo",Putts,30.5,-124,-110,68.58,4.1,11.26,2.22,12.06,10.17,27.94
2026-05-15T03:18:40Z,2026-05-15T03:18:23Z,2026-05-15T03:18:23Z,PGA Championship,Aronimink Golf Club,2,12294,"Fleetwood, Tommy",Putts,30.5,-150,108,68.48,4.15,11.27,2.17,13.63,10.02,27.75
2026-05-15T03:18:40Z,2026-05-15T03:18:23Z,2026-05-15T03:18:23Z,PGA Championship,Aronimink Golf Club,2,26651,"Young, Cameron",Putts,30.5,-114,-122,67.98,4.35,11.31,1.96,14.37,10.88,27.52
2026-05-15T03:18:40Z,2026-05-15T03:18:23Z,2026-05-15T03:18:23Z,PGA Championship,Aronimink Golf Club,2,14578,"Henley, Russell",Putts,30.5,-142,102,68.67,4.07,11.26,2.25,13.35,9.59,27.84
2026-05-15T03:18:40Z,2026-05-15T03:18:23Z,2026-05-15T03:18:23Z,PGA Championship,Aronimink Golf Club,2,13562,"Matsuyama, Hideki",Putts,30.5,-114,-120,69.13,3.88,11.22,2.45,13.06,8,28.02
2026-05-15T03:18:40Z,2026-05-15T03:18:23Z,2026-05-15T03:18:23Z,PGA Championship,Aronimink Golf Club,2,23602,"Hojgaard, Nicolai",Total Score,70.5,-128,-105,68.77,4.03,11.25,2.3,13.48,9.9,27.86
2026-05-15T03:18:40Z,2026-05-15T03:18:23Z,2026-05-15T03:18:23Z,PGA Championship,Aronimink Golf Club,2,18841,"Hovland, Viktor",Total Score,70.5,-120,-112,68.87,3.99,11.24,2.34,13.55,9.11,27.88
2026-05-15T03:18:40Z,2026-05-15T03:18:23Z,2026-05-15T03:18:23Z,PGA Championship,Aronimink Golf Club,2,14796,"Hatton, Tyrrell",Total Score,70.5,-126,-106,69.12,3.88,11.22,2.45,12.78,8.99,28.04
2026-05-15T03:18:40Z,2026-05-15T03:18:23Z,2026-05-15T03:18:23Z,PGA Championship,Aronimink Golf Club,2,19195,"Rahm, Jon",Total Score,69.5,-130,-104,67.89,4.39,11.31,1.92,14.38,11.1,27.49
2026-05-15T03:18:40Z,2026-05-15T03:18:23Z,2026-05-15T03:18:23Z,PGA Championship,Aronimink Golf Club,2,12294,"Fleetwood, Tommy",Total Score,69.5,-148,110,68.48,4.15,11.27,2.17,13.63,10.02,27.75
2026-05-15T03:18:40Z,2026-05-15T03:18:23Z,2026-05-15T03:18:23Z,PGA Championship,Aronimink Golf Club,2,24968,"Griffin, Ben",Total Score,70.5,-146,108,69,3.94,11.23,2.4,11.09,8.53,28.17
2026-05-15T03:18:40Z,2026-05-15T03:18:23Z,2026-05-15T03:18:23Z,PGA Championship,Aronimink Golf Club,2,16841,"Lee, Min Woo",Total Score,70.5,-128,-104,68.58,4.1,11.26,2.22,12.06,10.17,27.94
2026-05-15T03:18:40Z,2026-05-15T03:18:23Z,2026-05-15T03:18:23Z,PGA Championship,Aronimink Golf Club,2,18634,"McNealy, Maverick",Total Score,70.5,-150,112,68.9,3.97,11.24,2.36,11.14,9.07,28.14
2026-05-15T03:18:40Z,2026-05-15T03:18:23Z,2026-05-15T03:18:23Z,PGA Championship,Aronimink Golf Club,2,10091,"McIlroy, Rory",Total Score,69.5,-116,-115,68,4.34,11.3,1.97,14.37,11.27,27.52
2026-05-15T03:18:40Z,2026-05-15T03:18:23Z,2026-05-15T03:18:23Z,PGA Championship,Aronimink Golf Club,2,19895,"Schauffele, Xander",Total Score,69.5,-146,100,68.24,4.25,11.29,2.07,14.37,10.74,27.6
2026-05-15T03:18:40Z,2026-05-15T03:18:23Z,2026-05-15T03:18:23Z,PGA Championship,Aronimink Golf Club,2,15466,"Cantlay, Patrick",Total Score,70.5,-106,-128,68.57,4.11,11.26,2.21,14.13,9.69,27.73
2026-05-15T03:18:40Z,2026-05-15T03:18:23Z,2026-05-15T03:18:23Z,PGA Championship,Aronimink Golf Club,2,23950,"Aberg, Ludvig",Total Score,70.5,106,-144,68.2,4.26,11.29,2.05,14.37,10.51,27.59
2026-05-15T03:18:40Z,2026-05-15T03:18:23Z,2026-05-15T03:18:23Z,PGA Championship,Aronimink Golf Club,2,19841,"DeChambeau, Bryson",Total Score,70.5,-114,-118,68.67,4.07,11.26,2.26,12.31,10.83,27.94
2026-05-15T03:18:40Z,2026-05-15T03:18:23Z,2026-05-15T03:18:23Z,PGA Championship,Aronimink Golf Club,2,18417,"Scheffler, Scottie",Total Score,68.5,-104,-132,67.29,4.64,11.36,1.65,14.4,11.4,27.29
2026-05-15T03:18:40Z,2026-05-15T03:18:23Z,2026-05-15T03:18:23Z,PGA Championship,Aronimink Golf Club,2,23323,"MacIntyre, Robert",Total Score,70.5,-115,-116,68.77,4.03,11.25,2.3,10.74,9.9,28.13
2026-05-15T03:18:40Z,2026-05-15T03:18:23Z,2026-05-15T03:18:23Z,PGA Championship,Aronimink Golf Club,2,29433,"Bridgeman, Jacob",Total Score,71.5,-105,-128,69.09,3.9,11.23,2.44,11.57,8.57,28.15
2026-05-15T03:18:40Z,2026-05-15T03:18:23Z,2026-05-15T03:18:23Z,PGA Championship,Aronimink Golf Club,2,19483,"Burns, Sam",Total Score,70.5,-130,-104,68.87,3.99,11.24,2.34,11.54,9.29,28.09
2026-05-15T03:18:40Z,2026-05-15T03:18:23Z,2026-05-15T03:18:23Z,PGA Championship,Aronimink Golf Club,2,26651,"Young, Cameron",Total Score,69.5,-124,-108,67.98,4.35,11.31,1.96,14.37,10.88,27.52
2026-05-15T03:18:40Z,2026-05-15T03:18:23Z,2026-05-15T03:18:23Z,PGA Championship,Aronimink Golf Club,2,22085,"Morikawa, Collin",Total Score,70.5,106,-142,68.58,4.11,11.26,2.21,14.35,9.6,27.71
2026-05-15T03:18:40Z,2026-05-15T03:18:23Z,2026-05-15T03:18:23Z,PGA Championship,Aronimink Golf Club,2,13872,"Bradley, Keegan",Total Score,70.5,-148,110,69.14,3.88,11.22,2.46,11.31,8.86,28.19
2026-05-15T03:18:40Z,2026-05-15T03:18:23Z,2026-05-15T03:18:23Z,PGA Championship,Aronimink Golf Club,2,26096,"Bhatia, Akshay",Total Score,70.5,-132,-102,69.14,3.87,11.22,2.46,12.36,8,28.09
2026-05-15T03:18:40Z,2026-05-15T03:18:23Z,2026-05-15T03:18:23Z,PGA Championship,Aronimink Golf Club,2,27774,"Gotterup, Chris",Total Score,70.5,-125,-108,68.84,4,11.24,2.33,12.14,9.75,28.01
2026-05-15T03:18:40Z,2026-05-15T03:18:23Z,2026-05-15T03:18:23Z,PGA Championship,Aronimink Golf Club,2,14578,"Henley, Russell",Total Score,70.5,105,-142,68.67,4.07,11.26,2.25,13.35,9.59,27.84
2026-05-15T03:18:40Z,2026-05-15T03:18:23Z,2026-05-15T03:18:23Z,PGA Championship,Aronimink Golf Club,2,10419,"Noren, Alex",Total Score,71.5,102,-138,69.07,3.9,11.23,2.43,12.36,8.52,28.07
2026-05-15T03:18:40Z,2026-05-15T03:18:23Z,2026-05-15T03:18:23Z,PGA Championship,Aronimink Golf Club,2,14636,"Spieth, Jordan",Total Score,70.5,-124,-110,69.08,3.9,11.23,2.43,11.86,9.13,28.12
2026-05-15T03:18:40Z,2026-05-15T03:18:23Z,2026-05-15T03:18:23Z,PGA Championship,Aronimink Golf Club,2,14577,"English, Harris",Total Score,70.5,-154,115,69.08,3.9,11.23,2.43,10.66,9.04,28.24
2026-05-15T03:18:40Z,2026-05-15T03:18:23Z,2026-05-15T03:18:23Z,PGA Championship,Aronimink Golf Club,2,13900,"Lowry, Shane",Total Score,70.5,-130,-104,69.13,3.88,11.22,2.45,13.28,8.82,27.99
2026-05-15T03:18:40Z,2026-05-15T03:18:23Z,2026-05-15T03:18:23Z,PGA Championship,Aronimink Golf Club,2,12965,"Fowler, Rickie",Total Score,70.5,-120,-112,68.91,3.97,11.24,2.36,12.43,9.29,28.01
2026-05-15T03:18:40Z,2026-05-15T03:18:23Z,2026-05-15T03:18:23Z,PGA Championship,Aronimink Golf Club,2,17536,"Spaun, J.J.",Total Score,70.5,-125,-108,68.72,4.05,11.25,2.28,14.35,9.9,27.76
2026-05-15T03:18:40Z,2026-05-15T03:18:23Z,2026-05-15T03:18:23Z,PGA Championship,Aronimink Golf Club,2,17646,"Fitzpatrick, Matt",Total Score,69.5,-136,100,68.3,4.22,11.28,2.09,14.36,9.87,27.62
2026-05-15T03:18:40Z,2026-05-15T03:18:23Z,2026-05-15T03:18:23Z,PGA Championship,Aronimink Golf Club,2,16243,"Koepka, Brooks",Total Score,70.5,-104,-130,69.36,3.79,11.21,2.55,12.73,9.11,28.12
2026-05-15T03:18:40Z,2026-05-15T03:18:23Z,2026-05-15T03:18:23Z,PGA Championship,Aronimink Golf Club,2,21407,"Reitan, Kristoffer",Total Score,71.5,105,-140,69.11,3.89,11.23,2.44,10.76,9.77,28.24
2026-05-15T03:18:40Z,2026-05-15T03:18:23Z,2026-05-15T03:18:23Z,PGA Championship,Aronimink Golf Club,2,14838,"Reed, Patrick",Total Score,70.5,-118,-114,69.09,3.9,11.23,2.44,12.68,8.55,28.04
2026-05-15T03:18:40Z,2026-05-15T03:18:23Z,2026-05-15T03:18:23Z,PGA Championship,Aronimink Golf Club,2,6093,"Rose, Justin",Total Score,70.5,-120,-114,69.33,3.8,11.21,2.54,12.48,8.66,28.14
2026-05-15T03:18:40Z,2026-05-15T03:18:23Z,2026-05-15T03:18:23Z,PGA Championship,Aronimink Golf Club,2,14139,"Thomas, Justin",Total Score,70.5,-112,-120,68.98,3.94,11.23,2.39,12.3,8.86,28.04
2026-05-15T03:18:40Z,2026-05-15T03:18:23Z,2026-05-15T03:18:23Z,PGA Championship,Aronimink Golf Club,2,13562,"Matsuyama, Hideki",Total Score,70.5,-124,-110,69.13,3.88,11.22,2.45,13.06,8,28.02
2026-05-15T15:50:07Z,2026-05-15T15:49:49Z,2026-05-15T15:49:49Z,PGA Championship,Aronimink Golf Club,2,8825,"Harman, Brian",Birdies,2.5,100,-142,69.49,3.73,11.2,2.61,11.45,7.88,28.29
2026-05-15T15:50:07Z,2026-05-15T15:49:49Z,2026-05-15T15:49:49Z,PGA Championship,Aronimink Golf Club,2,16394,"Jaeger, Stephan",Birdies,2.5,106,-150,70.07,3.49,11.16,2.86,9.04,6.97,28.72
2026-05-15T15:50:07Z,2026-05-15T15:49:49Z,2026-05-15T15:49:49Z,PGA Championship,Aronimink Golf Club,2,,John Keefer,Birdies,2.5,108,-154,,,,,,,
2026-05-15T15:50:07Z,2026-05-15T15:49:49Z,2026-05-15T15:49:49Z,PGA Championship,Aronimink Golf Club,2,14502,"Cauley, Bud",Birdies,2.5,108,-152,69.33,3.8,11.21,2.54,12.51,8.78,28.14
2026-05-15T15:50:07Z,2026-05-15T15:49:49Z,2026-05-15T15:49:49Z,PGA Championship,Aronimink Golf Club,2,14796,"Hatton, Tyrrell",Birdies,2.5,-148,104,69.12,3.88,11.22,2.45,12.78,8.99,28.04
2026-05-15T15:50:07Z,2026-05-15T15:49:49Z,2026-05-15T15:49:49Z,PGA Championship,Aronimink Golf Club,2,14636,"Spieth, Jordan",Birdies,2.5,-172,120,69.08,3.9,11.23,2.43,11.86,9.13,28.12
2026-05-15T15:50:07Z,2026-05-15T15:49:49Z,2026-05-15T15:49:49Z,PGA Championship,Aronimink Golf Club,2,9771,"Day, Jason",Birdies,2.5,-118,-120,69.46,3.74,11.2,2.6,9.63,7.96,28.46
2026-05-15T15:50:07Z,2026-05-15T15:49:49Z,2026-05-15T15:49:49Z,PGA Championship,Aronimink Golf Club,2,16841,"Lee, Min Woo",Birdies,2.5,-136,-104,68.58,4.1,11.26,2.22,12.06,10.17,27.94
2026-05-15T15:50:07Z,2026-05-15T15:49:49Z,2026-05-15T15:49:49Z,PGA Championship,Aronimink Golf Club,2,23465,"Greyserman, Max",Birdies,2.5,-110,-130,69.88,3.57,11.17,2.78,9.72,7.21,28.59
2026-05-15T15:50:07Z,2026-05-15T15:49:49Z,2026-05-15T15:49:49Z,PGA Championship,Aronimink Golf Club,2,28984,"Puig, David",Birdies,2.5,-142,100,69.16,3.87,11.22,2.47,9.87,9.63,28.35
2026-05-15T15:50:07Z,2026-05-15T15:49:49Z,2026-05-15T15:49:49Z,PGA Championship,Aronimink Golf Club,2,12965,"Fowler, Rickie",Birdies,2.5,-134,-106,68.91,3.97,11.24,2.36,12.43,9.29,28.01
2026-05-15T15:50:07Z,2026-05-15T15:49:49Z,2026-05-15T15:49:49Z,PGA Championship,Aronimink Golf Club,2,23950,"Aberg, Ludvig",Birdies,3.5,112,-158,68.2,4.26,11.29,2.05,14.37,10.51,27.59
2026-05-15T15:50:07Z,2026-05-15T15:49:49Z,2026-05-15T15:49:49Z,PGA Championship,Aronimink Golf Club,2,29433,"Bridgeman, Jacob",Birdies,2.5,-108,-132,69.09,3.9,11.23,2.44,11.57,8.57,28.15
2026-05-15T15:50:07Z,2026-05-15T15:49:49Z,2026-05-15T15:49:49Z,PGA Championship,Aronimink Golf Club,2,23014,"Theegala, Sahith",Birdies,2.5,-110,-128,69.48,3.74,11.2,2.61,11.26,7.98,28.31
2026-05-15T15:50:07Z,2026-05-15T15:49:49Z,2026-05-15T15:49:49Z,PGA Championship,Aronimink Golf Club,2,19483,"Burns, Sam",Birdies,2.5,-152,106,68.87,3.99,11.24,2.34,11.54,9.29,28.09
2026-05-15T15:50:07Z,2026-05-15T15:49:49Z,2026-05-15T15:49:49Z,PGA Championship,Aronimink Golf Club,2,19195,"Rahm, Jon",Birdies,3.5,108,-154,67.89,4.39,11.31,1.92,14.38,11.1,27.49
2026-05-15T15:50:07Z,2026-05-15T15:49:49Z,2026-05-15T15:49:49Z,PGA Championship,Aronimink Golf Club,2,15466,"Cantlay, Patrick",Birdies,2.5,-128,-110,68.57,4.11,11.26,2.21,14.13,9.69,27.73
2026-05-15T15:50:07Z,2026-05-15T15:49:49Z,2026-05-15T15:49:49Z,PGA Championship,Aronimink Golf Club,2,14577,"English, Harris",Birdies,2.5,-114,-124,69.08,3.9,11.23,2.43,10.66,9.04,28.24
2026-05-15T15:50:07Z,2026-05-15T15:49:49Z,2026-05-15T15:49:49Z,PGA Championship,Aronimink Golf Club,2,23602,"Hojgaard, Nicolai",Birdies,2.5,-148,105,68.77,4.03,11.25,2.3,13.48,9.9,27.86
2026-05-15T15:50:07Z,2026-05-15T15:49:49Z,2026-05-15T15:49:49Z,PGA Championship,Aronimink Golf Club,2,10419,"Noren, Alex",Birdies,2.5,-104,-136,69.07,3.9,11.23,2.43,12.36,8.52,28.07
2026-05-15T15:50:07Z,2026-05-15T15:49:49Z,2026-05-15T15:49:49Z,PGA Championship,Aronimink Golf Club,2,23604,"Clark, Wyndham",Birdies,2.5,-110,-130,69.33,3.8,11.21,2.54,11.52,8.39,28.23
2026-05-15T15:50:07Z,2026-05-15T15:49:49Z,2026-05-15T15:49:49Z,PGA Championship,Aronimink Golf Club,2,19895,"Schauffele, Xander",Birdies,2.5,-168,120,68.24,4.25,11.29,2.07,14.37,10.74,27.6
2026-05-15T15:50:07Z,2026-05-15T15:49:49Z,2026-05-15T15:49:49Z,PGA Championship,Aronimink Golf Club,2,21407,"Reitan, Kristoffer",Birdies,2.5,-122,-115,69.11,3.89,11.23,2.44,10.76,9.77,28.24
2026-05-15T15:50:07Z,2026-05-15T15:49:49Z,2026-05-15T15:49:49Z,PGA Championship,Aronimink Golf Club,2,16243,"Koepka, Brooks",Birdies,3.5,124,-174,69.36,3.79,11.21,2.55,12.73,9.11,28.12
2026-05-15T15:50:07Z,2026-05-15T15:49:49Z,2026-05-15T15:49:49Z,PGA Championship,Aronimink Golf Club,2,14181,"Detry, Thomas",Birdies,2.5,-114,-124,69.1,3.89,11.23,2.44,11.83,8.91,28.13
2026-05-15T15:50:07Z,2026-05-15T15:49:49Z,2026-05-15T15:49:49Z,PGA Championship,Aronimink Golf Club,2,27900,"Potgieter, Aldrich",Birdies,2.5,-148,105,69.92,3.56,11.17,2.79,9.53,9.19,28.62
2026-05-15T15:50:07Z,2026-05-15T15:49:49Z,2026-05-15T15:49:49Z,PGA Championship,Aronimink Golf Club,2,10091,"McIlroy, Rory",Birdies,3.5,-110,-128,68,4.34,11.3,1.97,14.37,11.27,27.52
2026-05-15T15:50:07Z,2026-05-15T15:49:49Z,2026-05-15T15:49:49Z,PGA Championship,Aronimink Golf Club,2,18634,"McNealy, Maverick",Birdies,2.5,-116,-122,68.9,3.97,11.24,2.36,11.14,9.07,28.14
2026-05-15T15:50:07Z,2026-05-15T15:49:49Z,2026-05-15T15:49:49Z,PGA Championship,Aronimink Golf Club,2,12577,"Woodland, Gary",Birdies,2.5,-154,110,69.35,3.79,11.21,2.55,11.79,9.45,28.21
2026-05-15T15:50:07Z,2026-05-15T15:49:49Z,2026-05-15T15:49:49Z,PGA Championship,Aronimink Golf Club,2,24968,"Griffin, Ben",Birdies,2.5,-118,-120,69,3.94,11.23,2.4,11.09,8.53,28.17
2026-05-15T15:50:07Z,2026-05-15T15:49:49Z,2026-05-15T15:49:49Z,PGA Championship,Aronimink Golf Club,2,19841,"DeChambeau, Bryson",Birdies,3.5,124,-174,68.67,4.07,11.26,2.26,12.31,10.83,27.94
2026-05-15T15:50:07Z,2026-05-15T15:49:49Z,2026-05-15T15:49:49Z,PGA Championship,Aronimink Golf Club,2,23838,"Hojgaard, Rasmus",Birdies,3.5,250,-380,69.54,3.71,11.19,2.63,10.55,8.42,28.4
2026-05-15T15:50:07Z,2026-05-15T15:49:49Z,2026-05-15T15:49:49Z,PGA Championship,Aronimink Golf Club,2,26096,"Bhatia, Akshay",Birdies,1.5,205,-310,69.14,3.87,11.22,2.46,12.36,8,28.09
2026-05-15T15:50:07Z,2026-05-15T15:49:49Z,2026-05-15T15:49:49Z,PGA Championship,Aronimink Golf Club,2,13562,"Matsuyama, Hideki",Birdies,3.5,-108,-138,69.13,3.88,11.22,2.45,13.06,7.99,28.02
2026-05-15T15:50:07Z,2026-05-15T15:49:49Z,2026-05-15T15:49:49Z,PGA Championship,Aronimink Golf Club,2,17536,"Spaun, J.J.",Birdies,1.5,130,-196,68.72,4.05,11.25,2.28,14.35,9.9,27.76
2026-05-15T15:50:07Z,2026-05-15T15:49:49Z,2026-05-15T15:49:49Z,PGA Championship,Aronimink Golf Club,2,17538,"Homa, Max",Birdies,1.5,2050,-5000,69.72,3.64,11.18,2.71,9.62,8,28.55
2026-05-15T15:50:07Z,2026-05-15T15:49:49Z,2026-05-15T15:49:49Z,PGA Championship,Aronimink Golf Club,2,14578,"Henley, Russell",Birdies,2.5,-104,-146,68.67,4.07,11.26,2.25,13.35,9.59,27.84
2026-05-15T15:50:07Z,2026-05-15T15:49:49Z,2026-05-15T15:49:49Z,PGA Championship,Aronimink Golf Club,2,21554,"Poston, J.T.",Birdies,2.5,-112,-134,69.41,3.76,11.2,2.58,11.51,8.7,28.26
2026-05-15T15:50:07Z,2026-05-15T15:49:49Z,2026-05-15T15:49:49Z,PGA Championship,Aronimink Golf Club,2,18586,"Smith, Jordan",Birdies,1.5,680,-1100,69.31,3.81,11.21,2.53,11.92,9.58,28.19
2026-05-15T15:50:07Z,2026-05-15T15:49:49Z,2026-05-15T15:49:49Z,PGA Championship,Aronimink Golf Club,2,13126,"Taylor, Nick",Birdies,1.5,680,-1100,69.28,3.82,11.21,2.52,12.33,8.15,28.14
2026-05-15T15:50:07Z,2026-05-15T15:49:49Z,2026-05-15T15:49:49Z,PGA Championship,Aronimink Golf Club,2,23841,"Neergaard-Petersen, Rasmus",Birdies,1.5,-116,-128,69.72,3.64,11.18,2.71,10.38,8.85,28.47
2026-05-15T15:50:07Z,2026-05-15T15:49:49Z,2026-05-15T15:49:49Z,PGA Championship,Aronimink Golf Club,2,17606,"Berger, Daniel",Birdies,3.5,-134,-112,69.5,3.73,11.2,2.61,12.47,8.71,28.19
2026-05-15T15:50:07Z,2026-05-15T15:49:49Z,2026-05-15T15:49:49Z,PGA Championship,Aronimink Golf Club,2,17576,"Conners, Corey",Birdies,1.5,-146,-102,69.36,3.78,11.21,2.55,12.2,8.41,28.18
2026-05-15T15:50:07Z,2026-05-15T15:49:49Z,2026-05-15T15:49:49Z,PGA Championship,Aronimink Golf Club,2,6430,"Scott, Adam",Birdies,1.5,-168,112,68.84,4,11.24,2.33,14.34,9.59,27.8
2026-05-15T15:50:07Z,2026-05-15T15:49:49Z,2026-05-15T15:49:49Z,PGA Championship,Aronimink Golf Club,2,28309,"Coody, Pierceson",Birdies,2.5,-164,110,69.24,3.84,11.22,2.5,11.8,9.68,28.18
2026-05-15T15:50:07Z,2026-05-15T15:49:49Z,2026-05-15T15:49:49Z,PGA Championship,Aronimink Golf Club,2,14838,"Reed, Patrick",Birdies,1.5,-175,116,69.09,3.9,11.23,2.44,12.68,8.55,28.04
2026-05-15T15:50:07Z,2026-05-15T15:49:49Z,2026-05-15T15:49:49Z,PGA Championship,Aronimink Golf Club,2,22085,"Morikawa, Collin",Birdies,1.5,-255,170,68.58,4.11,11.26,2.21,14.35,9.6,27.71
2026-05-15T15:50:07Z,2026-05-15T15:49:49Z,2026-05-15T15:49:49Z,PGA Championship,Aronimink Golf Club,2,18841,"Hovland, Viktor",Birdies,2.5,-285,188,68.87,3.99,11.24,2.34,13.55,9.11,27.88
2026-05-15T15:50:07Z,2026-05-15T15:49:49Z,2026-05-15T15:49:49Z,PGA Championship,Aronimink Golf Club,2,13900,"Lowry, Shane",Birdies,1.5,245,-370,69.13,3.88,11.22,2.45,13.28,8.81,27.99
2026-05-15T15:50:07Z,2026-05-15T15:49:49Z,2026-05-15T15:49:49Z,PGA Championship,Aronimink Golf Club,2,23323,"MacIntyre, Robert",Birdies,3.5,-255,168,68.77,4.03,11.25,2.3,10.74,9.9,28.13
2026-05-15T15:50:07Z,2026-05-15T15:49:49Z,2026-05-15T15:49:49Z,PGA Championship,Aronimink Golf Club,2,12294,"Fleetwood, Tommy",Birdies,1.5,142,-215,68.48,4.15,11.27,2.17,13.63,10.03,27.75
2026-05-15T15:50:07Z,2026-05-15T15:49:49Z,2026-05-15T15:49:49Z,PGA Championship,Aronimink Golf Club,2,27774,"Gotterup, Chris",Birdies,3.5,118,-178,68.84,4,11.24,2.33,12.14,9.75,28.01
2026-05-15T15:50:07Z,2026-05-15T15:49:49Z,2026-05-15T15:49:49Z,PGA Championship,Aronimink Golf Club,2,26651,"Young, Cameron",Birdies,2.5,-142,-105,67.98,4.35,11.31,1.96,14.37,10.88,27.52
2026-05-15T15:50:07Z,2026-05-15T15:49:49Z,2026-05-15T15:49:49Z,PGA Championship,Aronimink Golf Club,2,13872,"Bradley, Keegan",Birdies,1.5,110,-166,69.14,3.88,11.22,2.46,11.31,8.86,28.19
2026-05-15T15:50:07Z,2026-05-15T15:49:49Z,2026-05-15T15:49:49Z,PGA Championship,Aronimink Golf Club,2,14139,"Thomas, Justin",Birdies,3.5,-120,-125,68.98,3.94,11.23,2.39,12.3,8.87,28.04
2026-05-15T15:50:07Z,2026-05-15T15:49:49Z,2026-05-15T15:49:49Z,PGA Championship,Aronimink Golf Club,2,23816,"Valimaki, Sami",Birdies,2.5,-166,110,69.98,3.53,11.16,2.82,10.36,7.27,28.56
2026-05-15T15:50:07Z,2026-05-15T15:49:49Z,2026-05-15T15:49:49Z,PGA Championship,Aronimink Golf Club,2,18554,"Rai, Aaron",Birdies,3.5,-180,120,69.38,3.78,11.21,2.56,12.59,8.64,28.14
2026-05-15T15:50:07Z,2026-05-15T15:49:49Z,2026-05-15T15:49:49Z,PGA Championship,Aronimink Golf Club,2,18417,"Scheffler, Scottie",Birdies,3.5,134,-205,67.29,4.64,11.36,1.65,14.4,11.4,27.29
2026-05-15T15:50:07Z,2026-05-15T15:49:49Z,2026-05-15T15:49:49Z,PGA Championship,Aronimink Golf Club,2,6093,"Rose, Justin",Birdies,3.5,-156,104,69.33,3.8,11.21,2.54,12.48,8.65,28.14
2026-05-15T15:50:07Z,2026-05-15T15:49:49Z,2026-05-15T15:49:49Z,PGA Championship,Aronimink Golf Club,2,17646,"Fitzpatrick, Matt",Birdies,3.5,-210,140,68.3,4.22,11.28,2.09,14.36,9.88,27.62
2026-05-15T15:50:07Z,2026-05-15T15:49:49Z,2026-05-15T15:49:49Z,PGA Championship,Aronimink Golf Club,2,19483,"Burns, Sam",Pars,11.5,114,-160,68.87,3.99,11.24,2.34,11.54,9.29,28.09
2026-05-15T15:50:07Z,2026-05-15T15:49:49Z,2026-05-15T15:49:49Z,PGA Championship,Aronimink Golf Club,2,14796,"Hatton, Tyrrell",Pars,11.5,104,-148,69.12,3.88,11.22,2.45,12.78,8.99,28.04
2026-05-15T15:50:07Z,2026-05-15T15:49:49Z,2026-05-15T15:49:49Z,PGA Championship,Aronimink Golf Club,2,16841,"Lee, Min Woo",Pars,11.5,-105,-136,68.58,4.1,11.26,2.22,12.06,10.17,27.94
2026-05-15T15:50:07Z,2026-05-15T15:49:49Z,2026-05-15T15:49:49Z,PGA Championship,Aronimink Golf Club,2,21407,"Reitan, Kristoffer",Pars,11.5,120,-170,69.11,3.89,11.23,2.44,10.76,9.77,28.24
2026-05-15T15:50:07Z,2026-05-15T15:49:49Z,2026-05-15T15:49:49Z,PGA Championship,Aronimink Golf Club,2,19195,"Rahm, Jon",Pars,11.5,120,-170,67.89,4.39,11.31,1.92,14.38,11.1,27.49
2026-05-15T15:50:07Z,2026-05-15T15:49:49Z,2026-05-15T15:49:49Z,PGA Championship,Aronimink Golf Club,2,14636,"Spieth, Jordan",Pars,10.5,-168,118,69.08,3.9,11.23,2.43,11.86,9.13,28.12
2026-05-15T15:50:07Z,2026-05-15T15:49:49Z,2026-05-15T15:49:49Z,PGA Championship,Aronimink Golf Club,2,10419,"Noren, Alex",Pars,11.5,-102,-140,69.07,3.9,11.23,2.43,12.36,8.52,28.07
2026-05-15T15:50:07Z,2026-05-15T15:49:49Z,2026-05-15T15:49:49Z,PGA Championship,Aronimink Golf Club,2,14577,"English, Harris",Pars,11.5,-108,-132,69.08,3.9,11.23,2.43,10.66,9.04,28.24
2026-05-15T15:50:07Z,2026-05-15T15:49:49Z,2026-05-15T15:49:49Z,PGA Championship,Aronimink Golf Club,2,19895,"Schauffele, Xander",Pars,11.5,-142,100,68.24,4.25,11.29,2.07,14.37,10.74,27.6
2026-05-15T15:50:07Z,2026-05-15T15:49:49Z,2026-05-15T15:49:49Z,PGA Championship,Aronimink Golf Club,2,16243,"Koepka, Brooks",Pars,10.5,-138,-102,69.36,3.79,11.21,2.55,12.73,9.11,28.12
2026-05-15T15:50:07Z,2026-05-15T15:49:49Z,2026-05-15T15:49:49Z,PGA Championship,Aronimink Golf Club,2,24968,"Griffin, Ben",Pars,11.5,-110,-128,69,3.94,11.23,2.4,11.09,8.53,28.17
2026-05-15T15:50:07Z,2026-05-15T15:49:49Z,2026-05-15T15:49:49Z,PGA Championship,Aronimink Golf Club,2,18634,"McNealy, Maverick",Pars,11.5,-108,-130,68.9,3.97,11.24,2.36,11.14,9.07,28.14
2026-05-15T15:50:07Z,2026-05-15T15:49:49Z,2026-05-15T15:49:49Z,PGA Championship,Aronimink Golf Club,2,10091,"McIlroy, Rory",Pars,10.5,-156,110,68,4.34,11.3,1.97,14.37,11.27,27.52
2026-05-15T15:50:07Z,2026-05-15T15:49:49Z,2026-05-15T15:49:49Z,PGA Championship,Aronimink Golf Club,2,23950,"Aberg, Ludvig",Pars,10.5,-138,-102,68.2,4.26,11.29,2.05,14.37,10.51,27.59
2026-05-15T15:50:07Z,2026-05-15T15:49:49Z,2026-05-15T15:49:49Z,PGA Championship,Aronimink Golf Club,2,23602,"Hojgaard, Nicolai",Pars,11.5,108,-154,68.77,4.03,11.25,2.3,13.48,9.9,27.86
2026-05-15T15:50:07Z,2026-05-15T15:49:49Z,2026-05-15T15:49:49Z,PGA Championship,Aronimink Golf Club,2,12965,"Fowler, Rickie",Pars,11.5,-120,-118,68.91,3.97,11.24,2.36,12.43,9.29,28.01
2026-05-15T15:50:07Z,2026-05-15T15:49:49Z,2026-05-15T15:49:49Z,PGA Championship,Aronimink Golf Club,2,15466,"Cantlay, Patrick",Pars,11.5,-150,106,68.57,4.11,11.26,2.21,14.13,9.69,27.73
2026-05-15T15:50:07Z,2026-05-15T15:49:49Z,2026-05-15T15:49:49Z,PGA Championship,Aronimink Golf Club,2,26096,"Bhatia, Akshay",Pars,11.5,-220,146,69.14,3.87,11.22,2.46,12.36,8,28.09
2026-05-15T15:50:07Z,2026-05-15T15:49:49Z,2026-05-15T15:49:49Z,PGA Championship,Aronimink Golf Club,2,13562,"Matsuyama, Hideki",Pars,13.5,188,-285,69.13,3.88,11.22,2.45,13.06,7.99,28.02
2026-05-15T15:50:07Z,2026-05-15T15:49:49Z,2026-05-15T15:49:49Z,PGA Championship,Aronimink Golf Club,2,17536,"Spaun, J.J.",Pars,11.5,168,-255,68.72,4.05,11.25,2.28,14.35,9.9,27.76
2026-05-15T15:50:07Z,2026-05-15T15:49:49Z,2026-05-15T15:49:49Z,PGA Championship,Aronimink Golf Club,2,14578,"Henley, Russell",Pars,9.5,-220,146,68.67,4.07,11.26,2.25,13.35,9.59,27.84
2026-05-15T15:50:07Z,2026-05-15T15:49:49Z,2026-05-15T15:49:49Z,PGA Championship,Aronimink Golf Club,2,14838,"Reed, Patrick",Pars,13.5,-160,106,69.09,3.9,11.23,2.44,12.68,8.55,28.04
2026-05-15T15:50:07Z,2026-05-15T15:49:49Z,2026-05-15T15:49:49Z,PGA Championship,Aronimink Golf Club,2,22085,"Morikawa, Collin",Pars,10.5,-192,128,68.58,4.11,11.26,2.21,14.35,9.6,27.71
2026-05-15T15:50:07Z,2026-05-15T15:49:49Z,2026-05-15T15:49:49Z,PGA Championship,Aronimink Golf Club,2,13900,"Lowry, Shane",Pars,12.5,-215,142,69.13,3.88,11.22,2.45,13.28,8.81,27.99
2026-05-15T15:50:07Z,2026-05-15T15:49:49Z,2026-05-15T15:49:49Z,PGA Championship,Aronimink Golf Club,2,23323,"MacIntyre, Robert",Pars,7.5,-120,-124,68.77,4.03,11.25,2.3,10.74,9.9,28.13
2026-05-15T15:50:07Z,2026-05-15T15:49:49Z,2026-05-15T15:49:49Z,PGA Championship,Aronimink Golf Club,2,12294,"Fleetwood, Tommy",Pars,13.5,-140,-108,68.48,4.15,11.27,2.17,13.63,10.03,27.75
2026-05-15T15:50:07Z,2026-05-15T15:49:49Z,2026-05-15T15:49:49Z,PGA Championship,Aronimink Golf Club,2,27774,"Gotterup, Chris",Pars,12.5,128,-192,68.84,4,11.24,2.33,12.14,9.75,28.01
2026-05-15T15:50:07Z,2026-05-15T15:49:49Z,2026-05-15T15:49:49Z,PGA Championship,Aronimink Golf Club,2,26651,"Young, Cameron",Pars,12.5,-205,134,67.98,4.35,11.31,1.96,14.37,10.88,27.52
2026-05-15T15:50:07Z,2026-05-15T15:49:49Z,2026-05-15T15:49:49Z,PGA Championship,Aronimink Golf Club,2,14139,"Thomas, Justin",Pars,9.5,-188,125,68.98,3.94,11.23,2.39,12.3,8.87,28.04
2026-05-15T15:50:07Z,2026-05-15T15:49:49Z,2026-05-15T15:49:49Z,PGA Championship,Aronimink Golf Club,2,18417,"Scheffler, Scottie",Pars,10.5,-164,108,67.29,4.64,11.36,1.65,14.4,11.4,27.29
2026-05-15T15:50:07Z,2026-05-15T15:49:49Z,2026-05-15T15:49:49Z,PGA Championship,Aronimink Golf Club,2,6093,"Rose, Justin",Pars,8.5,-130,-115,69.33,3.8,11.21,2.54,12.48,8.65,28.14
2026-05-15T15:50:07Z,2026-05-15T15:49:49Z,2026-05-15T15:49:49Z,PGA Championship,Aronimink Golf Club,2,17646,"Fitzpatrick, Matt",Pars,10.5,-162,108,68.3,4.22,11.28,2.09,14.36,9.88,27.62
2026-05-15T15:50:07Z,2026-05-15T15:49:49Z,2026-05-15T15:49:49Z,PGA Championship,Aronimink Golf Club,2,14577,"English, Harris",Bogeys,4.5,130,-184,69.08,3.9,11.23,2.43,10.66,9.04,28.24
2026-05-15T15:50:07Z,2026-05-15T15:49:49Z,2026-05-15T15:49:49Z,PGA Championship,Aronimink Golf Club,2,24968,"Griffin, Ben",Bogeys,3.5,-180,128,69,3.94,11.23,2.4,11.09,8.53,28.17
2026-05-15T15:50:07Z,2026-05-15T15:49:49Z,2026-05-15T15:49:49Z,PGA Championship,Aronimink Golf Club,2,12965,"Fowler, Rickie",Bogeys,3.5,-146,104,68.91,3.97,11.24,2.36,12.43,9.29,28.01
2026-05-15T15:50:07Z,2026-05-15T15:49:49Z,2026-05-15T15:49:49Z,PGA Championship,Aronimink Golf Club,2,16841,"Lee, Min Woo",Bogeys,3.5,-170,120,68.58,4.1,11.26,2.22,12.06,10.17,27.94
2026-05-15T15:50:07Z,2026-05-15T15:49:49Z,2026-05-15T15:49:49Z,PGA Championship,Aronimink Golf Club,2,23602,"Hojgaard, Nicolai",Bogeys,3.5,-182,128,68.77,4.03,11.25,2.3,13.48,9.9,27.86
2026-05-15T15:50:07Z,2026-05-15T15:49:49Z,2026-05-15T15:49:49Z,PGA Championship,Aronimink Golf Club,2,23950,"Aberg, Ludvig",Bogeys,3.5,-180,128,68.2,4.26,11.29,2.05,14.37,10.51,27.59
2026-05-15T15:50:07Z,2026-05-15T15:49:49Z,2026-05-15T15:49:49Z,PGA Championship,Aronimink Golf Club,2,19895,"Schauffele, Xander",Bogeys,3.5,104,-146,68.24,4.25,11.29,2.07,14.37,10.74,27.6
2026-05-15T15:50:07Z,2026-05-15T15:49:49Z,2026-05-15T15:49:49Z,PGA Championship,Aronimink Golf Club,2,19195,"Rahm, Jon",Bogeys,3.5,-126,-112,67.89,4.39,11.31,1.92,14.38,11.1,27.49
2026-05-15T15:50:07Z,2026-05-15T15:49:49Z,2026-05-15T15:49:49Z,PGA Championship,Aronimink Golf Club,2,15466,"Cantlay, Patrick",Bogeys,3.5,-116,-122,68.57,4.11,11.26,2.21,14.13,9.69,27.73
2026-05-15T15:50:07Z,2026-05-15T15:49:49Z,2026-05-15T15:49:49Z,PGA Championship,Aronimink Golf Club,2,10091,"McIlroy, Rory",Bogeys,3.5,-128,-112,68,4.34,11.3,1.97,14.37,11.27,27.52
2026-05-15T15:50:07Z,2026-05-15T15:49:49Z,2026-05-15T15:49:49Z,PGA Championship,Aronimink Golf Club,2,21407,"Reitan, Kristoffer",Bogeys,4.5,102,-146,69.11,3.89,11.23,2.44,10.76,9.77,28.24
2026-05-15T15:50:07Z,2026-05-15T15:49:49Z,2026-05-15T15:49:49Z,PGA Championship,Aronimink Golf Club,2,19483,"Burns, Sam",Bogeys,4.5,132,-186,68.87,3.99,11.24,2.34,11.54,9.29,28.09
2026-05-15T15:50:07Z,2026-05-15T15:49:49Z,2026-05-15T15:49:49Z,PGA Championship,Aronimink Golf Club,2,16243,"Koepka, Brooks",Bogeys,4.5,128,-180,69.36,3.79,11.21,2.55,12.73,9.11,28.12
2026-05-15T15:50:07Z,2026-05-15T15:49:49Z,2026-05-15T15:49:49Z,PGA Championship,Aronimink Golf Club,2,10419,"Noren, Alex",Bogeys,4.5,114,-160,69.07,3.9,11.23,2.43,12.36,8.52,28.07
2026-05-15T15:50:07Z,2026-05-15T15:49:49Z,2026-05-15T15:49:49Z,PGA Championship,Aronimink Golf Club,2,14636,"Spieth, Jordan",Bogeys,4.5,126,-178,69.08,3.9,11.23,2.43,11.86,9.13,28.12
2026-05-15T15:50:07Z,2026-05-15T15:49:49Z,2026-05-15T15:49:49Z,PGA Championship,Aronimink Golf Club,2,14796,"Hatton, Tyrrell",Bogeys,3.5,-175,125,69.12,3.88,11.22,2.45,12.78,8.99,28.04
2026-05-15T15:50:07Z,2026-05-15T15:49:49Z,2026-05-15T15:49:49Z,PGA Championship,Aronimink Golf Club,2,18634,"McNealy, Maverick",Bogeys,3.5,-186,132,68.9,3.97,11.24,2.36,11.14,9.07,28.14
2026-05-15T15:50:07Z,2026-05-15T15:49:49Z,2026-05-15T15:49:49Z,PGA Championship,Aronimink Golf Club,2,26096,"Bhatia, Akshay",Bogeys,5.5,970,-1500,69.14,3.87,11.22,2.46,12.36,8,28.09
2026-05-15T15:50:07Z,2026-05-15T15:49:49Z,2026-05-15T15:49:49Z,PGA Championship,Aronimink Golf Club,2,17536,"Spaun, J.J.",Bogeys,5.5,120,-180,68.72,4.05,11.25,2.28,14.35,9.9,27.76
2026-05-15T15:50:07Z,2026-05-15T15:49:49Z,2026-05-15T15:49:49Z,PGA Championship,Aronimink Golf Club,2,13562,"Matsuyama, Hideki",Bogeys,1.5,136,-205,69.13,3.88,11.22,2.45,13.06,7.99,28.02
2026-05-15T15:50:07Z,2026-05-15T15:49:49Z,2026-05-15T15:49:49Z,PGA Championship,Aronimink Golf Club,2,14578,"Henley, Russell",Bogeys,5.5,-140,-108,68.67,4.07,11.26,2.25,13.35,9.59,27.84
2026-05-15T15:50:07Z,2026-05-15T15:49:49Z,2026-05-15T15:49:49Z,PGA Championship,Aronimink Golf Club,2,14838,"Reed, Patrick",Bogeys,2.5,-116,-130,69.09,3.9,11.23,2.44,12.68,8.55,28.04
2026-05-15T15:50:07Z,2026-05-15T15:49:49Z,2026-05-15T15:49:49Z,PGA Championship,Aronimink Golf Club,2,22085,"Morikawa, Collin",Bogeys,5.5,158,-240,68.58,4.11,11.26,2.21,14.35,9.6,27.71
2026-05-15T15:50:07Z,2026-05-15T15:49:49Z,2026-05-15T15:49:49Z,PGA Championship,Aronimink Golf Club,2,13900,"Lowry, Shane",Bogeys,4.5,164,-245,69.13,3.88,11.22,2.45,13.28,8.81,27.99
2026-05-15T15:50:07Z,2026-05-15T15:49:49Z,2026-05-15T15:49:49Z,PGA Championship,Aronimink Golf Club,2,27774,"Gotterup, Chris",Bogeys,2.5,-114,-132,68.84,4,11.24,2.33,12.14,9.75,28.01
2026-05-15T15:50:07Z,2026-05-15T15:49:49Z,2026-05-15T15:49:49Z,PGA Championship,Aronimink Golf Club,2,23323,"MacIntyre, Robert",Bogeys,6.5,-114,-132,68.77,4.03,11.25,2.3,10.74,9.9,28.13
2026-05-15T15:50:07Z,2026-05-15T15:49:49Z,2026-05-15T15:49:49Z,PGA Championship,Aronimink Golf Club,2,12294,"Fleetwood, Tommy",Bogeys,3.5,158,-235,68.48,4.15,11.27,2.17,13.63,10.03,27.75
2026-05-15T15:50:07Z,2026-05-15T15:49:49Z,2026-05-15T15:49:49Z,PGA Championship,Aronimink Golf Club,2,14139,"Thomas, Justin",Bogeys,4.5,-118,-126,68.98,3.94,11.23,2.39,12.3,8.87,28.04
2026-05-15T15:50:07Z,2026-05-15T15:49:49Z,2026-05-15T15:49:49Z,PGA Championship,Aronimink Golf Club,2,26651,"Young, Cameron",Bogeys,2.5,110,-166,67.98,4.35,11.31,1.96,14.37,10.88,27.52
2026-05-15T15:50:07Z,2026-05-15T15:49:49Z,2026-05-15T15:49:49Z,PGA Championship,Aronimink Golf Club,2,18417,"Scheffler, Scottie",Bogeys,4.5,188,-285,67.29,4.64,11.36,1.65,14.4,11.4,27.29
2026-05-15T15:50:07Z,2026-05-15T15:49:49Z,2026-05-15T15:49:49Z,PGA Championship,Aronimink Golf Club,2,6093,"Rose, Justin",Bogeys,5.5,-142,-106,69.33,3.8,11.21,2.54,12.48,8.65,28.14
2026-05-15T15:50:07Z,2026-05-15T15:49:49Z,2026-05-15T15:49:49Z,PGA Championship,Aronimink Golf Club,2,17646,"Fitzpatrick, Matt",Bogeys,3.5,128,-192,68.3,4.22,11.28,2.09,14.36,9.88,27.62
2026-05-15T15:50:07Z,2026-05-15T15:49:49Z,2026-05-15T15:49:49Z,PGA Championship,Aronimink Golf Club,2,23602,"Hojgaard, Nicolai",GIR,11.5,-146,106,68.77,4.03,11.25,2.3,13.48,9.9,27.86
2026-05-15T15:50:07Z,2026-05-15T15:49:49Z,2026-05-15T15:49:49Z,PGA Championship,Aronimink Golf Club,2,15466,"Cantlay, Patrick",GIR,12.5,112,-152,68.57,4.11,11.26,2.21,14.13,9.69,27.73
2026-05-15T15:50:07Z,2026-05-15T15:49:49Z,2026-05-15T15:49:49Z,PGA Championship,Aronimink Golf Club,2,16841,"Lee, Min Woo",GIR,11.5,110,-150,68.58,4.1,11.26,2.22,12.06,10.17,27.94
2026-05-15T15:50:07Z,2026-05-15T15:49:49Z,2026-05-15T15:49:49Z,PGA Championship,Aronimink Golf Club,2,19895,"Schauffele, Xander",GIR,12.5,118,-164,68.24,4.25,11.29,2.07,14.37,10.74,27.6
2026-05-15T15:50:07Z,2026-05-15T15:49:49Z,2026-05-15T15:49:49Z,PGA Championship,Aronimink Golf Club,2,10419,"Noren, Alex",GIR,11.5,-146,106,69.07,3.9,11.23,2.43,12.36,8.52,28.07
2026-05-15T15:50:07Z,2026-05-15T15:49:49Z,2026-05-15T15:49:49Z,PGA Championship,Aronimink Golf Club,2,14636,"Spieth, Jordan",GIR,11.5,-136,100,69.08,3.9,11.23,2.43,11.86,9.13,28.12
2026-05-15T15:50:07Z,2026-05-15T15:49:49Z,2026-05-15T15:49:49Z,PGA Championship,Aronimink Golf Club,2,19195,"Rahm, Jon",GIR,11.5,-175,128,67.89,4.39,11.31,1.92,14.38,11.1,27.49
2026-05-15T15:50:07Z,2026-05-15T15:49:49Z,2026-05-15T15:49:49Z,PGA Championship,Aronimink Golf Club,2,19841,"DeChambeau, Bryson",GIR,11.5,-170,124,68.67,4.07,11.26,2.26,12.31,10.83,27.94
2026-05-15T15:50:07Z,2026-05-15T15:49:49Z,2026-05-15T15:49:49Z,PGA Championship,Aronimink Golf Club,2,21407,"Reitan, Kristoffer",GIR,11.5,-102,-136,69.11,3.89,11.23,2.44,10.76,9.77,28.24
2026-05-15T15:50:07Z,2026-05-15T15:49:49Z,2026-05-15T15:49:49Z,PGA Championship,Aronimink Golf Club,2,23950,"Aberg, Ludvig",GIR,11.5,-170,124,68.2,4.26,11.29,2.05,14.37,10.51,27.59
2026-05-15T15:50:07Z,2026-05-15T15:49:49Z,2026-05-15T15:49:49Z,PGA Championship,Aronimink Golf Club,2,14796,"Hatton, Tyrrell",GIR,11.5,-166,120,69.12,3.88,11.22,2.45,12.78,8.99,28.04
2026-05-15T15:50:07Z,2026-05-15T15:49:49Z,2026-05-15T15:49:49Z,PGA Championship,Aronimink Golf Club,2,24968,"Griffin, Ben",GIR,11.5,-144,104,69,3.94,11.23,2.4,11.09,8.53,28.17
2026-05-15T15:50:07Z,2026-05-15T15:49:49Z,2026-05-15T15:49:49Z,PGA Championship,Aronimink Golf Club,2,19483,"Burns, Sam",GIR,11.5,-136,100,68.87,3.99,11.24,2.34,11.54,9.29,28.09
2026-05-15T15:50:07Z,2026-05-15T15:49:49Z,2026-05-15T15:49:49Z,PGA Championship,Aronimink Golf Club,2,14577,"English, Harris",GIR,11.5,-138,100,69.08,3.9,11.23,2.43,10.66,9.04,28.24
2026-05-15T15:50:07Z,2026-05-15T15:49:49Z,2026-05-15T15:49:49Z,PGA Championship,Aronimink Golf Club,2,16243,"Koepka, Brooks",GIR,11.5,-150,108,69.36,3.79,11.21,2.55,12.73,9.11,28.12
2026-05-15T15:50:07Z,2026-05-15T15:49:49Z,2026-05-15T15:49:49Z,PGA Championship,Aronimink Golf Club,2,10091,"McIlroy, Rory",GIR,12.5,105,-144,68,4.34,11.3,1.97,14.37,11.27,27.52
2026-05-15T15:50:07Z,2026-05-15T15:49:49Z,2026-05-15T15:49:49Z,PGA Championship,Aronimink Golf Club,2,18634,"McNealy, Maverick",GIR,11.5,-114,-120,68.9,3.97,11.24,2.36,11.14,9.07,28.14
2026-05-15T15:50:07Z,2026-05-15T15:49:49Z,2026-05-15T15:49:49Z,PGA Championship,Aronimink Golf Club,2,12965,"Fowler, Rickie",GIR,11.5,-108,-128,68.91,3.97,11.24,2.36,12.43,9.29,28.01
2026-05-15T15:50:07Z,2026-05-15T15:49:49Z,2026-05-15T15:49:49Z,PGA Championship,Aronimink Golf Club,2,29433,"Bridgeman, Jacob",GIR,11.5,-104,-132,69.09,3.9,11.23,2.44,11.57,8.57,28.15
2026-05-15T15:50:07Z,2026-05-15T15:49:49Z,2026-05-15T15:49:49Z,PGA Championship,Aronimink Golf Club,2,26096,"Bhatia, Akshay",GIR,7.5,-850,600,69.14,3.87,11.22,2.46,12.36,8,28.09
2026-05-15T15:50:07Z,2026-05-15T15:49:49Z,2026-05-15T15:49:49Z,PGA Championship,Aronimink Golf Club,2,13562,"Matsuyama, Hideki",GIR,12.5,108,-148,69.13,3.88,11.22,2.45,13.06,7.99,28.02
2026-05-15T15:50:07Z,2026-05-15T15:49:49Z,2026-05-15T15:49:49Z,PGA Championship,Aronimink Golf Club,2,17536,"Spaun, J.J.",GIR,12.5,-105,-130,68.72,4.05,11.25,2.28,14.35,9.9,27.76
2026-05-15T15:50:07Z,2026-05-15T15:49:49Z,2026-05-15T15:49:49Z,PGA Championship,Aronimink Golf Club,2,14578,"Henley, Russell",GIR,10.5,-295,215,68.67,4.07,11.26,2.25,13.35,9.59,27.84
2026-05-15T15:50:07Z,2026-05-15T15:49:49Z,2026-05-15T15:49:49Z,PGA Championship,Aronimink Golf Club,2,14838,"Reed, Patrick",GIR,11.5,112,-156,69.09,3.9,11.23,2.44,12.68,8.55,28.04
2026-05-15T15:50:07Z,2026-05-15T15:49:49Z,2026-05-15T15:49:49Z,PGA Championship,Aronimink Golf Club,2,13900,"Lowry, Shane",GIR,11.5,106,-146,69.13,3.88,11.22,2.45,13.28,8.81,27.99
2026-05-15T15:50:07Z,2026-05-15T15:49:49Z,2026-05-15T15:49:49Z,PGA Championship,Aronimink Golf Club,2,18841,"Hovland, Viktor",GIR,12.5,126,-174,68.87,3.99,11.24,2.34,13.55,9.11,27.88
2026-05-15T15:50:07Z,2026-05-15T15:49:49Z,2026-05-15T15:49:49Z,PGA Championship,Aronimink Golf Club,2,22085,"Morikawa, Collin",GIR,10.5,105,-144,68.58,4.11,11.26,2.21,14.35,9.6,27.71
2026-05-15T15:50:07Z,2026-05-15T15:49:49Z,2026-05-15T15:49:49Z,PGA Championship,Aronimink Golf Club,2,27774,"Gotterup, Chris",GIR,13.5,-215,154,68.84,4,11.24,2.33,12.14,9.75,28.01
2026-05-15T15:50:07Z,2026-05-15T15:49:49Z,2026-05-15T15:49:49Z,PGA Championship,Aronimink Golf Club,2,23323,"MacIntyre, Robert",GIR,10.5,-215,158,68.77,4.03,11.25,2.3,10.74,9.9,28.13
2026-05-15T15:50:07Z,2026-05-15T15:49:49Z,2026-05-15T15:49:49Z,PGA Championship,Aronimink Golf Club,2,12294,"Fleetwood, Tommy",GIR,13.5,152,-210,68.48,4.15,11.27,2.17,13.63,10.03,27.75
2026-05-15T15:50:07Z,2026-05-15T15:49:49Z,2026-05-15T15:49:49Z,PGA Championship,Aronimink Golf Club,2,13872,"Bradley, Keegan",GIR,13.5,-122,-114,69.14,3.88,11.22,2.46,11.31,8.86,28.19
2026-05-15T15:50:07Z,2026-05-15T15:49:49Z,2026-05-15T15:49:49Z,PGA Championship,Aronimink Golf Club,2,26651,"Young, Cameron",GIR,11.5,-148,108,67.98,4.35,11.31,1.96,14.37,10.88,27.52
2026-05-15T15:50:07Z,2026-05-15T15:49:49Z,2026-05-15T15:49:49Z,PGA Championship,Aronimink Golf Club,2,14139,"Thomas, Justin",GIR,9.5,-110,-124,68.98,3.94,11.23,2.39,12.3,8.87,28.04
2026-05-15T15:50:07Z,2026-05-15T15:49:49Z,2026-05-15T15:49:49Z,PGA Championship,Aronimink Golf Club,2,17646,"Fitzpatrick, Matt",GIR,13.5,-170,125,68.3,4.22,11.28,2.09,14.36,9.88,27.62
2026-05-15T15:50:07Z,2026-05-15T15:49:49Z,2026-05-15T15:49:49Z,PGA Championship,Aronimink Golf Club,2,6093,"Rose, Justin",GIR,10.5,-140,102,69.33,3.8,11.21,2.54,12.48,8.65,28.14
2026-05-15T15:50:07Z,2026-05-15T15:49:49Z,2026-05-15T15:49:49Z,PGA Championship,Aronimink Golf Club,2,18417,"Scheffler, Scottie",GIR,14.5,154,-210,67.29,4.64,11.36,1.65,14.4,11.4,27.29
2026-05-15T15:50:07Z,2026-05-15T15:49:49Z,2026-05-15T15:49:49Z,PGA Championship,Aronimink Golf Club,2,10091,"McIlroy, Rory",Fairways hit,7.5,-156,108,68,4.34,11.3,1.97,14.37,11.27,27.52
2026-05-15T15:50:07Z,2026-05-15T15:49:49Z,2026-05-15T15:49:49Z,PGA Championship,Aronimink Golf Club,2,19841,"DeChambeau, Bryson",Fairways hit,6.5,-180,125,68.67,4.07,11.26,2.26,12.31,10.83,27.94
2026-05-15T15:50:07Z,2026-05-15T15:49:49Z,2026-05-15T15:49:49Z,PGA Championship,Aronimink Golf Club,2,19483,"Burns, Sam",Fairways hit,7.5,-154,106,68.87,3.99,11.24,2.34,11.54,9.29,28.09
2026-05-15T15:50:07Z,2026-05-15T15:49:49Z,2026-05-15T15:49:49Z,PGA Championship,Aronimink Golf Club,2,29433,"Bridgeman, Jacob",Fairways hit,7.5,-160,110,69.09,3.9,11.23,2.44,11.57,8.57,28.15
2026-05-15T15:50:07Z,2026-05-15T15:49:49Z,2026-05-15T15:49:49Z,PGA Championship,Aronimink Golf Club,2,14636,"Spieth, Jordan",Fairways hit,7.5,-160,110,69.08,3.9,11.23,2.43,11.86,9.13,28.12
2026-05-15T15:50:07Z,2026-05-15T15:49:49Z,2026-05-15T15:49:49Z,PGA Championship,Aronimink Golf Club,2,16841,"Lee, Min Woo",Fairways hit,7.5,-178,125,68.58,4.1,11.26,2.22,12.06,10.17,27.94
2026-05-15T15:50:07Z,2026-05-15T15:49:49Z,2026-05-15T15:49:49Z,PGA Championship,Aronimink Golf Club,2,12965,"Fowler, Rickie",Fairways hit,8.5,-140,-104,68.91,3.97,11.24,2.36,12.43,9.29,28.01
2026-05-15T15:50:07Z,2026-05-15T15:49:49Z,2026-05-15T15:49:49Z,PGA Championship,Aronimink Golf Club,2,23602,"Hojgaard, Nicolai",Fairways hit,7.5,-124,-116,68.77,4.03,11.25,2.3,13.48,9.9,27.86
2026-05-15T15:50:07Z,2026-05-15T15:49:49Z,2026-05-15T15:49:49Z,PGA Championship,Aronimink Golf Club,2,14796,"Hatton, Tyrrell",Fairways hit,8.5,118,-170,69.12,3.88,11.22,2.45,12.78,8.99,28.04
2026-05-15T15:50:07Z,2026-05-15T15:49:49Z,2026-05-15T15:49:49Z,PGA Championship,Aronimink Golf Club,2,16243,"Koepka, Brooks",Fairways hit,7.5,-110,-130,69.36,3.79,11.21,2.55,12.73,9.11,28.12
2026-05-15T15:50:07Z,2026-05-15T15:49:49Z,2026-05-15T15:49:49Z,PGA Championship,Aronimink Golf Club,2,24968,"Griffin, Ben",Fairways hit,8.5,100,-144,69,3.94,11.23,2.4,11.09,8.53,28.17
2026-05-15T15:50:07Z,2026-05-15T15:49:49Z,2026-05-15T15:49:49Z,PGA Championship,Aronimink Golf Club,2,15466,"Cantlay, Patrick",Fairways hit,8.5,122,-176,68.57,4.11,11.26,2.21,14.13,9.69,27.73
2026-05-15T15:50:07Z,2026-05-15T15:49:49Z,2026-05-15T15:49:49Z,PGA Championship,Aronimink Golf Club,2,19195,"Rahm, Jon",Fairways hit,8.5,110,-158,67.89,4.39,11.31,1.92,14.38,11.1,27.49
2026-05-15T15:50:07Z,2026-05-15T15:49:49Z,2026-05-15T15:49:49Z,PGA Championship,Aronimink Golf Club,2,10419,"Noren, Alex",Fairways hit,8.5,-146,102,69.07,3.9,11.23,2.43,12.36,8.52,28.07
2026-05-15T15:50:07Z,2026-05-15T15:49:49Z,2026-05-15T15:49:49Z,PGA Championship,Aronimink Golf Club,2,19895,"Schauffele, Xander",Fairways hit,7.5,-160,110,68.24,4.25,11.29,2.07,14.37,10.74,27.6
2026-05-15T15:50:07Z,2026-05-15T15:49:49Z,2026-05-15T15:49:49Z,PGA Championship,Aronimink Golf Club,2,14577,"English, Harris",Fairways hit,8.5,-126,-114,69.08,3.9,11.23,2.43,10.66,9.04,28.24
2026-05-15T15:50:07Z,2026-05-15T15:49:49Z,2026-05-15T15:49:49Z,PGA Championship,Aronimink Golf Club,2,21407,"Reitan, Kristoffer",Fairways hit,8.5,110,-158,69.11,3.89,11.23,2.44,10.76,9.77,28.24
2026-05-15T15:50:07Z,2026-05-15T15:49:49Z,2026-05-15T15:49:49Z,PGA Championship,Aronimink Golf Club,2,23950,"Aberg, Ludvig",Fairways hit,8.5,102,-146,68.2,4.26,11.29,2.05,14.37,10.51,27.59
2026-05-15T15:50:07Z,2026-05-15T15:49:49Z,2026-05-15T15:49:49Z,PGA Championship,Aronimink Golf Club,2,18634,"McNealy, Maverick",Fairways hit,7.5,-164,114,68.9,3.97,11.24,2.36,11.14,9.07,28.14
2026-05-15T15:50:07Z,2026-05-15T15:49:49Z,2026-05-15T15:49:49Z,PGA Championship,Aronimink Golf Club,2,26096,"Bhatia, Akshay",Fairways hit,5.5,-330,225,69.14,3.87,11.22,2.46,12.36,8,28.09
2026-05-15T15:50:07Z,2026-05-15T15:49:49Z,2026-05-15T15:49:49Z,PGA Championship,Aronimink Golf Club,2,13562,"Matsuyama, Hideki",Fairways hit,8.5,-340,230,69.13,3.88,11.22,2.45,13.06,7.99,28.02
2026-05-15T15:50:07Z,2026-05-15T15:49:49Z,2026-05-15T15:49:49Z,PGA Championship,Aronimink Golf Club,2,17536,"Spaun, J.J.",Fairways hit,6.5,-390,265,68.72,4.05,11.25,2.28,14.35,9.9,27.76
2026-05-15T15:50:07Z,2026-05-15T15:49:49Z,2026-05-15T15:49:49Z,PGA Championship,Aronimink Golf Club,2,14578,"Henley, Russell",Fairways hit,10.5,-102,-140,68.67,4.07,11.26,2.25,13.35,9.59,27.84
2026-05-15T15:50:07Z,2026-05-15T15:49:49Z,2026-05-15T15:49:49Z,PGA Championship,Aronimink Golf Club,2,14838,"Reed, Patrick",Fairways hit,7.5,-170,118,69.09,3.9,11.23,2.44,12.68,8.55,28.04
2026-05-15T15:50:07Z,2026-05-15T15:49:49Z,2026-05-15T15:49:49Z,PGA Championship,Aronimink Golf Club,2,18841,"Hovland, Viktor",Fairways hit,7.5,-118,-122,68.87,3.99,11.24,2.34,13.55,9.11,27.88
2026-05-15T15:50:07Z,2026-05-15T15:49:49Z,2026-05-15T15:49:49Z,PGA Championship,Aronimink Golf Club,2,22085,"Morikawa, Collin",Fairways hit,8.5,-180,126,68.58,4.11,11.26,2.21,14.35,9.6,27.71
2026-05-15T15:50:07Z,2026-05-15T15:49:49Z,2026-05-15T15:49:49Z,PGA Championship,Aronimink Golf Club,2,13900,"Lowry, Shane",Fairways hit,9.5,-198,138,69.13,3.88,11.22,2.45,13.28,8.81,27.99
2026-05-15T15:50:07Z,2026-05-15T15:49:49Z,2026-05-15T15:49:49Z,PGA Championship,Aronimink Golf Club,2,27774,"Gotterup, Chris",Fairways hit,7.5,-134,-108,68.84,4,11.24,2.33,12.14,9.75,28.01
2026-05-15T15:50:07Z,2026-05-15T15:49:49Z,2026-05-15T15:49:49Z,PGA Championship,Aronimink Golf Club,2,23323,"MacIntyre, Robert",Fairways hit,8.5,-108,-134,68.77,4.03,11.25,2.3,10.74,9.9,28.13
2026-05-15T15:50:07Z,2026-05-15T15:49:49Z,2026-05-15T15:49:49Z,PGA Championship,Aronimink Golf Club,2,12294,"Fleetwood, Tommy",Fairways hit,10.5,-148,102,68.48,4.15,11.27,2.17,13.63,10.03,27.75
2026-05-15T15:50:07Z,2026-05-15T15:49:49Z,2026-05-15T15:49:49Z,PGA Championship,Aronimink Golf Club,2,13872,"Bradley, Keegan",Fairways hit,10.5,172,-250,69.14,3.88,11.22,2.46,11.31,8.86,28.19
2026-05-15T15:50:07Z,2026-05-15T15:49:49Z,2026-05-15T15:49:49Z,PGA Championship,Aronimink Golf Club,2,26651,"Young, Cameron",Fairways hit,8.5,-205,142,67.98,4.35,11.31,1.96,14.37,10.88,27.52
2026-05-15T15:50:07Z,2026-05-15T15:49:49Z,2026-05-15T15:49:49Z,PGA Championship,Aronimink Golf Club,2,14139,"Thomas, Justin",Fairways hit,8.5,-154,106,68.98,3.94,11.23,2.39,12.3,8.87,28.04
2026-05-15T15:50:07Z,2026-05-15T15:49:49Z,2026-05-15T15:49:49Z,PGA Championship,Aronimink Golf Club,2,6093,"Rose, Justin",Fairways hit,7.5,-142,-102,69.33,3.8,11.21,2.54,12.48,8.65,28.14
2026-05-15T15:50:07Z,2026-05-15T15:49:49Z,2026-05-15T15:49:49Z,PGA Championship,Aronimink Golf Club,2,18417,"Scheffler, Scottie",Fairways hit,5.5,200,-290,67.29,4.64,11.36,1.65,14.4,11.4,27.29
2026-05-15T15:50:07Z,2026-05-15T15:49:49Z,2026-05-15T15:49:49Z,PGA Championship,Aronimink Golf Club,2,17646,"Fitzpatrick, Matt",Fairways hit,8.5,-205,140,68.3,4.22,11.28,2.09,14.36,9.88,27.62
2026-05-15T15:50:07Z,2026-05-15T15:49:49Z,2026-05-15T15:49:49Z,PGA Championship,Aronimink Golf Club,2,24968,"Griffin, Ben",Putts,30.5,-112,-124,69,3.94,11.23,2.4,11.09,8.53,28.17
2026-05-15T15:50:07Z,2026-05-15T15:49:49Z,2026-05-15T15:49:49Z,PGA Championship,Aronimink Golf Club,2,23950,"Aberg, Ludvig",Putts,30.5,-102,-134,68.2,4.26,11.29,2.05,14.37,10.51,27.59
2026-05-15T15:50:07Z,2026-05-15T15:49:49Z,2026-05-15T15:49:49Z,PGA Championship,Aronimink Golf Club,2,29433,"Bridgeman, Jacob",Putts,30.5,-102,-136,69.09,3.9,11.23,2.44,11.57,8.57,28.15
2026-05-15T15:50:07Z,2026-05-15T15:49:49Z,2026-05-15T15:49:49Z,PGA Championship,Aronimink Golf Club,2,10091,"McIlroy, Rory",Putts,30.5,-102,-134,68,4.34,11.3,1.97,14.37,11.27,27.52
2026-05-15T15:50:07Z,2026-05-15T15:49:49Z,2026-05-15T15:49:49Z,PGA Championship,Aronimink Golf Club,2,19195,"Rahm, Jon",Putts,30.5,-130,-106,67.89,4.39,11.31,1.92,14.38,11.1,27.49
2026-05-15T15:50:07Z,2026-05-15T15:49:49Z,2026-05-15T15:49:49Z,PGA Championship,Aronimink Golf Club,2,16243,"Koepka, Brooks",Putts,30.5,-122,-114,69.36,3.79,11.21,2.55,12.73,9.11,28.12
2026-05-15T15:50:07Z,2026-05-15T15:49:49Z,2026-05-15T15:49:49Z,PGA Championship,Aronimink Golf Club,2,10419,"Noren, Alex",Putts,30.5,-112,-124,69.07,3.9,11.23,2.43,12.36,8.52,28.07
2026-05-15T15:50:07Z,2026-05-15T15:49:49Z,2026-05-15T15:49:49Z,PGA Championship,Aronimink Golf Club,2,19895,"Schauffele, Xander",Putts,30.5,-118,-118,68.24,4.25,11.29,2.07,14.37,10.74,27.6
2026-05-15T15:50:07Z,2026-05-15T15:49:49Z,2026-05-15T15:49:49Z,PGA Championship,Aronimink Golf Club,2,16841,"Lee, Min Woo",Putts,30.5,102,-140,68.58,4.1,11.26,2.22,12.06,10.17,27.94
2026-05-15T15:50:07Z,2026-05-15T15:49:49Z,2026-05-15T15:49:49Z,PGA Championship,Aronimink Golf Club,2,17536,"Spaun, J.J.",Putts,34.5,106,-154,68.72,4.05,11.25,2.28,14.35,9.9,27.76
2026-05-15T15:50:07Z,2026-05-15T15:49:49Z,2026-05-15T15:49:49Z,PGA Championship,Aronimink Golf Club,2,13562,"Matsuyama, Hideki",Putts,28.5,132,-192,69.13,3.88,11.22,2.45,13.06,7.99,28.02
2026-05-15T15:50:07Z,2026-05-15T15:49:49Z,2026-05-15T15:49:49Z,PGA Championship,Aronimink Golf Club,2,14578,"Henley, Russell",Putts,31.5,150,-220,68.67,4.07,11.26,2.25,13.35,9.59,27.84
2026-05-15T15:50:07Z,2026-05-15T15:49:49Z,2026-05-15T15:49:49Z,PGA Championship,Aronimink Golf Club,2,22085,"Morikawa, Collin",Putts,30.5,-108,-136,68.58,4.11,11.26,2.21,14.35,9.6,27.71
2026-05-15T15:50:07Z,2026-05-15T15:49:49Z,2026-05-15T15:49:49Z,PGA Championship,Aronimink Golf Club,2,23323,"MacIntyre, Robert",Putts,29.5,-184,126,68.77,4.03,11.25,2.3,10.74,9.9,28.13
2026-05-15T15:50:07Z,2026-05-15T15:49:49Z,2026-05-15T15:49:49Z,PGA Championship,Aronimink Golf Club,2,12294,"Fleetwood, Tommy",Putts,32.5,-205,138,68.48,4.15,11.27,2.17,13.63,10.03,27.75
2026-05-15T15:50:07Z,2026-05-15T15:49:49Z,2026-05-15T15:49:49Z,PGA Championship,Aronimink Golf Club,2,27774,"Gotterup, Chris",Putts,31.5,134,-196,68.84,4,11.24,2.33,12.14,9.75,28.01
2026-05-15T15:50:07Z,2026-05-15T15:49:49Z,2026-05-15T15:49:49Z,PGA Championship,Aronimink Golf Club,2,26651,"Young, Cameron",Putts,28.5,-112,-130,67.98,4.35,11.31,1.96,14.37,10.88,27.52
2026-05-15T15:50:07Z,2026-05-15T15:49:49Z,2026-05-15T15:49:49Z,PGA Championship,Aronimink Golf Club,2,14139,"Thomas, Justin",Putts,27.5,-118,-124,68.98,3.94,11.23,2.39,12.3,8.87,28.04
2026-05-15T15:50:07Z,2026-05-15T15:49:49Z,2026-05-15T15:49:49Z,PGA Championship,Aronimink Golf Club,2,6093,"Rose, Justin",Putts,31.5,-114,-128,69.33,3.8,11.21,2.54,12.48,8.65,28.14
2026-05-15T15:50:07Z,2026-05-15T15:49:49Z,2026-05-15T15:49:49Z,PGA Championship,Aronimink Golf Club,2,17646,"Fitzpatrick, Matt",Putts,32.5,-110,-134,68.3,4.22,11.28,2.09,14.36,9.88,27.62
2026-05-15T15:50:07Z,2026-05-15T15:49:49Z,2026-05-15T15:49:49Z,PGA Championship,Aronimink Golf Club,2,18417,"Scheffler, Scottie",Putts,33.5,-110,-134,67.29,4.64,11.36,1.65,14.4,11.4,27.29
2026-05-15T15:50:07Z,2026-05-15T15:49:49Z,2026-05-15T15:49:49Z,PGA Championship,Aronimink Golf Club,2,23602,"Hojgaard, Nicolai",Total Score,71.5,-130,-104,68.77,4.03,11.25,2.3,13.48,9.9,27.86
2026-05-15T15:50:07Z,2026-05-15T15:49:49Z,2026-05-15T15:49:49Z,PGA Championship,Aronimink Golf Club,2,14796,"Hatton, Tyrrell",Total Score,71.5,-128,-105,69.12,3.88,11.22,2.45,12.78,8.99,28.04
2026-05-15T15:50:07Z,2026-05-15T15:49:49Z,2026-05-15T15:49:49Z,PGA Championship,Aronimink Golf Club,2,19195,"Rahm, Jon",Total Score,70.5,-132,-102,67.89,4.39,11.31,1.92,14.38,11.1,27.49
2026-05-15T15:50:07Z,2026-05-15T15:49:49Z,2026-05-15T15:49:49Z,PGA Championship,Aronimink Golf Club,2,24968,"Griffin, Ben",Total Score,71.5,-146,108,69,3.94,11.23,2.4,11.09,8.53,28.17
2026-05-15T15:50:07Z,2026-05-15T15:49:49Z,2026-05-15T15:49:49Z,PGA Championship,Aronimink Golf Club,2,16841,"Lee, Min Woo",Total Score,71.5,-130,-104,68.58,4.1,11.26,2.22,12.06,10.17,27.94
2026-05-15T15:50:07Z,2026-05-15T15:49:49Z,2026-05-15T15:49:49Z,PGA Championship,Aronimink Golf Club,2,18634,"McNealy, Maverick",Total Score,71.5,-150,112,68.9,3.97,11.24,2.36,11.14,9.07,28.14
2026-05-15T15:50:07Z,2026-05-15T15:49:49Z,2026-05-15T15:49:49Z,PGA Championship,Aronimink Golf Club,2,10091,"McIlroy, Rory",Total Score,70.5,-120,-112,68,4.34,11.3,1.97,14.37,11.27,27.52
2026-05-15T15:50:07Z,2026-05-15T15:49:49Z,2026-05-15T15:49:49Z,PGA Championship,Aronimink Golf Club,2,19895,"Schauffele, Xander",Total Score,70.5,-140,105,68.24,4.25,11.29,2.07,14.37,10.74,27.6
2026-05-15T15:50:07Z,2026-05-15T15:49:49Z,2026-05-15T15:49:49Z,PGA Championship,Aronimink Golf Club,2,15466,"Cantlay, Patrick",Total Score,71.5,-104,-130,68.57,4.11,11.26,2.21,14.13,9.69,27.73
2026-05-15T15:50:07Z,2026-05-15T15:49:49Z,2026-05-15T15:49:49Z,PGA Championship,Aronimink Golf Club,2,23950,"Aberg, Ludvig",Total Score,71.5,100,-136,68.2,4.26,11.29,2.05,14.37,10.51,27.59
2026-05-15T15:50:07Z,2026-05-15T15:49:49Z,2026-05-15T15:49:49Z,PGA Championship,Aronimink Golf Club,2,19841,"DeChambeau, Bryson",Total Score,71.5,-122,-112,68.67,4.07,11.26,2.26,12.31,10.83,27.94
2026-05-15T15:50:07Z,2026-05-15T15:49:49Z,2026-05-15T15:49:49Z,PGA Championship,Aronimink Golf Club,2,29433,"Bridgeman, Jacob",Total Score,72.5,-108,-124,69.09,3.9,11.23,2.44,11.57,8.57,28.15
2026-05-15T15:50:07Z,2026-05-15T15:49:49Z,2026-05-15T15:49:49Z,PGA Championship,Aronimink Golf Club,2,19483,"Burns, Sam",Total Score,71.5,-132,-102,68.87,3.99,11.24,2.34,11.54,9.29,28.09
2026-05-15T15:50:07Z,2026-05-15T15:49:49Z,2026-05-15T15:49:49Z,PGA Championship,Aronimink Golf Club,2,10419,"Noren, Alex",Total Score,72.5,-102,-134,69.07,3.9,11.23,2.43,12.36,8.52,28.07
2026-05-15T15:50:07Z,2026-05-15T15:49:49Z,2026-05-15T15:49:49Z,PGA Championship,Aronimink Golf Club,2,14636,"Spieth, Jordan",Total Score,71.5,-128,-105,69.08,3.9,11.23,2.43,11.86,9.13,28.12
2026-05-15T15:50:07Z,2026-05-15T15:49:49Z,2026-05-15T15:49:49Z,PGA Championship,Aronimink Golf Club,2,14577,"English, Harris",Total Score,72.5,115,-154,69.08,3.9,11.23,2.43,10.66,9.04,28.24
2026-05-15T15:50:07Z,2026-05-15T15:49:49Z,2026-05-15T15:49:49Z,PGA Championship,Aronimink Golf Club,2,12965,"Fowler, Rickie",Total Score,71.5,-120,-114,68.91,3.97,11.24,2.36,12.43,9.29,28.01
2026-05-15T15:50:07Z,2026-05-15T15:49:49Z,2026-05-15T15:49:49Z,PGA Championship,Aronimink Golf Club,2,16243,"Koepka, Brooks",Total Score,71.5,-110,-124,69.36,3.79,11.21,2.55,12.73,9.11,28.12
2026-05-15T15:50:07Z,2026-05-15T15:49:49Z,2026-05-15T15:49:49Z,PGA Championship,Aronimink Golf Club,2,21407,"Reitan, Kristoffer",Total Score,72.5,100,-134,69.11,3.89,11.23,2.44,10.76,9.77,28.24
2026-05-15T15:50:07Z,2026-05-15T15:49:49Z,2026-05-15T15:49:49Z,PGA Championship,Aronimink Golf Club,2,26096,"Bhatia, Akshay",Total Score,73.5,-310,210,69.14,3.87,11.22,2.46,12.36,8,28.09
2026-05-15T15:50:07Z,2026-05-15T15:49:49Z,2026-05-15T15:49:49Z,PGA Championship,Aronimink Golf Club,2,17536,"Spaun, J.J.",Total Score,75.5,194,-275,68.72,4.05,11.25,2.28,14.35,9.9,27.76
2026-05-15T15:50:07Z,2026-05-15T15:49:49Z,2026-05-15T15:49:49Z,PGA Championship,Aronimink Golf Club,2,13562,"Matsuyama, Hideki",Total Score,67.5,-230,160,69.13,3.88,11.22,2.45,13.06,7.99,28.02
2026-05-15T15:50:07Z,2026-05-15T15:49:49Z,2026-05-15T15:49:49Z,PGA Championship,Aronimink Golf Club,2,14578,"Henley, Russell",Total Score,73.5,142,-205,68.67,4.07,11.26,2.25,13.35,9.59,27.84
2026-05-15T15:50:07Z,2026-05-15T15:49:49Z,2026-05-15T15:49:49Z,PGA Championship,Aronimink Golf Club,2,14838,"Reed, Patrick",Total Score,70.5,-180,126,69.09,3.9,11.23,2.44,12.68,8.55,28.04
2026-05-15T15:50:07Z,2026-05-15T15:49:49Z,2026-05-15T15:49:49Z,PGA Championship,Aronimink Golf Club,2,18841,"Hovland, Viktor",Total Score,73.5,-108,-154,68.87,3.99,11.24,2.34,13.55,9.11,27.88
2026-05-15T15:50:07Z,2026-05-15T15:49:49Z,2026-05-15T15:49:49Z,PGA Championship,Aronimink Golf Club,2,22085,"Morikawa, Collin",Total Score,73.5,108,-156,68.58,4.11,11.26,2.21,14.35,9.6,27.71
2026-05-15T15:50:07Z,2026-05-15T15:49:49Z,2026-05-15T15:49:49Z,PGA Championship,Aronimink Golf Club,2,13900,"Lowry, Shane",Total Score,74.5,106,-152,69.13,3.88,11.22,2.45,13.28,8.81,27.99
2026-05-15T15:50:07Z,2026-05-15T15:49:49Z,2026-05-15T15:49:49Z,PGA Championship,Aronimink Golf Club,2,23323,"MacIntyre, Robert",Total Score,72.5,-134,-106,68.77,4.03,11.25,2.3,10.74,9.9,28.13
2026-05-15T15:50:07Z,2026-05-15T15:49:49Z,2026-05-15T15:49:49Z,PGA Championship,Aronimink Golf Club,2,27774,"Gotterup, Chris",Total Score,69.5,100,-142,68.84,4,11.24,2.33,12.14,9.75,28.01
2026-05-15T15:50:07Z,2026-05-15T15:49:49Z,2026-05-15T15:49:49Z,PGA Championship,Aronimink Golf Club,2,12294,"Fleetwood, Tommy",Total Score,73.5,136,-194,68.48,4.15,11.27,2.17,13.63,10.03,27.75
2026-05-15T15:50:07Z,2026-05-15T15:49:49Z,2026-05-15T15:49:49Z,PGA Championship,Aronimink Golf Club,2,26651,"Young, Cameron",Total Score,69.5,-154,108,67.98,4.35,11.31,1.96,14.37,10.88,27.52
2026-05-15T15:50:07Z,2026-05-15T15:49:49Z,2026-05-15T15:49:49Z,PGA Championship,Aronimink Golf Club,2,13872,"Bradley, Keegan",Total Score,72.5,100,-144,69.14,3.88,11.22,2.46,11.31,8.86,28.19
2026-05-15T15:50:07Z,2026-05-15T15:49:49Z,2026-05-15T15:49:49Z,PGA Championship,Aronimink Golf Club,2,14139,"Thomas, Justin",Total Score,71.5,118,-168,68.98,3.94,11.23,2.39,12.3,8.87,28.04
2026-05-15T15:50:07Z,2026-05-15T15:49:49Z,2026-05-15T15:49:49Z,PGA Championship,Aronimink Golf Club,2,18417,"Scheffler, Scottie",Total Score,70.5,-184,128,67.29,4.64,11.36,1.65,14.4,11.4,27.29
2026-05-15T15:50:07Z,2026-05-15T15:49:49Z,2026-05-15T15:49:49Z,PGA Championship,Aronimink Golf Club,2,6093,"Rose, Justin",Total Score,74.5,120,-174,69.33,3.8,11.21,2.54,12.48,8.65,28.14
2026-05-15T15:50:07Z,2026-05-15T15:49:49Z,2026-05-15T15:49:49Z,PGA Championship,Aronimink Golf Club,2,17646,"Fitzpatrick, Matt",Total Score,70.5,-112,-128,68.3,4.22,11.28,2.09,14.36,9.88,27.62
2026-05-15T15:57:59Z,2026-05-15T15:57:41Z,2026-05-15T15:57:41Z,PGA Championship,Aronimink Golf Club,2,8825,"Harman, Brian",Birdies,2.5,100,-142,69.49,3.73,11.2,2.61,11.45,7.88,28.29
2026-05-15T15:57:59Z,2026-05-15T15:57:41Z,2026-05-15T15:57:41Z,PGA Championship,Aronimink Golf Club,2,16394,"Jaeger, Stephan",Birdies,2.5,106,-150,70.07,3.49,11.16,2.86,9.04,6.97,28.72
2026-05-15T15:57:59Z,2026-05-15T15:57:41Z,2026-05-15T15:57:41Z,PGA Championship,Aronimink Golf Club,2,,John Keefer,Birdies,2.5,108,-154,,,,,,,
2026-05-15T15:57:59Z,2026-05-15T15:57:41Z,2026-05-15T15:57:41Z,PGA Championship,Aronimink Golf Club,2,14502,"Cauley, Bud",Birdies,2.5,108,-152,69.33,3.8,11.21,2.54,12.51,8.78,28.14
2026-05-15T15:57:59Z,2026-05-15T15:57:41Z,2026-05-15T15:57:41Z,PGA Championship,Aronimink Golf Club,2,14796,"Hatton, Tyrrell",Birdies,2.5,-146,104,69.12,3.88,11.22,2.45,12.78,8.99,28.04
2026-05-15T15:57:59Z,2026-05-15T15:57:41Z,2026-05-15T15:57:41Z,PGA Championship,Aronimink Golf Club,2,14636,"Spieth, Jordan",Birdies,2.5,-170,120,69.08,3.9,11.23,2.43,11.86,9.13,28.12
2026-05-15T15:57:59Z,2026-05-15T15:57:41Z,2026-05-15T15:57:41Z,PGA Championship,Aronimink Golf Club,2,9771,"Day, Jason",Birdies,2.5,-118,-120,69.46,3.74,11.2,2.6,9.63,7.96,28.46
2026-05-15T15:57:59Z,2026-05-15T15:57:41Z,2026-05-15T15:57:41Z,PGA Championship,Aronimink Golf Club,2,16841,"Lee, Min Woo",Birdies,2.5,-136,-104,68.58,4.1,11.26,2.22,12.06,10.17,27.94
2026-05-15T15:57:59Z,2026-05-15T15:57:41Z,2026-05-15T15:57:41Z,PGA Championship,Aronimink Golf Club,2,23465,"Greyserman, Max",Birdies,2.5,-110,-130,69.88,3.57,11.17,2.78,9.72,7.21,28.59
2026-05-15T15:57:59Z,2026-05-15T15:57:41Z,2026-05-15T15:57:41Z,PGA Championship,Aronimink Golf Club,2,28984,"Puig, David",Birdies,2.5,-142,100,69.16,3.87,11.22,2.47,9.87,9.63,28.35
2026-05-15T15:57:59Z,2026-05-15T15:57:41Z,2026-05-15T15:57:41Z,PGA Championship,Aronimink Golf Club,2,12965,"Fowler, Rickie",Birdies,2.5,-132,-106,68.91,3.97,11.24,2.36,12.43,9.29,28.01
2026-05-15T15:57:59Z,2026-05-15T15:57:41Z,2026-05-15T15:57:41Z,PGA Championship,Aronimink Golf Club,2,23950,"Aberg, Ludvig",Birdies,3.5,112,-160,68.2,4.26,11.29,2.05,14.37,10.51,27.59
2026-05-15T15:57:59Z,2026-05-15T15:57:41Z,2026-05-15T15:57:41Z,PGA Championship,Aronimink Golf Club,2,29433,"Bridgeman, Jacob",Birdies,2.5,-108,-132,69.09,3.9,11.23,2.44,11.57,8.57,28.15
2026-05-15T15:57:59Z,2026-05-15T15:57:41Z,2026-05-15T15:57:41Z,PGA Championship,Aronimink Golf Club,2,23014,"Theegala, Sahith",Birdies,2.5,-110,-128,69.48,3.74,11.2,2.61,11.26,7.98,28.31
2026-05-15T15:57:59Z,2026-05-15T15:57:41Z,2026-05-15T15:57:41Z,PGA Championship,Aronimink Golf Club,2,19483,"Burns, Sam",Birdies,2.5,-150,106,68.87,3.99,11.24,2.34,11.54,9.29,28.09
2026-05-15T15:57:59Z,2026-05-15T15:57:41Z,2026-05-15T15:57:41Z,PGA Championship,Aronimink Golf Club,2,19195,"Rahm, Jon",Birdies,3.5,108,-154,67.89,4.39,11.31,1.92,14.38,11.1,27.49
2026-05-15T15:57:59Z,2026-05-15T15:57:41Z,2026-05-15T15:57:41Z,PGA Championship,Aronimink Golf Club,2,15466,"Cantlay, Patrick",Birdies,2.5,-128,-110,68.57,4.11,11.26,2.21,14.13,9.69,27.73
2026-05-15T15:57:59Z,2026-05-15T15:57:41Z,2026-05-15T15:57:41Z,PGA Championship,Aronimink Golf Club,2,14577,"English, Harris",Birdies,2.5,-114,-124,69.08,3.9,11.23,2.43,10.66,9.04,28.24
2026-05-15T15:57:59Z,2026-05-15T15:57:41Z,2026-05-15T15:57:41Z,PGA Championship,Aronimink Golf Club,2,23602,"Hojgaard, Nicolai",Birdies,2.5,-148,105,68.77,4.03,11.25,2.3,13.48,9.9,27.86
2026-05-15T15:57:59Z,2026-05-15T15:57:41Z,2026-05-15T15:57:41Z,PGA Championship,Aronimink Golf Club,2,10419,"Noren, Alex",Birdies,2.5,-104,-136,69.07,3.9,11.23,2.43,12.36,8.52,28.07
2026-05-15T15:57:59Z,2026-05-15T15:57:41Z,2026-05-15T15:57:41Z,PGA Championship,Aronimink Golf Club,2,23604,"Clark, Wyndham",Birdies,2.5,-108,-130,69.33,3.8,11.21,2.54,11.52,8.39,28.23
2026-05-15T15:57:59Z,2026-05-15T15:57:41Z,2026-05-15T15:57:41Z,PGA Championship,Aronimink Golf Club,2,19895,"Schauffele, Xander",Birdies,2.5,-168,118,68.24,4.25,11.29,2.07,14.37,10.74,27.6
2026-05-15T15:57:59Z,2026-05-15T15:57:41Z,2026-05-15T15:57:41Z,PGA Championship,Aronimink Golf Club,2,21407,"Reitan, Kristoffer",Birdies,2.5,-122,-116,69.11,3.89,11.23,2.44,10.76,9.77,28.24
2026-05-15T15:57:59Z,2026-05-15T15:57:41Z,2026-05-15T15:57:41Z,PGA Championship,Aronimink Golf Club,2,16243,"Koepka, Brooks",Birdies,3.5,124,-175,69.36,3.79,11.21,2.55,12.73,9.11,28.12
2026-05-15T15:57:59Z,2026-05-15T15:57:41Z,2026-05-15T15:57:41Z,PGA Championship,Aronimink Golf Club,2,14181,"Detry, Thomas",Birdies,2.5,-114,-124,69.1,3.89,11.23,2.44,11.83,8.91,28.13
2026-05-15T15:57:59Z,2026-05-15T15:57:41Z,2026-05-15T15:57:41Z,PGA Championship,Aronimink Golf Club,2,27900,"Potgieter, Aldrich",Birdies,2.5,-148,104,69.92,3.56,11.17,2.79,9.53,9.19,28.62
2026-05-15T15:57:59Z,2026-05-15T15:57:41Z,2026-05-15T15:57:41Z,PGA Championship,Aronimink Golf Club,2,10091,"McIlroy, Rory",Birdies,3.5,-110,-128,68,4.34,11.3,1.97,14.37,11.27,27.52
2026-05-15T15:57:59Z,2026-05-15T15:57:41Z,2026-05-15T15:57:41Z,PGA Championship,Aronimink Golf Club,2,18634,"McNealy, Maverick",Birdies,2.5,-116,-122,68.9,3.97,11.24,2.36,11.14,9.07,28.14
2026-05-15T15:57:59Z,2026-05-15T15:57:41Z,2026-05-15T15:57:41Z,PGA Championship,Aronimink Golf Club,2,12577,"Woodland, Gary",Birdies,2.5,-154,108,69.35,3.79,11.21,2.55,11.79,9.45,28.21
2026-05-15T15:57:59Z,2026-05-15T15:57:41Z,2026-05-15T15:57:41Z,PGA Championship,Aronimink Golf Club,2,24968,"Griffin, Ben",Birdies,2.5,-118,-120,69,3.94,11.23,2.4,11.09,8.53,28.17
2026-05-15T15:57:59Z,2026-05-15T15:57:41Z,2026-05-15T15:57:41Z,PGA Championship,Aronimink Golf Club,2,19841,"DeChambeau, Bryson",Birdies,3.5,124,-175,68.67,4.07,11.26,2.26,12.31,10.83,27.94
2026-05-15T15:57:59Z,2026-05-15T15:57:41Z,2026-05-15T15:57:41Z,PGA Championship,Aronimink Golf Club,2,23838,"Hojgaard, Rasmus",Birdies,3.5,740,-1200,69.54,3.71,11.19,2.63,10.55,8.42,28.4
2026-05-15T15:57:59Z,2026-05-15T15:57:41Z,2026-05-15T15:57:41Z,PGA Championship,Aronimink Golf Club,2,26096,"Bhatia, Akshay",Birdies,1.5,375,-575,69.14,3.87,11.22,2.46,12.36,8,28.09
2026-05-15T15:57:59Z,2026-05-15T15:57:41Z,2026-05-15T15:57:41Z,PGA Championship,Aronimink Golf Club,2,13562,"Matsuyama, Hideki",Birdies,4.5,130,-194,69.13,3.88,11.22,2.45,13.06,8,28.02
2026-05-15T15:57:59Z,2026-05-15T15:57:41Z,2026-05-15T15:57:41Z,PGA Championship,Aronimink Golf Club,2,17536,"Spaun, J.J.",Birdies,1.5,120,-180,68.72,4.05,11.25,2.28,14.35,9.9,27.76
2026-05-15T15:57:59Z,2026-05-15T15:57:41Z,2026-05-15T15:57:41Z,PGA Championship,Aronimink Golf Club,2,17538,"Homa, Max",Birdies,1.5,1950,-4500,69.72,3.64,11.18,2.71,9.62,8,28.55
2026-05-15T15:57:59Z,2026-05-15T15:57:41Z,2026-05-15T15:57:41Z,PGA Championship,Aronimink Golf Club,2,14578,"Henley, Russell",Birdies,2.5,-104,-146,68.67,4.07,11.26,2.25,13.35,9.59,27.84
2026-05-15T15:57:59Z,2026-05-15T15:57:41Z,2026-05-15T15:57:41Z,PGA Championship,Aronimink Golf Club,2,21554,"Poston, J.T.",Birdies,2.5,110,-166,69.41,3.76,11.2,2.58,11.51,8.7,28.26
2026-05-15T15:57:59Z,2026-05-15T15:57:41Z,2026-05-15T15:57:41Z,PGA Championship,Aronimink Golf Club,2,18586,"Smith, Jordan",Birdies,1.5,700,-1100,69.31,3.81,11.21,2.53,11.92,9.58,28.19
2026-05-15T15:57:59Z,2026-05-15T15:57:41Z,2026-05-15T15:57:41Z,PGA Championship,Aronimink Golf Club,2,13126,"Taylor, Nick",Birdies,1.5,690,-1100,69.28,3.82,11.21,2.52,12.33,8.15,28.14
2026-05-15T15:57:59Z,2026-05-15T15:57:41Z,2026-05-15T15:57:41Z,PGA Championship,Aronimink Golf Club,2,23841,"Neergaard-Petersen, Rasmus",Birdies,1.5,-115,-130,69.72,3.64,11.18,2.71,10.38,8.85,28.47
2026-05-15T15:57:59Z,2026-05-15T15:57:41Z,2026-05-15T15:57:41Z,PGA Championship,Aronimink Golf Club,2,17606,"Berger, Daniel",Birdies,3.5,-118,-128,69.5,3.73,11.2,2.61,12.47,8.71,28.19
2026-05-15T15:57:59Z,2026-05-15T15:57:41Z,2026-05-15T15:57:41Z,PGA Championship,Aronimink Golf Club,2,17576,"Conners, Corey",Birdies,1.5,-130,-116,69.36,3.78,11.21,2.55,12.2,8.41,28.18
2026-05-15T15:57:59Z,2026-05-15T15:57:41Z,2026-05-15T15:57:41Z,PGA Championship,Aronimink Golf Club,2,6430,"Scott, Adam",Birdies,1.5,-174,116,68.84,4,11.24,2.33,14.34,9.59,27.8
2026-05-15T15:57:59Z,2026-05-15T15:57:41Z,2026-05-15T15:57:41Z,PGA Championship,Aronimink Golf Club,2,28309,"Coody, Pierceson",Birdies,2.5,-134,-112,69.24,3.84,11.22,2.5,11.8,9.68,28.18
2026-05-15T15:57:59Z,2026-05-15T15:57:41Z,2026-05-15T15:57:41Z,PGA Championship,Aronimink Golf Club,2,14838,"Reed, Patrick",Birdies,1.5,-146,-104,69.09,3.9,11.23,2.44,12.68,8.55,28.04
2026-05-15T15:57:59Z,2026-05-15T15:57:41Z,2026-05-15T15:57:41Z,PGA Championship,Aronimink Golf Club,2,22085,"Morikawa, Collin",Birdies,1.5,-240,158,68.58,4.11,11.26,2.21,14.35,9.6,27.71
2026-05-15T15:57:59Z,2026-05-15T15:57:41Z,2026-05-15T15:57:41Z,PGA Championship,Aronimink Golf Club,2,18841,"Hovland, Viktor",Birdies,2.5,-235,156,68.87,3.99,11.24,2.34,13.55,9.1,27.88
2026-05-15T15:57:59Z,2026-05-15T15:57:41Z,2026-05-15T15:57:41Z,PGA Championship,Aronimink Golf Club,2,13900,"Lowry, Shane",Birdies,1.5,240,-370,69.13,3.88,11.22,2.45,13.28,8.81,27.99
2026-05-15T15:57:59Z,2026-05-15T15:57:41Z,2026-05-15T15:57:41Z,PGA Championship,Aronimink Golf Club,2,23323,"MacIntyre, Robert",Birdies,3.5,-235,156,68.77,4.03,11.25,2.3,10.74,9.9,28.13
2026-05-15T15:57:59Z,2026-05-15T15:57:41Z,2026-05-15T15:57:41Z,PGA Championship,Aronimink Golf Club,2,12294,"Fleetwood, Tommy",Birdies,1.5,138,-210,68.48,4.15,11.27,2.17,13.63,10.03,27.75
2026-05-15T15:57:59Z,2026-05-15T15:57:41Z,2026-05-15T15:57:41Z,PGA Championship,Aronimink Golf Club,2,27774,"Gotterup, Chris",Birdies,3.5,138,-210,68.84,4,11.24,2.33,12.14,9.75,28.01
2026-05-15T15:57:59Z,2026-05-15T15:57:41Z,2026-05-15T15:57:41Z,PGA Championship,Aronimink Golf Club,2,26651,"Young, Cameron",Birdies,2.5,-122,-124,67.98,4.35,11.31,1.96,14.37,10.88,27.52
2026-05-15T15:57:59Z,2026-05-15T15:57:41Z,2026-05-15T15:57:41Z,PGA Championship,Aronimink Golf Club,2,13872,"Bradley, Keegan",Birdies,1.5,-115,-130,69.14,3.88,11.22,2.46,11.31,8.86,28.19
2026-05-15T15:57:59Z,2026-05-15T15:57:41Z,2026-05-15T15:57:41Z,PGA Championship,Aronimink Golf Club,2,14139,"Thomas, Justin",Birdies,3.5,116,-174,68.98,3.94,11.23,2.39,12.3,8.87,28.04
2026-05-15T15:57:59Z,2026-05-15T15:57:41Z,2026-05-15T15:57:41Z,PGA Championship,Aronimink Golf Club,2,23816,"Valimaki, Sami",Birdies,2.5,-156,104,69.98,3.53,11.16,2.82,10.36,7.27,28.56
2026-05-15T15:57:59Z,2026-05-15T15:57:41Z,2026-05-15T15:57:41Z,PGA Championship,Aronimink Golf Club,2,18554,"Rai, Aaron",Birdies,3.5,-168,112,69.38,3.78,11.21,2.56,12.59,8.64,28.14
2026-05-15T15:57:59Z,2026-05-15T15:57:41Z,2026-05-15T15:57:41Z,PGA Championship,Aronimink Golf Club,2,18417,"Scheffler, Scottie",Birdies,2.5,-164,110,67.29,4.64,11.36,1.65,14.4,11.4,27.29
2026-05-15T15:57:59Z,2026-05-15T15:57:41Z,2026-05-15T15:57:41Z,PGA Championship,Aronimink Golf Club,2,6093,"Rose, Justin",Birdies,3.5,-118,-128,69.33,3.8,11.21,2.54,12.48,8.65,28.14
2026-05-15T15:57:59Z,2026-05-15T15:57:41Z,2026-05-15T15:57:41Z,PGA Championship,Aronimink Golf Club,2,17646,"Fitzpatrick, Matt",Birdies,4.5,-102,-148,68.3,4.22,11.28,2.09,14.36,9.88,27.62
2026-05-15T15:57:59Z,2026-05-15T15:57:41Z,2026-05-15T15:57:41Z,PGA Championship,Aronimink Golf Club,2,19483,"Burns, Sam",Pars,11.5,108,-154,68.87,3.99,11.24,2.34,11.54,9.29,28.09
2026-05-15T15:57:59Z,2026-05-15T15:57:41Z,2026-05-15T15:57:41Z,PGA Championship,Aronimink Golf Club,2,14796,"Hatton, Tyrrell",Pars,11.5,100,-142,69.12,3.88,11.22,2.45,12.78,8.99,28.04
2026-05-15T15:57:59Z,2026-05-15T15:57:41Z,2026-05-15T15:57:41Z,PGA Championship,Aronimink Golf Club,2,16841,"Lee, Min Woo",Pars,11.5,-110,-130,68.58,4.1,11.26,2.22,12.06,10.17,27.94
2026-05-15T15:57:59Z,2026-05-15T15:57:41Z,2026-05-15T15:57:41Z,PGA Championship,Aronimink Golf Club,2,21407,"Reitan, Kristoffer",Pars,11.5,115,-162,69.11,3.89,11.23,2.44,10.76,9.77,28.24
2026-05-15T15:57:59Z,2026-05-15T15:57:41Z,2026-05-15T15:57:41Z,PGA Championship,Aronimink Golf Club,2,19195,"Rahm, Jon",Pars,11.5,115,-162,67.89,4.39,11.31,1.92,14.38,11.1,27.49
2026-05-15T15:57:59Z,2026-05-15T15:57:41Z,2026-05-15T15:57:41Z,PGA Championship,Aronimink Golf Club,2,14636,"Spieth, Jordan",Pars,11.5,124,-174,69.08,3.9,11.23,2.43,11.86,9.13,28.12
2026-05-15T15:57:59Z,2026-05-15T15:57:41Z,2026-05-15T15:57:41Z,PGA Championship,Aronimink Golf Club,2,10419,"Noren, Alex",Pars,11.5,-106,-134,69.07,3.9,11.23,2.43,12.36,8.52,28.07
2026-05-15T15:57:59Z,2026-05-15T15:57:41Z,2026-05-15T15:57:41Z,PGA Championship,Aronimink Golf Club,2,14577,"English, Harris",Pars,11.5,-112,-126,69.08,3.9,11.23,2.43,10.66,9.04,28.24
2026-05-15T15:57:59Z,2026-05-15T15:57:41Z,2026-05-15T15:57:41Z,PGA Championship,Aronimink Golf Club,2,19895,"Schauffele, Xander",Pars,11.5,-148,105,68.24,4.25,11.29,2.07,14.37,10.74,27.6
2026-05-15T15:57:59Z,2026-05-15T15:57:41Z,2026-05-15T15:57:41Z,PGA Championship,Aronimink Golf Club,2,16243,"Koepka, Brooks",Pars,10.5,-144,102,69.36,3.79,11.21,2.55,12.73,9.11,28.12
2026-05-15T15:57:59Z,2026-05-15T15:57:41Z,2026-05-15T15:57:41Z,PGA Championship,Aronimink Golf Club,2,24968,"Griffin, Ben",Pars,11.5,-115,-122,69,3.94,11.23,2.4,11.09,8.53,28.17
2026-05-15T15:57:59Z,2026-05-15T15:57:41Z,2026-05-15T15:57:41Z,PGA Championship,Aronimink Golf Club,2,18634,"McNealy, Maverick",Pars,11.5,-112,-125,68.9,3.97,11.24,2.36,11.14,9.07,28.14
2026-05-15T15:57:59Z,2026-05-15T15:57:41Z,2026-05-15T15:57:41Z,PGA Championship,Aronimink Golf Club,2,10091,"McIlroy, Rory",Pars,10.5,-162,115,68,4.34,11.3,1.97,14.37,11.27,27.52
2026-05-15T15:57:59Z,2026-05-15T15:57:41Z,2026-05-15T15:57:41Z,PGA Championship,Aronimink Golf Club,2,23950,"Aberg, Ludvig",Pars,10.5,-144,102,68.2,4.26,11.29,2.05,14.37,10.51,27.59
2026-05-15T15:57:59Z,2026-05-15T15:57:41Z,2026-05-15T15:57:41Z,PGA Championship,Aronimink Golf Club,2,23602,"Hojgaard, Nicolai",Pars,11.5,104,-146,68.77,4.03,11.25,2.3,13.48,9.9,27.86
2026-05-15T15:57:59Z,2026-05-15T15:57:41Z,2026-05-15T15:57:41Z,PGA Championship,Aronimink Golf Club,2,12965,"Fowler, Rickie",Pars,11.5,-125,-112,68.91,3.97,11.24,2.36,12.43,9.29,28.01
2026-05-15T15:57:59Z,2026-05-15T15:57:41Z,2026-05-15T15:57:41Z,PGA Championship,Aronimink Golf Club,2,15466,"Cantlay, Patrick",Pars,11.5,-156,110,68.57,4.11,11.26,2.21,14.13,9.69,27.73
2026-05-15T15:57:59Z,2026-05-15T15:57:41Z,2026-05-15T15:57:41Z,PGA Championship,Aronimink Golf Club,2,26096,"Bhatia, Akshay",Pars,11.5,-275,182,69.14,3.87,11.22,2.46,12.36,8,28.09
2026-05-15T15:57:59Z,2026-05-15T15:57:41Z,2026-05-15T15:57:41Z,PGA Championship,Aronimink Golf Club,2,13562,"Matsuyama, Hideki",Pars,12.5,146,-220,69.13,3.88,11.22,2.45,13.06,8,28.02
2026-05-15T15:57:59Z,2026-05-15T15:57:41Z,2026-05-15T15:57:41Z,PGA Championship,Aronimink Golf Club,2,17536,"Spaun, J.J.",Pars,10.5,172,-260,68.72,4.05,11.25,2.28,14.35,9.9,27.76
2026-05-15T15:57:59Z,2026-05-15T15:57:41Z,2026-05-15T15:57:41Z,PGA Championship,Aronimink Golf Club,2,14578,"Henley, Russell",Pars,8.5,-275,180,68.67,4.07,11.26,2.25,13.35,9.59,27.84
2026-05-15T15:57:59Z,2026-05-15T15:57:41Z,2026-05-15T15:57:41Z,PGA Championship,Aronimink Golf Club,2,14838,"Reed, Patrick",Pars,14.5,138,-210,69.09,3.9,11.23,2.44,12.68,8.55,28.04
2026-05-15T15:57:59Z,2026-05-15T15:57:41Z,2026-05-15T15:57:41Z,PGA Championship,Aronimink Golf Club,2,22085,"Morikawa, Collin",Pars,10.5,-240,158,68.58,4.11,11.26,2.21,14.35,9.6,27.71
2026-05-15T15:57:59Z,2026-05-15T15:57:41Z,2026-05-15T15:57:41Z,PGA Championship,Aronimink Golf Club,2,13900,"Lowry, Shane",Pars,12.5,-230,154,69.13,3.88,11.22,2.45,13.28,8.81,27.99
2026-05-15T15:57:59Z,2026-05-15T15:57:41Z,2026-05-15T15:57:41Z,PGA Championship,Aronimink Golf Club,2,23323,"MacIntyre, Robert",Pars,7.5,158,-240,68.77,4.03,11.25,2.3,10.74,9.9,28.13
2026-05-15T15:57:59Z,2026-05-15T15:57:41Z,2026-05-15T15:57:41Z,PGA Championship,Aronimink Golf Club,2,12294,"Fleetwood, Tommy",Pars,13.5,-156,105,68.48,4.15,11.27,2.17,13.63,10.03,27.75
2026-05-15T15:57:59Z,2026-05-15T15:57:41Z,2026-05-15T15:57:41Z,PGA Championship,Aronimink Golf Club,2,27774,"Gotterup, Chris",Pars,12.5,-108,-138,68.84,4,11.24,2.33,12.14,9.75,28.01
2026-05-15T15:57:59Z,2026-05-15T15:57:41Z,2026-05-15T15:57:41Z,PGA Championship,Aronimink Golf Club,2,26651,"Young, Cameron",Pars,13.5,126,-188,67.98,4.35,11.31,1.96,14.37,10.88,27.52
2026-05-15T15:57:59Z,2026-05-15T15:57:41Z,2026-05-15T15:57:41Z,PGA Championship,Aronimink Golf Club,2,14139,"Thomas, Justin",Pars,9.5,-148,-102,68.98,3.94,11.23,2.39,12.3,8.87,28.04
2026-05-15T15:57:59Z,2026-05-15T15:57:41Z,2026-05-15T15:57:41Z,PGA Championship,Aronimink Golf Club,2,18417,"Scheffler, Scottie",Pars,11.5,118,-178,67.29,4.64,11.36,1.65,14.4,11.4,27.29
2026-05-15T15:57:59Z,2026-05-15T15:57:41Z,2026-05-15T15:57:41Z,PGA Championship,Aronimink Golf Club,2,6093,"Rose, Justin",Pars,8.5,-170,114,69.33,3.8,11.21,2.54,12.48,8.65,28.14
2026-05-15T15:57:59Z,2026-05-15T15:57:41Z,2026-05-15T15:57:41Z,PGA Championship,Aronimink Golf Club,2,17646,"Fitzpatrick, Matt",Pars,10.5,102,-154,68.3,4.22,11.28,2.09,14.36,9.88,27.62
2026-05-15T15:57:59Z,2026-05-15T15:57:41Z,2026-05-15T15:57:41Z,PGA Championship,Aronimink Golf Club,2,14577,"English, Harris",Bogeys,3.5,-182,128,69.08,3.9,11.23,2.43,10.66,9.04,28.24
2026-05-15T15:57:59Z,2026-05-15T15:57:41Z,2026-05-15T15:57:41Z,PGA Championship,Aronimink Golf Club,2,24968,"Griffin, Ben",Bogeys,3.5,-172,122,69,3.94,11.23,2.4,11.09,8.53,28.17
2026-05-15T15:57:59Z,2026-05-15T15:57:41Z,2026-05-15T15:57:41Z,PGA Championship,Aronimink Golf Club,2,12965,"Fowler, Rickie",Bogeys,3.5,-140,-102,68.91,3.97,11.24,2.36,12.43,9.29,28.01
2026-05-15T15:57:59Z,2026-05-15T15:57:41Z,2026-05-15T15:57:41Z,PGA Championship,Aronimink Golf Club,2,16841,"Lee, Min Woo",Bogeys,3.5,-162,114,68.58,4.1,11.26,2.22,12.06,10.17,27.94
2026-05-15T15:57:59Z,2026-05-15T15:57:41Z,2026-05-15T15:57:41Z,PGA Championship,Aronimink Golf Club,2,23602,"Hojgaard, Nicolai",Bogeys,3.5,-174,124,68.77,4.03,11.25,2.3,13.48,9.9,27.86
2026-05-15T15:57:59Z,2026-05-15T15:57:41Z,2026-05-15T15:57:41Z,PGA Championship,Aronimink Golf Club,2,23950,"Aberg, Ludvig",Bogeys,3.5,-172,122,68.2,4.26,11.29,2.05,14.37,10.51,27.59
2026-05-15T15:57:59Z,2026-05-15T15:57:41Z,2026-05-15T15:57:41Z,PGA Championship,Aronimink Golf Club,2,19895,"Schauffele, Xander",Bogeys,3.5,108,-154,68.24,4.25,11.29,2.07,14.37,10.74,27.6
2026-05-15T15:57:59Z,2026-05-15T15:57:41Z,2026-05-15T15:57:41Z,PGA Championship,Aronimink Golf Club,2,19195,"Rahm, Jon",Bogeys,3.5,-120,-118,67.89,4.39,11.31,1.92,14.38,11.1,27.49
2026-05-15T15:57:59Z,2026-05-15T15:57:41Z,2026-05-15T15:57:41Z,PGA Championship,Aronimink Golf Club,2,15466,"Cantlay, Patrick",Bogeys,3.5,-112,-128,68.57,4.11,11.26,2.21,14.13,9.69,27.73
2026-05-15T15:57:59Z,2026-05-15T15:57:41Z,2026-05-15T15:57:41Z,PGA Championship,Aronimink Golf Club,2,10091,"McIlroy, Rory",Bogeys,3.5,-122,-116,68,4.34,11.3,1.97,14.37,11.27,27.52
2026-05-15T15:57:59Z,2026-05-15T15:57:41Z,2026-05-15T15:57:41Z,PGA Championship,Aronimink Golf Club,2,21407,"Reitan, Kristoffer",Bogeys,4.5,108,-152,69.11,3.89,11.23,2.44,10.76,9.77,28.24
2026-05-15T15:57:59Z,2026-05-15T15:57:41Z,2026-05-15T15:57:41Z,PGA Championship,Aronimink Golf Club,2,19483,"Burns, Sam",Bogeys,3.5,-182,128,68.87,3.99,11.24,2.34,11.54,9.29,28.09
2026-05-15T15:57:59Z,2026-05-15T15:57:41Z,2026-05-15T15:57:41Z,PGA Championship,Aronimink Golf Club,2,16243,"Koepka, Brooks",Bogeys,3.5,-186,132,69.36,3.79,11.21,2.55,12.73,9.11,28.12
2026-05-15T15:57:59Z,2026-05-15T15:57:41Z,2026-05-15T15:57:41Z,PGA Championship,Aronimink Golf Club,2,10419,"Noren, Alex",Bogeys,4.5,120,-168,69.07,3.9,11.23,2.43,12.36,8.52,28.07
2026-05-15T15:57:59Z,2026-05-15T15:57:41Z,2026-05-15T15:57:41Z,PGA Championship,Aronimink Golf Club,2,14636,"Spieth, Jordan",Bogeys,4.5,132,-188,69.08,3.9,11.23,2.43,11.86,9.13,28.12
2026-05-15T15:57:59Z,2026-05-15T15:57:41Z,2026-05-15T15:57:41Z,PGA Championship,Aronimink Golf Club,2,14796,"Hatton, Tyrrell",Bogeys,3.5,-168,118,69.12,3.88,11.22,2.45,12.78,8.99,28.04
2026-05-15T15:57:59Z,2026-05-15T15:57:41Z,2026-05-15T15:57:41Z,PGA Championship,Aronimink Golf Club,2,18634,"McNealy, Maverick",Bogeys,3.5,-178,126,68.9,3.97,11.24,2.36,11.14,9.07,28.14
2026-05-15T15:57:59Z,2026-05-15T15:57:41Z,2026-05-15T15:57:41Z,PGA Championship,Aronimink Golf Club,2,26096,"Bhatia, Akshay",Bogeys,5.5,520,-800,69.14,3.87,11.22,2.46,12.36,8,28.09
2026-05-15T15:57:59Z,2026-05-15T15:57:41Z,2026-05-15T15:57:41Z,PGA Championship,Aronimink Golf Club,2,17536,"Spaun, J.J.",Bogeys,6.5,124,-186,68.72,4.05,11.25,2.28,14.35,9.9,27.76
2026-05-15T15:57:59Z,2026-05-15T15:57:41Z,2026-05-15T15:57:41Z,PGA Championship,Aronimink Golf Club,2,13562,"Matsuyama, Hideki",Bogeys,1.5,144,-220,69.13,3.88,11.22,2.45,13.06,8,28.02
2026-05-15T15:57:59Z,2026-05-15T15:57:41Z,2026-05-15T15:57:41Z,PGA Championship,Aronimink Golf Club,2,14578,"Henley, Russell",Bogeys,6.5,-114,-132,68.67,4.07,11.26,2.25,13.35,9.59,27.84
2026-05-15T15:57:59Z,2026-05-15T15:57:41Z,2026-05-15T15:57:41Z,PGA Championship,Aronimink Golf Club,2,14838,"Reed, Patrick",Bogeys,2.5,148,-225,69.09,3.9,11.23,2.44,12.68,8.55,28.04
2026-05-15T15:57:59Z,2026-05-15T15:57:41Z,2026-05-15T15:57:41Z,PGA Championship,Aronimink Golf Club,2,22085,"Morikawa, Collin",Bogeys,5.5,186,-280,68.58,4.11,11.26,2.21,14.35,9.6,27.71
2026-05-15T15:57:59Z,2026-05-15T15:57:41Z,2026-05-15T15:57:41Z,PGA Championship,Aronimink Golf Club,2,13900,"Lowry, Shane",Bogeys,4.5,180,-275,69.13,3.88,11.22,2.45,13.28,8.81,27.99
2026-05-15T15:57:59Z,2026-05-15T15:57:41Z,2026-05-15T15:57:41Z,PGA Championship,Aronimink Golf Club,2,27774,"Gotterup, Chris",Bogeys,2.5,112,-170,68.84,4,11.24,2.33,12.14,9.75,28.01
2026-05-15T15:57:59Z,2026-05-15T15:57:41Z,2026-05-15T15:57:41Z,PGA Championship,Aronimink Golf Club,2,23323,"MacIntyre, Robert",Bogeys,7.5,180,-275,68.77,4.03,11.25,2.3,10.74,9.9,28.13
2026-05-15T15:57:59Z,2026-05-15T15:57:41Z,2026-05-15T15:57:41Z,PGA Championship,Aronimink Golf Club,2,12294,"Fleetwood, Tommy",Bogeys,3.5,190,-285,68.48,4.15,11.27,2.17,13.63,10.03,27.75
2026-05-15T15:57:59Z,2026-05-15T15:57:41Z,2026-05-15T15:57:41Z,PGA Championship,Aronimink Golf Club,2,14139,"Thomas, Justin",Bogeys,4.5,-220,148,68.98,3.94,11.23,2.39,12.3,8.87,28.04
2026-05-15T15:57:59Z,2026-05-15T15:57:41Z,2026-05-15T15:57:41Z,PGA Championship,Aronimink Golf Club,2,26651,"Young, Cameron",Bogeys,2.5,128,-194,67.98,4.35,11.31,1.96,14.37,10.88,27.52
2026-05-15T15:57:59Z,2026-05-15T15:57:41Z,2026-05-15T15:57:41Z,PGA Championship,Aronimink Golf Club,2,18417,"Scheffler, Scottie",Bogeys,3.5,-270,178,67.29,4.64,11.36,1.65,14.4,11.4,27.29
2026-05-15T15:57:59Z,2026-05-15T15:57:41Z,2026-05-15T15:57:41Z,PGA Championship,Aronimink Golf Club,2,6093,"Rose, Justin",Bogeys,5.5,-138,-110,69.33,3.8,11.21,2.54,12.48,8.65,28.14
2026-05-15T15:57:59Z,2026-05-15T15:57:41Z,2026-05-15T15:57:41Z,PGA Championship,Aronimink Golf Club,2,17646,"Fitzpatrick, Matt",Bogeys,3.5,138,-210,68.3,4.22,11.28,2.09,14.36,9.88,27.62
2026-05-15T15:57:59Z,2026-05-15T15:57:41Z,2026-05-15T15:57:41Z,PGA Championship,Aronimink Golf Club,2,23602,"Hojgaard, Nicolai",GIR,11.5,-150,110,68.77,4.03,11.25,2.3,13.48,9.9,27.86
2026-05-15T15:57:59Z,2026-05-15T15:57:41Z,2026-05-15T15:57:41Z,PGA Championship,Aronimink Golf Club,2,15466,"Cantlay, Patrick",GIR,12.5,108,-148,68.57,4.11,11.26,2.21,14.13,9.69,27.73
2026-05-15T15:57:59Z,2026-05-15T15:57:41Z,2026-05-15T15:57:41Z,PGA Championship,Aronimink Golf Club,2,16841,"Lee, Min Woo",GIR,11.5,106,-146,68.58,4.1,11.26,2.22,12.06,10.17,27.94
2026-05-15T15:57:59Z,2026-05-15T15:57:41Z,2026-05-15T15:57:41Z,PGA Championship,Aronimink Golf Club,2,19895,"Schauffele, Xander",GIR,12.5,115,-158,68.24,4.25,11.29,2.07,14.37,10.74,27.6
2026-05-15T15:57:59Z,2026-05-15T15:57:41Z,2026-05-15T15:57:41Z,PGA Championship,Aronimink Golf Club,2,10419,"Noren, Alex",GIR,11.5,-150,110,69.07,3.9,11.23,2.43,12.36,8.52,28.07
2026-05-15T15:57:59Z,2026-05-15T15:57:41Z,2026-05-15T15:57:41Z,PGA Championship,Aronimink Golf Club,2,14636,"Spieth, Jordan",GIR,11.5,-140,102,69.08,3.9,11.23,2.43,11.86,9.13,28.12
2026-05-15T15:57:59Z,2026-05-15T15:57:41Z,2026-05-15T15:57:41Z,PGA Championship,Aronimink Golf Club,2,19195,"Rahm, Jon",GIR,12.5,126,-172,67.89,4.39,11.31,1.92,14.38,11.1,27.49
2026-05-15T15:57:59Z,2026-05-15T15:57:41Z,2026-05-15T15:57:41Z,PGA Championship,Aronimink Golf Club,2,19841,"DeChambeau, Bryson",GIR,11.5,-175,128,68.67,4.07,11.26,2.26,12.31,10.83,27.94
2026-05-15T15:57:59Z,2026-05-15T15:57:41Z,2026-05-15T15:57:41Z,PGA Championship,Aronimink Golf Club,2,21407,"Reitan, Kristoffer",GIR,11.5,-105,-132,69.11,3.89,11.23,2.44,10.76,9.77,28.24
2026-05-15T15:57:59Z,2026-05-15T15:57:41Z,2026-05-15T15:57:41Z,PGA Championship,Aronimink Golf Club,2,23950,"Aberg, Ludvig",GIR,11.5,-174,126,68.2,4.26,11.29,2.05,14.37,10.51,27.59
2026-05-15T15:57:59Z,2026-05-15T15:57:41Z,2026-05-15T15:57:41Z,PGA Championship,Aronimink Golf Club,2,14796,"Hatton, Tyrrell",GIR,11.5,-172,125,69.12,3.88,11.22,2.45,12.78,8.99,28.04
2026-05-15T15:57:59Z,2026-05-15T15:57:41Z,2026-05-15T15:57:41Z,PGA Championship,Aronimink Golf Club,2,24968,"Griffin, Ben",GIR,11.5,-148,108,69,3.94,11.23,2.4,11.09,8.53,28.17
2026-05-15T15:57:59Z,2026-05-15T15:57:41Z,2026-05-15T15:57:41Z,PGA Championship,Aronimink Golf Club,2,19483,"Burns, Sam",GIR,11.5,-140,102,68.87,3.99,11.24,2.34,11.54,9.29,28.09
2026-05-15T15:57:59Z,2026-05-15T15:57:41Z,2026-05-15T15:57:41Z,PGA Championship,Aronimink Golf Club,2,14577,"English, Harris",GIR,11.5,-142,102,69.08,3.9,11.23,2.43,10.66,9.04,28.24
2026-05-15T15:57:59Z,2026-05-15T15:57:41Z,2026-05-15T15:57:41Z,PGA Championship,Aronimink Golf Club,2,16243,"Koepka, Brooks",GIR,11.5,-154,112,69.36,3.79,11.21,2.55,12.73,9.11,28.12
2026-05-15T15:57:59Z,2026-05-15T15:57:41Z,2026-05-15T15:57:41Z,PGA Championship,Aronimink Golf Club,2,10091,"McIlroy, Rory",GIR,12.5,102,-140,68,4.34,11.3,1.97,14.37,11.27,27.52
2026-05-15T15:57:59Z,2026-05-15T15:57:41Z,2026-05-15T15:57:41Z,PGA Championship,Aronimink Golf Club,2,18634,"McNealy, Maverick",GIR,11.5,-118,-118,68.9,3.97,11.24,2.36,11.14,9.07,28.14
2026-05-15T15:57:59Z,2026-05-15T15:57:41Z,2026-05-15T15:57:41Z,PGA Championship,Aronimink Golf Club,2,12965,"Fowler, Rickie",GIR,11.5,-110,-124,68.91,3.97,11.24,2.36,12.43,9.29,28.01
2026-05-15T15:57:59Z,2026-05-15T15:57:41Z,2026-05-15T15:57:41Z,PGA Championship,Aronimink Golf Club,2,29433,"Bridgeman, Jacob",GIR,11.5,-108,-128,69.09,3.9,11.23,2.44,11.57,8.57,28.15
2026-05-15T15:57:59Z,2026-05-15T15:57:41Z,2026-05-15T15:57:41Z,PGA Championship,Aronimink Golf Club,2,26096,"Bhatia, Akshay",GIR,7.5,-900,630,69.14,3.87,11.22,2.46,12.36,8,28.09
2026-05-15T15:57:59Z,2026-05-15T15:57:41Z,2026-05-15T15:57:41Z,PGA Championship,Aronimink Golf Club,2,13562,"Matsuyama, Hideki",GIR,12.5,110,-152,69.13,3.88,11.22,2.45,13.06,8,28.02
2026-05-15T15:57:59Z,2026-05-15T15:57:41Z,2026-05-15T15:57:41Z,PGA Championship,Aronimink Golf Club,2,17536,"Spaun, J.J.",GIR,12.5,-102,-134,68.72,4.05,11.25,2.28,14.35,9.9,27.76
2026-05-15T15:57:59Z,2026-05-15T15:57:41Z,2026-05-15T15:57:41Z,PGA Championship,Aronimink Golf Club,2,14578,"Henley, Russell",GIR,10.5,-295,215,68.67,4.07,11.26,2.25,13.35,9.59,27.84
2026-05-15T15:57:59Z,2026-05-15T15:57:41Z,2026-05-15T15:57:41Z,PGA Championship,Aronimink Golf Club,2,14838,"Reed, Patrick",GIR,10.5,-170,124,69.09,3.9,11.23,2.44,12.68,8.55,28.04
2026-05-15T15:57:59Z,2026-05-15T15:57:41Z,2026-05-15T15:57:41Z,PGA Championship,Aronimink Golf Club,2,13900,"Lowry, Shane",GIR,10.5,-142,102,69.13,3.88,11.22,2.45,13.28,8.81,27.99
2026-05-15T15:57:59Z,2026-05-15T15:57:41Z,2026-05-15T15:57:41Z,PGA Championship,Aronimink Golf Club,2,18841,"Hovland, Viktor",GIR,12.5,126,-172,68.87,3.99,11.24,2.34,13.55,9.1,27.88
2026-05-15T15:57:59Z,2026-05-15T15:57:41Z,2026-05-15T15:57:41Z,PGA Championship,Aronimink Golf Club,2,22085,"Morikawa, Collin",GIR,10.5,-142,104,68.58,4.11,11.26,2.21,14.35,9.6,27.71
2026-05-15T15:57:59Z,2026-05-15T15:57:41Z,2026-05-15T15:57:41Z,PGA Championship,Aronimink Golf Club,2,27774,"Gotterup, Chris",GIR,14.5,130,-180,68.84,4,11.24,2.33,12.14,9.75,28.01
2026-05-15T15:57:59Z,2026-05-15T15:57:41Z,2026-05-15T15:57:41Z,PGA Championship,Aronimink Golf Club,2,23323,"MacIntyre, Robert",GIR,10.5,130,-178,68.77,4.03,11.25,2.3,10.74,9.9,28.13
2026-05-15T15:57:59Z,2026-05-15T15:57:41Z,2026-05-15T15:57:41Z,PGA Championship,Aronimink Golf Club,2,12294,"Fleetwood, Tommy",GIR,13.5,108,-150,68.48,4.15,11.27,2.17,13.63,10.03,27.75
2026-05-15T15:57:59Z,2026-05-15T15:57:41Z,2026-05-15T15:57:41Z,PGA Championship,Aronimink Golf Club,2,13872,"Bradley, Keegan",GIR,13.5,-192,140,69.14,3.88,11.22,2.46,11.31,8.86,28.19
2026-05-15T15:57:59Z,2026-05-15T15:57:41Z,2026-05-15T15:57:41Z,PGA Championship,Aronimink Golf Club,2,26651,"Young, Cameron",GIR,11.5,-235,168,67.98,4.35,11.31,1.96,14.37,10.88,27.52
2026-05-15T15:57:59Z,2026-05-15T15:57:41Z,2026-05-15T15:57:41Z,PGA Championship,Aronimink Golf Club,2,14139,"Thomas, Justin",GIR,8.5,-175,128,68.98,3.94,11.23,2.39,12.3,8.87,28.04
2026-05-15T15:57:59Z,2026-05-15T15:57:41Z,2026-05-15T15:57:41Z,PGA Championship,Aronimink Golf Club,2,17646,"Fitzpatrick, Matt",GIR,13.5,-170,125,68.3,4.22,11.28,2.09,14.36,9.88,27.62
2026-05-15T15:57:59Z,2026-05-15T15:57:41Z,2026-05-15T15:57:41Z,PGA Championship,Aronimink Golf Club,2,6093,"Rose, Justin",GIR,10.5,-140,102,69.33,3.8,11.21,2.54,12.48,8.65,28.14
2026-05-15T15:57:59Z,2026-05-15T15:57:41Z,2026-05-15T15:57:41Z,PGA Championship,Aronimink Golf Club,2,18417,"Scheffler, Scottie",GIR,14.5,154,-210,67.29,4.64,11.36,1.65,14.4,11.4,27.29
2026-05-15T15:57:59Z,2026-05-15T15:57:41Z,2026-05-15T15:57:41Z,PGA Championship,Aronimink Golf Club,2,10091,"McIlroy, Rory",Fairways hit,7.5,-150,105,68,4.34,11.3,1.97,14.37,11.27,27.52
2026-05-15T15:57:59Z,2026-05-15T15:57:41Z,2026-05-15T15:57:41Z,PGA Championship,Aronimink Golf Club,2,19841,"DeChambeau, Bryson",Fairways hit,6.5,-174,120,68.67,4.07,11.26,2.26,12.31,10.83,27.94
2026-05-15T15:57:59Z,2026-05-15T15:57:41Z,2026-05-15T15:57:41Z,PGA Championship,Aronimink Golf Club,2,19483,"Burns, Sam",Fairways hit,7.5,-148,102,68.87,3.99,11.24,2.34,11.54,9.29,28.09
2026-05-15T15:57:59Z,2026-05-15T15:57:41Z,2026-05-15T15:57:41Z,PGA Championship,Aronimink Golf Club,2,29433,"Bridgeman, Jacob",Fairways hit,7.5,-154,106,69.09,3.9,11.23,2.44,11.57,8.57,28.15
2026-05-15T15:57:59Z,2026-05-15T15:57:41Z,2026-05-15T15:57:41Z,PGA Championship,Aronimink Golf Club,2,14636,"Spieth, Jordan",Fairways hit,7.5,-154,106,69.08,3.9,11.23,2.43,11.86,9.13,28.12
2026-05-15T15:57:59Z,2026-05-15T15:57:41Z,2026-05-15T15:57:41Z,PGA Championship,Aronimink Golf Club,2,16841,"Lee, Min Woo",Fairways hit,7.5,-172,120,68.58,4.1,11.26,2.22,12.06,10.17,27.94
2026-05-15T15:57:59Z,2026-05-15T15:57:41Z,2026-05-15T15:57:41Z,PGA Championship,Aronimink Golf Club,2,12965,"Fowler, Rickie",Fairways hit,8.5,-136,-108,68.91,3.97,11.24,2.36,12.43,9.29,28.01
2026-05-15T15:57:59Z,2026-05-15T15:57:41Z,2026-05-15T15:57:41Z,PGA Championship,Aronimink Golf Club,2,23602,"Hojgaard, Nicolai",Fairways hit,7.5,-120,-120,68.77,4.03,11.25,2.3,13.48,9.9,27.86
2026-05-15T15:57:59Z,2026-05-15T15:57:41Z,2026-05-15T15:57:41Z,PGA Championship,Aronimink Golf Club,2,14796,"Hatton, Tyrrell",Fairways hit,8.5,122,-178,69.12,3.88,11.22,2.45,12.78,8.99,28.04
2026-05-15T15:57:59Z,2026-05-15T15:57:41Z,2026-05-15T15:57:41Z,PGA Championship,Aronimink Golf Club,2,16243,"Koepka, Brooks",Fairways hit,7.5,-106,-136,69.36,3.79,11.21,2.55,12.73,9.11,28.12
2026-05-15T15:57:59Z,2026-05-15T15:57:41Z,2026-05-15T15:57:41Z,PGA Championship,Aronimink Golf Club,2,24968,"Griffin, Ben",Fairways hit,8.5,104,-150,69,3.94,11.23,2.4,11.09,8.53,28.17
2026-05-15T15:57:59Z,2026-05-15T15:57:41Z,2026-05-15T15:57:41Z,PGA Championship,Aronimink Golf Club,2,15466,"Cantlay, Patrick",Fairways hit,8.5,128,-184,68.57,4.11,11.26,2.21,14.13,9.69,27.73
2026-05-15T15:57:59Z,2026-05-15T15:57:41Z,2026-05-15T15:57:41Z,PGA Championship,Aronimink Golf Club,2,19195,"Rahm, Jon",Fairways hit,8.5,114,-164,67.89,4.39,11.31,1.92,14.38,11.1,27.49
2026-05-15T15:57:59Z,2026-05-15T15:57:41Z,2026-05-15T15:57:41Z,PGA Championship,Aronimink Golf Club,2,10419,"Noren, Alex",Fairways hit,8.5,-142,-102,69.07,3.9,11.23,2.43,12.36,8.52,28.07
2026-05-15T15:57:59Z,2026-05-15T15:57:41Z,2026-05-15T15:57:41Z,PGA Championship,Aronimink Golf Club,2,19895,"Schauffele, Xander",Fairways hit,7.5,-154,106,68.24,4.25,11.29,2.07,14.37,10.74,27.6
2026-05-15T15:57:59Z,2026-05-15T15:57:41Z,2026-05-15T15:57:41Z,PGA Championship,Aronimink Golf Club,2,14577,"English, Harris",Fairways hit,8.5,-122,-118,69.08,3.9,11.23,2.43,10.66,9.04,28.24
2026-05-15T15:57:59Z,2026-05-15T15:57:41Z,2026-05-15T15:57:41Z,PGA Championship,Aronimink Golf Club,2,21407,"Reitan, Kristoffer",Fairways hit,8.5,115,-164,69.11,3.89,11.23,2.44,10.76,9.77,28.24
2026-05-15T15:57:59Z,2026-05-15T15:57:41Z,2026-05-15T15:57:41Z,PGA Championship,Aronimink Golf Club,2,23950,"Aberg, Ludvig",Fairways hit,8.5,105,-152,68.2,4.26,11.29,2.05,14.37,10.51,27.59
2026-05-15T15:57:59Z,2026-05-15T15:57:41Z,2026-05-15T15:57:41Z,PGA Championship,Aronimink Golf Club,2,18634,"McNealy, Maverick",Fairways hit,7.5,-158,110,68.9,3.97,11.24,2.36,11.14,9.07,28.14
2026-05-15T15:57:59Z,2026-05-15T15:57:41Z,2026-05-15T15:57:41Z,PGA Championship,Aronimink Golf Club,2,13562,"Matsuyama, Hideki",Fairways hit,8.5,-330,220,69.13,3.88,11.22,2.45,13.06,8,28.02
2026-05-15T15:57:59Z,2026-05-15T15:57:41Z,2026-05-15T15:57:41Z,PGA Championship,Aronimink Golf Club,2,17536,"Spaun, J.J.",Fairways hit,6.5,-380,255,68.72,4.05,11.25,2.28,14.35,9.9,27.76
2026-05-15T15:57:59Z,2026-05-15T15:57:41Z,2026-05-15T15:57:41Z,PGA Championship,Aronimink Golf Club,2,14578,"Henley, Russell",Fairways hit,10.5,100,-144,68.67,4.07,11.26,2.25,13.35,9.59,27.84
2026-05-15T15:57:59Z,2026-05-15T15:57:41Z,2026-05-15T15:57:41Z,PGA Championship,Aronimink Golf Club,2,14838,"Reed, Patrick",Fairways hit,7.5,-172,118,69.09,3.9,11.23,2.44,12.68,8.55,28.04
2026-05-15T15:57:59Z,2026-05-15T15:57:41Z,2026-05-15T15:57:41Z,PGA Championship,Aronimink Golf Club,2,18841,"Hovland, Viktor",Fairways hit,7.5,-210,144,68.87,3.99,11.24,2.34,13.55,9.1,27.88
2026-05-15T15:57:59Z,2026-05-15T15:57:41Z,2026-05-15T15:57:41Z,PGA Championship,Aronimink Golf Club,2,22085,"Morikawa, Collin",Fairways hit,8.5,-310,210,68.58,4.11,11.26,2.21,14.35,9.6,27.71
2026-05-15T15:57:59Z,2026-05-15T15:57:41Z,2026-05-15T15:57:41Z,PGA Championship,Aronimink Golf Club,2,13900,"Lowry, Shane",Fairways hit,9.5,-194,136,69.13,3.88,11.22,2.45,13.28,8.81,27.99
2026-05-15T15:57:59Z,2026-05-15T15:57:41Z,2026-05-15T15:57:41Z,PGA Championship,Aronimink Golf Club,2,27774,"Gotterup, Chris",Fairways hit,8.5,174,-250,68.84,4,11.24,2.33,12.14,9.75,28.01
2026-05-15T15:57:59Z,2026-05-15T15:57:41Z,2026-05-15T15:57:41Z,PGA Championship,Aronimink Golf Club,2,23323,"MacIntyre, Robert",Fairways hit,8.5,-104,-140,68.77,4.03,11.25,2.3,10.74,9.9,28.13
2026-05-15T15:57:59Z,2026-05-15T15:57:41Z,2026-05-15T15:57:41Z,PGA Championship,Aronimink Golf Club,2,12294,"Fleetwood, Tommy",Fairways hit,10.5,-144,100,68.48,4.15,11.27,2.17,13.63,10.03,27.75
2026-05-15T15:57:59Z,2026-05-15T15:57:41Z,2026-05-15T15:57:41Z,PGA Championship,Aronimink Golf Club,2,13872,"Bradley, Keegan",Fairways hit,9.5,-245,168,69.14,3.88,11.22,2.46,11.31,8.86,28.19
2026-05-15T15:57:59Z,2026-05-15T15:57:41Z,2026-05-15T15:57:41Z,PGA Championship,Aronimink Golf Club,2,26651,"Young, Cameron",Fairways hit,8.5,-198,136,67.98,4.35,11.31,1.96,14.37,10.88,27.52
2026-05-15T15:57:59Z,2026-05-15T15:57:41Z,2026-05-15T15:57:41Z,PGA Championship,Aronimink Golf Club,2,14139,"Thomas, Justin",Fairways hit,8.5,-148,102,68.98,3.94,11.23,2.39,12.3,8.87,28.04
2026-05-15T15:57:59Z,2026-05-15T15:57:41Z,2026-05-15T15:57:41Z,PGA Championship,Aronimink Golf Club,2,6093,"Rose, Justin",Fairways hit,7.5,-140,-104,69.33,3.8,11.21,2.54,12.48,8.65,28.14
2026-05-15T15:57:59Z,2026-05-15T15:57:41Z,2026-05-15T15:57:41Z,PGA Championship,Aronimink Golf Club,2,18417,"Scheffler, Scottie",Fairways hit,5.5,140,-200,67.29,4.64,11.36,1.65,14.4,11.4,27.29
2026-05-15T15:57:59Z,2026-05-15T15:57:41Z,2026-05-15T15:57:41Z,PGA Championship,Aronimink Golf Club,2,17646,"Fitzpatrick, Matt",Fairways hit,9.5,138,-198,68.3,4.22,11.28,2.09,14.36,9.88,27.62
2026-05-15T15:57:59Z,2026-05-15T15:57:41Z,2026-05-15T15:57:41Z,PGA Championship,Aronimink Golf Club,2,24968,"Griffin, Ben",Putts,30.5,-110,-124,69,3.94,11.23,2.4,11.09,8.53,28.17
2026-05-15T15:57:59Z,2026-05-15T15:57:41Z,2026-05-15T15:57:41Z,PGA Championship,Aronimink Golf Club,2,23950,"Aberg, Ludvig",Putts,30.5,-102,-134,68.2,4.26,11.29,2.05,14.37,10.51,27.59
2026-05-15T15:57:59Z,2026-05-15T15:57:41Z,2026-05-15T15:57:41Z,PGA Championship,Aronimink Golf Club,2,29433,"Bridgeman, Jacob",Putts,30.5,-102,-136,69.09,3.9,11.23,2.44,11.57,8.57,28.15
2026-05-15T15:57:59Z,2026-05-15T15:57:41Z,2026-05-15T15:57:41Z,PGA Championship,Aronimink Golf Club,2,10091,"McIlroy, Rory",Putts,30.5,-102,-136,68,4.34,11.3,1.97,14.37,11.27,27.52
2026-05-15T15:57:59Z,2026-05-15T15:57:41Z,2026-05-15T15:57:41Z,PGA Championship,Aronimink Golf Club,2,19195,"Rahm, Jon",Putts,30.5,-130,-106,67.89,4.39,11.31,1.92,14.38,11.1,27.49
2026-05-15T15:57:59Z,2026-05-15T15:57:41Z,2026-05-15T15:57:41Z,PGA Championship,Aronimink Golf Club,2,16243,"Koepka, Brooks",Putts,30.5,-122,-114,69.36,3.79,11.21,2.55,12.73,9.11,28.12
2026-05-15T15:57:59Z,2026-05-15T15:57:41Z,2026-05-15T15:57:41Z,PGA Championship,Aronimink Golf Club,2,10419,"Noren, Alex",Putts,30.5,-112,-124,69.07,3.9,11.23,2.43,12.36,8.52,28.07
2026-05-15T15:57:59Z,2026-05-15T15:57:41Z,2026-05-15T15:57:41Z,PGA Championship,Aronimink Golf Club,2,19895,"Schauffele, Xander",Putts,30.5,-118,-118,68.24,4.25,11.29,2.07,14.37,10.74,27.6
2026-05-15T15:57:59Z,2026-05-15T15:57:41Z,2026-05-15T15:57:41Z,PGA Championship,Aronimink Golf Club,2,16841,"Lee, Min Woo",Putts,30.5,102,-140,68.58,4.1,11.26,2.22,12.06,10.17,27.94
2026-05-15T15:57:59Z,2026-05-15T15:57:41Z,2026-05-15T15:57:41Z,PGA Championship,Aronimink Golf Club,2,17536,"Spaun, J.J.",Putts,35.5,-162,112,68.72,4.05,11.25,2.28,14.35,9.9,27.76
2026-05-15T15:57:59Z,2026-05-15T15:57:41Z,2026-05-15T15:57:41Z,PGA Championship,Aronimink Golf Club,2,13562,"Matsuyama, Hideki",Putts,27.5,-134,-110,69.13,3.88,11.22,2.45,13.06,8,28.02
2026-05-15T15:57:59Z,2026-05-15T15:57:41Z,2026-05-15T15:57:41Z,PGA Championship,Aronimink Golf Club,2,14578,"Henley, Russell",Putts,32.5,120,-176,68.67,4.07,11.26,2.25,13.35,9.59,27.84
2026-05-15T15:57:59Z,2026-05-15T15:57:41Z,2026-05-15T15:57:41Z,PGA Championship,Aronimink Golf Club,2,22085,"Morikawa, Collin",Putts,30.5,-108,-136,68.58,4.11,11.26,2.21,14.35,9.6,27.71
2026-05-15T15:57:59Z,2026-05-15T15:57:41Z,2026-05-15T15:57:41Z,PGA Championship,Aronimink Golf Club,2,23323,"MacIntyre, Robert",Putts,29.5,-184,126,68.77,4.03,11.25,2.3,10.74,9.9,28.13
2026-05-15T15:57:59Z,2026-05-15T15:57:41Z,2026-05-15T15:57:41Z,PGA Championship,Aronimink Golf Club,2,12294,"Fleetwood, Tommy",Putts,33.5,138,-205,68.48,4.15,11.27,2.17,13.63,10.03,27.75
2026-05-15T15:57:59Z,2026-05-15T15:57:41Z,2026-05-15T15:57:41Z,PGA Championship,Aronimink Golf Club,2,27774,"Gotterup, Chris",Putts,31.5,134,-196,68.84,4,11.24,2.33,12.14,9.75,28.01
2026-05-15T15:57:59Z,2026-05-15T15:57:41Z,2026-05-15T15:57:41Z,PGA Championship,Aronimink Golf Club,2,26651,"Young, Cameron",Putts,28.5,-112,-130,67.98,4.35,11.31,1.96,14.37,10.88,27.52
2026-05-15T15:57:59Z,2026-05-15T15:57:41Z,2026-05-15T15:57:41Z,PGA Championship,Aronimink Golf Club,2,14139,"Thomas, Justin",Putts,27.5,-118,-124,68.98,3.94,11.23,2.39,12.3,8.87,28.04
2026-05-15T15:57:59Z,2026-05-15T15:57:41Z,2026-05-15T15:57:41Z,PGA Championship,Aronimink Golf Club,2,6093,"Rose, Justin",Putts,31.5,-132,-110,69.33,3.8,11.21,2.54,12.48,8.65,28.14
2026-05-15T15:57:59Z,2026-05-15T15:57:41Z,2026-05-15T15:57:41Z,PGA Championship,Aronimink Golf Club,2,17646,"Fitzpatrick, Matt",Putts,31.5,-128,-114,68.3,4.22,11.28,2.09,14.36,9.88,27.62
2026-05-15T15:57:59Z,2026-05-15T15:57:41Z,2026-05-15T15:57:41Z,PGA Championship,Aronimink Golf Club,2,18417,"Scheffler, Scottie",Putts,33.5,-128,-114,67.29,4.64,11.36,1.65,14.4,11.4,27.29
2026-05-15T15:57:59Z,2026-05-15T15:57:41Z,2026-05-15T15:57:41Z,PGA Championship,Aronimink Golf Club,2,23602,"Hojgaard, Nicolai",Total Score,71.5,-126,-108,68.77,4.03,11.25,2.3,13.48,9.9,27.86
2026-05-15T15:57:59Z,2026-05-15T15:57:41Z,2026-05-15T15:57:41Z,PGA Championship,Aronimink Golf Club,2,14796,"Hatton, Tyrrell",Total Score,71.5,-124,-110,69.12,3.88,11.22,2.45,12.78,8.99,28.04
2026-05-15T15:57:59Z,2026-05-15T15:57:41Z,2026-05-15T15:57:41Z,PGA Championship,Aronimink Golf Club,2,19195,"Rahm, Jon",Total Score,70.5,-128,-105,67.89,4.39,11.31,1.92,14.38,11.1,27.49
2026-05-15T15:57:59Z,2026-05-15T15:57:41Z,2026-05-15T15:57:41Z,PGA Championship,Aronimink Golf Club,2,24968,"Griffin, Ben",Total Score,71.5,-142,105,69,3.94,11.23,2.4,11.09,8.53,28.17
2026-05-15T15:57:59Z,2026-05-15T15:57:41Z,2026-05-15T15:57:41Z,PGA Championship,Aronimink Golf Club,2,16841,"Lee, Min Woo",Total Score,71.5,-125,-108,68.58,4.1,11.26,2.22,12.06,10.17,27.94
2026-05-15T15:57:59Z,2026-05-15T15:57:41Z,2026-05-15T15:57:41Z,PGA Championship,Aronimink Golf Club,2,18634,"McNealy, Maverick",Total Score,71.5,-146,108,68.9,3.97,11.24,2.36,11.14,9.07,28.14
2026-05-15T15:57:59Z,2026-05-15T15:57:41Z,2026-05-15T15:57:41Z,PGA Championship,Aronimink Golf Club,2,10091,"McIlroy, Rory",Total Score,70.5,-116,-115,68,4.34,11.3,1.97,14.37,11.27,27.52
2026-05-15T15:57:59Z,2026-05-15T15:57:41Z,2026-05-15T15:57:41Z,PGA Championship,Aronimink Golf Club,2,19895,"Schauffele, Xander",Total Score,70.5,-136,102,68.24,4.25,11.29,2.07,14.37,10.74,27.6
2026-05-15T15:57:59Z,2026-05-15T15:57:41Z,2026-05-15T15:57:41Z,PGA Championship,Aronimink Golf Club,2,15466,"Cantlay, Patrick",Total Score,71.5,100,-136,68.57,4.11,11.26,2.21,14.13,9.69,27.73
2026-05-15T15:57:59Z,2026-05-15T15:57:41Z,2026-05-15T15:57:41Z,PGA Championship,Aronimink Golf Club,2,23950,"Aberg, Ludvig",Total Score,71.5,105,-140,68.2,4.26,11.29,2.05,14.37,10.51,27.59
2026-05-15T15:57:59Z,2026-05-15T15:57:41Z,2026-05-15T15:57:41Z,PGA Championship,Aronimink Golf Club,2,19841,"DeChambeau, Bryson",Total Score,71.5,-118,-115,68.67,4.07,11.26,2.26,12.31,10.83,27.94
2026-05-15T15:57:59Z,2026-05-15T15:57:41Z,2026-05-15T15:57:41Z,PGA Championship,Aronimink Golf Club,2,29433,"Bridgeman, Jacob",Total Score,72.5,-105,-128,69.09,3.9,11.23,2.44,11.57,8.57,28.15
2026-05-15T15:57:59Z,2026-05-15T15:57:41Z,2026-05-15T15:57:41Z,PGA Championship,Aronimink Golf Club,2,19483,"Burns, Sam",Total Score,71.5,-128,-105,68.87,3.99,11.24,2.34,11.54,9.29,28.09
2026-05-15T15:57:59Z,2026-05-15T15:57:41Z,2026-05-15T15:57:41Z,PGA Championship,Aronimink Golf Club,2,10419,"Noren, Alex",Total Score,72.5,102,-138,69.07,3.9,11.23,2.43,12.36,8.52,28.07
2026-05-15T15:57:59Z,2026-05-15T15:57:41Z,2026-05-15T15:57:41Z,PGA Championship,Aronimink Golf Club,2,14636,"Spieth, Jordan",Total Score,71.5,-124,-110,69.08,3.9,11.23,2.43,11.86,9.13,28.12
2026-05-15T15:57:59Z,2026-05-15T15:57:41Z,2026-05-15T15:57:41Z,PGA Championship,Aronimink Golf Club,2,14577,"English, Harris",Total Score,71.5,-150,110,69.08,3.9,11.23,2.43,10.66,9.04,28.24
2026-05-15T15:57:59Z,2026-05-15T15:57:41Z,2026-05-15T15:57:41Z,PGA Championship,Aronimink Golf Club,2,12965,"Fowler, Rickie",Total Score,71.5,-115,-118,68.91,3.97,11.24,2.36,12.43,9.29,28.01
2026-05-15T15:57:59Z,2026-05-15T15:57:41Z,2026-05-15T15:57:41Z,PGA Championship,Aronimink Golf Club,2,16243,"Koepka, Brooks",Total Score,71.5,-106,-128,69.36,3.79,11.21,2.55,12.73,9.11,28.12
2026-05-15T15:57:59Z,2026-05-15T15:57:41Z,2026-05-15T15:57:41Z,PGA Championship,Aronimink Golf Club,2,21407,"Reitan, Kristoffer",Total Score,72.5,104,-140,69.11,3.89,11.23,2.44,10.76,9.77,28.24
2026-05-15T15:57:59Z,2026-05-15T15:57:41Z,2026-05-15T15:57:41Z,PGA Championship,Aronimink Golf Club,2,26096,"Bhatia, Akshay",Total Score,73.5,-575,385,69.14,3.87,11.22,2.46,12.36,8,28.09
2026-05-15T15:57:59Z,2026-05-15T15:57:41Z,2026-05-15T15:57:41Z,PGA Championship,Aronimink Golf Club,2,17536,"Spaun, J.J.",Total Score,75.5,-295,205,68.72,4.05,11.25,2.28,14.35,9.9,27.76
2026-05-15T15:57:59Z,2026-05-15T15:57:41Z,2026-05-15T15:57:41Z,PGA Championship,Aronimink Golf Club,2,13562,"Matsuyama, Hideki",Total Score,66.5,-295,205,69.13,3.88,11.22,2.45,13.06,8,28.02
2026-05-15T15:57:59Z,2026-05-15T15:57:41Z,2026-05-15T15:57:41Z,PGA Championship,Aronimink Golf Club,2,14578,"Henley, Russell",Total Score,74.5,170,-245,68.67,4.07,11.26,2.25,13.35,9.59,27.84
2026-05-15T15:57:59Z,2026-05-15T15:57:41Z,2026-05-15T15:57:41Z,PGA Championship,Aronimink Golf Club,2,14838,"Reed, Patrick",Total Score,70.5,-140,-102,69.09,3.9,11.23,2.44,12.68,8.55,28.04
2026-05-15T15:57:59Z,2026-05-15T15:57:41Z,2026-05-15T15:57:41Z,PGA Championship,Aronimink Golf Club,2,18841,"Hovland, Viktor",Total Score,73.5,-142,-162,68.87,3.99,11.24,2.34,13.55,9.1,27.88
2026-05-15T15:57:59Z,2026-05-15T15:57:41Z,2026-05-15T15:57:41Z,PGA Championship,Aronimink Golf Club,2,22085,"Morikawa, Collin",Total Score,73.5,116,-166,68.58,4.11,11.26,2.21,14.35,9.6,27.71
2026-05-15T15:57:59Z,2026-05-15T15:57:41Z,2026-05-15T15:57:41Z,PGA Championship,Aronimink Golf Club,2,13900,"Lowry, Shane",Total Score,74.5,114,-162,69.13,3.88,11.22,2.45,13.28,8.81,27.99
2026-05-15T15:57:59Z,2026-05-15T15:57:41Z,2026-05-15T15:57:41Z,PGA Championship,Aronimink Golf Club,2,23323,"MacIntyre, Robert",Total Score,73.5,-116,-128,68.77,4.03,11.25,2.3,10.74,9.9,28.13
2026-05-15T15:57:59Z,2026-05-15T15:57:41Z,2026-05-15T15:57:41Z,PGA Championship,Aronimink Golf Club,2,27774,"Gotterup, Chris",Total Score,69.5,110,-156,68.84,4,11.24,2.33,12.14,9.75,28.01
2026-05-15T15:57:59Z,2026-05-15T15:57:41Z,2026-05-15T15:57:41Z,PGA Championship,Aronimink Golf Club,2,12294,"Fleetwood, Tommy",Total Score,72.5,-180,126,68.48,4.15,11.27,2.17,13.63,10.03,27.75
2026-05-15T15:57:59Z,2026-05-15T15:57:41Z,2026-05-15T15:57:41Z,PGA Championship,Aronimink Golf Club,2,26651,"Young, Cameron",Total Score,69.5,-158,110,67.98,4.35,11.31,1.96,14.37,10.88,27.52
2026-05-15T15:57:59Z,2026-05-15T15:57:41Z,2026-05-15T15:57:41Z,PGA Championship,Aronimink Golf Club,2,13872,"Bradley, Keegan",Total Score,72.5,128,-184,69.14,3.88,11.22,2.46,11.31,8.86,28.19
2026-05-15T15:57:59Z,2026-05-15T15:57:41Z,2026-05-15T15:57:41Z,PGA Championship,Aronimink Golf Club,2,14139,"Thomas, Justin",Total Score,71.5,-146,102,68.98,3.94,11.23,2.39,12.3,8.87,28.04
2026-05-15T15:57:59Z,2026-05-15T15:57:41Z,2026-05-15T15:57:41Z,PGA Championship,Aronimink Golf Club,2,18417,"Scheffler, Scottie",Total Score,71.5,100,-144,67.29,4.64,11.36,1.65,14.4,11.4,27.29
2026-05-15T15:57:59Z,2026-05-15T15:57:41Z,2026-05-15T15:57:41Z,PGA Championship,Aronimink Golf Club,2,6093,"Rose, Justin",Total Score,74.5,105,-150,69.33,3.8,11.21,2.54,12.48,8.65,28.14
2026-05-15T15:57:59Z,2026-05-15T15:57:41Z,2026-05-15T15:57:41Z,PGA Championship,Aronimink Golf Club,2,17646,"Fitzpatrick, Matt",Total Score,69.5,-170,118,68.3,4.22,11.28,2.09,14.36,9.88,27.62
2026-05-15T17:11:14Z,2026-05-15T17:10:56Z,2026-05-15T17:10:56Z,PGA Championship,Aronimink Golf Club,2,14502,"Cauley, Bud",Birdies,2.5,126,-176,69.33,3.8,11.21,2.54,12.51,8.78,28.14
2026-05-15T17:11:14Z,2026-05-15T17:10:56Z,2026-05-15T17:10:56Z,PGA Championship,Aronimink Golf Club,2,14796,"Hatton, Tyrrell",Birdies,2.5,-125,-112,69.12,3.88,11.22,2.45,12.78,8.99,28.04
2026-05-15T17:11:14Z,2026-05-15T17:10:56Z,2026-05-15T17:10:56Z,PGA Championship,Aronimink Golf Club,2,14636,"Spieth, Jordan",Birdies,2.5,-146,102,69.08,3.9,11.23,2.43,11.86,9.13,28.12
2026-05-15T17:11:14Z,2026-05-15T17:10:56Z,2026-05-15T17:10:56Z,PGA Championship,Aronimink Golf Club,2,16841,"Lee, Min Woo",Birdies,2.5,-116,-122,68.58,4.1,11.26,2.22,12.06,10.17,27.94
2026-05-15T17:11:14Z,2026-05-15T17:10:56Z,2026-05-15T17:10:56Z,PGA Championship,Aronimink Golf Club,2,23465,"Greyserman, Max",Birdies,2.5,106,-150,69.88,3.57,11.17,2.78,9.72,7.21,28.59
2026-05-15T17:11:14Z,2026-05-15T17:10:56Z,2026-05-15T17:10:56Z,PGA Championship,Aronimink Golf Club,2,12965,"Fowler, Rickie",Birdies,2.5,-114,-124,68.91,3.97,11.24,2.36,12.43,9.29,28.01
2026-05-15T17:11:14Z,2026-05-15T17:10:56Z,2026-05-15T17:10:56Z,PGA Championship,Aronimink Golf Club,2,23950,"Aberg, Ludvig",Birdies,3.5,134,-190,68.2,4.26,11.29,2.05,14.37,10.51,27.59
2026-05-15T17:11:14Z,2026-05-15T17:10:56Z,2026-05-15T17:10:56Z,PGA Championship,Aronimink Golf Club,2,29433,"Bridgeman, Jacob",Birdies,2.5,108,-152,69.09,3.9,11.23,2.44,11.57,8.57,28.15
2026-05-15T17:11:14Z,2026-05-15T17:10:56Z,2026-05-15T17:10:56Z,PGA Championship,Aronimink Golf Club,2,23014,"Theegala, Sahith",Birdies,2.5,106,-148,69.48,3.74,11.2,2.61,11.26,7.98,28.31
2026-05-15T17:11:14Z,2026-05-15T17:10:56Z,2026-05-15T17:10:56Z,PGA Championship,Aronimink Golf Club,2,19195,"Rahm, Jon",Birdies,3.5,130,-182,67.89,4.39,11.31,1.92,14.38,11.1,27.49
2026-05-15T17:11:14Z,2026-05-15T17:10:56Z,2026-05-15T17:10:56Z,PGA Championship,Aronimink Golf Club,2,15466,"Cantlay, Patrick",Birdies,2.5,-110,-128,68.57,4.11,11.26,2.21,14.13,9.69,27.73
2026-05-15T17:11:14Z,2026-05-15T17:10:56Z,2026-05-15T17:10:56Z,PGA Championship,Aronimink Golf Club,2,14577,"English, Harris",Birdies,2.5,102,-144,69.08,3.9,11.23,2.43,10.66,9.04,28.24
2026-05-15T17:11:14Z,2026-05-15T17:10:56Z,2026-05-15T17:10:56Z,PGA Championship,Aronimink Golf Club,2,10419,"Noren, Alex",Birdies,2.5,112,-158,69.07,3.9,11.23,2.43,12.36,8.52,28.07
2026-05-15T17:11:14Z,2026-05-15T17:10:56Z,2026-05-15T17:10:56Z,PGA Championship,Aronimink Golf Club,2,19895,"Schauffele, Xander",Birdies,2.5,-144,102,68.24,4.25,11.29,2.07,14.37,10.74,27.6
2026-05-15T17:11:14Z,2026-05-15T17:10:56Z,2026-05-15T17:10:56Z,PGA Championship,Aronimink Golf Club,2,21407,"Reitan, Kristoffer",Birdies,2.5,-105,-134,69.11,3.89,11.23,2.44,10.76,9.77,28.24
2026-05-15T17:11:14Z,2026-05-15T17:10:56Z,2026-05-15T17:10:56Z,PGA Championship,Aronimink Golf Club,2,16243,"Koepka, Brooks",Birdies,2.5,-190,134,69.36,3.79,11.21,2.55,12.73,9.11,28.12
2026-05-15T17:11:14Z,2026-05-15T17:10:56Z,2026-05-15T17:10:56Z,PGA Championship,Aronimink Golf Club,2,14181,"Detry, Thomas",Birdies,2.5,102,-144,69.1,3.89,11.23,2.44,11.83,8.91,28.13
2026-05-15T17:11:14Z,2026-05-15T17:10:56Z,2026-05-15T17:10:56Z,PGA Championship,Aronimink Golf Club,2,10091,"McIlroy, Rory",Birdies,3.5,108,-152,68,4.34,11.3,1.97,14.37,11.27,27.52
2026-05-15T17:11:14Z,2026-05-15T17:10:56Z,2026-05-15T17:10:56Z,PGA Championship,Aronimink Golf Club,2,18634,"McNealy, Maverick",Birdies,2.5,100,-142,68.9,3.97,11.24,2.36,11.14,9.07,28.14
2026-05-15T17:11:14Z,2026-05-15T17:10:56Z,2026-05-15T17:10:56Z,PGA Championship,Aronimink Golf Club,2,19841,"DeChambeau, Bryson",Birdies,2.5,-190,134,68.67,4.07,11.26,2.26,12.31,10.83,27.94
2026-05-15T17:11:14Z,2026-05-15T17:10:56Z,2026-05-15T17:10:56Z,PGA Championship,Aronimink Golf Club,2,23841,"Neergaard-Petersen, Rasmus",Birdies,2.5,880,-1400,69.72,3.64,11.18,2.71,10.38,8.85,28.47
2026-05-15T17:11:14Z,2026-05-15T17:10:56Z,2026-05-15T17:10:56Z,PGA Championship,Aronimink Golf Club,2,28309,"Coody, Pierceson",Birdies,3.5,320,-490,69.24,3.84,11.22,2.5,11.8,9.68,28.18
2026-05-15T17:11:14Z,2026-05-15T17:10:56Z,2026-05-15T17:10:56Z,PGA Championship,Aronimink Golf Club,2,14838,"Reed, Patrick",Birdies,1.5,290,-440,69.09,3.9,11.23,2.44,12.68,8.55,28.04
2026-05-15T17:11:14Z,2026-05-15T17:10:56Z,2026-05-15T17:10:56Z,PGA Championship,Aronimink Golf Club,2,22085,"Morikawa, Collin",Birdies,1.5,-220,146,68.58,4.11,11.26,2.21,14.35,9.6,27.71
2026-05-15T17:11:14Z,2026-05-15T17:10:56Z,2026-05-15T17:10:56Z,PGA Championship,Aronimink Golf Club,2,18841,"Hovland, Viktor",Birdies,3.5,-118,-128,68.87,3.99,11.24,2.34,13.55,9.11,27.88
2026-05-15T17:11:14Z,2026-05-15T17:10:56Z,2026-05-15T17:10:56Z,PGA Championship,Aronimink Golf Club,2,23323,"MacIntyre, Robert",Birdies,3.5,220,-340,68.77,4.03,11.25,2.3,10.74,9.91,28.13
2026-05-15T17:11:14Z,2026-05-15T17:10:56Z,2026-05-15T17:10:56Z,PGA Championship,Aronimink Golf Club,2,27774,"Gotterup, Chris",Birdies,5.5,300,-450,68.84,4,11.24,2.33,12.14,9.75,28.01
2026-05-15T17:11:14Z,2026-05-15T17:10:56Z,2026-05-15T17:10:56Z,PGA Championship,Aronimink Golf Club,2,26651,"Young, Cameron",Birdies,2.5,-128,-118,67.98,4.35,11.31,1.96,14.37,10.88,27.52
2026-05-15T17:11:14Z,2026-05-15T17:10:56Z,2026-05-15T17:10:56Z,PGA Championship,Aronimink Golf Club,2,13872,"Bradley, Keegan",Birdies,1.5,188,-285,69.14,3.88,11.22,2.46,11.31,8.86,28.19
2026-05-15T17:11:14Z,2026-05-15T17:10:56Z,2026-05-15T17:10:56Z,PGA Championship,Aronimink Golf Club,2,14139,"Thomas, Justin",Birdies,4.5,-124,-122,68.98,3.94,11.23,2.39,12.3,8.87,28.04
2026-05-15T17:11:14Z,2026-05-15T17:10:56Z,2026-05-15T17:10:56Z,PGA Championship,Aronimink Golf Club,2,23816,"Valimaki, Sami",Birdies,2.5,108,-162,69.98,3.53,11.16,2.82,10.36,7.27,28.56
2026-05-15T17:11:14Z,2026-05-15T17:10:56Z,2026-05-15T17:10:56Z,PGA Championship,Aronimink Golf Club,2,18554,"Rai, Aaron",Birdies,3.5,100,-152,69.38,3.78,11.21,2.56,12.59,8.64,28.14
2026-05-15T17:11:14Z,2026-05-15T17:10:56Z,2026-05-15T17:10:56Z,PGA Championship,Aronimink Golf Club,2,18417,"Scheffler, Scottie",Birdies,2.5,-126,-120,67.29,4.64,11.36,1.65,14.4,11.4,27.29
2026-05-15T17:11:14Z,2026-05-15T17:10:56Z,2026-05-15T17:10:56Z,PGA Championship,Aronimink Golf Club,2,6093,"Rose, Justin",Birdies,3.5,102,-154,69.33,3.8,11.21,2.54,12.48,8.65,28.14
2026-05-15T17:11:14Z,2026-05-15T17:10:56Z,2026-05-15T17:10:56Z,PGA Championship,Aronimink Golf Club,2,17646,"Fitzpatrick, Matt",Birdies,3.5,-112,-136,68.3,4.22,11.28,2.09,14.36,9.88,27.62
2026-05-15T17:11:14Z,2026-05-15T17:10:56Z,2026-05-15T17:10:56Z,PGA Championship,Aronimink Golf Club,2,24968,"Griffin, Ben",Birdies,2.5,150,-215,69,3.94,11.23,2.4,11.09,8.53,28.17
2026-05-15T17:11:14Z,2026-05-15T17:10:56Z,2026-05-15T17:10:56Z,PGA Championship,Aronimink Golf Club,2,28984,"Puig, David",Birdies,2.5,-196,130,69.16,3.87,11.22,2.47,9.87,9.63,28.35
2026-05-15T17:11:14Z,2026-05-15T17:10:56Z,2026-05-15T17:10:56Z,PGA Championship,Aronimink Golf Club,2,27900,"Potgieter, Aldrich",Birdies,2.5,-174,116,69.92,3.56,11.17,2.79,9.53,9.19,28.62
2026-05-15T17:11:14Z,2026-05-15T17:10:56Z,2026-05-15T17:10:56Z,PGA Championship,Aronimink Golf Club,2,,John Keefer,Birdies,3.5,142,-215,,,,,,,
2026-05-15T17:11:14Z,2026-05-15T17:10:56Z,2026-05-15T17:10:56Z,PGA Championship,Aronimink Golf Club,2,23602,"Hojgaard, Nicolai",Birdies,2.5,-108,-132,68.77,4.03,11.25,2.3,13.48,9.89,27.86
2026-05-15T17:11:14Z,2026-05-15T17:10:56Z,2026-05-15T17:10:56Z,PGA Championship,Aronimink Golf Club,2,9771,"Day, Jason",Birdies,2.5,-118,-120,69.46,3.74,11.2,2.6,9.63,7.96,28.46
2026-05-15T17:11:14Z,2026-05-15T17:10:56Z,2026-05-15T17:10:56Z,PGA Championship,Aronimink Golf Club,2,19483,"Burns, Sam",Birdies,2.5,102,-146,68.87,3.99,11.24,2.34,11.54,9.29,28.09
2026-05-15T17:11:14Z,2026-05-15T17:10:56Z,2026-05-15T17:10:56Z,PGA Championship,Aronimink Golf Club,2,12577,"Woodland, Gary",Birdies,2.5,100,-142,69.35,3.79,11.21,2.55,11.79,9.45,28.21
2026-05-15T17:11:14Z,2026-05-15T17:10:56Z,2026-05-15T17:10:56Z,PGA Championship,Aronimink Golf Club,2,16394,"Jaeger, Stephan",Birdies,2.5,134,-190,70.07,3.49,11.16,2.86,9.04,6.97,28.72
2026-05-15T17:11:14Z,2026-05-15T17:10:56Z,2026-05-15T17:10:56Z,PGA Championship,Aronimink Golf Club,2,14796,"Hatton, Tyrrell",Pars,11.5,-115,-124,69.12,3.88,11.22,2.45,12.78,8.99,28.04
2026-05-15T17:11:14Z,2026-05-15T17:10:56Z,2026-05-15T17:10:56Z,PGA Championship,Aronimink Golf Club,2,16841,"Lee, Min Woo",Pars,11.5,-125,-114,68.58,4.1,11.26,2.22,12.06,10.17,27.94
2026-05-15T17:11:14Z,2026-05-15T17:10:56Z,2026-05-15T17:10:56Z,PGA Championship,Aronimink Golf Club,2,21407,"Reitan, Kristoffer",Pars,11.5,100,-142,69.11,3.89,11.23,2.44,10.76,9.77,28.24
2026-05-15T17:11:14Z,2026-05-15T17:10:56Z,2026-05-15T17:10:56Z,PGA Championship,Aronimink Golf Club,2,19195,"Rahm, Jon",Pars,11.5,-102,-140,67.89,4.39,11.31,1.92,14.38,11.1,27.49
2026-05-15T17:11:14Z,2026-05-15T17:10:56Z,2026-05-15T17:10:56Z,PGA Championship,Aronimink Golf Club,2,14636,"Spieth, Jordan",Pars,11.5,106,-150,69.08,3.9,11.23,2.43,11.86,9.13,28.12
2026-05-15T17:11:14Z,2026-05-15T17:10:56Z,2026-05-15T17:10:56Z,PGA Championship,Aronimink Golf Club,2,10419,"Noren, Alex",Pars,11.5,-120,-118,69.07,3.9,11.23,2.43,12.36,8.52,28.07
2026-05-15T17:11:14Z,2026-05-15T17:10:56Z,2026-05-15T17:10:56Z,PGA Championship,Aronimink Golf Club,2,14577,"English, Harris",Pars,11.5,-128,-112,69.08,3.9,11.23,2.43,10.66,9.04,28.24
2026-05-15T17:11:14Z,2026-05-15T17:10:56Z,2026-05-15T17:10:56Z,PGA Championship,Aronimink Golf Club,2,19895,"Schauffele, Xander",Pars,11.5,-170,120,68.24,4.25,11.29,2.07,14.37,10.74,27.6
2026-05-15T17:11:14Z,2026-05-15T17:10:56Z,2026-05-15T17:10:56Z,PGA Championship,Aronimink Golf Club,2,16243,"Koepka, Brooks",Pars,10.5,-168,118,69.36,3.79,11.21,2.55,12.73,9.11,28.12
2026-05-15T17:11:14Z,2026-05-15T17:10:56Z,2026-05-15T17:10:56Z,PGA Championship,Aronimink Golf Club,2,18634,"McNealy, Maverick",Pars,11.5,-128,-110,68.9,3.97,11.24,2.36,11.14,9.07,28.14
2026-05-15T17:11:14Z,2026-05-15T17:10:56Z,2026-05-15T17:10:56Z,PGA Championship,Aronimink Golf Club,2,10091,"McIlroy, Rory",Pars,11.5,114,-160,68,4.34,11.3,1.97,14.37,11.27,27.52
2026-05-15T17:11:14Z,2026-05-15T17:10:56Z,2026-05-15T17:10:56Z,PGA Championship,Aronimink Golf Club,2,23950,"Aberg, Ludvig",Pars,10.5,-168,118,68.2,4.26,11.29,2.05,14.37,10.51,27.59
2026-05-15T17:11:14Z,2026-05-15T17:10:56Z,2026-05-15T17:10:56Z,PGA Championship,Aronimink Golf Club,2,12965,"Fowler, Rickie",Pars,11.5,-144,102,68.91,3.97,11.24,2.36,12.43,9.29,28.01
2026-05-15T17:11:14Z,2026-05-15T17:10:56Z,2026-05-15T17:10:56Z,PGA Championship,Aronimink Golf Club,2,15466,"Cantlay, Patrick",Pars,12.5,124,-175,68.57,4.11,11.26,2.21,14.13,9.69,27.73
2026-05-15T17:11:14Z,2026-05-15T17:10:56Z,2026-05-15T17:10:56Z,PGA Championship,Aronimink Golf Club,2,14838,"Reed, Patrick",Pars,13.5,118,-176,69.09,3.9,11.23,2.44,12.68,8.55,28.04
2026-05-15T17:11:14Z,2026-05-15T17:10:56Z,2026-05-15T17:10:56Z,PGA Championship,Aronimink Golf Club,2,22085,"Morikawa, Collin",Pars,12.5,154,-235,68.58,4.11,11.26,2.21,14.35,9.6,27.71
2026-05-15T17:11:14Z,2026-05-15T17:10:56Z,2026-05-15T17:10:56Z,PGA Championship,Aronimink Golf Club,2,13900,"Lowry, Shane",Pars,11.5,-164,108,69.13,3.88,11.22,2.45,13.28,8.81,27.99
2026-05-15T17:11:14Z,2026-05-15T17:10:56Z,2026-05-15T17:10:56Z,PGA Championship,Aronimink Golf Club,2,23323,"MacIntyre, Robert",Pars,8.5,198,-300,68.77,4.03,11.25,2.3,10.74,9.91,28.13
2026-05-15T17:11:14Z,2026-05-15T17:10:56Z,2026-05-15T17:10:56Z,PGA Championship,Aronimink Golf Club,2,12294,"Fleetwood, Tommy",Pars,14.5,116,-175,68.48,4.15,11.27,2.17,13.63,10.03,27.75
2026-05-15T17:11:14Z,2026-05-15T17:10:56Z,2026-05-15T17:10:56Z,PGA Championship,Aronimink Golf Club,2,27774,"Gotterup, Chris",Pars,11.5,-310,205,68.84,4,11.24,2.33,12.14,9.75,28.01
2026-05-15T17:11:14Z,2026-05-15T17:10:56Z,2026-05-15T17:10:56Z,PGA Championship,Aronimink Golf Club,2,26651,"Young, Cameron",Pars,14.5,200,-310,67.98,4.35,11.31,1.96,14.37,10.88,27.52
2026-05-15T17:11:14Z,2026-05-15T17:10:56Z,2026-05-15T17:10:56Z,PGA Championship,Aronimink Golf Club,2,14139,"Thomas, Justin",Pars,9.5,-320,205,68.98,3.94,11.23,2.39,12.3,8.87,28.04
2026-05-15T17:11:14Z,2026-05-15T17:10:56Z,2026-05-15T17:10:56Z,PGA Championship,Aronimink Golf Club,2,18417,"Scheffler, Scottie",Pars,11.5,-146,-104,67.29,4.64,11.36,1.65,14.4,11.4,27.29
2026-05-15T17:11:14Z,2026-05-15T17:10:56Z,2026-05-15T17:10:56Z,PGA Championship,Aronimink Golf Club,2,6093,"Rose, Justin",Pars,9.5,108,-162,69.33,3.8,11.21,2.54,12.48,8.65,28.14
2026-05-15T17:11:14Z,2026-05-15T17:10:56Z,2026-05-15T17:10:56Z,PGA Championship,Aronimink Golf Club,2,17646,"Fitzpatrick, Matt",Pars,10.5,-250,166,68.3,4.22,11.28,2.09,14.36,9.88,27.62
2026-05-15T17:11:14Z,2026-05-15T17:10:56Z,2026-05-15T17:10:56Z,PGA Championship,Aronimink Golf Club,2,24968,"Griffin, Ben",Pars,12.5,-158,105,69,3.94,11.23,2.4,11.09,8.53,28.17
2026-05-15T17:11:14Z,2026-05-15T17:10:56Z,2026-05-15T17:10:56Z,PGA Championship,Aronimink Golf Club,2,23602,"Hojgaard, Nicolai",Pars,12.5,116,-174,68.77,4.03,11.25,2.3,13.48,9.89,27.86
2026-05-15T17:11:14Z,2026-05-15T17:10:56Z,2026-05-15T17:10:56Z,PGA Championship,Aronimink Golf Club,2,19483,"Burns, Sam",Pars,11.5,-150,106,68.87,3.99,11.24,2.34,11.54,9.29,28.09
2026-05-15T17:11:14Z,2026-05-15T17:10:56Z,2026-05-15T17:10:56Z,PGA Championship,Aronimink Golf Club,2,14577,"English, Harris",Bogeys,3.5,-176,126,69.08,3.9,11.23,2.43,10.66,9.04,28.24
2026-05-15T17:11:14Z,2026-05-15T17:10:56Z,2026-05-15T17:10:56Z,PGA Championship,Aronimink Golf Club,2,12965,"Fowler, Rickie",Bogeys,3.5,-136,-104,68.91,3.97,11.24,2.36,12.43,9.29,28.01
2026-05-15T17:11:14Z,2026-05-15T17:10:56Z,2026-05-15T17:10:56Z,PGA Championship,Aronimink Golf Club,2,16841,"Lee, Min Woo",Bogeys,3.5,-156,110,68.58,4.1,11.26,2.22,12.06,10.17,27.94
2026-05-15T17:11:14Z,2026-05-15T17:10:56Z,2026-05-15T17:10:56Z,PGA Championship,Aronimink Golf Club,2,23950,"Aberg, Ludvig",Bogeys,3.5,-166,118,68.2,4.26,11.29,2.05,14.37,10.51,27.59
2026-05-15T17:11:14Z,2026-05-15T17:10:56Z,2026-05-15T17:10:56Z,PGA Championship,Aronimink Golf Club,2,19895,"Schauffele, Xander",Bogeys,3.5,112,-158,68.24,4.25,11.29,2.07,14.37,10.74,27.6
2026-05-15T17:11:14Z,2026-05-15T17:10:56Z,2026-05-15T17:10:56Z,PGA Championship,Aronimink Golf Club,2,19195,"Rahm, Jon",Bogeys,3.5,-116,-122,67.89,4.39,11.31,1.92,14.38,11.1,27.49
2026-05-15T17:11:14Z,2026-05-15T17:10:56Z,2026-05-15T17:10:56Z,PGA Championship,Aronimink Golf Club,2,15466,"Cantlay, Patrick",Bogeys,3.5,-108,-132,68.57,4.11,11.26,2.21,14.13,9.69,27.73
2026-05-15T17:11:14Z,2026-05-15T17:10:56Z,2026-05-15T17:10:56Z,PGA Championship,Aronimink Golf Club,2,10091,"McIlroy, Rory",Bogeys,3.5,-118,-120,68,4.34,11.3,1.97,14.37,11.27,27.52
2026-05-15T17:11:14Z,2026-05-15T17:10:56Z,2026-05-15T17:10:56Z,PGA Championship,Aronimink Golf Club,2,21407,"Reitan, Kristoffer",Bogeys,4.5,110,-156,69.11,3.89,11.23,2.44,10.76,9.77,28.24
2026-05-15T17:11:14Z,2026-05-15T17:10:56Z,2026-05-15T17:10:56Z,PGA Championship,Aronimink Golf Club,2,16243,"Koepka, Brooks",Bogeys,3.5,-180,128,69.36,3.79,11.21,2.55,12.73,9.11,28.12
2026-05-15T17:11:14Z,2026-05-15T17:10:56Z,2026-05-15T17:10:56Z,PGA Championship,Aronimink Golf Club,2,10419,"Noren, Alex",Bogeys,4.5,122,-174,69.07,3.9,11.23,2.43,12.36,8.52,28.07
2026-05-15T17:11:14Z,2026-05-15T17:10:56Z,2026-05-15T17:10:56Z,PGA Championship,Aronimink Golf Club,2,14636,"Spieth, Jordan",Bogeys,3.5,-182,128,69.08,3.9,11.23,2.43,11.86,9.13,28.12
2026-05-15T17:11:14Z,2026-05-15T17:10:56Z,2026-05-15T17:10:56Z,PGA Championship,Aronimink Golf Club,2,14796,"Hatton, Tyrrell",Bogeys,3.5,-162,115,69.12,3.88,11.22,2.45,12.78,8.99,28.04
2026-05-15T17:11:14Z,2026-05-15T17:10:56Z,2026-05-15T17:10:56Z,PGA Championship,Aronimink Golf Club,2,18634,"McNealy, Maverick",Bogeys,3.5,-172,122,68.9,3.97,11.24,2.36,11.14,9.07,28.14
2026-05-15T17:11:14Z,2026-05-15T17:10:56Z,2026-05-15T17:10:56Z,PGA Championship,Aronimink Golf Club,2,14838,"Reed, Patrick",Bogeys,3.5,106,-160,69.09,3.9,11.23,2.44,12.68,8.55,28.04
2026-05-15T17:11:14Z,2026-05-15T17:10:56Z,2026-05-15T17:10:56Z,PGA Championship,Aronimink Golf Club,2,22085,"Morikawa, Collin",Bogeys,4.5,2700,-10000,68.58,4.11,11.26,2.21,14.35,9.6,27.71
2026-05-15T17:11:14Z,2026-05-15T17:10:56Z,2026-05-15T17:10:56Z,PGA Championship,Aronimink Golf Club,2,13900,"Lowry, Shane",Bogeys,6.5,1800,-4000,69.13,3.88,11.22,2.45,13.28,8.81,27.99
2026-05-15T17:11:14Z,2026-05-15T17:10:56Z,2026-05-15T17:10:56Z,PGA Championship,Aronimink Golf Club,2,27774,"Gotterup, Chris",Bogeys,1.5,790,-1300,68.84,4,11.24,2.33,12.14,9.75,28.01
2026-05-15T17:11:14Z,2026-05-15T17:10:56Z,2026-05-15T17:10:56Z,PGA Championship,Aronimink Golf Club,2,23323,"MacIntyre, Robert",Bogeys,6.5,-172,114,68.77,4.03,11.25,2.3,10.74,9.91,28.13
2026-05-15T17:11:14Z,2026-05-15T17:10:56Z,2026-05-15T17:10:56Z,PGA Championship,Aronimink Golf Club,2,12294,"Fleetwood, Tommy",Bogeys,3.5,126,-188,68.48,4.15,11.27,2.17,13.63,10.03,27.75
2026-05-15T17:11:14Z,2026-05-15T17:10:56Z,2026-05-15T17:10:56Z,PGA Championship,Aronimink Golf Club,2,14139,"Thomas, Justin",Bogeys,3.5,118,-176,68.98,3.94,11.23,2.39,12.3,8.87,28.04
2026-05-15T17:11:14Z,2026-05-15T17:10:56Z,2026-05-15T17:10:56Z,PGA Championship,Aronimink Golf Club,2,26651,"Young, Cameron",Bogeys,1.5,140,-210,67.98,4.35,11.31,1.96,14.37,10.88,27.52
2026-05-15T17:11:14Z,2026-05-15T17:10:56Z,2026-05-15T17:10:56Z,PGA Championship,Aronimink Golf Club,2,18417,"Scheffler, Scottie",Bogeys,3.5,-205,134,67.29,4.64,11.36,1.65,14.4,11.4,27.29
2026-05-15T17:11:14Z,2026-05-15T17:10:56Z,2026-05-15T17:10:56Z,PGA Championship,Aronimink Golf Club,2,6093,"Rose, Justin",Bogeys,5.5,158,-240,69.33,3.8,11.21,2.54,12.48,8.65,28.14
2026-05-15T17:11:14Z,2026-05-15T17:10:56Z,2026-05-15T17:10:56Z,PGA Championship,Aronimink Golf Club,2,17646,"Fitzpatrick, Matt",Bogeys,3.5,-112,-134,68.3,4.22,11.28,2.09,14.36,9.88,27.62
2026-05-15T17:11:14Z,2026-05-15T17:10:56Z,2026-05-15T17:10:56Z,PGA Championship,Aronimink Golf Club,2,24968,"Griffin, Ben",Bogeys,3.5,134,-190,69,3.94,11.23,2.4,11.09,8.53,28.17
2026-05-15T17:11:14Z,2026-05-15T17:10:56Z,2026-05-15T17:10:56Z,PGA Championship,Aronimink Golf Club,2,23602,"Hojgaard, Nicolai",Bogeys,3.5,-104,-136,68.77,4.03,11.25,2.3,13.48,9.89,27.86
2026-05-15T17:11:14Z,2026-05-15T17:10:56Z,2026-05-15T17:10:56Z,PGA Championship,Aronimink Golf Club,2,19483,"Burns, Sam",Bogeys,3.5,-148,105,68.87,3.99,11.24,2.34,11.54,9.29,28.09
2026-05-15T17:11:14Z,2026-05-15T17:10:56Z,2026-05-15T17:10:56Z,PGA Championship,Aronimink Golf Club,2,15466,"Cantlay, Patrick",GIR,12.5,106,-144,68.57,4.11,11.26,2.21,14.13,9.69,27.73
2026-05-15T17:11:14Z,2026-05-15T17:10:56Z,2026-05-15T17:10:56Z,PGA Championship,Aronimink Golf Club,2,16841,"Lee, Min Woo",GIR,11.5,104,-144,68.58,4.1,11.26,2.22,12.06,10.17,27.94
2026-05-15T17:11:14Z,2026-05-15T17:10:56Z,2026-05-15T17:10:56Z,PGA Championship,Aronimink Golf Club,2,19895,"Schauffele, Xander",GIR,12.5,112,-154,68.24,4.25,11.29,2.07,14.37,10.74,27.6
2026-05-15T17:11:14Z,2026-05-15T17:10:56Z,2026-05-15T17:10:56Z,PGA Championship,Aronimink Golf Club,2,10419,"Noren, Alex",GIR,11.5,-154,112,69.07,3.9,11.23,2.43,12.36,8.52,28.07
2026-05-15T17:11:14Z,2026-05-15T17:10:56Z,2026-05-15T17:10:56Z,PGA Championship,Aronimink Golf Club,2,14636,"Spieth, Jordan",GIR,11.5,-144,105,69.08,3.9,11.23,2.43,11.86,9.13,28.12
2026-05-15T17:11:14Z,2026-05-15T17:10:56Z,2026-05-15T17:10:56Z,PGA Championship,Aronimink Golf Club,2,19195,"Rahm, Jon",GIR,12.5,122,-168,67.89,4.39,11.31,1.92,14.38,11.1,27.49
2026-05-15T17:11:14Z,2026-05-15T17:10:56Z,2026-05-15T17:10:56Z,PGA Championship,Aronimink Golf Club,2,19841,"DeChambeau, Bryson",GIR,12.5,126,-172,68.67,4.07,11.26,2.26,12.31,10.83,27.94
2026-05-15T17:11:14Z,2026-05-15T17:10:56Z,2026-05-15T17:10:56Z,PGA Championship,Aronimink Golf Club,2,21407,"Reitan, Kristoffer",GIR,11.5,-108,-128,69.11,3.89,11.23,2.44,10.76,9.77,28.24
2026-05-15T17:11:14Z,2026-05-15T17:10:56Z,2026-05-15T17:10:56Z,PGA Championship,Aronimink Golf Club,2,23950,"Aberg, Ludvig",GIR,12.5,126,-174,68.2,4.26,11.29,2.05,14.37,10.51,27.59
2026-05-15T17:11:14Z,2026-05-15T17:10:56Z,2026-05-15T17:10:56Z,PGA Championship,Aronimink Golf Club,2,14796,"Hatton, Tyrrell",GIR,11.5,-174,128,69.12,3.88,11.22,2.45,12.78,8.99,28.04
2026-05-15T17:11:14Z,2026-05-15T17:10:56Z,2026-05-15T17:10:56Z,PGA Championship,Aronimink Golf Club,2,14577,"English, Harris",GIR,11.5,-144,106,69.08,3.9,11.23,2.43,10.66,9.04,28.24
2026-05-15T17:11:14Z,2026-05-15T17:10:56Z,2026-05-15T17:10:56Z,PGA Championship,Aronimink Golf Club,2,16243,"Koepka, Brooks",GIR,11.5,-158,115,69.36,3.79,11.21,2.55,12.73,9.11,28.12
2026-05-15T17:11:14Z,2026-05-15T17:10:56Z,2026-05-15T17:10:56Z,PGA Championship,Aronimink Golf Club,2,10091,"McIlroy, Rory",GIR,12.5,-102,-136,68,4.34,11.3,1.97,14.37,11.27,27.52
2026-05-15T17:11:14Z,2026-05-15T17:10:56Z,2026-05-15T17:10:56Z,PGA Championship,Aronimink Golf Club,2,18634,"McNealy, Maverick",GIR,11.5,-120,-114,68.9,3.97,11.24,2.36,11.14,9.07,28.14
2026-05-15T17:11:14Z,2026-05-15T17:10:56Z,2026-05-15T17:10:56Z,PGA Championship,Aronimink Golf Club,2,12965,"Fowler, Rickie",GIR,11.5,-114,-122,68.91,3.97,11.24,2.36,12.43,9.29,28.01
2026-05-15T17:11:14Z,2026-05-15T17:10:56Z,2026-05-15T17:10:56Z,PGA Championship,Aronimink Golf Club,2,29433,"Bridgeman, Jacob",GIR,11.5,-110,-125,69.09,3.9,11.23,2.44,11.57,8.57,28.15
2026-05-15T17:11:14Z,2026-05-15T17:10:56Z,2026-05-15T17:10:56Z,PGA Championship,Aronimink Golf Club,2,14838,"Reed, Patrick",GIR,9.5,-350,250,69.09,3.9,11.23,2.44,12.68,8.55,28.04
2026-05-15T17:11:14Z,2026-05-15T17:10:56Z,2026-05-15T17:10:56Z,PGA Championship,Aronimink Golf Club,2,13900,"Lowry, Shane",GIR,9.5,-800,570,69.13,3.88,11.22,2.45,13.28,8.81,27.99
2026-05-15T17:11:14Z,2026-05-15T17:10:56Z,2026-05-15T17:10:56Z,PGA Championship,Aronimink Golf Club,2,18841,"Hovland, Viktor",GIR,10.5,-750,510,68.87,3.99,11.24,2.34,13.55,9.11,27.88
2026-05-15T17:11:14Z,2026-05-15T17:10:56Z,2026-05-15T17:10:56Z,PGA Championship,Aronimink Golf Club,2,22085,"Morikawa, Collin",GIR,11.5,-800,570,68.58,4.11,11.26,2.21,14.35,9.6,27.71
2026-05-15T17:11:14Z,2026-05-15T17:10:56Z,2026-05-15T17:10:56Z,PGA Championship,Aronimink Golf Club,2,27774,"Gotterup, Chris",GIR,14.5,-700,500,68.84,4,11.24,2.33,12.14,9.75,28.01
2026-05-15T17:11:14Z,2026-05-15T17:10:56Z,2026-05-15T17:10:56Z,PGA Championship,Aronimink Golf Club,2,23323,"MacIntyre, Robert",GIR,10.5,-750,510,68.77,4.03,11.25,2.3,10.74,9.91,28.13
2026-05-15T17:11:14Z,2026-05-15T17:10:56Z,2026-05-15T17:10:56Z,PGA Championship,Aronimink Golf Club,2,12294,"Fleetwood, Tommy",GIR,11.5,-800,560,68.48,4.15,11.27,2.17,13.63,10.03,27.75
2026-05-15T17:11:14Z,2026-05-15T17:10:56Z,2026-05-15T17:10:56Z,PGA Championship,Aronimink Golf Club,2,13872,"Bradley, Keegan",GIR,13.5,-300,215,69.14,3.88,11.22,2.46,11.31,8.86,28.19
2026-05-15T17:11:14Z,2026-05-15T17:10:56Z,2026-05-15T17:10:56Z,PGA Championship,Aronimink Golf Club,2,26651,"Young, Cameron",GIR,12.5,-108,-128,67.98,4.35,11.31,1.96,14.37,10.88,27.52
2026-05-15T17:11:14Z,2026-05-15T17:10:56Z,2026-05-15T17:10:56Z,PGA Championship,Aronimink Golf Club,2,14139,"Thomas, Justin",GIR,9.5,108,-148,68.98,3.94,11.23,2.39,12.3,8.87,28.04
2026-05-15T17:11:14Z,2026-05-15T17:10:56Z,2026-05-15T17:10:56Z,PGA Championship,Aronimink Golf Club,2,17646,"Fitzpatrick, Matt",GIR,13.5,200,-275,68.3,4.22,11.28,2.09,14.36,9.88,27.62
2026-05-15T17:11:14Z,2026-05-15T17:10:56Z,2026-05-15T17:10:56Z,PGA Championship,Aronimink Golf Club,2,6093,"Rose, Justin",GIR,10.5,230,-320,69.33,3.8,11.21,2.54,12.48,8.65,28.14
2026-05-15T17:11:14Z,2026-05-15T17:10:56Z,2026-05-15T17:10:56Z,PGA Championship,Aronimink Golf Club,2,18417,"Scheffler, Scottie",GIR,12.5,158,-220,67.29,4.64,11.36,1.65,14.4,11.4,27.29
2026-05-15T17:11:14Z,2026-05-15T17:10:56Z,2026-05-15T17:10:56Z,PGA Championship,Aronimink Golf Club,2,24968,"Griffin, Ben",GIR,13.5,100,-138,69,3.94,11.23,2.4,11.09,8.53,28.17
2026-05-15T17:11:14Z,2026-05-15T17:10:56Z,2026-05-15T17:10:56Z,PGA Championship,Aronimink Golf Club,2,23602,"Hojgaard, Nicolai",GIR,12.5,-132,-104,68.77,4.03,11.25,2.3,13.48,9.89,27.86
2026-05-15T17:11:14Z,2026-05-15T17:10:56Z,2026-05-15T17:10:56Z,PGA Championship,Aronimink Golf Club,2,19483,"Burns, Sam",GIR,11.5,-170,124,68.87,3.99,11.24,2.34,11.54,9.29,28.09
2026-05-15T17:11:14Z,2026-05-15T17:10:56Z,2026-05-15T17:10:56Z,PGA Championship,Aronimink Golf Club,2,10091,"McIlroy, Rory",Fairways hit,7.5,-154,106,68,4.34,11.3,1.97,14.37,11.27,27.52
2026-05-15T17:11:14Z,2026-05-15T17:10:56Z,2026-05-15T17:10:56Z,PGA Championship,Aronimink Golf Club,2,19841,"DeChambeau, Bryson",Fairways hit,6.5,-175,122,68.67,4.07,11.26,2.26,12.31,10.83,27.94
2026-05-15T17:11:14Z,2026-05-15T17:10:56Z,2026-05-15T17:10:56Z,PGA Championship,Aronimink Golf Club,2,29433,"Bridgeman, Jacob",Fairways hit,7.5,-156,108,69.09,3.9,11.23,2.44,11.57,8.57,28.15
2026-05-15T17:11:14Z,2026-05-15T17:10:56Z,2026-05-15T17:10:56Z,PGA Championship,Aronimink Golf Club,2,14636,"Spieth, Jordan",Fairways hit,7.5,-158,110,69.08,3.9,11.23,2.43,11.86,9.13,28.12
2026-05-15T17:11:14Z,2026-05-15T17:10:56Z,2026-05-15T17:10:56Z,PGA Championship,Aronimink Golf Club,2,16841,"Lee, Min Woo",Fairways hit,7.5,-176,122,68.58,4.1,11.26,2.22,12.06,10.17,27.94
2026-05-15T17:11:14Z,2026-05-15T17:10:56Z,2026-05-15T17:10:56Z,PGA Championship,Aronimink Golf Club,2,12965,"Fowler, Rickie",Fairways hit,8.5,-140,-104,68.91,3.97,11.24,2.36,12.43,9.29,28.01
2026-05-15T17:11:14Z,2026-05-15T17:10:56Z,2026-05-15T17:10:56Z,PGA Championship,Aronimink Golf Club,2,14796,"Hatton, Tyrrell",Fairways hit,8.5,120,-172,69.12,3.88,11.22,2.45,12.78,8.99,28.04
2026-05-15T17:11:14Z,2026-05-15T17:10:56Z,2026-05-15T17:10:56Z,PGA Championship,Aronimink Golf Club,2,16243,"Koepka, Brooks",Fairways hit,7.5,-108,-134,69.36,3.79,11.21,2.55,12.73,9.11,28.12
2026-05-15T17:11:14Z,2026-05-15T17:10:56Z,2026-05-15T17:10:56Z,PGA Championship,Aronimink Golf Club,2,15466,"Cantlay, Patrick",Fairways hit,8.5,124,-178,68.57,4.11,11.26,2.21,14.13,9.69,27.73
2026-05-15T17:11:14Z,2026-05-15T17:10:56Z,2026-05-15T17:10:56Z,PGA Championship,Aronimink Golf Club,2,19195,"Rahm, Jon",Fairways hit,8.5,110,-160,67.89,4.39,11.31,1.92,14.38,11.1,27.49
2026-05-15T17:11:14Z,2026-05-15T17:10:56Z,2026-05-15T17:10:56Z,PGA Championship,Aronimink Golf Club,2,10419,"Noren, Alex",Fairways hit,8.5,-146,100,69.07,3.9,11.23,2.43,12.36,8.52,28.07
2026-05-15T17:11:14Z,2026-05-15T17:10:56Z,2026-05-15T17:10:56Z,PGA Championship,Aronimink Golf Club,2,19895,"Schauffele, Xander",Fairways hit,7.5,-156,108,68.24,4.25,11.29,2.07,14.37,10.74,27.6
2026-05-15T17:11:14Z,2026-05-15T17:10:56Z,2026-05-15T17:10:56Z,PGA Championship,Aronimink Golf Club,2,14577,"English, Harris",Fairways hit,8.5,-125,-115,69.08,3.9,11.23,2.43,10.66,9.04,28.24
2026-05-15T17:11:14Z,2026-05-15T17:10:56Z,2026-05-15T17:10:56Z,PGA Championship,Aronimink Golf Club,2,21407,"Reitan, Kristoffer",Fairways hit,8.5,110,-160,69.11,3.89,11.23,2.44,10.76,9.77,28.24
2026-05-15T17:11:14Z,2026-05-15T17:10:56Z,2026-05-15T17:10:56Z,PGA Championship,Aronimink Golf Club,2,23950,"Aberg, Ludvig",Fairways hit,8.5,102,-148,68.2,4.26,11.29,2.05,14.37,10.51,27.59
2026-05-15T17:11:14Z,2026-05-15T17:10:56Z,2026-05-15T17:10:56Z,PGA Championship,Aronimink Golf Club,2,18634,"McNealy, Maverick",Fairways hit,7.5,-162,112,68.9,3.97,11.24,2.36,11.14,9.07,28.14
2026-05-15T17:11:14Z,2026-05-15T17:10:56Z,2026-05-15T17:10:56Z,PGA Championship,Aronimink Golf Club,2,14838,"Reed, Patrick",Fairways hit,7.5,-230,158,69.09,3.9,11.23,2.44,12.68,8.55,28.04
2026-05-15T17:11:14Z,2026-05-15T17:10:56Z,2026-05-15T17:10:56Z,PGA Championship,Aronimink Golf Club,2,27774,"Gotterup, Chris",Fairways hit,7.5,-168,116,68.84,4,11.24,2.33,12.14,9.75,28.01
2026-05-15T17:11:14Z,2026-05-15T17:10:56Z,2026-05-15T17:10:56Z,PGA Championship,Aronimink Golf Club,2,23323,"MacIntyre, Robert",Fairways hit,7.5,-240,166,68.77,4.03,11.25,2.3,10.74,9.91,28.13
2026-05-15T17:11:14Z,2026-05-15T17:10:56Z,2026-05-15T17:10:56Z,PGA Championship,Aronimink Golf Club,2,12294,"Fleetwood, Tommy",Fairways hit,9.5,-295,200,68.48,4.15,11.27,2.17,13.63,10.03,27.75
2026-05-15T17:11:14Z,2026-05-15T17:10:56Z,2026-05-15T17:10:56Z,PGA Championship,Aronimink Golf Club,2,13872,"Bradley, Keegan",Fairways hit,9.5,-240,164,69.14,3.88,11.22,2.46,11.31,8.86,28.19
2026-05-15T17:11:14Z,2026-05-15T17:10:56Z,2026-05-15T17:10:56Z,PGA Championship,Aronimink Golf Club,2,26651,"Young, Cameron",Fairways hit,9.5,-215,146,67.98,4.35,11.31,1.96,14.37,10.88,27.52
2026-05-15T17:11:14Z,2026-05-15T17:10:56Z,2026-05-15T17:10:56Z,PGA Championship,Aronimink Golf Club,2,14139,"Thomas, Justin",Fairways hit,8.5,-180,126,68.98,3.94,11.23,2.39,12.3,8.87,28.04
2026-05-15T17:11:14Z,2026-05-15T17:10:56Z,2026-05-15T17:10:56Z,PGA Championship,Aronimink Golf Club,2,6093,"Rose, Justin",Fairways hit,7.5,196,-285,69.33,3.8,11.21,2.54,12.48,8.65,28.14
2026-05-15T17:11:14Z,2026-05-15T17:10:56Z,2026-05-15T17:10:56Z,PGA Championship,Aronimink Golf Club,2,18417,"Scheffler, Scottie",Fairways hit,6.5,158,-230,67.29,4.64,11.36,1.65,14.4,11.4,27.29
2026-05-15T17:11:14Z,2026-05-15T17:10:56Z,2026-05-15T17:10:56Z,PGA Championship,Aronimink Golf Club,2,17646,"Fitzpatrick, Matt",Fairways hit,9.5,156,-225,68.3,4.22,11.28,2.09,14.36,9.88,27.62
2026-05-15T17:11:14Z,2026-05-15T17:10:56Z,2026-05-15T17:10:56Z,PGA Championship,Aronimink Golf Club,2,24968,"Griffin, Ben",Fairways hit,9.5,-186,128,69,3.94,11.23,2.4,11.09,8.53,28.17
2026-05-15T17:11:14Z,2026-05-15T17:10:56Z,2026-05-15T17:10:56Z,PGA Championship,Aronimink Golf Club,2,23602,"Hojgaard, Nicolai",Fairways hit,7.5,-184,128,68.77,4.03,11.25,2.3,13.48,9.89,27.86
2026-05-15T17:11:14Z,2026-05-15T17:10:56Z,2026-05-15T17:10:56Z,PGA Championship,Aronimink Golf Club,2,19483,"Burns, Sam",Fairways hit,7.5,120,-174,68.87,3.99,11.24,2.34,11.54,9.29,28.09
2026-05-15T17:11:14Z,2026-05-15T17:10:56Z,2026-05-15T17:10:56Z,PGA Championship,Aronimink Golf Club,2,23950,"Aberg, Ludvig",Putts,30.5,-128,-108,68.2,4.26,11.29,2.05,14.37,10.51,27.59
2026-05-15T17:11:14Z,2026-05-15T17:10:56Z,2026-05-15T17:10:56Z,PGA Championship,Aronimink Golf Club,2,29433,"Bridgeman, Jacob",Putts,30.5,-126,-108,69.09,3.9,11.23,2.44,11.57,8.57,28.15
2026-05-15T17:11:14Z,2026-05-15T17:10:56Z,2026-05-15T17:10:56Z,PGA Championship,Aronimink Golf Club,2,10091,"McIlroy, Rory",Putts,30.5,-128,-108,68,4.34,11.3,1.97,14.37,11.27,27.52
2026-05-15T17:11:14Z,2026-05-15T17:10:56Z,2026-05-15T17:10:56Z,PGA Championship,Aronimink Golf Club,2,19195,"Rahm, Jon",Putts,31.5,116,-158,67.89,4.39,11.31,1.92,14.38,11.1,27.49
2026-05-15T17:11:14Z,2026-05-15T17:10:56Z,2026-05-15T17:10:56Z,PGA Championship,Aronimink Golf Club,2,16243,"Koepka, Brooks",Putts,30.5,-152,110,69.36,3.79,11.21,2.55,12.73,9.11,28.12
2026-05-15T17:11:14Z,2026-05-15T17:10:56Z,2026-05-15T17:10:56Z,PGA Championship,Aronimink Golf Club,2,10419,"Noren, Alex",Putts,30.5,-140,100,69.07,3.9,11.23,2.43,12.36,8.52,28.07
2026-05-15T17:11:14Z,2026-05-15T17:10:56Z,2026-05-15T17:10:56Z,PGA Championship,Aronimink Golf Club,2,19895,"Schauffele, Xander",Putts,30.5,-146,106,68.24,4.25,11.29,2.07,14.37,10.74,27.6
2026-05-15T17:11:14Z,2026-05-15T17:10:56Z,2026-05-15T17:10:56Z,PGA Championship,Aronimink Golf Club,2,16841,"Lee, Min Woo",Putts,30.5,-122,-112,68.58,4.1,11.26,2.22,12.06,10.17,27.94
2026-05-15T17:11:14Z,2026-05-15T17:10:56Z,2026-05-15T17:10:56Z,PGA Championship,Aronimink Golf Club,2,22085,"Morikawa, Collin",Putts,31.5,-255,176,68.58,4.11,11.26,2.21,14.35,9.6,27.71
2026-05-15T17:11:14Z,2026-05-15T17:10:56Z,2026-05-15T17:10:56Z,PGA Championship,Aronimink Golf Club,2,23323,"MacIntyre, Robert",Putts,32.5,-144,-102,68.77,4.03,11.25,2.3,10.74,9.91,28.13
2026-05-15T17:11:14Z,2026-05-15T17:10:56Z,2026-05-15T17:10:56Z,PGA Championship,Aronimink Golf Club,2,12294,"Fleetwood, Tommy",Putts,33.5,-152,104,68.48,4.15,11.27,2.17,13.63,10.03,27.75
2026-05-15T17:11:14Z,2026-05-15T17:10:56Z,2026-05-15T17:10:56Z,PGA Championship,Aronimink Golf Club,2,27774,"Gotterup, Chris",Putts,29.5,-154,106,68.84,4,11.24,2.33,12.14,9.75,28.01
2026-05-15T17:11:14Z,2026-05-15T17:10:56Z,2026-05-15T17:10:56Z,PGA Championship,Aronimink Golf Club,2,26651,"Young, Cameron",Putts,28.5,138,-205,67.98,4.35,11.31,1.96,14.37,10.88,27.52
2026-05-15T17:11:14Z,2026-05-15T17:10:56Z,2026-05-15T17:10:56Z,PGA Championship,Aronimink Golf Club,2,14139,"Thomas, Justin",Putts,25.5,134,-196,68.98,3.94,11.23,2.39,12.3,8.87,28.04
2026-05-15T17:11:14Z,2026-05-15T17:10:56Z,2026-05-15T17:10:56Z,PGA Championship,Aronimink Golf Club,2,6093,"Rose, Justin",Putts,31.5,156,-230,69.33,3.8,11.21,2.54,12.48,8.65,28.14
2026-05-15T17:11:14Z,2026-05-15T17:10:56Z,2026-05-15T17:10:56Z,PGA Championship,Aronimink Golf Club,2,17646,"Fitzpatrick, Matt",Putts,32.5,160,-235,68.3,4.22,11.28,2.09,14.36,9.88,27.62
2026-05-15T17:11:14Z,2026-05-15T17:10:56Z,2026-05-15T17:10:56Z,PGA Championship,Aronimink Golf Club,2,18417,"Scheffler, Scottie",Putts,32.5,160,-235,67.29,4.64,11.36,1.65,14.4,11.4,27.29
2026-05-15T17:11:14Z,2026-05-15T17:10:56Z,2026-05-15T17:10:56Z,PGA Championship,Aronimink Golf Club,2,24968,"Griffin, Ben",Putts,31.5,-136,-108,69,3.94,11.23,2.4,11.09,8.53,28.17
2026-05-15T17:11:14Z,2026-05-15T17:10:56Z,2026-05-15T17:10:56Z,PGA Championship,Aronimink Golf Club,2,14796,"Hatton, Tyrrell",Total Score,71.5,-134,100,69.12,3.88,11.22,2.45,12.78,8.99,28.04
2026-05-15T17:11:14Z,2026-05-15T17:10:56Z,2026-05-15T17:10:56Z,PGA Championship,Aronimink Golf Club,2,19195,"Rahm, Jon",Total Score,70.5,-142,105,67.89,4.39,11.31,1.92,14.38,11.1,27.49
2026-05-15T17:11:14Z,2026-05-15T17:10:56Z,2026-05-15T17:10:56Z,PGA Championship,Aronimink Golf Club,2,16841,"Lee, Min Woo",Total Score,71.5,-136,100,68.58,4.1,11.26,2.22,12.06,10.17,27.94
2026-05-15T17:11:14Z,2026-05-15T17:10:56Z,2026-05-15T17:10:56Z,PGA Championship,Aronimink Golf Club,2,18634,"McNealy, Maverick",Total Score,72.5,114,-152,68.9,3.97,11.24,2.36,11.14,9.07,28.14
2026-05-15T17:11:14Z,2026-05-15T17:10:56Z,2026-05-15T17:10:56Z,PGA Championship,Aronimink Golf Club,2,10091,"McIlroy, Rory",Total Score,70.5,-128,-105,68,4.34,11.3,1.97,14.37,11.27,27.52
2026-05-15T17:11:14Z,2026-05-15T17:10:56Z,2026-05-15T17:10:56Z,PGA Championship,Aronimink Golf Club,2,19895,"Schauffele, Xander",Total Score,70.5,-150,110,68.24,4.25,11.29,2.07,14.37,10.74,27.6
2026-05-15T17:11:14Z,2026-05-15T17:10:56Z,2026-05-15T17:10:56Z,PGA Championship,Aronimink Golf Club,2,15466,"Cantlay, Patrick",Total Score,71.5,-108,-124,68.57,4.11,11.26,2.21,14.13,9.69,27.73
2026-05-15T17:11:14Z,2026-05-15T17:10:56Z,2026-05-15T17:10:56Z,PGA Championship,Aronimink Golf Club,2,23950,"Aberg, Ludvig",Total Score,71.5,-104,-128,68.2,4.26,11.29,2.05,14.37,10.51,27.59
2026-05-15T17:11:14Z,2026-05-15T17:10:56Z,2026-05-15T17:10:56Z,PGA Championship,Aronimink Golf Club,2,19841,"DeChambeau, Bryson",Total Score,71.5,-128,-105,68.67,4.07,11.26,2.26,12.31,10.83,27.94
2026-05-15T17:11:14Z,2026-05-15T17:10:56Z,2026-05-15T17:10:56Z,PGA Championship,Aronimink Golf Club,2,29433,"Bridgeman, Jacob",Total Score,72.5,-114,-120,69.09,3.9,11.23,2.44,11.57,8.57,28.15
2026-05-15T17:11:14Z,2026-05-15T17:10:56Z,2026-05-15T17:10:56Z,PGA Championship,Aronimink Golf Club,2,10419,"Noren, Alex",Total Score,72.5,-105,-128,69.07,3.9,11.23,2.43,12.36,8.52,28.07
2026-05-15T17:11:14Z,2026-05-15T17:10:56Z,2026-05-15T17:10:56Z,PGA Championship,Aronimink Golf Club,2,14636,"Spieth, Jordan",Total Score,71.5,-134,100,69.08,3.9,11.23,2.43,11.86,9.13,28.12
2026-05-15T17:11:14Z,2026-05-15T17:10:56Z,2026-05-15T17:10:56Z,PGA Championship,Aronimink Golf Club,2,14577,"English, Harris",Total Score,72.5,110,-148,69.08,3.9,11.23,2.43,10.66,9.04,28.24
2026-05-15T17:11:14Z,2026-05-15T17:10:56Z,2026-05-15T17:10:56Z,PGA Championship,Aronimink Golf Club,2,12965,"Fowler, Rickie",Total Score,71.5,-124,-108,68.91,3.97,11.24,2.36,12.43,9.29,28.01
2026-05-15T17:11:14Z,2026-05-15T17:10:56Z,2026-05-15T17:10:56Z,PGA Championship,Aronimink Golf Club,2,16243,"Koepka, Brooks",Total Score,71.5,-116,-116,69.36,3.79,11.21,2.55,12.73,9.11,28.12
2026-05-15T17:11:14Z,2026-05-15T17:10:56Z,2026-05-15T17:10:56Z,PGA Championship,Aronimink Golf Club,2,21407,"Reitan, Kristoffer",Total Score,72.5,-104,-130,69.11,3.89,11.23,2.44,10.76,9.77,28.24
2026-05-15T17:11:14Z,2026-05-15T17:10:56Z,2026-05-15T17:10:56Z,PGA Championship,Aronimink Golf Club,2,14838,"Reed, Patrick",Total Score,72.5,134,-192,69.09,3.9,11.23,2.44,12.68,8.55,28.04
2026-05-15T17:11:14Z,2026-05-15T17:10:56Z,2026-05-15T17:10:56Z,PGA Championship,Aronimink Golf Club,2,18841,"Hovland, Viktor",Total Score,72.5,-124,-115,68.87,3.99,11.24,2.34,13.55,9.11,27.88
2026-05-15T17:11:14Z,2026-05-15T17:10:56Z,2026-05-15T17:10:56Z,PGA Championship,Aronimink Golf Club,2,22085,"Morikawa, Collin",Total Score,72.5,150,-215,68.58,4.11,11.26,2.21,14.35,9.6,27.71
2026-05-15T17:11:14Z,2026-05-15T17:10:56Z,2026-05-15T17:10:56Z,PGA Championship,Aronimink Golf Club,2,23323,"MacIntyre, Robert",Total Score,74.5,102,-146,68.77,4.03,11.25,2.3,10.74,9.91,28.13
2026-05-15T17:11:14Z,2026-05-15T17:10:56Z,2026-05-15T17:10:56Z,PGA Championship,Aronimink Golf Club,2,27774,"Gotterup, Chris",Total Score,66.5,260,-370,68.84,4,11.24,2.33,12.14,9.75,28.01
2026-05-15T17:11:14Z,2026-05-15T17:10:56Z,2026-05-15T17:10:56Z,PGA Championship,Aronimink Golf Club,2,12294,"Fleetwood, Tommy",Total Score,74.5,-138,-280,68.48,4.15,11.27,2.17,13.63,10.03,27.75
2026-05-15T17:11:14Z,2026-05-15T17:10:56Z,2026-05-15T17:10:56Z,PGA Championship,Aronimink Golf Club,2,26651,"Young, Cameron",Total Score,68.5,-205,142,67.98,4.35,11.31,1.96,14.37,10.88,27.52
2026-05-15T17:11:14Z,2026-05-15T17:10:56Z,2026-05-15T17:10:56Z,PGA Championship,Aronimink Golf Club,2,13872,"Bradley, Keegan",Total Score,72.5,-156,-188,69.14,3.88,11.22,2.46,11.31,8.86,28.19
2026-05-15T17:11:14Z,2026-05-15T17:10:56Z,2026-05-15T17:10:56Z,PGA Championship,Aronimink Golf Club,2,14139,"Thomas, Justin",Total Score,68.5,-230,158,68.98,3.94,11.23,2.39,12.3,8.87,28.04
2026-05-15T17:11:14Z,2026-05-15T17:10:56Z,2026-05-15T17:10:56Z,PGA Championship,Aronimink Golf Club,2,18417,"Scheffler, Scottie",Total Score,71.5,120,-172,67.29,4.64,11.36,1.65,14.4,11.4,27.29
2026-05-15T17:11:14Z,2026-05-15T17:10:56Z,2026-05-15T17:10:56Z,PGA Championship,Aronimink Golf Club,2,6093,"Rose, Justin",Total Score,73.5,-162,114,69.33,3.8,11.21,2.54,12.48,8.65,28.14
2026-05-15T17:11:14Z,2026-05-15T17:10:56Z,2026-05-15T17:10:56Z,PGA Championship,Aronimink Golf Club,2,17646,"Fitzpatrick, Matt",Total Score,71.5,175,-250,68.3,4.22,11.28,2.09,14.36,9.88,27.62
2026-05-15T17:11:14Z,2026-05-15T17:10:56Z,2026-05-15T17:10:56Z,PGA Championship,Aronimink Golf Club,2,24968,"Griffin, Ben",Total Score,71.5,-108,-125,69,3.94,11.23,2.4,11.09,8.53,28.17
2026-05-15T17:11:14Z,2026-05-15T17:10:56Z,2026-05-15T17:10:56Z,PGA Championship,Aronimink Golf Club,2,23602,"Hojgaard, Nicolai",Total Score,71.5,-106,-128,68.77,4.03,11.25,2.3,13.48,9.89,27.86
2026-05-15T17:11:14Z,2026-05-15T17:10:56Z,2026-05-15T17:10:56Z,PGA Championship,Aronimink Golf Club,2,19483,"Burns, Sam",Total Score,71.5,-144,108,68.87,3.99,11.24,2.34,11.54,9.29,28.09
