generated_at,course_name,competition,event,year,round,player,matched_player,market,line,model_mu,model_line_edge,side,model_edge_pct,actual,result,opening_american,closing_american,pnl_open,pnl_close
2026-06-25T03:08:38.047Z,TPC Twin Cities,3M Open 2023,3M Open,2023,1,G. Woodland,Gary Woodland,Birdies,4,3.344,-0.656,over,-12.70,2,L,-120,-106,-1.000,-1.000
2026-06-25T03:08:38.047Z,TPC Twin Cities,3M Open 2023,3M Open,2023,1,J. Dahmen,Joel Dahmen,Birdies,3.5,3.382,-0.118,over,-8.92,3,L,-135,-121,-1.000,-1.000
2026-06-25T03:08:38.047Z,TPC Twin Cities,3M Open 2023,3M Open,2023,1,J. Thomas,Justin Thomas,Birdies,4,3.161,-0.839,over,-15.94,3,L,-125,-111,-1.000,-1.000
2026-06-25T03:08:38.047Z,TPC Twin Cities,3M Open 2023,3M Open,2023,2,G. Woodland,Gary Woodland,Birdies,5,3.453,-1.547,under,19.87,4,W,105,118,1.050,1.180
2026-06-25T03:08:38.047Z,TPC Twin Cities,3M Open 2023,3M Open,2023,2,J. Dahmen,Joel Dahmen,Birdies,4.5,3.171,-1.329,under,19.67,3,W,115,128,1.150,1.280
2026-06-25T03:08:38.047Z,TPC Twin Cities,3M Open 2023,3M Open,2023,2,J. Thomas,Justin Thomas,Birdies,5.5,2.950,-2.550,under,21.39,6,L,-135,-115,-1.000,-1.000
2026-06-25T03:08:38.047Z,TPC Twin Cities,3M Open 2023,3M Open,2023,1,K.H. Lee,K.H. Lee,Birdies,3.5,3.196,-0.304,over,-12.99,4,W,-145,-122,0.690,0.820
2026-06-25T03:08:38.047Z,TPC Twin Cities,3M Open 2023,3M Open,2023,1,S. Theegala,Sahith Theegala,Birdies,4,3.077,-0.923,over,-11.41,3,L,100,111,-1.000,-1.000
2026-06-25T03:08:38.047Z,TPC Twin Cities,3M Open 2023,3M Open,2023,2,C. Young,Carson Young,Birdies,5.5,2.928,-2.572,under,23.48,5,W,-125,-108,0.800,0.926
2026-06-25T03:08:38.047Z,TPC Twin Cities,3M Open 2023,3M Open,2023,2,K.H. Lee,K.H. Lee,Birdies,4.5,2.994,-1.506,under,20.57,7,L,110,124,-1.000,-1.000
2026-06-25T03:08:38.047Z,TPC Twin Cities,3M Open 2023,3M Open,2023,1,M. Hughes,Mackenzie Hughes,Birdies,3.5,3.354,-0.146,over,-9.28,3,L,-135,-117,-1.000,-1.000
2026-06-25T03:08:38.047Z,TPC Twin Cities,3M Open 2023,3M Open,2023,1,V. Norrman,Vincent Norrman,Birdies,4,3.795,-0.205,over,-2.56,7,W,100,110,1.000,1.100
2026-06-25T03:08:38.047Z,TPC Twin Cities,3M Open 2023,3M Open,2023,2,M. Hughes,Mackenzie Hughes,Birdies,5,3.142,-1.858,under,12.83,4,W,-145,-127,0.690,0.787
2026-06-25T03:08:38.047Z,TPC Twin Cities,3M Open 2023,3M Open,2023,2,V. Norrman,Vincent Norrman,Birdies,5,4.024,-0.976,under,12.04,2,W,100,111,1.000,1.110
2026-06-25T03:08:38.047Z,TPC Twin Cities,3M Open 2023,3M Open,2023,1,H. Matsuyama,Hideki Matsuyama,Birdies,4,3.495,-0.505,over,-8.68,7,W,-110,101,0.909,1.010
2026-06-25T03:08:38.047Z,TPC Twin Cities,3M Open 2023,3M Open,2023,1,T. Finau,Tony Finau,Birdies,4,3.194,-0.806,over,-12.37,6,W,-110,101,0.909,1.010
2026-06-25T03:08:38.047Z,TPC Twin Cities,3M Open 2023,3M Open,2023,2,H. Matsuyama,Hideki Matsuyama,Birdies,5.5,3.723,-1.777,under,23.54,3,W,110,126,1.100,1.260
2026-06-25T03:08:38.047Z,TPC Twin Cities,3M Open 2023,3M Open,2023,2,S. Straka,Sepp Straka,Birdies,5.5,3.999,-1.501,under,13.59,5,W,-120,-106,0.833,0.943
2026-06-25T03:08:38.047Z,TPC Twin Cities,3M Open 2023,3M Open,2023,2,T. Finau,Tony Finau,Birdies,5.5,3.003,-2.497,under,30.74,8,L,110,126,-1.000,-1.000
2026-06-25T03:08:38.047Z,TPC Craig Ranch,AT&T Byron Nelson 2023,AT&T Byron Nelson,2023,2,A. Scott,Adam Scott,Total score,68.5,67.336,-1.164,under,11.36,71,L,-105,109,-1.000,-1.000
2026-06-25T03:08:38.047Z,TPC Craig Ranch,AT&T Byron Nelson 2023,AT&T Byron Nelson,2023,2,M. W. Lee,K.H. Lee,Birdies,4,4.967,0.967,under,-16.48,6,L,-120,-102,-1.000,-1.000
2026-06-25T03:08:38.047Z,TPC Craig Ranch,AT&T Byron Nelson 2023,AT&T Byron Nelson,2023,4,S. Scheffler,Scottie Scheffler,Birdies,4.5,5.226,0.726,over,4.47,6,W,-120,-103,0.833,0.971
2026-06-25T03:08:38.047Z,Pebble Beach Golf Links,AT&T Pebble Beach Pro-Am 2024,AT&T Pebble Beach Pro-Am,2024,3,J. Thomas,Justin Thomas,Birdies,5.5,3.261,-2.239,over,-23.52,4,L,110,126,-1.000,-1.000
2026-06-25T03:08:38.047Z,Pebble Beach Golf Links,AT&T Pebble Beach Pro-Am 2024,AT&T Pebble Beach Pro-Am,2024,3,P. Cantlay,Patrick Cantlay,Birdies,5.5,2.577,-2.923,over,-29.68,4,L,110,126,-1.000,-1.000
2026-06-25T03:08:38.047Z,Pebble Beach Golf Links,AT&T Pebble Beach Pro-Am 2024,AT&T Pebble Beach Pro-Am,2024,3,A. Schenk,Adam Schenk,Birdies,4.5,3.201,-1.299,under,18.22,9,L,110,122,-1.000,-1.000
2026-06-25T03:08:38.047Z,Pebble Beach Golf Links,AT&T Pebble Beach Pro-Am 2024,AT&T Pebble Beach Pro-Am,2024,3,X. Schauffele,Xander Schauffele,Birdies,5.5,3.233,-2.267,under,16.99,5,W,-145,-124,0.690,0.806
2026-06-25T03:08:38.047Z,Pebble Beach Golf Links,AT&T Pebble Beach Pro-Am 2024,AT&T Pebble Beach Pro-Am,2024,3,S. Scheffler,Scottie Scheffler,Birdies,5.5,3.127,-2.373,over,-29.58,3,L,-110,103,-1.000,-1.000
2026-06-25T03:08:38.047Z,Pebble Beach Golf Links,AT&T Pebble Beach Pro-Am 2025,AT&T Pebble Beach Pro-Am,2025,1,R. Fowler,Rickie Fowler,Birdies,3.5,3.719,0.219,over,-6.45,6,W,-145,-117,0.690,0.855
2026-06-25T03:08:38.047Z,Pebble Beach Golf Links,AT&T Pebble Beach Pro-Am 2025,AT&T Pebble Beach Pro-Am,2025,1,V. Hovland,Viktor Hovland,Birdies,3.5,3.974,0.474,over,-6.35,8,W,-165,-135,0.606,0.741
2026-06-25T03:08:38.047Z,Pebble Beach Golf Links,AT&T Pebble Beach Pro-Am 2025,AT&T Pebble Beach Pro-Am,2025,1,T. Finau,Tony Finau,Birdies,3.5,4.636,1.136,over,3.15,7,W,-155,-129,0.645,0.775
2026-06-25T03:08:38.047Z,Arnold Palmer's Bay Hill Club & Lodge,Arnold Palmer Invitational 2024,Arnold Palmer Invitational,2024,2,J. Spieth,Jordan Spieth,Birdies,4.5,3.514,-0.986,over,-17.72,4,L,-125,-113,-1.000,-1.000
2026-06-25T03:08:38.047Z,Arnold Palmer's Bay Hill Club & Lodge,Arnold Palmer Invitational 2024,Arnold Palmer Invitational,2024,2,J. Spieth,Jordan Spieth,Birdies,4.5,3.514,-0.986,under,12.16,4,W,100,113,1.000,1.130
2026-06-25T03:08:38.047Z,Arnold Palmer's Bay Hill Club & Lodge,Arnold Palmer Invitational 2024,Arnold Palmer Invitational,2024,2,X. Schauffele,Xander Schauffele,Birdies,4.5,2.886,-1.614,over,-26.83,4,L,-135,-117,-1.000,-1.000
2026-06-25T03:08:38.047Z,Arnold Palmer's Bay Hill Club & Lodge,Arnold Palmer Invitational 2024,Arnold Palmer Invitational,2024,2,X. Schauffele,Xander Schauffele,Birdies,4.5,2.886,-1.614,under,20.61,4,W,105,117,1.050,1.170
2026-06-25T03:08:38.047Z,Arnold Palmer's Bay Hill Club & Lodge,Arnold Palmer Invitational 2024,Arnold Palmer Invitational,2024,2,M. Fitzpatrick,Matt Fitzpatrick,Birdies,4.5,3.156,-1.344,over,-21.90,2,L,-125,-108,-1.000,-1.000
2026-06-25T03:08:38.047Z,Arnold Palmer's Bay Hill Club & Lodge,Arnold Palmer Invitational 2024,Arnold Palmer Invitational,2024,2,M. Fitzpatrick,Matt Fitzpatrick,Birdies,4.5,3.156,-1.344,under,15.13,2,W,-105,108,0.952,1.080
2026-06-25T03:08:38.047Z,Arnold Palmer's Bay Hill Club & Lodge,Arnold Palmer Invitational 2024,Arnold Palmer Invitational,2024,2,P. Cantlay,Patrick Cantlay,Birdies,4.5,3.526,-0.974,over,-21.20,4,L,-145,-123,-1.000,-1.000
2026-06-25T03:08:38.047Z,Arnold Palmer's Bay Hill Club & Lodge,Arnold Palmer Invitational 2024,Arnold Palmer Invitational,2024,2,P. Cantlay,Patrick Cantlay,Birdies,4.5,3.526,-0.974,under,14.40,4,W,110,123,1.100,1.230
2026-06-25T03:08:38.047Z,Arnold Palmer's Bay Hill Club & Lodge,Arnold Palmer Invitational 2024,Arnold Palmer Invitational,2024,2,H. Matsuyama,Hideki Matsuyama,Birdies,4,3.123,-0.877,over,-18.30,5,W,-135,-119,0.741,0.840
2026-06-25T03:08:38.047Z,Arnold Palmer's Bay Hill Club & Lodge,Arnold Palmer Invitational 2024,Arnold Palmer Invitational,2024,2,H. Matsuyama,Hideki Matsuyama,Birdies,4,3.123,-0.877,under,10.85,5,L,100,115,-1.000,-1.000
2026-06-25T03:08:38.047Z,Arnold Palmer's Bay Hill Club & Lodge,Arnold Palmer Invitational 2024,Arnold Palmer Invitational,2024,2,H. Matsuyama,Hideki Matsuyama,Birdies,4.5,3.123,-1.377,over,-24.18,5,W,-135,-120,0.741,0.833
2026-06-25T03:08:38.047Z,Arnold Palmer's Bay Hill Club & Lodge,Arnold Palmer Invitational 2024,Arnold Palmer Invitational,2024,2,H. Matsuyama,Hideki Matsuyama,Birdies,4.5,3.123,-1.377,under,17.95,5,L,105,120,-1.000,-1.000
2026-06-25T03:08:38.047Z,Arnold Palmer's Bay Hill Club & Lodge,Arnold Palmer Invitational 2024,Arnold Palmer Invitational,2024,2,R. Henley,Russell Henley,Birdies,4.5,2.803,-1.697,over,-25.85,4,L,-125,-110,-1.000,-1.000
2026-06-25T03:08:38.047Z,Arnold Palmer's Bay Hill Club & Lodge,Arnold Palmer Invitational 2024,Arnold Palmer Invitational,2024,2,R. Henley,Russell Henley,Birdies,4.5,2.803,-1.697,under,19.07,4,W,-105,110,0.952,1.100
2026-06-25T03:08:38.047Z,Arnold Palmer's Bay Hill Club & Lodge,Arnold Palmer Invitational 2024,Arnold Palmer Invitational,2024,2,S. Burns,Sam Burns,Birdies,4.5,3.655,-0.845,over,-12.84,4,L,-110,-101,-1.000,-1.000
2026-06-25T03:08:38.047Z,Arnold Palmer's Bay Hill Club & Lodge,Arnold Palmer Invitational 2024,Arnold Palmer Invitational,2024,2,S. Burns,Sam Burns,Birdies,4.5,3.655,-0.845,under,8.08,4,W,-110,101,0.909,1.010
2026-06-25T03:08:38.047Z,Arnold Palmer's Bay Hill Club & Lodge,Arnold Palmer Invitational 2024,Arnold Palmer Invitational,2024,2,S. Scheffler,Scottie Scheffler,Birdies,5,3.478,-1.522,over,-14.87,6,W,115,128,1.150,1.280
2026-06-25T03:08:38.047Z,Arnold Palmer's Bay Hill Club & Lodge,Arnold Palmer Invitational 2024,Arnold Palmer Invitational,2024,2,S. Scheffler,Scottie Scheffler,Birdies,5,3.478,-1.522,under,9.18,6,L,-145,-128,-1.000,-1.000
2026-06-25T03:08:38.047Z,Arnold Palmer's Bay Hill Club & Lodge,Arnold Palmer Invitational 2025,Arnold Palmer Invitational,2025,1,H. Matsuyama,Hideki Matsuyama,Birdies,3.5,3.130,-0.370,over,-9.17,2,L,-120,106,-1.000,-1.000
2026-06-25T03:08:38.047Z,Arnold Palmer's Bay Hill Club & Lodge,Arnold Palmer Invitational 2025,Arnold Palmer Invitational,2025,1,H. Matsuyama,Hideki Matsuyama,Birdies,3.5,3.130,-0.370,under,-2.82,2,W,-135,-106,0.741,0.943
2026-06-25T03:08:38.047Z,Arnold Palmer's Bay Hill Club & Lodge,Arnold Palmer Invitational 2025,Arnold Palmer Invitational,2025,1,V. Hovland,Viktor Hovland,Birdies,3.5,2.954,-0.546,over,-6.81,2,L,100,121,-1.000,-1.000
2026-06-25T03:08:38.047Z,Arnold Palmer's Bay Hill Club & Lodge,Arnold Palmer Invitational 2025,Arnold Palmer Invitational,2025,1,V. Hovland,Viktor Hovland,Birdies,3.5,2.954,-0.546,under,-3.98,2,W,-155,-121,0.645,0.826
2026-06-25T03:08:38.047Z,Arnold Palmer's Bay Hill Club & Lodge,Arnold Palmer Invitational 2025,Arnold Palmer Invitational,2025,1,J. Thomas,Justin Thomas,Birdies,3.5,3.435,-0.065,over,-16.33,6,W,-190,-152,0.526,0.658
2026-06-25T03:08:38.047Z,Arnold Palmer's Bay Hill Club & Lodge,Arnold Palmer Invitational 2025,Arnold Palmer Invitational,2025,1,J. Thomas,Justin Thomas,Birdies,3.5,3.435,-0.065,under,6.37,6,L,125,152,-1.000,-1.000
2026-06-25T03:08:38.047Z,Arnold Palmer's Bay Hill Club & Lodge,Arnold Palmer Invitational 2025,Arnold Palmer Invitational,2025,1,X. Schauffele,Xander Schauffele,Birdies,3.5,2.983,-0.517,over,-21.97,1,L,-190,-158,-1.000,-1.000
2026-06-25T03:08:38.047Z,Arnold Palmer's Bay Hill Club & Lodge,Arnold Palmer Invitational 2025,Arnold Palmer Invitational,2025,1,X. Schauffele,Xander Schauffele,Birdies,3.5,2.983,-0.517,under,12.97,1,W,130,158,1.300,1.580
2026-06-25T03:08:38.047Z,Arnold Palmer's Bay Hill Club & Lodge,Arnold Palmer Invitational 2025,Arnold Palmer Invitational,2025,4,C. Conners,Corey Conners,Birdies,3.5,3.544,0.044,over,-3.99,1,L,-120,129,-1.000,-1.000
2026-06-25T03:08:38.047Z,Arnold Palmer's Bay Hill Club & Lodge,Arnold Palmer Invitational 2025,Arnold Palmer Invitational,2025,4,C. Conners,Corey Conners,Birdies,3.5,3.544,0.044,under,-8.00,1,W,-135,-129,0.741,0.775
2026-06-25T03:08:38.047Z,Arnold Palmer's Bay Hill Club & Lodge,Arnold Palmer Invitational 2025,Arnold Palmer Invitational,2025,4,Jason Day,Jason Day,Birdies,3.5,3.926,0.426,over,0.78,3,L,-120,124,-1.000,-1.000
2026-06-25T03:08:38.047Z,Arnold Palmer's Bay Hill Club & Lodge,Arnold Palmer Invitational 2025,Arnold Palmer Invitational,2025,4,C. Morikawa,Collin Morikawa,Birdies,3.5,3.426,-0.074,over,-8.38,3,L,-135,112,-1.000,-1.000
2026-06-25T03:08:38.047Z,Arnold Palmer's Bay Hill Club & Lodge,Arnold Palmer Invitational 2025,Arnold Palmer Invitational,2025,4,C. Morikawa,Collin Morikawa,Birdies,3.5,3.426,-0.074,under,-1.45,3,W,-110,-112,0.909,0.893
2026-06-25T03:08:38.047Z,Arnold Palmer's Bay Hill Club & Lodge,Arnold Palmer Invitational 2025,Arnold Palmer Invitational,2025,4,R. Henley,Russell Henley,Birdies,3.5,3.719,0.219,over,1.52,4,W,-105,144,0.952,1.440
2026-06-25T03:08:38.047Z,Arnold Palmer's Bay Hill Club & Lodge,Arnold Palmer Invitational 2025,Arnold Palmer Invitational,2025,4,R. Henley,Russell Henley,Birdies,3.5,3.719,0.219,under,-16.38,4,L,-175,-144,-1.000,-1.000
2026-06-25T03:08:38.047Z,Arnold Palmer's Bay Hill Club & Lodge,Arnold Palmer Invitational 2025,Arnold Palmer Invitational,2025,1,S. Lowry,Shane Lowry,Birdies,3.5,3.647,0.147,over,-8.95,4,W,-155,-129,0.645,0.775
2026-06-25T03:08:38.047Z,Arnold Palmer's Bay Hill Club & Lodge,Arnold Palmer Invitational 2025,Arnold Palmer Invitational,2025,1,S. Lowry,Shane Lowry,Birdies,3.5,3.647,0.147,under,-0.62,4,L,105,129,-1.000,-1.000
2026-06-25T03:08:38.047Z,Arnold Palmer's Bay Hill Club & Lodge,Arnold Palmer Invitational 2025,Arnold Palmer Invitational,2025,1,L. Aberg,Ludvig Aberg,Birdies,3.5,3.020,-0.480,over,-16.78,3,L,-155,-125,-1.000,-1.000
2026-06-25T03:08:38.047Z,Arnold Palmer's Bay Hill Club & Lodge,Arnold Palmer Invitational 2025,Arnold Palmer Invitational,2025,1,L. Aberg,Ludvig Aberg,Birdies,3.5,3.020,-0.480,under,5.99,3,W,100,125,1.000,1.250
2026-06-25T03:08:38.047Z,Arnold Palmer's Bay Hill Club & Lodge,Arnold Palmer Invitational 2025,Arnold Palmer Invitational,2025,1,S. Scheffler,Scottie Scheffler,Birdies,4.5,3.698,-0.802,over,-7.56,3,L,110,135,-1.000,-1.000
2026-06-25T03:08:38.047Z,Arnold Palmer's Bay Hill Club & Lodge,Arnold Palmer Invitational 2025,Arnold Palmer Invitational,2025,1,S. Scheffler,Scottie Scheffler,Birdies,4.5,3.698,-0.802,under,-2.32,3,W,-165,-135,0.606,0.741
2026-06-25T03:08:38.047Z,Arnold Palmer's Bay Hill Club & Lodge,Arnold Palmer Invitational 2025,Arnold Palmer Invitational,2025,2,L. Aberg,Ludvig Aberg,Birdies,3.5,3.010,-0.490,over,-18.38,5,W,-165,-134,0.606,0.746
2026-06-25T03:08:38.047Z,Arnold Palmer's Bay Hill Club & Lodge,Arnold Palmer Invitational 2025,Arnold Palmer Invitational,2025,2,L. Aberg,Ludvig Aberg,Birdies,3.5,3.010,-0.490,under,8.50,5,L,110,134,-1.000,-1.000
2026-06-25T03:08:38.047Z,Arnold Palmer's Bay Hill Club & Lodge,Arnold Palmer Invitational 2025,Arnold Palmer Invitational,2025,2,S. Scheffler,Scottie Scheffler,Birdies,4.5,3.648,-0.852,over,-10.55,4,L,100,124,-1.000,-1.000
2026-06-25T03:08:38.047Z,Arnold Palmer's Bay Hill Club & Lodge,Arnold Palmer Invitational 2025,Arnold Palmer Invitational,2025,2,S. Scheffler,Scottie Scheffler,Birdies,4.5,3.648,-0.852,under,-0.24,4,W,-155,-124,0.645,0.806
2026-06-25T03:08:38.047Z,Arnold Palmer's Bay Hill Club & Lodge,Arnold Palmer Invitational 2025,Arnold Palmer Invitational,2025,3,L. Aberg,Ludvig Aberg,Birdies,3.5,3.110,-0.390,over,-12.32,3,L,-135,-106,-1.000,-1.000
2026-06-25T03:08:38.047Z,Arnold Palmer's Bay Hill Club & Lodge,Arnold Palmer Invitational 2025,Arnold Palmer Invitational,2025,3,S. Scheffler,Scottie Scheffler,Birdies,4.5,3.718,-0.782,over,-5.15,3,L,120,151,-1.000,-1.000
2026-06-25T03:08:38.047Z,Castle Pines Golf Club,BMW Championship 2024,BMW Championship,2024,3,A. Scott,Adam Scott,Birdies,4.5,2.640,-1.860,over,-27.59,3,L,-125,-101,-1.000,-1.000
2026-06-25T03:08:38.047Z,Castle Pines Golf Club,BMW Championship 2024,BMW Championship,2024,3,A. Scott,Adam Scott,Birdies,4.5,2.640,-1.860,under,16.48,3,W,-125,101,0.800,1.010
2026-06-25T03:08:38.047Z,Castle Pines Golf Club,BMW Championship 2024,BMW Championship,2024,4,A. Scott,Adam Scott,Birdies,3.5,4.762,1.262,over,3.14,4,W,-165,-137,0.606,0.730
2026-06-25T03:08:38.047Z,Castle Pines Golf Club,BMW Championship 2024,BMW Championship,2024,4,A. Scott,Adam Scott,Birdies,3.5,4.762,1.262,under,-13.02,4,L,110,137,-1.000,-1.000
2026-06-25T03:08:38.047Z,Castle Pines Golf Club,BMW Championship 2024,BMW Championship,2024,4,A. Scott,Adam Scott,Birdies,4.5,4.762,0.262,over,-4.17,4,L,-135,-110,-1.000,-1.000
2026-06-25T03:08:38.047Z,Castle Pines Golf Club,BMW Championship 2024,BMW Championship,2024,4,A. Scott,Adam Scott,Birdies,4.5,4.762,0.262,under,-5.65,4,W,-110,110,0.909,1.100
2026-06-25T03:08:38.047Z,Castle Pines Golf Club,BMW Championship 2024,BMW Championship,2024,4,K. Bradley,Keegan Bradley,Birdies,3.5,4.747,1.247,over,10.69,2,L,-120,103,-1.000,-1.000
2026-06-25T03:08:38.047Z,Castle Pines Golf Club,BMW Championship 2024,BMW Championship,2024,4,K. Bradley,Keegan Bradley,Birdies,4.5,4.747,0.247,over,4.31,2,L,105,127,-1.000,-1.000
2026-06-25T03:08:38.047Z,Castle Pines Golf Club,BMW Championship 2024,BMW Championship,2024,4,C. Morikawa,Collin Morikawa,Birdies,4.5,3.567,-0.933,under,0.74,2,W,-155,-122,0.645,0.820
2026-06-25T03:08:38.047Z,Castle Pines Golf Club,BMW Championship 2024,BMW Championship,2024,4,V. Hovland,Viktor Hovland,Birdies,4.5,4.043,-0.457,over,-4.48,2,L,105,130,-1.000,-1.000
2026-06-25T03:08:38.047Z,Castle Pines Golf Club,BMW Championship 2024,BMW Championship,2024,3,W. Clark,Wyndham Clark,Birdies,4.5,2.667,-1.833,over,-26.30,4,L,-120,104,-1.000,-1.000
2026-06-25T03:08:38.047Z,Castle Pines Golf Club,BMW Championship 2024,BMW Championship,2024,4,W. Clark,Wyndham Clark,Birdies,3.5,4.540,1.040,over,-3.87,3,L,-200,-159,-1.000,-1.000
2026-06-25T03:08:38.047Z,Castle Pines Golf Club,BMW Championship 2024,BMW Championship,2024,4,W. Clark,Wyndham Clark,Birdies,3.5,4.540,1.040,under,-6.28,3,W,130,159,1.300,1.590
2026-06-25T03:08:38.047Z,Castle Pines Golf Club,BMW Championship 2024,BMW Championship,2024,4,W. Clark,Wyndham Clark,Birdies,4.5,4.540,0.040,over,-10.28,3,L,-155,-128,-1.000,-1.000
2026-06-25T03:08:38.047Z,Castle Pines Golf Club,BMW Championship 2024,BMW Championship,2024,4,X. Schauffele,Xander Schauffele,Birdies,4.5,4.232,-0.268,over,-8.91,2,L,-125,-102,-1.000,-1.000
2026-06-25T03:08:38.047Z,Castle Pines Golf Club,BMW Championship 2024,BMW Championship,2024,4,X. Schauffele,Xander Schauffele,Birdies,4.5,4.232,-0.268,under,-1.19,2,W,-120,102,0.833,1.020
2026-06-25T03:08:38.047Z,Castle Pines Golf Club,BMW Championship 2024,BMW Championship,2024,4,X. Schauffele,Xander Schauffele,Birdies,5.5,4.232,-1.268,over,-16.70,2,L,-105,116,-1.000,-1.000
2026-06-25T03:08:38.047Z,Castle Pines Golf Club,BMW Championship 2024,BMW Championship,2024,4,X. Schauffele,Xander Schauffele,Birdies,5.5,4.232,-1.268,under,6.30,2,W,-145,-116,0.690,0.862
2026-06-25T03:08:38.047Z,Castle Pines Golf Club,BMW PGA Championship 2024,BMW PGA Championship,2024,3,S. Jaeger,Stephan Jaeger,Birdies,4.5,3.868,-0.632,over,-13.42,5,W,-125,-102,0.800,0.980
2026-06-25T03:08:38.047Z,Castle Pines Golf Club,BMW PGA Championship 2024,BMW PGA Championship,2024,2,S. Jaeger,Stephan Jaeger,Birdies,5.5,3.434,-2.066,over,-21.79,6,W,110,137,1.100,1.370
2026-06-25T03:08:38.047Z,Augusta National Golf Club,British Masters 2024,British Masters,2024,2,A. Scott,Adam Scott,Birdies,4.5,2.835,-1.665,over,-17.56,4,L,110,137,-1.000,-1.000
2026-06-25T03:08:38.047Z,Augusta National Golf Club,British Masters 2024,British Masters,2024,2,A. Scott,Adam Scott,Birdies,4.5,2.835,-1.665,under,7.68,4,W,-165,-137,0.606,0.730
2026-06-25T03:08:38.047Z,Augusta National Golf Club,British Masters 2024,British Masters,2024,1,N. Hojgaard,Nicolai Hojgaard,Birdies,4.5,3.618,-0.882,under,0.12,7,L,-155,-129,-1.000,-1.000
2026-06-25T03:08:38.047Z,Augusta National Golf Club,British Masters 2024,British Masters,2024,1,D. Willett,Danny Willett,Birdies,3.5,3.421,-0.079,under,-3.56,7,L,-120,101,-1.000,-1.000
2026-06-25T03:08:38.047Z,Augusta National Golf Club,British Masters 2024,British Masters,2024,1,T. Hatton,Tyrrell Hatton,Birdies,4.5,3.100,-1.400,over,-19.37,5,W,-110,110,0.909,1.100
2026-06-25T03:08:38.047Z,Augusta National Golf Club,British Masters 2024,British Masters,2024,2,M. Fitzpatrick,Matt Fitzpatrick,Birdies,5.5,2.517,-2.983,under,21.77,1,W,-155,-130,0.645,0.769
2026-06-25T03:08:38.047Z,Augusta National Golf Club,British Masters 2024,British Masters,2024,2,N. Hojgaard,Nicolai Hojgaard,Birdies,4.5,3.758,-0.742,over,-18.39,4,L,-145,-114,-1.000,-1.000
2026-06-25T03:08:38.047Z,Augusta National Golf Club,British Masters 2024,British Masters,2024,2,S. Lowry,Shane Lowry,Birdies,4.5,2.758,-1.742,over,-20.78,3,L,100,122,-1.000,-1.000
2026-06-25T03:08:38.047Z,Port Royal Golf Course,Butterfield Bermuda Championship 2023,Butterfield Bermuda Championship,2023,1,A. Scott,Adam Scott,Birdies,5.5,4.483,-1.017,over,-13.75,8,W,-105,106,0.952,1.060
2026-06-25T03:08:38.047Z,Port Royal Golf Course,Butterfield Bermuda Championship 2023,Butterfield Bermuda Championship,2023,1,B. Griffin,Ben Griffin,Birdies,5.5,4.547,-0.953,over,-11.77,4,L,100,114,-1.000,-1.000
2026-06-25T03:08:38.047Z,Port Royal Golf Course,Butterfield Bermuda Championship 2023,Butterfield Bermuda Championship,2023,1,B. Todd,Brendon Todd,Birdies,5.5,4.441,-1.059,over,-13.03,7,W,100,115,1.000,1.150
2026-06-25T03:08:38.047Z,Port Royal Golf Course,Butterfield Bermuda Championship 2023,Butterfield Bermuda Championship,2023,1,L. Herbert,Lucas Herbert,Birdies,5.5,4.410,-1.090,over,-12.18,6,W,105,121,1.050,1.210
2026-06-25T03:08:38.047Z,Port Royal Golf Course,Butterfield Bermuda Championship 2023,Butterfield Bermuda Championship,2023,2,A. Bhatia,Akshay Bhatia,Birdies,6,4.996,-1.004,over,-16.92,7,W,-120,-104,0.833,0.962
2026-06-25T03:08:38.047Z,Port Royal Golf Course,Butterfield Bermuda Championship 2023,Butterfield Bermuda Championship,2023,2,C. Villegas,Camilo Villegas,Birdies,5.5,4.447,-1.053,over,-17.51,8,W,-120,-103,0.833,0.971
2026-06-25T03:08:38.047Z,Port Royal Golf Course,Butterfield Bermuda Championship 2023,Butterfield Bermuda Championship,2023,2,C. Villegas,Camilo Villegas,Birdies,5.5,4.447,-1.053,under,10.58,8,L,-110,103,-1.000,-1.000
2026-06-25T03:08:38.047Z,Port Royal Golf Course,Butterfield Bermuda Championship 2023,Butterfield Bermuda Championship,2023,2,L. List,Luke List,Birdies,6,5.091,-0.909,over,-8.86,5,L,110,124,-1.000,-1.000
2026-06-25T03:08:38.047Z,Port Royal Golf Course,Butterfield Bermuda Championship 2024,Butterfield Bermuda Championship,2024,1,C. Villegas,Camilo Villegas,Birdies,4.5,5.664,1.164,over,15.48,5,W,105,128,1.050,1.280
2026-06-25T03:08:38.047Z,Port Royal Golf Course,Butterfield Bermuda Championship 2024,Butterfield Bermuda Championship,2024,1,C. Villegas,Camilo Villegas,Birdies,4.5,5.664,1.164,under,-26.52,5,L,-165,-139,-1.000,-1.000
2026-06-25T03:08:38.047Z,Port Royal Golf Course,Butterfield Bermuda Championship 2024,Butterfield Bermuda Championship,2024,1,J. Vegas,Jhonattan Vegas,Birdies,4.5,4.713,0.213,under,-2.67,8,L,100,122,-1.000,-1.000
2026-06-25T03:08:38.047Z,Port Royal Golf Course,Butterfield Bermuda Championship 2024,Butterfield Bermuda Championship,2024,1,M. McNealy,Maverick McNealy,Birdies,4.5,4.815,0.315,under,-0.45,3,W,115,144,1.150,1.440
2026-06-25T03:08:38.047Z,Port Royal Golf Course,Butterfield Bermuda Championship 2024,Butterfield Bermuda Championship,2024,2,N. Echavarria,Nico Echavarria,Birdies,4.5,4.857,0.357,over,-0.08,4,L,-120,102,-1.000,-1.000
2026-06-25T03:08:38.047Z,Port Royal Golf Course,Butterfield Bermuda Championship 2024,Butterfield Bermuda Championship,2024,1,D. Berger,Daniel Berger,Birdies,4.5,4.488,-0.012,under,-4.39,3,W,-120,103,0.833,1.030
2026-06-25T03:08:38.047Z,Port Royal Golf Course,Butterfield Bermuda Championship 2024,Butterfield Bermuda Championship,2024,1,M. Hughes,Mackenzie Hughes,Birdies,4.5,4.691,0.191,over,-6.79,5,W,-145,-119,0.690,0.840
2026-06-25T03:08:38.047Z,Port Royal Golf Course,Butterfield Bermuda Championship 2024,Butterfield Bermuda Championship,2024,1,M. Hughes,Mackenzie Hughes,Birdies,4.5,4.691,0.191,under,-4.77,5,L,-110,110,-1.000,-1.000
2026-06-25T03:08:38.047Z,Port Royal Golf Course,Butterfield Bermuda Championship 2024,Butterfield Bermuda Championship,2024,1,S. Power,Seamus Power,Birdies,4.5,4.584,0.084,over,-12.58,2,L,-175,-142,-1.000,-1.000
2026-06-25T03:08:38.047Z,Port Royal Golf Course,Butterfield Bermuda Championship 2024,Butterfield Bermuda Championship,2024,1,S. Power,Seamus Power,Birdies,4.5,4.584,0.084,under,-3.44,2,W,-110,112,0.909,1.120
2026-06-25T03:08:38.047Z,Trump National Doral - Blue Monster Course,Cadillac Championship,Cadillac Championship,2026,1,Adam Scott,Adam Scott,Total score,70.5,71.400,0.900,over,4.24,76,W,-125,-133,0.800,0.752
2026-06-25T03:08:38.047Z,Trump National Doral - Blue Monster Course,Cadillac Championship,Cadillac Championship,2026,1,Adam Scott,Adam Scott,Total score,70.5,71.400,0.900,under,-7.41,76,L,110,130,-1.000,-1.000
2026-06-25T03:08:38.047Z,Trump National Doral - Blue Monster Course,Cadillac Championship,Cadillac Championship,2026,1,Akshay Bhatia,Akshay Bhatia,Total score,71.5,70.909,-0.591,over,-9.96,70,L,-115,104,-1.000,-1.000
2026-06-25T03:08:38.047Z,Trump National Doral - Blue Monster Course,Cadillac Championship,Cadillac Championship,2026,1,Akshay Bhatia,Akshay Bhatia,Total score,71.5,70.909,-0.591,under,-3.53,70,W,-150,-125,0.667,0.800
2026-06-25T03:08:38.047Z,Trump National Doral - Blue Monster Course,Cadillac Championship,Cadillac Championship,2026,1,Akshay Bhatia,Akshay Bhatia,Total score,70.5,70.909,0.409,under,-2.10,70,W,110,132,1.100,1.320
2026-06-25T03:08:38.047Z,Trump National Doral - Blue Monster Course,Cadillac Championship,Cadillac Championship,2026,1,Ben Griffin,Ben Griffin,Total score,71.5,71.785,0.285,over,1.91,70,L,-105,114,-1.000,-1.000
2026-06-25T03:08:38.047Z,Trump National Doral - Blue Monster Course,Cadillac Championship,Cadillac Championship,2026,1,Ben Griffin,Ben Griffin,Total score,71.5,71.785,0.285,under,-11.46,70,W,-140,-114,0.714,0.877
2026-06-25T03:08:38.047Z,Trump National Doral - Blue Monster Course,Cadillac Championship,Cadillac Championship,2026,1,Cameron Young,Cameron Young,Total score,69.5,70.600,1.100,under,-9.52,64,W,110,130,1.100,1.300
2026-06-25T03:08:38.047Z,Trump National Doral - Blue Monster Course,Cadillac Championship,Cadillac Championship,2026,1,Cameron Young,Cameron Young,Total score,70.5,70.600,0.100,under,-4.58,64,W,-115,-116,0.870,0.862
2026-06-25T03:08:38.047Z,Trump National Doral - Blue Monster Course,Cadillac Championship,Cadillac Championship,2026,1,Chris Gotterup,Chris Gotterup,Total score,70.5,71.066,0.566,over,-2.14,73,W,-140,-112,0.714,0.893
2026-06-25T03:08:38.047Z,Trump National Doral - Blue Monster Course,Cadillac Championship,Cadillac Championship,2026,1,Chris Gotterup,Chris Gotterup,Total score,70.5,71.066,0.566,under,-7.42,73,L,-105,129,-1.000,-1.000
2026-06-25T03:08:38.047Z,Trump National Doral - Blue Monster Course,Cadillac Championship,Cadillac Championship,2026,1,Collin Morikawa,Collin Morikawa,Total score,70.5,69.516,-0.984,over,-15.23,75,W,-120,100,0.833,1.000
2026-06-25T03:08:38.047Z,Trump National Doral - Blue Monster Course,Cadillac Championship,Cadillac Championship,2026,1,Collin Morikawa,Collin Morikawa,Total score,70.5,69.516,-0.984,under,6.14,75,L,-120,112,-1.000,-1.000
2026-06-25T03:08:38.047Z,Trump National Doral - Blue Monster Course,Cadillac Championship,Cadillac Championship,2026,1,Hideki Matsuyama,Hideki Matsuyama,Total score,70.5,70.611,0.111,over,-8.78,70,L,-150,-126,-1.000,-1.000
2026-06-25T03:08:38.047Z,Trump National Doral - Blue Monster Course,Cadillac Championship,Cadillac Championship,2026,1,Hideki Matsuyama,Hideki Matsuyama,Total score,70.5,70.611,0.111,under,0.00,70,W,105,126,1.050,1.260
2026-06-25T03:08:38.047Z,Trump National Doral - Blue Monster Course,Cadillac Championship,Cadillac Championship,2026,1,Hideki Matsuyama,Hideki Matsuyama,Total score,71.5,70.611,-0.889,under,-0.33,70,W,-150,-133,0.667,0.752
2026-06-25T03:08:38.047Z,Trump National Doral - Blue Monster Course,Cadillac Championship,Cadillac Championship,2026,1,J.J. Spaun,J.J. Spaun,Total score,70.5,71.330,0.830,under,-6.67,72,L,110,133,-1.000,-1.000
2026-06-25T03:08:38.047Z,Trump National Doral - Blue Monster Course,Cadillac Championship,Cadillac Championship,2026,1,J.J. Spaun,J.J. Spaun,Total score,71.5,71.330,-0.170,under,-6.47,72,L,-140,-110,-1.000,-1.000
2026-06-25T03:08:38.047Z,Trump National Doral - Blue Monster Course,Cadillac Championship,Cadillac Championship,2026,1,Jacob Bridgeman,Jacob Bridgeman,Total score,70.5,71.691,1.191,under,-12.86,79,L,100,121,-1.000,-1.000
2026-06-25T03:08:38.047Z,Trump National Doral - Blue Monster Course,Cadillac Championship,Cadillac Championship,2026,1,Jacob Bridgeman,Jacob Bridgeman,Total score,71.5,71.691,0.191,under,-12.10,79,L,-150,-125,-1.000,-1.000
2026-06-25T03:08:38.047Z,Trump National Doral - Blue Monster Course,Cadillac Championship,Cadillac Championship,2026,1,Jason Day,Jason Day,Total score,71.5,71.254,-0.246,over,-6.19,77,W,-115,-116,0.870,0.862
2026-06-25T03:08:38.047Z,Trump National Doral - Blue Monster Course,Cadillac Championship,Cadillac Championship,2026,1,Jordan Spieth,Jordan Spieth,Total score,70.5,70.996,0.496,over,-4.56,65,L,-150,-122,-1.000,-1.000
2026-06-25T03:08:38.047Z,Trump National Doral - Blue Monster Course,Cadillac Championship,Cadillac Championship,2026,1,Jordan Spieth,Jordan Spieth,Total score,71.5,70.996,-0.504,over,-9.01,65,L,-115,104,-1.000,-1.000
2026-06-25T03:08:38.047Z,Trump National Doral - Blue Monster Course,Cadillac Championship,Cadillac Championship,2026,1,Jordan Spieth,Jordan Spieth,Total score,71.5,70.996,-0.504,under,-4.48,65,W,-150,-125,0.667,0.800
2026-06-25T03:08:38.047Z,Trump National Doral - Blue Monster Course,Cadillac Championship,Cadillac Championship,2026,1,Justin Rose,Justin Rose,Total score,70.5,70.059,-0.441,over,-14.84,74,W,-150,-123,0.667,0.813
2026-06-25T03:08:38.047Z,Trump National Doral - Blue Monster Course,Cadillac Championship,Cadillac Championship,2026,1,Justin Rose,Justin Rose,Total score,70.5,70.059,-0.441,under,4.84,74,L,100,118,-1.000,-1.000
2026-06-25T03:08:38.047Z,Trump National Doral - Blue Monster Course,Cadillac Championship,Cadillac Championship,2026,1,Justin Rose,Justin Rose,Total score,71.5,70.059,-1.441,under,5.43,74,L,-150,-126,-1.000,-1.000
2026-06-25T03:08:38.047Z,Trump National Doral - Blue Monster Course,Cadillac Championship,Cadillac Championship,2026,1,Maverick McNealy,Maverick McNealy,Total score,70.5,70.401,-0.099,over,-13.35,71,W,-165,-133,0.606,0.752
2026-06-25T03:08:38.047Z,Trump National Doral - Blue Monster Course,Cadillac Championship,Cadillac Championship,2026,1,Maverick McNealy,Maverick McNealy,Total score,70.5,70.401,-0.099,under,-0.13,71,L,-105,115,-1.000,-1.000
2026-06-25T03:08:38.047Z,Trump National Doral - Blue Monster Course,Cadillac Championship,Cadillac Championship,2026,1,Min Woo Lee,Min Woo Lee,Total score,70.5,72.433,1.933,over,16.79,70,L,-115,104,-1.000,-1.000
2026-06-25T03:08:38.047Z,Trump National Doral - Blue Monster Course,Cadillac Championship,Cadillac Championship,2026,1,Min Woo Lee,Min Woo Lee,Total score,70.5,72.433,1.933,under,-25.84,70,W,-125,-107,0.800,0.935
2026-06-25T03:08:38.047Z,Trump National Doral - Blue Monster Course,Cadillac Championship,Cadillac Championship,2026,1,Min Woo Lee,Min Woo Lee,Total score,71.5,72.433,0.933,under,-22.41,70,W,-165,-136,0.606,0.735
2026-06-25T03:08:38.047Z,Trump National Doral - Blue Monster Course,Cadillac Championship,Cadillac Championship,2026,1,Rickie Fowler,Rickie Fowler,Total score,71.5,71.934,0.434,over,4.76,69,L,100,120,-1.000,-1.000
2026-06-25T03:08:38.047Z,Trump National Doral - Blue Monster Course,Cadillac Championship,Cadillac Championship,2026,1,Rickie Fowler,Rickie Fowler,Total score,71.5,71.934,0.434,under,-13.09,69,W,-140,-118,0.714,0.847
2026-06-25T03:08:38.047Z,Trump National Doral - Blue Monster Course,Cadillac Championship,Cadillac Championship,2026,1,Russell Henley,Russell Henley,Total score,70.5,70.703,0.203,over,-3.33,72,W,-125,-108,0.800,0.926
2026-06-25T03:08:38.047Z,Trump National Doral - Blue Monster Course,Cadillac Championship,Cadillac Championship,2026,1,Sam Burns,Sam Burns,Total score,70.5,70.639,0.139,over,-6.81,76,W,-140,-115,0.714,0.870
2026-06-25T03:08:38.047Z,Trump National Doral - Blue Monster Course,Cadillac Championship,Cadillac Championship,2026,1,Sam Burns,Sam Burns,Total score,70.5,70.639,0.139,under,-1.52,76,L,100,121,-1.000,-1.000
2026-06-25T03:08:38.047Z,Trump National Doral - Blue Monster Course,Cadillac Championship,Cadillac Championship,2026,1,Sam Burns,Sam Burns,Total score,71.5,70.639,-0.861,under,-0.62,76,L,-150,-124,-1.000,-1.000
2026-06-25T03:08:38.047Z,Trump National Doral - Blue Monster Course,Cadillac Championship,Cadillac Championship,2026,1,Scottie Scheffler,Scottie Scheffler,Total score,69.5,69.050,-0.450,over,-4.93,71,W,100,116,1.000,1.160
2026-06-25T03:08:38.047Z,Trump National Doral - Blue Monster Course,Cadillac Championship,Cadillac Championship,2026,1,Scottie Scheffler,Scottie Scheffler,Total score,69.5,69.050,-0.450,under,0.38,71,L,-120,-114,-1.000,-1.000
2026-06-25T03:08:38.047Z,Trump National Doral - Blue Monster Course,Cadillac Championship,Cadillac Championship,2026,1,Scottie Scheffler,Scottie Scheffler,Total score,68.5,69.050,0.550,under,-3.64,71,L,110,131,-1.000,-1.000
2026-06-25T03:08:38.047Z,Trump National Doral - Blue Monster Course,Cadillac Championship,Cadillac Championship,2026,1,Sepp Straka,Sepp Straka,Total score,70.5,72.417,1.917,under,-18.91,70,W,105,124,1.050,1.240
2026-06-25T03:08:38.047Z,Trump National Doral - Blue Monster Course,Cadillac Championship,Cadillac Championship,2026,1,Sepp Straka,Sepp Straka,Total score,71.5,72.417,0.917,under,-18.30,70,W,-140,-112,0.714,0.893
2026-06-25T03:08:38.047Z,Trump National Doral - Blue Monster Course,Cadillac Championship,Cadillac Championship,2026,1,Shane Lowry,Shane Lowry,Total score,71.5,72.057,0.557,over,6.10,72,W,100,-106,1.000,0.943
2026-06-25T03:08:38.047Z,Trump National Doral - Blue Monster Course,Cadillac Championship,Cadillac Championship,2026,1,Shane Lowry,Shane Lowry,Total score,71.5,72.057,0.557,under,-14.43,72,L,-140,106,-1.000,-1.000
2026-06-25T03:08:38.047Z,Trump National Doral - Blue Monster Course,Cadillac Championship,Cadillac Championship,2026,1,Si Woo Kim,Si Woo Kim,Total score,70.5,70.289,-0.211,over,-12.32,70,L,-150,-125,-1.000,-1.000
2026-06-25T03:08:38.047Z,Trump National Doral - Blue Monster Course,Cadillac Championship,Cadillac Championship,2026,1,Si Woo Kim,Si Woo Kim,Total score,70.5,70.289,-0.211,under,3.54,70,W,105,125,1.050,1.250
2026-06-25T03:08:38.047Z,Trump National Doral - Blue Monster Course,Cadillac Championship,Cadillac Championship,2026,1,Tommy Fleetwood,Tommy Fleetwood,Total score,70.5,71.352,0.852,over,3.73,70,L,-125,-108,-1.000,-1.000
2026-06-25T03:08:38.047Z,Trump National Doral - Blue Monster Course,Cadillac Championship,Cadillac Championship,2026,1,Tommy Fleetwood,Tommy Fleetwood,Total score,70.5,71.352,0.852,under,-12.77,70,W,-115,119,0.870,1.190
2026-06-25T03:08:38.047Z,Trump National Doral - Blue Monster Course,Cadillac Championship,Cadillac Championship,2026,1,Viktor Hovland,Viktor Hovland,Total score,70.5,71.665,1.165,over,2.58,75,W,-150,-124,0.667,0.806
2026-06-25T03:08:38.047Z,Trump National Doral - Blue Monster Course,Cadillac Championship,Cadillac Championship,2026,1,Viktor Hovland,Viktor Hovland,Total score,70.5,71.665,1.165,under,-11.36,75,L,105,124,-1.000,-1.000
2026-06-25T03:08:38.047Z,Trump National Doral - Blue Monster Course,Cadillac Championship,Cadillac Championship,2026,1,Viktor Hovland,Viktor Hovland,Total score,71.5,71.665,0.165,under,-14.07,75,L,-165,-135,-1.000,-1.000
2026-06-25T03:08:38.047Z,TPC Toronto at Osprey Valley (North Course),Canadian Open 2025,Canadian Open,2025,2,M. Homa,Max Homa,Birdies,3.5,2.050,-1.450,over,-25.01,4,W,-135,-112,0.741,0.893
2026-06-25T03:08:38.047Z,TPC Toronto at Osprey Valley (North Course),Canadian Open 2025,Canadian Open,2025,2,S. Burns,Sam Burns,Birdies,3.5,2.909,-0.591,over,-22.87,5,W,-190,-155,0.526,0.645
2026-06-25T03:08:38.047Z,TPC Toronto at Osprey Valley (North Course),Canadian Open 2025,Canadian Open,2025,3,N. Taylor,Nick Taylor,Birdies,4.5,2.784,-1.716,over,-21.72,1,L,-105,106,-1.000,-1.000
2026-06-25T03:08:38.047Z,TPC Toronto at Osprey Valley (North Course),Canadian Open 2025,Canadian Open,2025,3,V. Perez,Victor Perez,Birdies,4.5,1.995,-2.505,over,-24.94,5,W,115,140,1.150,1.400
2026-06-25T03:08:38.047Z,TPC Toronto at Osprey Valley (North Course),Canadian Open 2025,Canadian Open,2025,2,L. Aberg,Ludvig Aberg,Birdies,4.5,2.551,-1.949,over,-25.36,6,W,-110,110,0.909,1.100
2026-06-25T03:08:38.047Z,TPC Toronto at Osprey Valley (North Course),Canadian Open 2025,Canadian Open,2025,2,L. Aberg,Ludvig Aberg,Birdies,4.5,2.551,-1.949,under,15.53,6,L,-135,-110,-1.000,-1.000
2026-06-25T03:08:38.047Z,TPC Toronto at Osprey Valley (North Course),Canadian Open 2025,Canadian Open,2025,2,L. Clanton,Luke Clanton,Birdies,4.5,2.579,-1.921,over,-18.14,4,L,120,150,-1.000,-1.000
2026-06-25T03:08:38.047Z,TPC Toronto at Osprey Valley (North Course),Canadian Open 2025,Canadian Open,2025,2,L. Clanton,Luke Clanton,Birdies,4.5,2.579,-1.921,under,8.40,4,W,-180,-150,0.556,0.667
2026-06-25T03:08:38.047Z,TPC Toronto at Osprey Valley (North Course),Canadian Open 2025,Canadian Open,2025,3,Cam. Young,Cameron Young,Birdies,4.5,2.651,-1.849,over,-18.44,5,W,115,140,1.150,1.400
2026-06-25T03:08:38.047Z,TPC Toronto at Osprey Valley (North Course),Canadian Open 2025,Canadian Open,2025,3,Cam. Young,Cameron Young,Birdies,4.5,2.651,-1.849,under,8.29,5,L,-175,-140,-1.000,-1.000
2026-06-25T03:08:38.047Z,TPC Toronto at Osprey Valley (North Course),Canadian Open 2025,Canadian Open,2025,3,T. Pendrith,Taylor Pendrith,Birdies,4.5,2.936,-1.564,over,-20.05,4,L,-105,114,-1.000,-1.000
2026-06-25T03:08:38.047Z,TPC Toronto at Osprey Valley (North Course),Canadian Open 2025,Canadian Open,2025,3,T. Pendrith,Taylor Pendrith,Birdies,4.5,2.936,-1.564,under,9.65,4,W,-145,-114,0.690,0.877
2026-06-25T03:08:38.047Z,Colonial Country Club,Charles Schwab Challenge,Charles Schwab Challenge,2026,1,Akshay Bhatia,Akshay Bhatia,Total score,68.5,70.366,1.866,under,-18.42,67,W,105,124,1.050,1.240
2026-06-25T03:08:38.047Z,Colonial Country Club,Charles Schwab Challenge,Charles Schwab Challenge,2026,1,Akshay Bhatia,Akshay Bhatia,Total score,69.5,70.366,0.866,under,-19.43,67,W,-150,-134,0.667,0.746
2026-06-25T03:08:38.047Z,Colonial Country Club,Charles Schwab Challenge,Charles Schwab Challenge,2026,1,Alex Smalley,Alex Smalley,Total score,68.5,69.404,0.904,over,1.50,65,L,-140,-118,-1.000,-1.000
2026-06-25T03:08:38.047Z,Colonial Country Club,Charles Schwab Challenge,Charles Schwab Challenge,2026,1,Alex Smalley,Alex Smalley,Total score,68.5,69.404,0.904,under,-8.61,65,W,105,118,1.050,1.180
2026-06-25T03:08:38.047Z,Colonial Country Club,Charles Schwab Challenge,Charles Schwab Challenge,2026,1,Alex Smalley,Alex Smalley,Total score,69.5,69.404,-0.096,under,-11.21,65,W,-165,-136,0.606,0.735
2026-06-25T03:08:38.047Z,Colonial Country Club,Charles Schwab Challenge,Charles Schwab Challenge,2026,1,Ben Griffin,Ben Griffin,Total score,68.5,69.854,1.354,under,-12.16,68,W,110,101,1.100,1.010
2026-06-25T03:08:38.047Z,Colonial Country Club,Charles Schwab Challenge,Charles Schwab Challenge,2026,1,Brandt Snedeker,Brandt Snedeker,Total score,69.5,70.056,0.556,over,0.53,70,W,-125,-109,0.800,0.917
2026-06-25T03:08:38.047Z,Colonial Country Club,Charles Schwab Challenge,Charles Schwab Challenge,2026,1,Brian Harman,Brian Harman,Total score,68.5,70.291,1.791,under,-16.54,65,W,110,133,1.100,1.330
2026-06-25T03:08:38.047Z,Colonial Country Club,Charles Schwab Challenge,Charles Schwab Challenge,2026,1,Brian Harman,Brian Harman,Total score,69.5,70.291,0.791,under,-16.96,65,W,-140,-135,0.714,0.741
2026-06-25T03:08:38.047Z,Colonial Country Club,Charles Schwab Challenge,Charles Schwab Challenge,2026,1,Davis Thompson,Davis Thompson,Total score,69.5,69.898,0.398,under,-12.70,69,W,-140,-135,0.714,0.741
2026-06-25T03:08:38.047Z,Colonial Country Club,Charles Schwab Challenge,Charles Schwab Challenge,2026,1,Gary Woodland,Gary Woodland,Total score,69.5,70.876,1.376,under,-23.10,65,W,-140,-134,0.714,0.746
2026-06-25T03:08:38.047Z,Colonial Country Club,Charles Schwab Challenge,Charles Schwab Challenge,2026,1,Harry Hall,Harry Hall,Total score,68.5,70.251,1.751,under,-15.04,68,W,115,130,1.150,1.300
2026-06-25T03:08:38.047Z,Colonial Country Club,Charles Schwab Challenge,Charles Schwab Challenge,2026,1,Harry Hall,Harry Hall,Total score,69.5,70.251,0.751,under,-18.20,68,W,-150,-127,0.667,0.787
2026-06-25T03:08:38.047Z,Colonial Country Club,Charles Schwab Challenge,Charles Schwab Challenge,2026,1,Hideki Matsuyama,Hideki Matsuyama,Total score,68.5,70.456,1.956,under,-17.01,66,W,115,116,1.150,1.160
2026-06-25T03:08:38.047Z,Colonial Country Club,Charles Schwab Challenge,Charles Schwab Challenge,2026,1,J.J. Spaun,J.J. Spaun,Total score,68.5,69.920,1.420,over,10.67,64,L,-120,-101,-1.000,-1.000
2026-06-25T03:08:38.047Z,Colonial Country Club,Charles Schwab Challenge,Charles Schwab Challenge,2026,1,J.J. Spaun,J.J. Spaun,Total score,68.5,69.920,1.420,under,-13.99,64,W,105,101,1.050,1.010
2026-06-25T03:08:38.047Z,Colonial Country Club,Charles Schwab Challenge,Charles Schwab Challenge,2026,1,J.J. Spaun,J.J. Spaun,Total score,69.5,69.920,0.420,under,-16.86,64,W,-165,-130,0.606,0.769
2026-06-25T03:08:38.047Z,Colonial Country Club,Charles Schwab Challenge,Charles Schwab Challenge,2026,1,J.T. Poston,J.T. Poston,Total score,69.5,70.668,1.168,under,-18.17,69,W,-125,-108,0.800,0.926
2026-06-25T03:08:38.047Z,Colonial Country Club,Charles Schwab Challenge,Charles Schwab Challenge,2026,1,Justin Thomas,Justin Thomas,Total score,68.5,68.991,0.491,over,-2.95,69,W,-140,-111,0.714,0.901
2026-06-25T03:08:38.047Z,Colonial Country Club,Charles Schwab Challenge,Charles Schwab Challenge,2026,1,Justin Thomas,Justin Thomas,Total score,68.5,68.991,0.491,under,-6.60,69,L,-105,101,-1.000,-1.000
2026-06-25T03:08:38.047Z,Colonial Country Club,Charles Schwab Challenge,Charles Schwab Challenge,2026,1,Keegan Bradley,Keegan Bradley,Total score,68.5,69.592,1.092,under,-10.60,65,W,105,136,1.050,1.360
2026-06-25T03:08:38.047Z,Colonial Country Club,Charles Schwab Challenge,Charles Schwab Challenge,2026,1,Keegan Bradley,Keegan Bradley,Total score,69.5,69.592,0.092,under,-13.27,65,W,-165,-133,0.606,0.752
2026-06-25T03:08:38.047Z,Colonial Country Club,Charles Schwab Challenge,Charles Schwab Challenge,2026,1,Keith Mitchell,Keith Mitchell,Total score,68.5,69.140,0.640,under,-4.62,71,L,110,127,-1.000,-1.000
2026-06-25T03:08:38.047Z,Colonial Country Club,Charles Schwab Challenge,Charles Schwab Challenge,2026,1,Keith Mitchell,Keith Mitchell,Total score,69.5,69.140,-0.360,under,-6.05,71,L,-150,-127,-1.000,-1.000
2026-06-25T03:08:38.047Z,Colonial Country Club,Charles Schwab Challenge,Charles Schwab Challenge,2026,1,Mac Meissner,Mac Meissner,Total score,69.5,68.690,-0.810,under,0.50,66,W,-140,-119,0.714,0.840
2026-06-25T03:08:38.047Z,Colonial Country Club,Charles Schwab Challenge,Charles Schwab Challenge,2026,1,Michael Thorbjornsen,Michael Thorbjornsen,Total score,69.5,71.471,1.971,over,18.26,66,L,-110,108,-1.000,-1.000
2026-06-25T03:08:38.047Z,Colonial Country Club,Charles Schwab Challenge,Charles Schwab Challenge,2026,1,Michael Thorbjornsen,Michael Thorbjornsen,Total score,69.5,71.471,1.971,under,-26.20,66,W,-125,-119,0.800,0.840
2026-06-25T03:08:38.047Z,Colonial Country Club,Charles Schwab Challenge,Charles Schwab Challenge,2026,1,Pierceson Coody,Pierceson Coody,Total score,69.5,69.297,-0.203,under,-6.10,71,L,-140,-126,-1.000,-1.000
2026-06-25T03:08:38.047Z,Colonial Country Club,Charles Schwab Challenge,Charles Schwab Challenge,2026,1,Rickie Fowler,Rickie Fowler,Total score,68.5,68.986,0.486,under,-1.83,70,L,115,-108,-1.000,-1.000
2026-06-25T03:08:38.047Z,Colonial Country Club,Charles Schwab Challenge,Charles Schwab Challenge,2026,1,Robert MacIntyre,Robert MacIntyre,Total score,68.5,70.573,2.073,over,17.06,68,L,-120,101,-1.000,-1.000
2026-06-25T03:08:38.047Z,Colonial Country Club,Charles Schwab Challenge,Charles Schwab Challenge,2026,1,Robert MacIntyre,Robert MacIntyre,Total score,68.5,70.573,2.073,under,-21.60,68,W,100,118,1.000,1.180
2026-06-25T03:08:38.047Z,Colonial Country Club,Charles Schwab Challenge,Charles Schwab Challenge,2026,1,Russell Henley,Russell Henley,Total score,68.5,70.072,1.572,under,-19.13,66,W,-110,-107,0.909,0.935
2026-06-25T03:08:38.047Z,Colonial Country Club,Charles Schwab Challenge,Charles Schwab Challenge,2026,1,Ryan Gerard,Ryan Gerard,Total score,69.5,71.421,1.921,under,-28.50,64,W,-140,-115,0.714,0.870
2026-06-25T03:08:38.047Z,Colonial Country Club,Charles Schwab Challenge,Charles Schwab Challenge,2026,1,Ryo Hisatsune,Ryo Hisatsune,Total score,69.5,69.629,0.129,under,-9.75,66,W,-140,-130,0.714,0.769
2026-06-25T03:08:38.047Z,Colonial Country Club,Charles Schwab Challenge,Charles Schwab Challenge,2026,1,Sahith Theegala,Sahith Theegala,Total score,69.5,71.318,1.818,under,-27.51,67,W,-140,-115,0.714,0.870
2026-06-25T03:08:38.047Z,Colonial Country Club,Charles Schwab Challenge,Charles Schwab Challenge,2026,1,Samuel Stevens,Sam Stevens,Total score,69.5,70.910,1.410,under,-20.67,68,W,-125,-106,0.800,0.943
2026-06-25T03:08:38.047Z,Colonial Country Club,Charles Schwab Challenge,Charles Schwab Challenge,2026,1,Sungjae Im,Sungjae Im,Total score,68.5,69.134,0.634,under,-4.55,70,L,110,111,-1.000,-1.000
2026-06-25T03:08:38.047Z,Colonial Country Club,Charles Schwab Challenge,Charles Schwab Challenge,2026,1,Sungjae Im,Sungjae Im,Total score,69.5,69.134,-0.366,under,-5.99,70,L,-150,-132,-1.000,-1.000
2026-06-25T03:08:38.047Z,Colonial Country Club,Charles Schwab Challenge,Charles Schwab Challenge,2026,1,Tom Hoge,Tom Hoge,Total score,69.5,69.816,0.316,under,-4.68,68,W,-105,112,0.952,1.120
2026-06-25T03:08:38.047Z,Colonial Country Club,Charles Schwab Challenge,Charles Schwab Challenge,2026,1,Tony Finau,Tony Finau,Total score,68.5,69.379,0.879,under,-6.08,70,L,115,137,-1.000,-1.000
2026-06-25T03:08:38.047Z,Colonial Country Club,Charles Schwab Challenge,Charles Schwab Challenge,2026,1,Tony Finau,Tony Finau,Total score,69.5,69.379,-0.121,under,-8.67,70,L,-150,-121,-1.000,-1.000
2026-06-25T03:08:38.047Z,Colonial Country Club,Charles Schwab Challenge 2023,Charles Schwab Challenge,2023,4,V. Hovland,Viktor Hovland,Birdies,3,3.029,0.029,over,-8.82,2,L,-145,-123,-1.000,-1.000
2026-06-25T03:08:38.047Z,Colonial Country Club,Charles Schwab Challenge 2023,Charles Schwab Challenge,2023,4,S. Burns,Sam Burns,Total score,70,70.155,0.155,under,-6.25,68,W,-120,-107,0.833,0.935
2026-06-25T03:08:38.047Z,Colonial Country Club,Charles Schwab Challenge 2024,Charles Schwab Challenge,2024,2,A. Svensson,Adam Svensson,Birdies,3.5,2.890,-0.610,over,-15.05,3,L,-135,-107,-1.000,-1.000
2026-06-25T03:08:38.047Z,Colonial Country Club,Charles Schwab Challenge 2024,Charles Schwab Challenge,2024,2,A. Svensson,Adam Svensson,Birdies,3.5,2.890,-0.610,under,5.22,3,W,-110,107,0.909,1.070
2026-06-25T03:08:38.047Z,Colonial Country Club,Charles Schwab Challenge 2024,Charles Schwab Challenge,2024,2,G. Woodland,Gary Woodland,Birdies,3.5,2.911,-0.589,over,-8.56,8,W,-105,114,0.952,1.140
2026-06-25T03:08:38.047Z,Colonial Country Club,Charles Schwab Challenge 2024,Charles Schwab Challenge,2024,2,G. Woodland,Gary Woodland,Birdies,3.5,2.911,-0.589,under,-1.85,8,L,-145,-114,-1.000,-1.000
2026-06-25T03:08:38.047Z,Colonial Country Club,Charles Schwab Challenge 2024,Charles Schwab Challenge,2024,4,K. Bradley,Keegan Bradley,Birdies,3.5,3.200,-0.300,over,-6.13,5,W,-110,112,0.909,1.120
2026-06-25T03:08:38.047Z,Colonial Country Club,Charles Schwab Challenge 2024,Charles Schwab Challenge,2024,4,K. Bradley,Keegan Bradley,Birdies,3.5,3.200,-0.300,under,-3.70,5,L,-135,-112,-1.000,-1.000
2026-06-25T03:08:38.047Z,Colonial Country Club,Charles Schwab Challenge 2024,Charles Schwab Challenge,2024,3,K. Bradley,Keegan Bradley,Birdies,3.5,3.227,-0.273,over,-3.42,3,L,100,125,-1.000,-1.000
2026-06-25T03:08:38.047Z,Colonial Country Club,Charles Schwab Challenge 2024,Charles Schwab Challenge,2024,3,K. Bradley,Keegan Bradley,Birdies,3.5,3.227,-0.273,under,-7.37,3,W,-155,-125,0.645,0.800
2026-06-25T03:08:38.047Z,Colonial Country Club,Charles Schwab Challenge 2024,Charles Schwab Challenge,2024,3,S. Straka,Sepp Straka,Birdies,3.5,3.074,-0.426,over,-5.32,2,L,100,125,-1.000,-1.000
2026-06-25T03:08:38.047Z,Colonial Country Club,Charles Schwab Challenge 2024,Charles Schwab Challenge,2024,3,C. Davis,Cam Davis,Birdies,3.5,2.540,-0.960,over,-10.63,4,W,105,128,1.050,1.280
2026-06-25T03:08:38.047Z,Colonial Country Club,Charles Schwab Challenge 2024,Charles Schwab Challenge,2024,3,R. Fowler,Rickie Fowler,Birdies,3.5,2.827,-0.673,over,-8.37,5,W,100,123,1.000,1.230
2026-06-25T03:08:38.047Z,Colonial Country Club,Charles Schwab Challenge 2024,Charles Schwab Challenge,2024,4,D. Riley,Davis Riley,Birdies,3,3.549,0.549,over,8.06,4,W,105,128,1.050,1.280
2026-06-25T03:08:38.047Z,Colonial Country Club,Charles Schwab Challenge 2024,Charles Schwab Challenge,2024,4,D. Riley,Davis Riley,Birdies,3,3.549,0.549,under,-17.62,4,L,-155,-128,-1.000,-1.000
2026-06-25T03:08:38.047Z,Colonial Country Club,Charles Schwab Challenge 2024,Charles Schwab Challenge,2024,4,D. Riley,Davis Riley,Birdies,3.5,3.549,0.049,over,-0.61,4,W,-105,118,0.952,1.180
2026-06-25T03:08:38.047Z,Colonial Country Club,Charles Schwab Challenge 2024,Charles Schwab Challenge,2024,4,D. Riley,Davis Riley,Birdies,3.5,3.549,0.049,under,-9.79,4,L,-145,-118,-1.000,-1.000
2026-06-25T03:08:38.047Z,Colonial Country Club,Charles Schwab Challenge 2024,Charles Schwab Challenge,2024,4,S. Scheffler,Scottie Scheffler,Birdies,4,2.722,-1.278,over,-23.03,2,L,-135,-108,-1.000,-1.000
2026-06-25T03:08:38.047Z,Colonial Country Club,Charles Schwab Challenge 2024,Charles Schwab Challenge,2024,4,S. Scheffler,Scottie Scheffler,Birdies,4.5,2.722,-1.778,over,-31.95,2,L,-155,-124,-1.000,-1.000
2026-06-25T03:08:38.047Z,Colonial Country Club,Charles Schwab Challenge 2024,Charles Schwab Challenge,2024,4,S. Scheffler,Scottie Scheffler,Birdies,4.5,2.722,-1.778,under,21.17,2,W,100,124,1.000,1.240
2026-06-25T03:08:38.047Z,Colonial Country Club,Charles Schwab Challenge 2024,Charles Schwab Challenge,2024,4,S. Scheffler,Scottie Scheffler,Birdies,5,2.722,-2.278,under,15.49,2,W,-155,-126,0.645,0.794
2026-06-25T03:08:38.047Z,Colonial Country Club,Charles Schwab Challenge 2024,Charles Schwab Challenge,2024,3,S. Scheffler,Scottie Scheffler,Birdies,3.5,3.004,-0.496,over,-15.37,7,W,-145,-120,0.690,0.833
2026-06-25T03:08:38.047Z,Colonial Country Club,Charles Schwab Challenge 2025,Charles Schwab Challenge,2025,2,C. Kirk,Chris Kirk,Birdies,2.5,2.743,0.243,over,-12.48,1,L,-190,-152,-1.000,-1.000
2026-06-25T03:08:38.047Z,Colonial Country Club,Charles Schwab Challenge 2025,Charles Schwab Challenge,2025,2,J. Spieth,Jordan Spieth,Birdies,3.5,2.496,-1.004,over,-13.59,2,L,-105,118,-1.000,-1.000
2026-06-25T03:08:38.047Z,Colonial Country Club,Charles Schwab Challenge 2025,Charles Schwab Challenge,2025,2,J. Spieth,Jordan Spieth,Birdies,3.5,2.496,-1.004,under,3.19,2,W,-145,-118,0.690,0.847
2026-06-25T03:08:38.047Z,Colonial Country Club,Charles Schwab Challenge 2025,Charles Schwab Challenge,2025,2,T. Fleetwood,Tommy Fleetwood,Birdies,3.5,3.217,-0.283,over,-8.08,3,L,-120,105,-1.000,-1.000
2026-06-25T03:08:38.047Z,Colonial Country Club,Charles Schwab Challenge 2025,Charles Schwab Challenge,2025,2,T. Fleetwood,Tommy Fleetwood,Birdies,3.5,3.217,-0.283,under,-2.02,3,W,-125,-105,0.800,0.952
2026-06-25T03:08:38.047Z,Colonial Country Club,Charles Schwab Challenge 2025,Charles Schwab Challenge,2025,1,H. English,Harris English,Birdies,3.5,3.079,-0.421,over,-1.77,3,L,115,139,-1.000,-1.000
2026-06-25T03:08:38.047Z,Colonial Country Club,Charles Schwab Challenge 2025,Charles Schwab Challenge,2025,1,J.T. Poston,J.T. Poston,Birdies,3.5,2.920,-0.580,over,-2.68,7,W,120,146,1.200,1.460
2026-06-25T03:08:38.047Z,Colonial Country Club,Charles Schwab Challenge 2025,Charles Schwab Challenge,2025,2,B. Harman,Brian Harman,Birdies,3.5,2.599,-0.901,over,-7.65,1,L,115,143,-1.000,-1.000
2026-06-25T03:08:38.047Z,Colonial Country Club,Charles Schwab Challenge 2025,Charles Schwab Challenge,2025,2,H. Matsuyama,Hideki Matsuyama,Birdies,3.5,2.816,-0.684,over,-8.51,3,L,100,120,-1.000,-1.000
2026-06-25T03:08:38.047Z,Colonial Country Club,Charles Schwab Challenge 2025,Charles Schwab Challenge,2025,2,M. McNealy,Maverick McNealy,Birdies,3.5,3.013,-0.487,over,-3.69,1,L,110,133,-1.000,-1.000
2026-06-25T03:08:38.047Z,Colonial Country Club,Charles Schwab Challenge 2025,Charles Schwab Challenge,2025,1,K. Mitchell,Keith Mitchell,Birdies,3.5,2.941,-0.559,over,-5.74,3,L,105,129,-1.000,-1.000
2026-06-25T03:08:38.047Z,Colonial Country Club,Charles Schwab Challenge 2025,Charles Schwab Challenge,2025,1,K. Mitchell,Keith Mitchell,Birdies,3.5,2.941,-0.559,under,-3.82,3,W,-155,-129,0.645,0.775
2026-06-25T03:08:38.047Z,Colonial Country Club,Charles Schwab Challenge 2025,Charles Schwab Challenge,2025,1,R. Fowler,Rickie Fowler,Birdies,3.5,2.919,-0.581,over,-0.71,2,L,130,158,-1.000,-1.000
2026-06-25T03:08:38.047Z,Colonial Country Club,Charles Schwab Challenge 2025,Charles Schwab Challenge,2025,1,T. Kim,Tom Kim,Birdies,3.5,3.036,-0.464,over,-0.23,2,L,125,151,-1.000,-1.000
2026-06-25T03:08:38.047Z,Colonial Country Club,Charles Schwab Challenge 2025,Charles Schwab Challenge,2025,1,T. Kim,Tom Kim,Birdies,3.5,3.036,-0.464,under,-8.50,2,W,-180,-151,0.556,0.662
2026-06-25T03:08:38.047Z,Colonial Country Club,Charles Schwab Challenge 2025,Charles Schwab Challenge,2025,3,A. Bhatia,Akshay Bhatia,Birdies,3.5,2.532,-0.968,over,-6.38,5,W,125,153,1.250,1.530
2026-06-25T03:08:38.047Z,Colonial Country Club,Charles Schwab Challenge 2025,Charles Schwab Challenge,2025,3,C. Gotterup,Chris Gotterup,Birdies,2.5,3.195,0.695,over,-5.65,1,L,-180,-147,-1.000,-1.000
2026-06-25T03:08:38.047Z,Colonial Country Club,Charles Schwab Challenge 2025,Charles Schwab Challenge,2025,3,R. Hisatsune,Ryo Hisatsune,Birdies,2.5,3.096,0.596,over,-8.09,2,L,-190,-157,-1.000,-1.000
2026-06-25T03:08:38.047Z,Colonial Country Club,Charles Schwab Challenge 2025,Charles Schwab Challenge,2025,3,J.J. Spaun,J.J. Spaun,Birdies,3.5,3.026,-0.474,over,-11.48,2,L,-125,-100,-1.000,-1.000
2026-06-25T03:08:38.047Z,PGA National Resort (The Champion),Cognizant Classic in The Palm Beaches 2024,Cognizant Classic in The Palm Beaches,2024,1,Cam. Young,Cameron Young,Birdies,4.5,3.338,-1.162,over,-19.79,9,W,-125,-112,0.800,0.893
2026-06-25T03:08:38.047Z,PGA National Resort (The Champion),Cognizant Classic in The Palm Beaches 2024,Cognizant Classic in The Palm Beaches,2024,1,Cam. Young,Cameron Young,Birdies,4.5,3.338,-1.162,under,14.24,9,L,100,112,-1.000,-1.000
2026-06-25T03:08:38.047Z,PGA National Resort (The Champion),Cognizant Classic in The Palm Beaches 2024,Cognizant Classic in The Palm Beaches,2024,2,A. Bhatia,Akshay Bhatia,Birdies,4.5,3.071,-1.429,under,12.78,2,W,-120,-105,0.833,0.952
2026-06-25T03:08:38.047Z,PGA National Resort (The Champion),Cognizant Classic in The Palm Beaches 2024,Cognizant Classic in The Palm Beaches,2024,2,Cam. Young,Cameron Young,Birdies,5,3.618,-1.382,over,-18.00,4,L,-105,108,-1.000,-1.000
2026-06-25T03:08:38.047Z,PGA National Resort (The Champion),Cognizant Classic in The Palm Beaches 2024,Cognizant Classic in The Palm Beaches,2024,2,Cam. Young,Cameron Young,Birdies,5,3.618,-1.382,under,11.23,4,W,-125,-108,0.800,0.926
2026-06-25T03:08:38.047Z,PGA National Resort (The Champion),Cognizant Classic in The Palm Beaches 2024,Cognizant Classic in The Palm Beaches,2024,2,N. Dunlap,Nick Dunlap,Birdies,4.5,3.278,-1.222,over,-13.73,4,L,105,120,-1.000,-1.000
2026-06-25T03:08:38.047Z,PGA National Resort (The Champion),Cognizant Classic in The Palm Beaches 2024,Cognizant Classic in The Palm Beaches,2024,2,N. Dunlap,Nick Dunlap,Birdies,4.5,3.278,-1.222,under,7.50,4,W,-135,-120,0.741,0.833
2026-06-25T03:08:38.047Z,PGA National Resort (The Champion),Cognizant Classic in The Palm Beaches 2024,Cognizant Classic in The Palm Beaches,2024,4,A. Eckroat,Austin Eckroat,Birdies,4,4.018,0.018,over,-2.15,5,W,-110,-101,0.909,0.990
2026-06-25T03:08:38.047Z,PGA National Resort (The Champion),Cognizant Classic in The Palm Beaches 2024,Cognizant Classic in The Palm Beaches,2024,4,A. Eckroat,Austin Eckroat,Birdies,4,4.018,0.018,under,-2.61,5,L,-110,101,-1.000,-1.000
2026-06-25T03:08:38.047Z,PGA National Resort (The Champion),Cognizant Classic in The Palm Beaches 2024,Cognizant Classic in The Palm Beaches,2024,3,A. Eckroat,Austin Eckroat,Birdies,4.5,3.475,-1.025,over,-15.00,5,W,-110,103,0.909,1.030
2026-06-25T03:08:38.047Z,PGA National Resort (The Champion),Cognizant Classic in The Palm Beaches 2024,Cognizant Classic in The Palm Beaches,2024,3,A. Eckroat,Austin Eckroat,Birdies,4.5,3.475,-1.025,under,8.08,5,L,-120,-103,-1.000,-1.000
2026-06-25T03:08:38.047Z,PGA National Resort (The Champion),Cognizant Classic in The Palm Beaches 2024,Cognizant Classic in The Palm Beaches,2024,3,G. Higgo,Garrick Higgo,Birdies,4.5,3.138,-1.362,under,7.37,1,W,-145,-126,0.690,0.794
2026-06-25T03:08:38.047Z,PGA National Resort (The Champion),Cognizant Classic in The Palm Beaches 2024,Cognizant Classic in The Palm Beaches,2024,1,M. Fitzpatrick,Matt Fitzpatrick,Birdies,4.5,3.198,-1.302,over,-17.08,3,L,-105,110,-1.000,-1.000
2026-06-25T03:08:38.047Z,PGA National Resort (The Champion),Cognizant Classic in The Palm Beaches 2024,Cognizant Classic in The Palm Beaches,2024,1,M. Fitzpatrick,Matt Fitzpatrick,Birdies,4.5,3.198,-1.302,under,10.31,3,W,-125,-110,0.800,0.909
2026-06-25T03:08:38.047Z,PGA National Resort (The Champion),Cognizant Classic in The Palm Beaches 2024,Cognizant Classic in The Palm Beaches,2024,1,T. Kim,S.H. Kim,Birdies,4.5,3.328,-1.172,over,-15.57,6,W,-105,110,0.952,1.100
2026-06-25T03:08:38.047Z,PGA National Resort (The Champion),Cognizant Classic in The Palm Beaches 2024,Cognizant Classic in The Palm Beaches,2024,1,T. Kim,S.H. Kim,Birdies,4.5,3.328,-1.172,under,8.80,6,L,-125,-110,-1.000,-1.000
2026-06-25T03:08:38.047Z,PGA National Resort (The Champion),Cognizant Classic in The Palm Beaches 2024,Cognizant Classic in The Palm Beaches,2024,2,J. Rose,Justin Rose,Birdies,4.5,3.636,-0.864,under,6.14,4,W,-120,-103,0.833,0.971
2026-06-25T03:08:38.047Z,PGA National Resort (The Champion),Cognizant Classic in The Palm Beaches 2024,Cognizant Classic in The Palm Beaches,2024,2,M. Fitzpatrick,Matt Fitzpatrick,Birdies,4.5,2.998,-1.502,under,16.92,6,L,-105,106,-1.000,-1.000
2026-06-25T03:08:38.047Z,PGA National Resort (The Champion),Cognizant Classic in The Palm Beaches 2024,Cognizant Classic in The Palm Beaches,2024,2,T. Kim,S.H. Kim,Birdies,4.5,3.148,-1.352,under,17.66,2,W,105,116,1.050,1.160
2026-06-25T03:08:38.047Z,PGA National Resort (The Champion),Cognizant Classic in The Palm Beaches 2024,Cognizant Classic in The Palm Beaches,2024,3,J. Rose,Justin Rose,Birdies,4.5,3.592,-0.908,over,-10.00,4,L,105,120,-1.000,-1.000
2026-06-25T03:08:38.047Z,PGA National Resort (The Champion),Cognizant Classic in The Palm Beaches 2024,Cognizant Classic in The Palm Beaches,2024,4,M. Fitzpatrick,Matt Fitzpatrick,Birdies,4.5,3.616,-0.884,over,-15.48,4,L,-120,-102,-1.000,-1.000
2026-06-25T03:08:38.047Z,PGA National Resort (The Champion),Cognizant Classic in The Palm Beaches 2024,Cognizant Classic in The Palm Beaches,2024,3,R. Fowler,Rickie Fowler,Birdies,4.5,2.957,-1.543,over,-19.82,6,W,-105,108,0.952,1.080
2026-06-25T03:08:38.047Z,PGA National Resort (The Champion),Cognizant Classic in The Palm Beaches 2024,Cognizant Classic in The Palm Beaches,2024,3,R. Fowler,Rickie Fowler,Birdies,4.5,2.957,-1.543,under,13.04,6,L,-125,-108,-1.000,-1.000
2026-06-25T03:08:38.047Z,PGA National Resort (The Champion),Cognizant Classic in The Palm Beaches 2024,Cognizant Classic in The Palm Beaches,2024,3,T. Alexander,Tyson Alexander,Birdies,4,2.862,-1.138,over,-15.18,3,L,-105,108,-1.000,-1.000
2026-06-25T03:08:38.047Z,PGA National Resort (The Champion),Cognizant Classic in The Palm Beaches 2024,Cognizant Classic in The Palm Beaches,2024,1,R. Fowler,Rickie Fowler,Birdies,4,3.221,-0.779,over,-18.84,2,L,-145,-131,-1.000,-1.000
2026-06-25T03:08:38.047Z,PGA National Resort (The Champion),Cognizant Classic in The Palm Beaches 2024,Cognizant Classic in The Palm Beaches,2024,1,R. Fowler,Rickie Fowler,Birdies,4,3.221,-0.779,under,13.15,2,W,115,131,1.150,1.310
2026-06-25T03:08:38.047Z,PGA National Resort (The Champion),Cognizant Classic in The Palm Beaches 2024,Cognizant Classic in The Palm Beaches,2024,1,S. Straka,Sepp Straka,Birdies,4.5,3.139,-1.361,over,-15.33,5,W,105,118,1.050,1.180
2026-06-25T03:08:38.047Z,PGA National Resort (The Champion),Cognizant Classic in The Palm Beaches 2024,Cognizant Classic in The Palm Beaches,2024,2,R. Fowler,Rickie Fowler,Birdies,4.5,3.011,-1.489,under,12.44,5,L,-125,-109,-1.000,-1.000
2026-06-25T03:08:38.047Z,PGA National Resort (The Champion),Cognizant Classic in The Palm Beaches 2024,Cognizant Classic in The Palm Beaches,2024,2,S. Straka,Sepp Straka,Birdies,4.5,2.949,-1.551,under,19.91,3,W,105,116,1.050,1.160
2026-06-25T03:08:38.047Z,PGA National Resort (The Champion),Cognizant Classic in The Palm Beaches 2024,Cognizant Classic in The Palm Beaches,2024,1,C. Kirk,Chris Kirk,Birdies,4.5,3.293,-1.207,over,-23.95,7,W,-145,-126,0.690,0.794
2026-06-25T03:08:38.047Z,PGA National Resort (The Champion),Cognizant Classic in The Palm Beaches 2024,Cognizant Classic in The Palm Beaches,2024,1,C. Kirk,Chris Kirk,Birdies,4.5,3.293,-1.207,under,17.15,7,L,110,126,-1.000,-1.000
2026-06-25T03:08:38.047Z,PGA National Resort (The Champion),Cognizant Classic in The Palm Beaches 2024,Cognizant Classic in The Palm Beaches,2024,1,J. Knapp,Jake Knapp,Birdies,4.5,3.308,-1.192,over,-19.13,5,W,-120,-106,0.833,0.943
2026-06-25T03:08:38.047Z,PGA National Resort (The Champion),Cognizant Classic in The Palm Beaches 2024,Cognizant Classic in The Palm Beaches,2024,1,J. Knapp,Jake Knapp,Birdies,4.5,3.308,-1.192,under,13.37,5,L,-105,106,-1.000,-1.000
2026-06-25T03:08:38.047Z,PGA National Resort (The Champion),Cognizant Classic in The Palm Beaches 2024,Cognizant Classic in The Palm Beaches,2024,2,C. Kirk,Chris Kirk,Birdies,4.5,3.113,-1.387,over,-18.06,6,W,-105,107,0.952,1.070
2026-06-25T03:08:38.047Z,PGA National Resort (The Champion),Cognizant Classic in The Palm Beaches 2024,Cognizant Classic in The Palm Beaches,2024,2,C. Kirk,Chris Kirk,Birdies,4.5,3.113,-1.387,under,12.30,6,L,-120,-107,-1.000,-1.000
2026-06-25T03:08:38.047Z,PGA National Resort (The Champion),Cognizant Classic in The Palm Beaches 2024,Cognizant Classic in The Palm Beaches,2024,2,J. Knapp,Jake Knapp,Birdies,4.5,3.508,-0.992,over,-9.85,5,W,110,121,1.100,1.210
2026-06-25T03:08:38.047Z,PGA National Resort (The Champion),Cognizant Classic in The Palm Beaches 2024,Cognizant Classic in The Palm Beaches,2024,2,J. Knapp,Jake Knapp,Birdies,4.5,3.508,-0.992,under,4.78,5,L,-135,-121,-1.000,-1.000
2026-06-25T03:08:38.047Z,PGA National Resort (The Champion),Cognizant Classic in The Palm Beaches 2024,Cognizant Classic in The Palm Beaches,2024,3,Cam. Young,Cameron Young,Birdies,4.5,3.534,-0.966,over,-10.70,2,L,105,118,-1.000,-1.000
2026-06-25T03:08:38.047Z,PGA National Resort (The Champion),Cognizant Classic in The Palm Beaches 2024,Cognizant Classic in The Palm Beaches,2024,3,Cam. Young,Cameron Young,Birdies,4.5,3.534,-0.966,under,4.47,2,W,-135,-118,0.741,0.847
2026-06-25T03:08:38.047Z,PGA National Resort (The Champion Course),Cognizant Classic in The Palm Beaches 2025,Cognizant Classic in The Palm Beaches,2025,2,B. Horschel,Billy Horschel,Birdies,4.5,3.505,-0.995,under,17.82,3,W,125,154,1.250,1.540
2026-06-25T03:08:38.047Z,PGA National Resort (The Champion Course),Cognizant Classic in The Palm Beaches 2025,Cognizant Classic in The Palm Beaches,2025,2,Cam. Young,Cameron Young,Birdies,5.5,3.451,-2.049,over,-19.46,6,W,120,148,1.200,1.480
2026-06-25T03:08:38.047Z,PGA National Resort (The Champion Course),Cognizant Classic in The Palm Beaches 2025,Cognizant Classic in The Palm Beaches,2025,2,Cam. Young,Cameron Young,Birdies,5.5,3.451,-2.049,under,9.72,6,L,-180,-148,-1.000,-1.000
2026-06-25T03:08:38.047Z,PGA National Resort (The Champion Course),Cognizant Classic in The Palm Beaches 2025,Cognizant Classic in The Palm Beaches,2025,3,J. Knapp,Jake Knapp,Birdies,4.5,3.768,-0.732,over,-13.63,5,W,-120,106,0.833,1.060
2026-06-25T03:08:38.047Z,PGA National Resort (The Champion Course),Cognizant Classic in The Palm Beaches 2025,Cognizant Classic in The Palm Beaches,2025,3,M. Pavon,Matthieu Pavon,Birdies,4.5,3.620,-0.880,over,-10.89,3,L,100,124,-1.000,-1.000
2026-06-25T03:08:38.047Z,PGA National Resort (The Champion Course),Cognizant Classic in The Palm Beaches 2025,Cognizant Classic in The Palm Beaches,2025,3,R. Fowler,Rickie Fowler,Birdies,4.5,3.290,-1.210,over,-29.08,5,W,-180,-145,0.556,0.690
2026-06-25T03:08:38.047Z,PGA National Resort (The Champion Course),Cognizant Classic in The Palm Beaches 2025,Cognizant Classic in The Palm Beaches,2025,3,R. Fowler,Rickie Fowler,Birdies,4.5,3.290,-1.210,under,19.34,5,L,120,145,-1.000,-1.000
2026-06-25T03:08:38.047Z,PGA National Resort (The Champion Course),Cognizant Classic in The Palm Beaches 2025,Cognizant Classic in The Palm Beaches,2025,2,J. Spieth,Jordan Spieth,Birdies,4.5,3.551,-0.949,under,16.26,6,L,120,151,-1.000,-1.000
2026-06-25T03:08:38.047Z,PGA National Resort (The Champion Course),Cognizant Classic in The Palm Beaches 2025,Cognizant Classic in The Palm Beaches,2025,3,B. Harman,Brian Harman,Birdies,4.5,3.839,-0.661,over,-21.85,6,W,-175,-140,0.571,0.714
2026-06-25T03:08:38.047Z,PGA National Resort (The Champion Course),Cognizant Classic in The Palm Beaches 2025,Cognizant Classic in The Palm Beaches,2025,3,B. Harman,Brian Harman,Birdies,4.5,3.839,-0.661,under,11.71,6,L,115,140,-1.000,-1.000
2026-06-25T03:08:38.047Z,Torrey Pines Golf Course (South Course),Farmers Insurance Open 2024,Farmers Insurance Open,2024,1,J. Day,Jason Day,Birdies,3.5,3.254,-0.246,over,-10.52,2,L,-135,-116,-1.000,-1.000
2026-06-25T03:08:38.047Z,Torrey Pines Golf Course (South Course),Farmers Insurance Open 2024,Farmers Insurance Open,2024,1,K. Bradley,Keegan Bradley,Birdies,3.5,3.528,0.028,over,-5.20,3,L,-125,-114,-1.000,-1.000
2026-06-25T03:08:38.047Z,Torrey Pines Golf Course (North Course),Farmers Insurance Open 2024,Farmers Insurance Open,2024,1,M. W. Lee,K.H. Lee,Birdies,3.5,3.458,-0.042,over,-7.97,4,W,-135,-118,0.741,0.847
2026-06-25T03:08:38.047Z,Torrey Pines Golf Course (North Course),Farmers Insurance Open 2024,Farmers Insurance Open,2024,2,J. Day,Jason Day,Birdies,5.5,3.294,-2.206,under,20.02,3,W,-125,-112,0.800,0.893
2026-06-25T03:08:38.047Z,Torrey Pines Golf Course (North Course),Farmers Insurance Open 2024,Farmers Insurance Open,2024,2,K. Bradley,Keegan Bradley,Birdies,5.5,3.668,-1.832,under,16.19,6,L,-125,-112,-1.000,-1.000
2026-06-25T03:08:38.047Z,Torrey Pines Golf Course (South Course),Farmers Insurance Open 2024,Farmers Insurance Open,2024,2,M. W. Lee,K.H. Lee,Birdies,5.5,3.578,-1.922,over,-27.24,3,L,-120,-103,-1.000,-1.000
2026-06-25T03:08:38.047Z,Torrey Pines Golf Course (South Course),Farmers Insurance Open 2024,Farmers Insurance Open,2024,2,M. W. Lee,K.H. Lee,Birdies,5.5,3.578,-1.922,under,20.31,3,W,-110,103,0.909,1.030
2026-06-25T03:08:38.047Z,Torrey Pines Golf Course (North Course),Farmers Insurance Open 2024,Farmers Insurance Open,2024,1,H. Matsuyama,Hideki Matsuyama,Birdies,4.5,3.633,-0.867,over,-13.10,5,W,-110,103,0.909,1.030
2026-06-25T03:08:38.047Z,Torrey Pines Golf Course (North Course),Farmers Insurance Open 2024,Farmers Insurance Open,2024,1,J. Rose,Justin Rose,Birdies,4.5,3.080,-1.420,over,-18.43,4,L,-105,108,-1.000,-1.000
2026-06-25T03:08:38.047Z,Torrey Pines Golf Course (North Course),Farmers Insurance Open 2024,Farmers Insurance Open,2024,1,L. Aberg,Ludvig Aberg,Birdies,4.5,3.361,-1.139,over,-23.15,5,W,-145,-126,0.690,0.794
2026-06-25T03:08:38.047Z,Torrey Pines Golf Course (South Course),Farmers Insurance Open 2024,Farmers Insurance Open,2024,2,L. Aberg,Ludvig Aberg,Birdies,4,3.541,-0.459,under,9.22,3,W,115,128,1.150,1.280
2026-06-25T03:08:38.047Z,Torrey Pines Golf Course (North Course),Farmers Insurance Open 2024,Farmers Insurance Open,2024,1,C. Morikawa,Collin Morikawa,Birdies,4.5,3.242,-1.258,over,-22.80,7,W,-135,-114,0.741,0.877
2026-06-25T03:08:38.047Z,Torrey Pines Golf Course (North Course),Farmers Insurance Open 2024,Farmers Insurance Open,2024,1,P. Cantlay,Patrick Cantlay,Birdies,4.5,3.114,-1.386,over,-24.28,8,W,-135,-117,0.741,0.855
2026-06-25T03:08:38.047Z,Torrey Pines Golf Course (North Course),Farmers Insurance Open 2024,Farmers Insurance Open,2024,1,S. Theegala,Sahith Theegala,Birdies,4.5,2.949,-1.551,over,-17.47,4,L,105,118,-1.000,-1.000
2026-06-25T03:08:38.047Z,Torrey Pines Golf Course (South Course),Farmers Insurance Open 2024,Farmers Insurance Open,2024,2,C. Morikawa,Collin Morikawa,Birdies,5,3.442,-1.558,over,-16.38,4,L,110,123,-1.000,-1.000
2026-06-25T03:08:38.047Z,Torrey Pines Golf Course (South Course),Farmers Insurance Open 2024,Farmers Insurance Open,2024,2,C. Morikawa,Collin Morikawa,Birdies,5,3.442,-1.558,under,9.58,4,W,-145,-123,0.690,0.813
2026-06-25T03:08:38.047Z,Torrey Pines Golf Course (South Course),Farmers Insurance Open 2024,Farmers Insurance Open,2024,2,P. Cantlay,Patrick Cantlay,Birdies,5,3.264,-1.736,over,-19.50,3,L,105,116,-1.000,-1.000
2026-06-25T03:08:38.047Z,Torrey Pines Golf Course (South Course),Farmers Insurance Open 2024,Farmers Insurance Open,2024,2,P. Cantlay,Patrick Cantlay,Birdies,5,3.264,-1.736,under,13.27,3,W,-135,-116,0.741,0.862
2026-06-25T03:08:38.047Z,Torrey Pines Golf Course (South Course),Farmers Insurance Open 2024,Farmers Insurance Open,2024,2,S. Theegala,Sahith Theegala,Birdies,4.5,3.109,-1.391,under,9.44,6,L,-135,-120,-1.000,-1.000
2026-06-25T03:08:38.047Z,Torrey Pines Golf Course (South Course),Farmers Insurance Open 2024,Farmers Insurance Open,2024,3,N. Hojgaard,Nicolai Hojgaard,Birdies,4,3.407,-0.593,over,-9.77,2,L,-110,103,-1.000,-1.000
2026-06-25T03:08:38.047Z,Torrey Pines Golf Course (South Course),Farmers Insurance Open 2024,Farmers Insurance Open,2024,3,N. Hojgaard,Nicolai Hojgaard,Birdies,4,3.407,-0.593,under,2.84,2,W,-120,-103,0.833,0.971
2026-06-25T03:08:38.047Z,Torrey Pines Golf Course (South Course),Farmers Insurance Open 2024,Farmers Insurance Open,2024,3,T. Detry,Thomas Detry,Birdies,3.5,2.393,-1.107,over,-22.78,5,W,-145,-122,0.690,0.820
2026-06-25T03:08:38.047Z,Torrey Pines Golf Course (South Course),Farmers Insurance Open 2024,Farmers Insurance Open,2024,3,T. Detry,Thomas Detry,Birdies,3.5,2.393,-1.107,under,15.98,5,L,110,122,-1.000,-1.000
2026-06-25T03:08:38.047Z,Torrey Pines Golf Course (South Course),Farmers Insurance Open 2024,Farmers Insurance Open,2024,1,M. Homa,Max Homa,Birdies,3.5,3.322,-0.178,over,-11.42,5,W,-145,-123,0.690,0.813
2026-06-25T03:08:38.047Z,Torrey Pines Golf Course (South Course),Farmers Insurance Open 2024,Farmers Insurance Open,2024,1,T. Finau,Tony Finau,Birdies,3.5,3.649,0.149,over,-0.51,4,W,-110,102,0.909,1.020
2026-06-25T03:08:38.047Z,Torrey Pines Golf Course (South Course),Farmers Insurance Open 2024,Farmers Insurance Open,2024,1,T. Finau,Tony Finau,Birdies,3.5,3.649,0.149,under,-6.41,4,L,-120,-102,-1.000,-1.000
2026-06-25T03:08:38.047Z,Torrey Pines Golf Course (South Course),Farmers Insurance Open 2024,Farmers Insurance Open,2024,1,X. Schauffele,Xander Schauffele,Birdies,3.5,3.044,-0.456,over,-14.87,4,W,-145,-129,0.690,0.775
2026-06-25T03:08:38.047Z,Torrey Pines Golf Course (North Course),Farmers Insurance Open 2024,Farmers Insurance Open,2024,2,M. Homa,Max Homa,Birdies,6,3.462,-2.538,under,26.35,3,W,-110,101,0.909,1.010
2026-06-25T03:08:38.047Z,Torrey Pines Golf Course (North Course),Farmers Insurance Open 2024,Farmers Insurance Open,2024,2,T. Finau,Tony Finau,Birdies,6,3.779,-2.221,under,20.17,7,L,-125,-113,-1.000,-1.000
2026-06-25T03:08:38.047Z,Torrey Pines Golf Course (South Course),Farmers Insurance Open 2024,Farmers Insurance Open,2024,3,M. Kim,Michael Kim,Birdies,3.5,2.597,-0.903,under,12.38,3,W,105,120,1.050,1.200
2026-06-25T03:08:38.047Z,Torrey Pines Golf Course (South Course),Farmers Insurance Open 2024,Farmers Insurance Open,2024,3,M. Pavon,Matthieu Pavon,Birdies,3.5,3.678,0.178,over,-5.21,3,L,-135,-120,-1.000,-1.000
2026-06-25T03:08:38.047Z,Torrey Pines Golf Course (South Course),Farmers Insurance Open 2024,Farmers Insurance Open,2024,3,M. Pavon,Matthieu Pavon,Birdies,3.5,3.678,0.178,under,-1.01,3,W,105,120,1.050,1.200
2026-06-25T03:08:38.047Z,Torrey Pines Golf Course (South Course),Farmers Insurance Open 2024,Farmers Insurance Open,2024,3,T. Finau,Tony Finau,Birdies,4,3.829,-0.171,over,-7.70,2,L,-125,-109,-1.000,-1.000
2026-06-25T03:08:38.047Z,Torrey Pines Golf Course (South Course),Farmers Insurance Open 2024,Farmers Insurance Open,2024,3,T. Finau,Tony Finau,Birdies,4,3.829,-0.171,under,0.92,2,W,-105,109,0.952,1.090
2026-06-25T03:08:38.047Z,Torrey Pines Golf Course (South Course),Farmers Insurance Open 2025,Farmers Insurance Open,2025,2,K. Bradley,Keegan Bradley,Birdies,3.5,3.753,0.253,over,-1.37,2,L,-120,104,-1.000,-1.000
2026-06-25T03:08:38.047Z,Torrey Pines Golf Course (South Course),Farmers Insurance Open 2025,Farmers Insurance Open,2025,2,K. Bradley,Keegan Bradley,Birdies,3.5,3.753,0.253,under,-8.73,2,W,-125,-104,0.800,0.962
2026-06-25T03:08:38.047Z,Torrey Pines Golf Course (South Course),Farmers Insurance Open 2025,Farmers Insurance Open,2025,2,L. Aberg,Ludvig Aberg,Birdies,3.5,3.784,0.284,over,-10.73,2,L,-180,-150,-1.000,-1.000
2026-06-25T03:08:38.047Z,Torrey Pines Golf Course (South Course),Farmers Insurance Open 2025,Farmers Insurance Open,2025,2,L. Aberg,Ludvig Aberg,Birdies,3.5,3.784,0.284,under,0.99,2,W,120,150,1.200,1.500
2026-06-25T03:08:38.047Z,Torrey Pines Golf Course (South Course),Farmers Insurance Open 2025,Farmers Insurance Open,2025,2,S. Theegala,Sahith Theegala,Birdies,3.5,3.616,0.116,over,1.45,4,W,100,124,1.000,1.240
2026-06-25T03:08:38.047Z,Torrey Pines Golf Course (South Course),Farmers Insurance Open 2025,Farmers Insurance Open,2025,2,S. Theegala,Sahith Theegala,Birdies,3.5,3.616,0.116,under,-12.23,4,L,-155,-124,-1.000,-1.000
2026-06-25T03:08:38.047Z,Torrey Pines Golf Course (South Course),Farmers Insurance Open 2025,Farmers Insurance Open,2025,2,A. Eckroat,Austin Eckroat,Birdies,3.5,3.496,-0.004,under,-5.51,3,W,-125,-100,0.800,1.000
2026-06-25T03:08:38.047Z,Torrey Pines Golf Course (South Course),Farmers Insurance Open 2025,Farmers Insurance Open,2025,2,K. Yu,Kevin Yu,Birdies,3.5,3.687,0.187,under,-6.89,3,W,-120,105,0.833,1.050
2026-06-25T03:08:38.047Z,Torrey Pines Golf Course (South Course),Farmers Insurance Open 2025,Farmers Insurance Open,2025,2,S.W. Kim,S.H. Kim,Birdies,3.5,3.316,-0.184,under,-0.08,1,W,-110,111,0.909,1.110
2026-06-25T03:08:38.047Z,TPC Southwind,FedEx St Jude Championship 2024,FedEx St Jude Championship,2024,4,C. Morikawa,Collin Morikawa,Birdies,3.5,3.853,0.353,over,-11.10,4,W,-190,-154,0.526,0.649
2026-06-25T03:08:38.047Z,TPC Southwind,FedEx St Jude Championship 2024,FedEx St Jude Championship,2024,2,H. Matsuyama,Hideki Matsuyama,Birdies,4.5,4.307,-0.193,over,-0.04,7,W,110,136,1.100,1.360
2026-06-25T03:08:38.047Z,TPC Southwind,FedEx St Jude Championship 2024,FedEx St Jude Championship,2024,2,S. Theegala,Sahith Theegala,Birdies,3.5,4.233,0.733,over,-5.18,4,W,-180,-148,0.556,0.676
2026-06-25T03:08:38.047Z,TPC Southwind,FedEx St Jude Championship 2024,FedEx St Jude Championship,2024,2,C. Morikawa,Collin Morikawa,Birdies,4.5,3.659,-0.841,over,-4.86,2,L,125,129,-1.000,-1.000
2026-06-25T03:08:38.047Z,TPC Southwind,FedEx St Jude Championship 2024,FedEx St Jude Championship,2024,2,C. Morikawa,Collin Morikawa,Birdies,4.5,3.659,-0.841,under,-5.10,2,W,-190,-129,0.526,0.775
2026-06-25T03:08:38.047Z,TPC Southwind,FedEx St Jude Championship 2024,FedEx St Jude Championship,2024,4,S. Burns,Sam Burns,Birdies,3.5,5.113,1.613,over,5.74,4,W,-175,-143,0.571,0.699
2026-06-25T03:08:38.047Z,TPC Southwind,FedEx St Jude Championship 2024,FedEx St Jude Championship,2024,4,W. Zalatoris,Will Zalatoris,Birdies,3.5,4.399,0.899,over,-1.15,4,W,-165,-135,0.606,0.741
2026-06-25T03:08:38.047Z,TPC Southwind,FedEx St Jude Championship 2024,FedEx St Jude Championship,2024,2,S. Lowry,Shane Lowry,Birdies,4.5,3.743,-0.757,over,-7.01,3,L,110,137,-1.000,-1.000
2026-06-25T03:08:38.047Z,TPC Southwind,FedEx St Jude Championship 2024,FedEx St Jude Championship,2024,4,S. Scheffler,Scottie Scheffler,Birdies,4.5,3.919,-0.581,over,-18.02,5,W,-155,-122,0.645,0.820
2026-06-25T03:08:38.047Z,TPC Southwind,FedEx St Jude Championship 2024,FedEx St Jude Championship,2024,4,S. Scheffler,Scottie Scheffler,Birdies,4.5,3.919,-0.581,under,7.23,5,L,100,122,-1.000,-1.000
2026-06-25T03:08:38.047Z,TPC Southwind,FedEx St Jude Championship 2024,FedEx St Jude Championship,2024,4,V. Hovland,Viktor Hovland,Birdies,4.5,4.537,0.037,over,2.84,6,W,110,135,1.100,1.350
2026-06-25T03:08:38.047Z,TPC Southwind,FedEx St Jude Championship 2024,FedEx St Jude Championship,2024,4,V. Hovland,Viktor Hovland,Birdies,4.5,4.537,0.037,under,-12.73,6,L,-165,-135,-1.000,-1.000
2026-06-25T03:08:38.047Z,TPC Southwind,FedEx St Jude Championship 2024,FedEx St Jude Championship,2024,2,S. Scheffler,Scottie Scheffler,Birdies,4.5,3.822,-0.678,over,-19.22,5,W,-155,-128,0.645,0.781
2026-06-25T03:08:38.047Z,TPC Southwind,FedEx St Jude Championship 2024,FedEx St Jude Championship,2024,2,S. Scheffler,Scottie Scheffler,Birdies,4.5,3.822,-0.678,under,9.65,5,L,105,128,-1.000,-1.000
2026-06-25T03:08:38.047Z,TPC Southwind,FedEx St Jude Championship 2024,FedEx St Jude Championship,2024,2,X. Schauffele,Xander Schauffele,Birdies,4.5,4.260,-0.240,over,-10.45,5,W,-135,-109,0.741,0.917
2026-06-25T03:08:38.047Z,TPC Southwind,FedEx St. Jude Championship 2023,FedEx St. Jude Championship,2023,1,B. Harman,Brian Harman,Birdies,4.5,4.425,-0.075,under,-4.61,4,W,-125,-110,0.800,0.909
2026-06-25T03:08:38.047Z,TPC Southwind,FedEx St. Jude Championship 2023,FedEx St. Jude Championship,2023,1,M. Homa,Max Homa,Birdies,4.5,4.143,-0.357,under,-0.09,3,W,-120,-104,0.833,0.962
2026-06-25T03:08:38.047Z,TPC Southwind,FedEx St. Jude Championship 2023,FedEx St. Jude Championship,2023,1,W. Clark,Wyndham Clark,Birdies,4.5,3.645,-0.855,under,6.04,6,L,-120,-104,-1.000,-1.000
2026-06-25T03:08:38.047Z,TPC Southwind,FedEx St. Jude Championship 2023,FedEx St. Jude Championship,2023,4,J. Rahm,Jon Rahm,Birdies,5.5,4.219,-1.281,over,-18.01,5,L,-110,-100,-1.000,-1.000
2026-06-25T03:08:38.047Z,TPC Southwind,FedEx St. Jude Championship 2023,FedEx St. Jude Championship,2023,4,J. Rahm,Jon Rahm,Birdies,5.5,4.219,-1.281,under,13.25,5,W,-110,100,0.909,1.000
2026-06-25T03:08:38.047Z,TPC Southwind,FedEx St. Jude Championship 2023,FedEx St. Jude Championship,2023,3,H. Matsuyama,Hideki Matsuyama,Birdies,4,3.141,-0.859,over,-19.81,6,W,-145,-125,0.690,0.800
2026-06-25T03:08:38.047Z,TPC Southwind,FedEx St. Jude Championship 2023,FedEx St. Jude Championship,2023,3,S. Stevens,Sam Stevens,Birdies,4,3.508,-0.492,over,-6.14,3,L,100,111,-1.000,-1.000
2026-06-25T03:08:38.047Z,TPC Southwind,FedEx St. Jude Championship 2023,FedEx St. Jude Championship,2023,3,V. Hovland,Viktor Hovland,Birdies,4.5,3.844,-0.656,over,-12.70,7,W,-120,-104,0.833,0.962
2026-06-25T03:08:38.047Z,TPC Southwind,FedEx St. Jude Championship 2023,FedEx St. Jude Championship,2023,4,J. Day,Jason Day,Birdies,5,3.706,-1.294,under,6.59,6,L,-145,-124,-1.000,-1.000
2026-06-25T03:08:38.047Z,TPC Southwind,FedEx St. Jude Championship 2023,FedEx St. Jude Championship,2023,4,M. Kuchar,Matt Kuchar,Birdies,4.5,3.254,-1.246,under,9.66,3,W,-125,-114,0.800,0.877
2026-06-25T03:08:38.047Z,TPC Southwind,FedEx St. Jude Championship 2023,FedEx St. Jude Championship,2023,1,J. Day,Jason Day,Birdies,4.5,3.826,-0.674,under,8.38,3,W,100,110,1.000,1.100
2026-06-25T03:08:38.047Z,TPC Southwind,FedEx St. Jude Championship 2023,FedEx St. Jude Championship,2023,1,N. Taylor,Nick Taylor,Birdies,4,3.754,-0.246,under,4.30,3,W,105,120,1.050,1.200
2026-06-25T03:08:38.047Z,TPC Southwind,FedEx St. Jude Championship 2023,FedEx St. Jude Championship,2023,1,T. Finau,Tony Finau,Birdies,4.5,3.971,-0.529,under,5.38,4,W,-105,107,0.952,1.070
2026-06-25T03:08:38.047Z,TPC Southwind,FedEx St. Jude Championship 2023,FedEx St. Jude Championship,2023,1,J. Rose,Justin Rose,Birdies,4.5,3.367,-1.133,under,6.45,3,W,-135,-118,0.741,0.847
2026-06-25T03:08:38.047Z,TPC Southwind,FedEx St. Jude Championship 2023,FedEx St. Jude Championship,2023,1,J. Spieth,Jordan Spieth,Birdies,4.5,3.560,-0.940,under,10.38,6,L,-105,106,-1.000,-1.000
2026-06-25T03:08:38.047Z,TPC Southwind,FedEx St. Jude Championship 2023,FedEx St. Jude Championship,2023,4,J. Spieth,Jordan Spieth,Birdies,4.5,4.298,-0.202,over,-3.75,3,L,-105,105,-1.000,-1.000
2026-06-25T03:08:38.047Z,TPC Southwind,FedEx St. Jude Championship 2023,FedEx St. Jude Championship,2023,3,J. Spieth,Jordan Spieth,Birdies,4.5,3.610,-0.890,over,-8.62,3,L,110,125,-1.000,-1.000
2026-06-25T03:08:38.047Z,TPC Southwind,FedEx St. Jude Championship 2023,FedEx St. Jude Championship,2023,4,L. Glover,Lucas Glover,Birdies,4.5,4.063,-0.437,under,5.46,2,W,100,116,1.000,1.160
2026-06-25T03:08:38.047Z,TPC Southwind,FedEx St. Jude Championship 2023,FedEx St. Jude Championship,2023,4,T. Moore,Taylor Moore,Birdies,4.5,4.721,0.221,under,-5.15,3,W,-110,-101,0.909,0.990
2026-06-25T03:08:38.047Z,TPC Southwind,FedEx St. Jude Championship 2023,FedEx St. Jude Championship,2023,1,E. Grillo,Emiliano Grillo,Birdies,4.5,4.129,-0.371,under,-2.81,8,L,-135,-115,-1.000,-1.000
2026-06-25T03:08:38.047Z,TPC Southwind,FedEx St. Jude Championship 2023,FedEx St. Jude Championship,2023,1,R. Henley,Russell Henley,Birdies,4.5,3.989,-0.511,under,1.83,5,L,-120,-106,-1.000,-1.000
2026-06-25T03:08:38.047Z,TPC Southwind,FedEx St. Jude Championship 2023,FedEx St. Jude Championship,2023,1,S. Burns,Sam Burns,Birdies,4.5,4.134,-0.366,under,2.20,1,W,-110,104,0.909,1.040
2026-06-25T03:08:38.047Z,TPC Southwind,FedEx St. Jude Championship 2023,FedEx St. Jude Championship,2023,4,P. Cantlay,Patrick Cantlay,Birdies,5,4.128,-0.872,under,8.41,6,L,-110,104,-1.000,-1.000
2026-06-25T03:08:38.047Z,TPC Southwind,FedEx St. Jude Championship 2023,FedEx St. Jude Championship,2023,3,S. Scheffler,Scottie Scheffler,Birdies,4.5,3.667,-0.833,over,-12.70,1,L,-110,102,-1.000,-1.000
2026-06-25T03:08:38.047Z,TPC Southwind,FedEx St. Jude Championship 2023,FedEx St. Jude Championship,2023,1,T. Hatton,Tyrrell Hatton,Birdies,4.5,3.949,-0.551,under,4.49,3,W,-110,100,0.909,1.000
2026-06-25T03:08:38.047Z,TPC Southwind,FedEx St. Jude Championship 2023,FedEx St. Jude Championship,2023,1,X. Schauffele,Xander Schauffele,Birdies,4.5,3.574,-0.926,under,11.43,7,L,100,111,-1.000,-1.000
2026-06-25T03:08:38.047Z,TPC Southwind,FedEx St. Jude Championship 2023,FedEx St. Jude Championship,2023,4,T. Fleetwood,Tommy Fleetwood,Birdies,4.5,4.462,-0.038,over,-5.02,4,L,-120,-107,-1.000,-1.000
2026-06-25T03:08:38.047Z,The Renaissance Club,Genesis Scottish Open 2025,Genesis Scottish Open,2025,2,C. Morikawa,Collin Morikawa,Birdies,3.5,4.057,0.557,over,-9.73,1,L,-200,-160,-1.000,-1.000
2026-06-25T03:08:38.047Z,The Renaissance Club,Genesis Scottish Open 2025,Genesis Scottish Open,2025,2,L. Aberg,Ludvig Aberg,Birdies,3.5,3.927,0.427,over,-10.19,8,W,-190,-156,0.526,0.641
2026-06-25T03:08:38.047Z,The Renaissance Club,Genesis Scottish Open 2025,Genesis Scottish Open,2025,4,J. Knapp,Jake Knapp,Birdies,3.5,3.294,-0.206,over,-10.02,3,L,-135,-112,-1.000,-1.000
2026-06-25T03:08:38.047Z,The Renaissance Club,Genesis Scottish Open 2025,Genesis Scottish Open,2025,4,M. Fitzpatrick,Matt Fitzpatrick,Birdies,3.5,4.003,0.503,over,-7.36,4,W,-175,-140,0.571,0.714
2026-06-25T03:08:38.047Z,Albany GC,Hero World Challenge 2023,Hero World Challenge,2023,1,M. Homa,Max Homa,Birdies,5.5,3.797,-1.703,over,-25.92,6,W,-125,-112,0.800,0.893
2026-06-25T03:08:38.047Z,Albany GC,Hero World Challenge 2023,Hero World Challenge,2023,1,M. Homa,Max Homa,Birdies,5.5,3.797,-1.703,under,20.36,6,L,100,112,-1.000,-1.000
2026-06-25T03:08:38.047Z,Albany GC,Hero World Challenge 2023,Hero World Challenge,2023,1,V. Hovland,Viktor Hovland,Birdies,6,4.914,-1.086,over,-13.34,4,L,100,115,-1.000,-1.000
2026-06-25T03:08:38.047Z,Albany GC,Hero World Challenge 2023,Hero World Challenge,2023,1,V. Hovland,Viktor Hovland,Birdies,6,4.914,-1.086,under,5.90,4,W,-135,-115,0.741,0.870
2026-06-25T03:08:38.047Z,Albany GC,Hero World Challenge 2023,Hero World Challenge,2023,2,C. Morikawa,Collin Morikawa,Birdies,6,4.477,-1.523,under,10.93,5,W,-135,-119,0.741,0.840
2026-06-25T03:08:38.047Z,Albany GC,Hero World Challenge 2023,Hero World Challenge,2023,2,S. Scheffler,Scottie Scheffler,Birdies,6,5.058,-0.942,over,-14.01,8,W,-110,104,0.909,1.040
2026-06-25T03:08:38.047Z,TPC Deere Run,John Deere Classic 2025,John Deere Classic,2025,1,A. Potgieter,Aldrich Potgieter,Birdies,4.5,4.605,0.105,over,-4.24,4,L,-125,-101,-1.000,-1.000
2026-06-25T03:08:38.047Z,TPC Deere Run,John Deere Classic 2025,John Deere Classic,2025,1,A. Potgieter,Aldrich Potgieter,Birdies,4.5,4.605,0.105,under,-5.86,4,W,-120,101,0.833,1.010
2026-06-25T03:08:38.047Z,TPC Deere Run,John Deere Classic 2025,John Deere Classic,2025,1,B. Griffin,Ben Griffin,Birdies,5.5,4.561,-0.939,over,-7.05,2,L,120,149,-1.000,-1.000
2026-06-25T03:08:38.047Z,TPC Deere Run,John Deere Classic 2025,John Deere Classic,2025,1,B. Griffin,Ben Griffin,Birdies,5.5,4.561,-0.939,under,-2.70,2,W,-180,-149,0.556,0.671
2026-06-25T03:08:38.047Z,TPC Deere Run,John Deere Classic 2025,John Deere Classic,2025,1,M. Thorbjornsen,Michael Thorbjornsen,Birdies,4.5,5.020,0.520,over,-4.29,3,L,-155,-125,-1.000,-1.000
2026-06-25T03:08:38.047Z,TPC Deere Run,John Deere Classic 2025,John Deere Classic,2025,2,C. Kirk,Chris Kirk,Birdies,4.5,4.764,0.264,over,-2.25,4,L,-125,100,-1.000,-1.000
2026-06-25T03:08:38.047Z,TPC Deere Run,John Deere Classic 2025,John Deere Classic,2025,2,C. Kirk,Chris Kirk,Birdies,4.5,4.764,0.264,under,-8.86,4,W,-125,-100,0.800,1.000
2026-06-25T03:08:38.047Z,TPC Deere Run,John Deere Classic 2025,John Deere Classic,2025,2,J.T. Poston,J.T. Poston,Birdies,4.5,4.281,-0.219,over,-8.29,6,W,-125,-102,0.800,0.980
2026-06-25T03:08:38.047Z,TPC Deere Run,John Deere Classic 2025,John Deere Classic,2025,1,D. Thompson,Davis Thompson,Birdies,4.5,4.966,0.466,over,-4.96,5,W,-155,-127,0.645,0.787
2026-06-25T03:08:38.047Z,TPC Deere Run,John Deere Classic 2025,John Deere Classic,2025,1,Jason Day,Jason Day,Birdies,4.5,4.845,0.345,over,-7.95,2,L,-165,-132,-1.000,-1.000
2026-06-25T03:08:38.047Z,TPC Deere Run,John Deere Classic 2025,John Deere Classic,2025,1,L. Glover,Lucas Glover,Birdies,4.5,4.538,0.038,over,-8.71,4,L,-145,-120,-1.000,-1.000
2026-06-25T03:08:38.047Z,TPC Deere Run,John Deere Classic 2025,John Deere Classic,2025,1,L. Glover,Lucas Glover,Birdies,4.5,4.538,0.038,under,-0.48,4,W,100,120,1.000,1.200
2026-06-25T03:08:38.047Z,TPC Deere Run,John Deere Classic 2025,John Deere Classic,2025,2,J. Knapp,Jake Knapp,Birdies,4.5,4.812,0.312,over,-3.54,5,W,-135,-106,0.741,0.943
2026-06-25T03:08:38.047Z,TPC Deere Run,John Deere Classic 2025,John Deere Classic,2025,2,M. Homa,Max Homa,Birdies,4.5,3.991,-0.509,over,-8.73,5,W,-110,111,0.909,1.110
2026-06-25T03:08:38.047Z,TPC Deere Run,John Deere Classic 2025,John Deere Classic,2025,2,M. Homa,Max Homa,Birdies,4.5,3.991,-0.509,under,-1.09,5,L,-135,-111,-1.000,-1.000
2026-06-25T03:08:38.047Z,TPC Deere Run,John Deere Classic 2025,John Deere Classic,2025,2,R. Fowler,Rickie Fowler,Birdies,4.5,4.009,-0.491,over,-13.58,3,L,-135,-106,-1.000,-1.000
2026-06-25T03:08:38.047Z,Muirfield Village Golf Club,Memorial Tournament 2024,Memorial Tournament,2024,3,C. Bezuidenhout,Christiaan Bezuidenhout,Birdies,3.5,2.914,-0.586,over,-16.48,3,L,-145,-119,-1.000,-1.000
2026-06-25T03:08:38.047Z,Muirfield Village Golf Club,Memorial Tournament 2024,Memorial Tournament,2024,3,C. Bezuidenhout,Christiaan Bezuidenhout,Birdies,3.5,2.914,-0.586,under,6.08,3,W,-105,119,0.952,1.190
2026-06-25T03:08:38.047Z,Muirfield Village Golf Club,Memorial Tournament 2024,Memorial Tournament,2024,3,V. Hovland,Viktor Hovland,Birdies,4,3.703,-0.297,over,-11.16,3,L,-135,-112,-1.000,-1.000
2026-06-25T03:08:38.047Z,Muirfield Village Golf Club,Memorial Tournament 2024,Memorial Tournament,2024,3,V. Hovland,Viktor Hovland,Birdies,4,3.703,-0.297,under,1.33,3,W,-110,112,0.909,1.120
2026-06-25T03:08:38.047Z,Muirfield Village Golf Club,Memorial Tournament 2024,Memorial Tournament,2024,4,M. Fitzpatrick,Matt Fitzpatrick,Birdies,4,3.833,-0.167,under,-7.09,6,L,-145,-127,-1.000,-1.000
2026-06-25T03:08:38.047Z,Muirfield Village Golf Club,Memorial Tournament 2024,Memorial Tournament,2024,4,M. Homa,Max Homa,Birdies,3.5,2.888,-0.612,over,-18.41,2,L,-155,-115,-1.000,-1.000
2026-06-25T03:08:38.047Z,Muirfield Village Golf Club,Memorial Tournament 2024,Memorial Tournament,2024,4,M. Homa,Max Homa,Birdies,3.5,2.888,-0.612,under,8.84,2,W,105,115,1.050,1.150
2026-06-25T03:08:38.047Z,Muirfield Village Golf Club,Memorial Tournament 2024,Memorial Tournament,2024,4,V. Hovland,Viktor Hovland,Birdies,4,3.464,-0.536,over,-12.24,2,L,-125,108,-1.000,-1.000
2026-06-25T03:08:38.047Z,Muirfield Village Golf Club,Memorial Tournament 2024,Memorial Tournament,2024,4,V. Hovland,Viktor Hovland,Birdies,4,3.464,-0.536,under,1.13,2,W,-125,-108,0.800,0.926
2026-06-25T03:08:38.047Z,Muirfield Village Golf Club,Memorial Tournament 2024,Memorial Tournament,2024,4,S. Lowry,Shane Lowry,Birdies,3.5,2.884,-0.616,over,-16.85,1,L,-145,-106,-1.000,-1.000
2026-06-25T03:08:38.047Z,Muirfield Village Golf Club,Memorial Tournament 2024,Memorial Tournament,2024,4,S. Lowry,Shane Lowry,Birdies,3.5,2.884,-0.616,under,6.45,1,W,-105,106,0.952,1.060
2026-06-25T03:08:38.047Z,Muirfield Village Golf Club,Memorial Tournament 2024,Memorial Tournament,2024,3,T. Finau,Tony Finau,Birdies,3.5,3.292,-0.208,over,-11.78,4,W,-145,-120,0.690,0.833
2026-06-25T03:08:38.047Z,Muirfield Village Golf Club,Memorial Tournament 2024,Memorial Tournament,2024,3,S. Lowry,Shane Lowry,Birdies,4,3.666,-0.334,under,-6.60,6,L,-155,-124,-1.000,-1.000
2026-06-25T03:08:38.047Z,Muirfield Village Golf Club,Memorial Tournament 2024,Memorial Tournament,2024,4,C. Morikawa,Collin Morikawa,Birdies,4.5,3.704,-0.796,over,-8.64,4,L,105,137,-1.000,-1.000
2026-06-25T03:08:38.047Z,Muirfield Village Golf Club,Memorial Tournament 2024,Memorial Tournament,2024,4,C. Morikawa,Collin Morikawa,Birdies,4.5,3.704,-0.796,under,-0.92,4,W,-155,-137,0.645,0.730
2026-06-25T03:08:38.047Z,Muirfield Village Golf Club,Memorial Tournament 2024,Memorial Tournament,2024,4,S. Scheffler,Scottie Scheffler,Birdies,4.5,3.460,-1.040,over,-21.99,1,L,-145,-102,-1.000,-1.000
2026-06-25T03:08:38.047Z,Muirfield Village Golf Club,Memorial Tournament 2024,Memorial Tournament,2024,4,S. Scheffler,Scottie Scheffler,Birdies,4.5,3.460,-1.040,under,11.59,1,W,-105,102,0.952,1.020
2026-06-25T03:08:38.047Z,Muirfield Village Golf Club,Memorial Tournament 2025,Memorial Tournament,2025,2,C. Morikawa,Collin Morikawa,Birdies,3.5,3.313,-0.187,over,-13.13,3,L,-155,-140,-1.000,-1.000
2026-06-25T03:08:38.047Z,Muirfield Village Golf Club,Memorial Tournament 2025,Memorial Tournament,2025,2,C. Morikawa,Collin Morikawa,Birdies,3.5,3.313,-0.187,under,2.35,3,W,100,125,1.000,1.250
2026-06-25T03:08:38.047Z,Muirfield Village Golf Club,Memorial Tournament 2025,Memorial Tournament,2025,2,H. Matsuyama,Hideki Matsuyama,Birdies,3.5,3.458,-0.042,over,-0.53,3,L,100,112,-1.000,-1.000
2026-06-25T03:08:38.047Z,Muirfield Village Golf Club,Memorial Tournament 2025,Memorial Tournament,2025,2,H. Matsuyama,Hideki Matsuyama,Birdies,3.5,3.458,-0.042,under,-10.26,3,W,-155,-112,0.645,0.893
2026-06-25T03:08:38.047Z,Muirfield Village Golf Club,Memorial Tournament 2025,Memorial Tournament,2025,4,J. Spieth,Jordan Spieth,Birdies,3.5,3.319,-0.181,over,2.27,2,L,120,151,-1.000,-1.000
2026-06-25T03:08:38.047Z,Muirfield Village Golf Club,Memorial Tournament 2025,Memorial Tournament,2025,4,K. Bradley,Keegan Bradley,Birdies,3.5,3.496,-0.004,over,4.50,3,L,120,151,-1.000,-1.000
2026-06-25T03:08:38.047Z,Muirfield Village Golf Club,Memorial Tournament 2025,Memorial Tournament,2025,4,K. Bradley,Keegan Bradley,Birdies,3.5,3.496,-0.004,under,-14.24,3,W,-180,-151,0.556,0.662
2026-06-25T03:08:38.047Z,Muirfield Village Golf Club,Memorial Tournament 2025,Memorial Tournament,2025,1,J. Thomas,Justin Thomas,Birdies,3.5,3.553,0.053,over,-4.89,1,L,-125,101,-1.000,-1.000
2026-06-25T03:08:38.047Z,Muirfield Village Golf Club,Memorial Tournament 2025,Memorial Tournament,2025,1,J. Thomas,Justin Thomas,Birdies,3.5,3.553,0.053,under,-5.21,1,W,-120,-101,0.833,0.990
2026-06-25T03:08:38.047Z,Muirfield Village Golf Club,Memorial Tournament 2025,Memorial Tournament,2025,1,P. Cantlay,Patrick Cantlay,Birdies,3.5,3.224,-0.276,over,-9.01,4,W,-125,101,0.800,1.010
2026-06-25T03:08:38.047Z,Muirfield Village Golf Club,Memorial Tournament 2025,Memorial Tournament,2025,1,P. Cantlay,Patrick Cantlay,Birdies,3.5,3.224,-0.276,under,-2.10,4,L,-125,-101,-1.000,-1.000
2026-06-25T03:08:38.047Z,Muirfield Village Golf Club,Memorial Tournament 2025,Memorial Tournament,2025,2,B. Griffin,Ben Griffin,Birdies,3.5,4.003,0.503,over,1.74,1,L,-120,-104,-1.000,-1.000
2026-06-25T03:08:38.047Z,Muirfield Village Golf Club,Memorial Tournament 2025,Memorial Tournament,2025,2,B. Griffin,Ben Griffin,Birdies,3.5,4.003,0.503,under,-11.84,1,W,-125,-107,0.800,0.935
2026-06-25T03:08:38.047Z,Muirfield Village Golf Club,Memorial Tournament 2025,Memorial Tournament,2025,2,S. Lowry,Shane Lowry,Birdies,3.5,2.992,-0.508,over,-13.78,2,L,-135,-120,-1.000,-1.000
2026-06-25T03:08:38.047Z,Muirfield Village Golf Club,Memorial Tournament 2025,Memorial Tournament,2025,2,S. Lowry,Shane Lowry,Birdies,3.5,2.992,-0.508,under,3.95,2,W,-110,120,0.909,1.200
2026-06-25T03:08:38.047Z,Muirfield Village Golf Club,Memorial Tournament 2025,Memorial Tournament,2025,1,A. Rai,Aaron Rai,Birdies,3.5,2.914,-0.586,over,-9.67,3,L,-110,110,-1.000,-1.000
2026-06-25T03:08:38.047Z,Muirfield Village Golf Club,Memorial Tournament 2025,Memorial Tournament,2025,1,A. Rai,Aaron Rai,Birdies,3.5,2.914,-0.586,under,-0.15,3,W,-135,-114,0.741,0.877
2026-06-25T03:08:38.047Z,Muirfield Village Golf Club,Memorial Tournament 2025,Memorial Tournament,2025,1,T. Fleetwood,Tommy Fleetwood,Birdies,3.5,3.073,-0.427,over,-14.51,5,W,-145,-111,0.690,0.901
2026-06-25T03:08:38.047Z,Muirfield Village Golf Club,Memorial Tournament 2025,Memorial Tournament,2025,1,T. Fleetwood,Tommy Fleetwood,Birdies,3.5,3.073,-0.427,under,2.95,5,L,-110,111,-1.000,-1.000
2026-06-25T03:08:38.047Z,Muirfield Village Golf Club,Memorial Tournament 2025,Memorial Tournament,2025,4,C. Morikawa,Collin Morikawa,Birdies,3.5,3.120,-0.380,under,3.53,2,W,-105,115,0.952,1.150
2026-06-25T03:08:38.047Z,Muirfield Village Golf Club,Memorial Tournament 2025,Memorial Tournament,2025,4,T. Fleetwood,Tommy Fleetwood,Birdies,3.5,3.421,-0.079,over,-8.44,6,W,-135,-111,0.741,0.901
2026-06-25T03:08:38.047Z,Muirfield Village Golf Club,Memorial Tournament 2025,Memorial Tournament,2025,1,L. Aberg,Ludvig Aberg,Birdies,3.5,3.048,-0.452,over,-11.20,3,L,-125,101,-1.000,-1.000
2026-06-25T03:08:38.047Z,Muirfield Village Golf Club,Memorial Tournament 2025,Memorial Tournament,2025,1,V. Hovland,Viktor Hovland,Birdies,3.5,3.114,-0.386,over,-10.38,6,W,-125,-103,0.800,0.971
2026-06-25T03:08:38.047Z,Vidanta Vallarta,Mexico Open 2023,Mexico Open,2023,1,T. Finau,Tony Finau,Total score,68.5,68.420,-0.080,over,-0.88,65,L,100,114,-1.000,-1.000
2026-06-25T03:08:38.047Z,Vidanta Vallarta,Mexico Open 2025,Mexico Open,2025,4,A. Bhatia,Akshay Bhatia,Birdies,4.5,2.438,-2.062,over,-38.42,6,W,-180,-150,0.556,0.667
2026-06-25T03:08:38.047Z,Dunes Golf and Beach Club,ONEflight Myrtle Beach Classic,ONEflight Myrtle Beach Classic,2026,1,Brooks Koepka,Brooks Koepka,Total score,69.5,69.051,-0.449,under,-5.08,68,W,-150,-124,0.667,0.806
2026-06-25T03:08:38.047Z,Dunes Golf and Beach Club,ONEflight Myrtle Beach Classic,ONEflight Myrtle Beach Classic,2026,1,Kevin Yu,Kevin Yu,Total score,70.5,69.152,-1.348,under,4.48,70,W,-150,-125,0.667,0.800
2026-06-25T03:08:38.047Z,Aronimink Golf Club,PGA Championship,PGA Championship,2026,1,Adam Scott,Adam Scott,Total score,69.5,70.661,1.161,over,6.99,72,W,-125,-107,0.800,0.935
2026-06-25T03:08:38.047Z,Aronimink Golf Club,PGA Championship,PGA Championship,2026,1,Adam Scott,Adam Scott,Total score,69.5,70.661,1.161,under,-13.76,72,L,-105,102,-1.000,-1.000
2026-06-25T03:08:38.047Z,Aronimink Golf Club,PGA Championship,PGA Championship,2026,1,Brooks Koepka,Brooks Koepka,Total score,69.5,70.374,0.874,over,1.18,69,L,-140,108,-1.000,-1.000
2026-06-25T03:08:38.047Z,Aronimink Golf Club,PGA Championship,PGA Championship,2026,1,Brooks Koepka,Brooks Koepka,Total score,69.5,70.374,0.874,under,-10.73,69,W,-105,-105,0.952,0.952
2026-06-25T03:08:38.047Z,Aronimink Golf Club,PGA Championship,PGA Championship,2026,1,Bryson DeChambeau,Bryson DeChambeau,Total score,68.5,70.520,2.020,over,11.11,76,W,-150,-124,0.667,0.806
2026-06-25T03:08:38.047Z,Aronimink Golf Club,PGA Championship,PGA Championship,2026,1,Bryson DeChambeau,Bryson DeChambeau,Total score,68.5,70.520,2.020,under,-18.73,76,L,110,130,-1.000,-1.000
2026-06-25T03:08:38.047Z,Aronimink Golf Club,PGA Championship,PGA Championship,2026,1,Bryson DeChambeau,Bryson DeChambeau,Total score,69.5,70.520,1.020,under,-19.40,76,L,-140,-134,-1.000,-1.000
2026-06-25T03:08:38.047Z,Aronimink Golf Club,PGA Championship,PGA Championship,2026,1,Cameron Young,Cameron Young,Total score,68.5,70.101,1.601,over,11.49,71,W,-125,-105,0.800,0.952
2026-06-25T03:08:38.047Z,Aronimink Golf Club,PGA Championship,PGA Championship,2026,1,Cameron Young,Cameron Young,Total score,68.5,70.101,1.601,under,-17.05,71,L,100,105,-1.000,-1.000
2026-06-25T03:08:38.047Z,Aronimink Golf Club,PGA Championship,PGA Championship,2026,1,Chris Gotterup,Chris Gotterup,Total score,69.5,71.110,1.610,over,11.58,72,W,-125,-106,0.800,0.943
2026-06-25T03:08:38.047Z,Aronimink Golf Club,PGA Championship,PGA Championship,2026,1,Chris Gotterup,Chris Gotterup,Total score,69.5,71.110,1.610,under,-17.13,72,L,100,107,-1.000,-1.000
2026-06-25T03:08:38.047Z,Aronimink Golf Club,PGA Championship,PGA Championship,2026,1,Collin Morikawa,Collin Morikawa,Total score,69.5,71.753,2.253,over,18.72,69,L,-120,108,-1.000,-1.000
2026-06-25T03:08:38.047Z,Aronimink Golf Club,PGA Championship,PGA Championship,2026,1,Collin Morikawa,Collin Morikawa,Total score,69.5,71.753,2.253,under,-25.64,69,W,-110,-112,0.909,0.893
2026-06-25T03:08:38.047Z,Aronimink Golf Club,PGA Championship,PGA Championship,2026,1,Gary Woodland,Gary Woodland,Total score,69.5,71.519,2.019,under,-19.87,72,L,105,123,-1.000,-1.000
2026-06-25T03:08:38.047Z,Aronimink Golf Club,PGA Championship,PGA Championship,2026,1,Hideki Matsuyama,Hideki Matsuyama,Total score,69.5,73.766,4.266,over,28.00,70,W,-150,-125,0.667,0.800
2026-06-25T03:08:38.047Z,Aronimink Golf Club,PGA Championship,PGA Championship,2026,1,Hideki Matsuyama,Hideki Matsuyama,Total score,69.5,73.766,4.266,under,-36.78,70,L,105,119,-1.000,-1.000
2026-06-25T03:08:38.047Z,Aronimink Golf Club,PGA Championship,PGA Championship,2026,1,Hideki Matsuyama,Hideki Matsuyama,Total score,70.5,73.766,3.266,over,32.81,70,L,105,131,-1.000,-1.000
2026-06-25T03:08:38.047Z,Aronimink Golf Club,PGA Championship,PGA Championship,2026,1,Jon Rahm,Jon Rahm,Total score,68.5,69.268,0.768,under,-12.92,69,L,-120,100,-1.000,-1.000
2026-06-25T03:08:38.047Z,Aronimink Golf Club,PGA Championship,PGA Championship,2026,1,Jordan Spieth,Jordan Spieth,Total score,69.5,72.484,2.984,over,23.89,69,L,-125,-106,-1.000,-1.000
2026-06-25T03:08:38.047Z,Aronimink Golf Club,PGA Championship,PGA Championship,2026,1,Jordan Spieth,Jordan Spieth,Total score,69.5,72.484,2.984,under,-31.83,69,W,-110,106,0.909,1.060
2026-06-25T03:08:38.047Z,Aronimink Golf Club,PGA Championship,PGA Championship,2026,1,Justin Rose,Justin Rose,Total score,69.5,72.376,2.876,over,20.26,70,W,-140,-107,0.714,0.935
2026-06-25T03:08:38.047Z,Aronimink Golf Club,PGA Championship,PGA Championship,2026,1,Justin Rose,Justin Rose,Total score,69.5,72.376,2.876,under,-26.21,70,L,110,110,-1.000,-1.000
2026-06-25T03:08:38.047Z,Aronimink Golf Club,PGA Championship,PGA Championship,2026,1,Justin Thomas,Justin Thomas,Total score,69.5,71.350,1.850,over,13.93,69,L,-125,-107,-1.000,-1.000
2026-06-25T03:08:38.047Z,Aronimink Golf Club,PGA Championship,PGA Championship,2026,1,Justin Thomas,Justin Thomas,Total score,69.5,71.350,1.850,under,-18.27,69,W,105,103,1.050,1.030
2026-06-25T03:08:38.047Z,Aronimink Golf Club,PGA Championship,PGA Championship,2026,1,Matt Fitzpatrick,Matt Fitzpatrick,Total score,68.5,71.311,2.811,under,-24.58,70,L,115,138,-1.000,-1.000
2026-06-25T03:08:38.047Z,Aronimink Golf Club,PGA Championship,PGA Championship,2026,1,Min Woo Lee,Min Woo Lee,Total score,69.5,71.082,1.582,over,13.36,67,L,-115,102,-1.000,-1.000
2026-06-25T03:08:38.047Z,Aronimink Golf Club,PGA Championship,PGA Championship,2026,1,Min Woo Lee,Min Woo Lee,Total score,69.5,71.082,1.582,under,-16.85,67,W,100,-100,1.000,1.000
2026-06-25T03:08:38.047Z,Aronimink Golf Club,PGA Championship,PGA Championship,2026,1,Patrick Cantlay,Patrick Cantlay,Total score,69.5,70.512,1.012,over,8.60,70,W,-110,107,0.909,1.070
2026-06-25T03:08:38.047Z,Aronimink Golf Club,PGA Championship,PGA Championship,2026,1,Patrick Cantlay,Patrick Cantlay,Total score,69.5,70.512,1.012,under,-16.54,70,L,-125,-122,-1.000,-1.000
2026-06-25T03:08:38.047Z,Aronimink Golf Club,PGA Championship,PGA Championship,2026,1,Rickie Fowler,Rickie Fowler,Total score,69.5,70.008,0.508,under,-11.12,70,L,-125,-104,-1.000,-1.000
2026-06-25T03:08:38.047Z,Aronimink Golf Club,PGA Championship,PGA Championship,2026,1,Robert MacIntyre,Robert MacIntyre,Total score,69.5,72.545,3.045,over,24.37,70,W,-125,-107,0.800,0.935
2026-06-25T03:08:38.047Z,Aronimink Golf Club,PGA Championship,PGA Championship,2026,1,Robert MacIntyre,Robert MacIntyre,Total score,69.5,72.545,3.045,under,-33.41,70,L,-115,103,-1.000,-1.000
2026-06-25T03:08:38.047Z,Aronimink Golf Club,PGA Championship,PGA Championship,2026,1,Rory McIlroy,Rory McIlroy,Total score,68.5,70.603,2.103,over,16.33,74,W,-125,-105,0.800,0.952
2026-06-25T03:08:38.047Z,Aronimink Golf Club,PGA Championship,PGA Championship,2026,1,Rory McIlroy,Rory McIlroy,Total score,68.5,70.603,2.103,under,-27.44,74,L,-125,-112,-1.000,-1.000
2026-06-25T03:08:38.047Z,Aronimink Golf Club,PGA Championship,PGA Championship,2026,1,Russell Henley,Russell Henley,Total score,69.5,71.869,2.369,under,-29.86,72,L,-125,-107,-1.000,-1.000
2026-06-25T03:08:38.047Z,Aronimink Golf Club,PGA Championship,PGA Championship,2026,1,Sam Burns,Sam Burns,Total score,69.5,71.748,2.248,under,-24.43,70,L,-105,105,-1.000,-1.000
2026-06-25T03:08:38.047Z,Aronimink Golf Club,PGA Championship,PGA Championship,2026,1,Scottie Scheffler,Scottie Scheffler,Total score,67.5,69.354,1.854,over,7.26,67,L,-165,-125,-1.000,-1.000
2026-06-25T03:08:38.047Z,Aronimink Golf Club,PGA Championship,PGA Championship,2026,1,Scottie Scheffler,Scottie Scheffler,Total score,67.5,69.354,1.854,under,-16.03,67,W,115,123,1.150,1.230
2026-06-25T03:08:38.047Z,Aronimink Golf Club,PGA Championship,PGA Championship,2026,1,Scottie Scheffler,Scottie Scheffler,Total score,68.5,69.354,0.854,over,9.30,67,L,100,119,-1.000,-1.000
2026-06-25T03:08:38.047Z,Aronimink Golf Club,PGA Championship,PGA Championship,2026,1,Scottie Scheffler,Scottie Scheffler,Total score,68.5,69.354,0.854,under,-21.56,67,W,-165,-119,0.606,0.840
2026-06-25T03:08:38.047Z,Aronimink Golf Club,PGA Championship,PGA Championship,2026,1,Si Woo Kim,Si Woo Kim,Total score,69.5,72.296,2.796,under,-26.72,71,L,105,-101,-1.000,-1.000
2026-06-25T03:08:38.047Z,Aronimink Golf Club,PGA Championship,PGA Championship,2026,1,Tommy Fleetwood,Tommy Fleetwood,Total score,69.5,70.806,1.306,over,15.27,72,W,105,124,1.050,1.240
2026-06-25T03:08:38.047Z,Aronimink Golf Club,PGA Championship,PGA Championship,2026,1,Tommy Fleetwood,Tommy Fleetwood,Total score,68.5,70.806,2.306,under,-20.25,72,L,115,133,-1.000,-1.000
2026-06-25T03:08:38.047Z,Aronimink Golf Club,PGA Championship,PGA Championship,2026,1,Tyrrell Hatton,Tyrrell Hatton,Total score,69.5,70.720,1.220,over,7.60,72,W,-125,-105,0.800,0.952
2026-06-25T03:08:38.047Z,Aronimink Golf Club,PGA Championship,PGA Championship,2026,1,Tyrrell Hatton,Tyrrell Hatton,Total score,69.5,70.720,1.220,under,-10.78,72,L,110,-101,-1.000,-1.000
2026-06-25T03:08:38.047Z,Aronimink Golf Club,PGA Championship,PGA Championship,2026,1,Viktor Hovland,Viktor Hovland,Total score,69.5,71.932,2.432,over,19.31,74,W,-125,-104,0.800,0.962
2026-06-25T03:08:38.047Z,Aronimink Golf Club,PGA Championship,PGA Championship,2026,1,Viktor Hovland,Viktor Hovland,Total score,69.5,71.932,2.432,under,-28.35,74,L,-115,104,-1.000,-1.000
2026-06-25T03:08:38.047Z,Aronimink Golf Club,PGA Championship,PGA Championship,2026,1,Xander Schauffele,Xander Schauffele,Total score,68.5,71.986,3.486,under,-34.38,68,W,-105,112,0.952,1.120
2026-06-25T03:08:38.047Z,Oak Hill Country Club,PGA Championship 2023,PGA Championship,2023,3,C. Morikawa,Collin Morikawa,Total score,71,71.816,0.816,over,7.67,74,W,-105,108,0.952,1.080
2026-06-25T03:08:38.047Z,Oak Hill Country Club,PGA Championship 2023,PGA Championship,2023,3,B. Dechambeau,Bryson DeChambeau,Total score,71.5,71.482,-0.018,under,0.20,70,W,100,112,1.000,1.120
2026-06-25T03:08:38.047Z,Oak Hill Country Club,PGA Championship 2023,PGA Championship,2023,4,B. Koepka,Brooks Koepka,Total score,71,68.477,-2.523,under,20.09,67,W,-125,-108,0.800,0.926
2026-06-25T03:08:38.047Z,Oak Hill Country Club,PGA Championship 2023,PGA Championship,2023,4,B. Koepka,Brooks Koepka,Birdies,3,0.322,-2.678,over,-26.50,7,W,115,131,1.150,1.310
2026-06-25T03:08:38.047Z,Oak Hill Country Club,PGA Championship 2023,PGA Championship,2023,4,V. Hovland,Viktor Hovland,Total score,71,69.776,-1.224,under,14.42,68,W,105,117,1.050,1.170
2026-06-25T03:08:38.047Z,Oak Hill Country Club,PGA Championship 2023,PGA Championship,2023,4,V. Hovland,Viktor Hovland,Birdies,2.5,0.292,-2.208,over,-33.04,5,W,-135,-119,0.741,0.840
2026-06-25T03:08:38.047Z,Oak Hill Country Club,PGA Championship 2023,PGA Championship,2023,4,B. Dechambeau,Bryson DeChambeau,Total score,72.5,70.134,-2.366,under,21.89,70,W,-110,103,0.909,1.030
2026-06-25T03:08:38.047Z,Oak Hill Country Club,PGA Championship 2023,PGA Championship,2023,4,B. Dechambeau,Bryson DeChambeau,Birdies,2.5,0.377,-2.123,over,-20.21,3,W,120,133,1.200,1.330
2026-06-25T03:08:38.047Z,Oak Hill Country Club,PGA Championship 2023,PGA Championship,2023,4,C. Conners,Corey Conners,Total score,72.5,70.124,-2.376,under,21.98,75,L,-110,103,-1.000,-1.000
2026-06-25T03:08:38.047Z,Oak Hill Country Club,PGA Championship 2023,PGA Championship,2023,4,C. Conners,Corey Conners,Birdies,2.5,0.444,-2.056,over,-19.53,2,L,120,133,-1.000,-1.000
2026-06-25T03:08:38.047Z,Oak Hill Country Club,PGA Championship 2023,PGA Championship,2023,3,J. Rahm,Jon Rahm,Total score,70.5,68.630,-1.870,under,18.46,72,L,-105,108,-1.000,-1.000
2026-06-25T03:08:38.047Z,Oak Hill Country Club,PGA Championship 2023,PGA Championship,2023,1,D. Johnson,Dustin Johnson,Total score,70.5,70.597,0.097,over,-6.39,67,L,-135,-117,-1.000,-1.000
2026-06-25T03:08:38.047Z,Oak Hill Country Club,PGA Championship 2023,PGA Championship,2023,1,D. Johnson,Dustin Johnson,Total score,70.5,70.597,0.097,under,0.16,67,W,105,117,1.050,1.170
2026-06-25T03:08:38.047Z,Oak Hill Country Club,PGA Championship 2023,PGA Championship,2023,1,X. Schauffele,Xander Schauffele,Total score,70.5,68.814,-1.686,under,10.44,72,L,-135,-118,-1.000,-1.000
2026-06-25T03:08:38.047Z,Oak Hill Country Club,PGA Championship 2023,PGA Championship,2023,1,B. Koepka,Brooks Koepka,Total score,70.5,69.921,-0.579,under,6.33,72,L,100,113,-1.000,-1.000
2026-06-25T03:08:38.047Z,Oak Hill Country Club,PGA Championship 2023,PGA Championship,2023,1,G. Woodland,Gary Woodland,Total score,71.5,70.528,-0.972,over,-12.93,73,W,-110,-100,0.909,1.000
2026-06-25T03:08:38.047Z,Oak Hill Country Club,PGA Championship 2023,PGA Championship,2023,2,B. Dechambeau,Bryson DeChambeau,Total score,72,71.482,-0.518,over,-8.05,71,L,-110,102,-1.000,-1.000
2026-06-25T03:08:38.047Z,Oak Hill Country Club,PGA Championship 2023,PGA Championship,2023,4,J. Rose,Justin Rose,Total score,71.5,70.065,-1.435,under,15.37,71,W,100,111,1.000,1.110
2026-06-25T03:08:38.047Z,Oak Hill Country Club,PGA Championship 2023,PGA Championship,2023,4,J. Rose,Justin Rose,Birdies,2.5,0.312,-2.188,over,-27.78,3,W,-110,101,0.909,1.010
2026-06-25T03:08:38.047Z,Oak Hill Country Club,PGA Championship 2023,PGA Championship,2023,4,S. Scheffler,Scottie Scheffler,Total score,70.5,68.907,-1.593,over,-19.34,65,L,-110,103,-1.000,-1.000
2026-06-25T03:08:38.047Z,Oak Hill Country Club,PGA Championship 2023,PGA Championship,2023,4,S. Scheffler,Scottie Scheffler,Total score,70.5,68.907,-1.593,under,12.41,65,W,-120,-103,0.833,0.971
2026-06-25T03:08:38.047Z,Oak Hill Country Club,PGA Championship 2023,PGA Championship,2023,4,S. Scheffler,Scottie Scheffler,Birdies,3,0.294,-2.706,over,-32.61,6,W,-110,103,0.909,1.030
2026-06-25T03:08:38.047Z,Oak Hill Country Club,PGA Championship 2023,PGA Championship,2023,3,V. Hovland,Viktor Hovland,Total score,70.5,72.006,1.506,over,16.09,70,L,100,113,-1.000,-1.000
2026-06-25T03:08:38.047Z,Oak Hill Country Club,PGA Championship 2023,PGA Championship,2023,3,V. Hovland,Viktor Hovland,Total score,71.5,72.006,0.506,under,-5.54,70,W,100,110,1.000,1.100
2026-06-25T03:08:38.047Z,Oak Hill Country Club,PGA Championship 2023,PGA Championship,2023,1,M. Fitzpatrick,Matthew Fitzpatrick,Total score,71,70.176,-0.824,under,4.43,76,L,-120,-107,-1.000,-1.000
2026-06-25T03:08:38.047Z,Oak Hill Country Club,PGA Championship 2023,PGA Championship,2023,4,P. Cantlay,Patrick Cantlay,Total score,70.5,69.650,-0.850,under,8.04,66,W,-105,105,0.952,1.050
2026-06-25T03:08:38.047Z,Oak Hill Country Club,PGA Championship 2023,PGA Championship,2023,4,P. Cantlay,Patrick Cantlay,Birdies,3,0.372,-2.628,over,-29.54,5,W,100,111,1.000,1.110
2026-06-25T03:08:38.047Z,Oak Hill Country Club,PGA Championship 2023,PGA Championship,2023,4,J. Thomas,Justin Thomas,Birdies,2.5,0.150,-2.350,over,-26.98,2,L,100,111,-1.000,-1.000
2026-06-25T03:08:38.047Z,Oak Hill Country Club,PGA Championship 2023,PGA Championship,2023,4,P. Reed,Patrick Reed,Birdies,2.5,0.193,-2.307,over,-24.18,4,W,110,125,1.100,1.250
2026-06-25T03:08:38.047Z,Oak Hill Country Club,PGA Championship 2023,PGA Championship,2023,3,S. Lowry,Shane Lowry,Birdies,2.5,0.052,-2.448,over,-35.34,1,L,-135,-117,-1.000,-1.000
2026-06-25T03:08:38.047Z,Oak Hill Country Club,PGA Championship 2023,PGA Championship,2023,3,C. Conners,Corey Conners,Total score,72,70.396,-1.604,under,11.51,70,W,-125,-109,0.800,0.917
2026-06-25T03:08:38.047Z,Oak Hill Country Club,PGA Championship 2023,PGA Championship,2023,3,S. Scheffler,Scottie Scheffler,Total score,70.5,69.848,-0.652,under,2.59,73,L,-120,-103,-1.000,-1.000
2026-06-25T03:08:38.047Z,Oak Hill Country Club,PGA Championship 2023,PGA Championship,2023,4,J. Suh,Justin Suh,Birdies,2,0.183,-1.817,over,-29.03,1,L,-135,-118,-1.000,-1.000
2026-06-25T03:08:38.047Z,Oak Hill Country Club,PGA Championship 2023,PGA Championship,2023,4,T. Fleetwood,Tommy Fleetwood,Birdies,2.5,0.322,-2.178,over,-25.30,4,W,100,111,1.000,1.110
2026-06-25T03:08:38.047Z,Valhalla Golf Club,PGA Championship 2024,PGA Championship,2024,1,A. Scott,Adam Scott,Birdies,3,0.247,-2.753,over,-39.82,0,L,-145,-122,-1.000,-1.000
2026-06-25T03:08:38.047Z,Valhalla Golf Club,PGA Championship 2024,PGA Championship,2024,1,T. Woods,Tiger Woods,Birdies,2.5,0.087,-2.413,over,-36.75,3,W,-145,-149,0.690,0.671
2026-06-25T03:08:38.047Z,Valhalla Golf Club,PGA Championship 2024,PGA Championship,2024,4,B. Dechambeau,Bryson DeChambeau,Birdies,4.5,0.529,-3.971,over,-50.16,7,W,-155,-123,0.645,0.813
2026-06-25T03:08:38.047Z,Valhalla Golf Club,PGA Championship 2024,PGA Championship,2024,4,B. Dechambeau,Bryson DeChambeau,Birdies,4.5,0.529,-3.971,under,39.38,7,L,100,123,-1.000,-1.000
2026-06-25T03:08:38.047Z,Valhalla Golf Club,PGA Championship 2024,PGA Championship,2024,4,B. Dechambeau,Bryson DeChambeau,Birdies,5,0.529,-4.471,over,-40.76,7,W,105,108,1.050,1.080
2026-06-25T03:08:38.047Z,Valhalla Golf Club,PGA Championship 2024,PGA Championship,2024,4,B. Dechambeau,Bryson DeChambeau,Birdies,5,0.529,-4.471,under,31.20,7,L,-155,-108,-1.000,-1.000
2026-06-25T03:08:38.047Z,Valhalla Golf Club,PGA Championship 2024,PGA Championship,2024,4,V. Hovland,Viktor Hovland,Birdies,4.5,0.423,-4.077,over,-49.16,6,W,-145,-114,0.690,0.877
2026-06-25T03:08:38.047Z,Valhalla Golf Club,PGA Championship 2024,PGA Championship,2024,4,V. Hovland,Viktor Hovland,Birdies,4.5,0.423,-4.077,under,38.76,6,L,-105,121,-1.000,-1.000
2026-06-25T03:08:38.047Z,Valhalla Golf Club,PGA Championship 2024,PGA Championship,2024,4,V. Hovland,Viktor Hovland,Birdies,5,0.423,-4.577,under,33.28,6,L,-145,-119,-1.000,-1.000
2026-06-25T03:08:38.047Z,Valhalla Golf Club,PGA Championship 2024,PGA Championship,2024,1,B. Harman,Brian Harman,Birdies,3.5,0.069,-3.431,over,-45.94,3,L,-150,-128,-1.000,-1.000
2026-06-25T03:08:38.047Z,Valhalla Golf Club,PGA Championship 2024,PGA Championship,2024,1,S. Scheffler,Scottie Scheffler,Birdies,4,0.451,-3.549,over,-41.29,5,W,-120,-119,0.833,0.840
2026-06-25T03:08:38.047Z,Valhalla Golf Club,PGA Championship 2024,PGA Championship,2024,1,S. Scheffler,Scottie Scheffler,Birdies,4.5,0.451,-4.049,over,-52.08,5,W,-165,-134,0.606,0.746
2026-06-25T03:08:38.047Z,Valhalla Golf Club,PGA Championship 2024,PGA Championship,2024,1,W. Clark,Wyndham Clark,Birdies,3.5,0.187,-3.313,over,-33.87,3,L,105,-126,-1.000,-1.000
2026-06-25T03:08:38.047Z,Valhalla Golf Club,PGA Championship 2024,PGA Championship,2024,1,W. Clark,Wyndham Clark,Birdies,3.5,0.187,-3.313,under,27.65,3,W,-135,126,0.741,1.260
2026-06-25T03:08:38.047Z,Valhalla Golf Club,PGA Championship 2024,PGA Championship,2024,1,W. Clark,Wyndham Clark,Birdies,4,0.187,-3.813,over,-45.89,3,L,-135,-111,-1.000,-1.000
2026-06-25T03:08:38.047Z,Valhalla Golf Club,PGA Championship 2024,PGA Championship,2024,1,C. Smith,Cameron Smith,Birdies,3.5,0.407,-3.093,over,-35.81,4,W,-110,103,0.909,1.030
2026-06-25T03:08:38.047Z,Valhalla Golf Club,PGA Championship 2024,PGA Championship,2024,1,H. Matsuyama,Hideki Matsuyama,Birdies,3.5,0.103,-3.397,over,-35.69,3,L,100,113,-1.000,-1.000
2026-06-25T03:08:38.047Z,Valhalla Golf Club,PGA Championship 2024,PGA Championship,2024,1,V. Hovland,Viktor Hovland,Birdies,3.5,0.100,-3.400,over,-40.26,5,W,-120,-103,0.833,0.971
2026-06-25T03:08:38.047Z,Valhalla Golf Club,PGA Championship 2024,PGA Championship,2024,4,J. Rose,Justin Rose,Birdies,4,0.410,-3.590,over,-46.20,5,W,-145,-124,0.690,0.806
2026-06-25T03:08:38.047Z,Valhalla Golf Club,PGA Championship 2024,PGA Championship,2024,4,J. Rose,Justin Rose,Birdies,4,0.410,-3.590,under,35.80,5,L,-105,127,-1.000,-1.000
2026-06-25T03:08:38.047Z,Valhalla Golf Club,PGA Championship 2024,PGA Championship,2024,4,R. MacIntyre,Robert Macintyre,Birdies,4,0.454,-3.546,over,-44.17,2,L,-135,-121,-1.000,-1.000
2026-06-25T03:08:38.047Z,Valhalla Golf Club,PGA Championship 2024,PGA Championship,2024,4,R. MacIntyre,Robert Macintyre,Birdies,4,0.454,-3.546,under,34.34,2,W,-110,111,0.909,1.110
2026-06-25T03:08:38.047Z,Valhalla Golf Club,PGA Championship 2024,PGA Championship,2024,1,D. Johnson,Dustin Johnson,Birdies,3.5,0.136,-3.364,over,-33.08,2,L,110,126,-1.000,-1.000
2026-06-25T03:08:38.047Z,Valhalla Golf Club,PGA Championship 2024,PGA Championship,2024,1,B. Koepka,Brooks Koepka,Birdies,3.5,0.251,-3.249,over,-40.17,4,W,-125,-109,0.800,0.917
2026-06-25T03:08:38.047Z,Valhalla Golf Club,PGA Championship 2024,PGA Championship,2024,1,J. Spieth,Jordan Spieth,Birdies,3.5,0.220,-3.280,over,-33.63,5,W,105,102,1.050,1.020
2026-06-25T03:08:38.047Z,Valhalla Golf Club,PGA Championship 2024,PGA Championship,2024,1,J. Spieth,Jordan Spieth,Birdies,3.5,0.220,-3.280,under,27.41,5,L,-135,-102,-1.000,-1.000
2026-06-25T03:08:38.047Z,Valhalla Golf Club,PGA Championship 2024,PGA Championship,2024,1,M. Homa,Max Homa,Birdies,3.5,0.324,-3.176,over,-35.29,7,W,-105,106,0.952,1.060
2026-06-25T03:08:38.047Z,Valhalla Golf Club,PGA Championship 2024,PGA Championship,2024,4,J. Spieth,Jordan Spieth,Birdies,4,0.394,-3.606,over,-46.31,2,L,-145,-121,-1.000,-1.000
2026-06-25T03:08:38.047Z,Valhalla Golf Club,PGA Championship 2024,PGA Championship,2024,4,J. Spieth,Jordan Spieth,Birdies,4.5,0.394,-4.106,over,-38.92,2,L,105,129,-1.000,-1.000
2026-06-25T03:08:38.047Z,Valhalla Golf Club,PGA Championship 2024,PGA Championship,2024,4,J. Spieth,Jordan Spieth,Birdies,4.5,0.394,-4.106,under,29.35,2,W,-155,-129,0.645,0.775
2026-06-25T03:08:38.047Z,Valhalla Golf Club,PGA Championship 2024,PGA Championship,2024,4,R. Henley,Russell Henley,Birdies,4,0.387,-3.613,over,-44.62,5,W,-135,-114,0.741,0.877
2026-06-25T03:08:38.047Z,Valhalla Golf Club,PGA Championship 2024,PGA Championship,2024,4,R. Henley,Russell Henley,Birdies,4,0.387,-3.613,under,32.63,5,L,-120,107,-1.000,-1.000
2026-06-25T03:08:38.047Z,Valhalla Golf Club,PGA Championship 2024,PGA Championship,2024,1,J. Thomas,Justin Thomas,Birdies,3.5,0.323,-3.177,over,-30.59,5,W,115,129,1.150,1.290
2026-06-25T03:08:38.047Z,Valhalla Golf Club,PGA Championship 2024,PGA Championship,2024,1,L. Aberg,Ludvig Aberg,Birdies,3.5,0.410,-3.090,over,-35.79,3,L,-110,-101,-1.000,-1.000
2026-06-25T03:08:38.047Z,Valhalla Golf Club,PGA Championship 2024,PGA Championship,2024,1,X. Schauffele,Xander Schauffele,Birdies,3.5,0.616,-2.884,over,-37.30,9,W,-125,-113,0.800,0.885
2026-06-25T03:08:38.047Z,Valhalla Golf Club,PGA Championship 2024,PGA Championship,2024,1,Jason Day,Jason Day,Birdies,3,0.318,-2.682,over,-34.56,4,W,-120,-140,0.833,0.714
2026-06-25T03:08:38.047Z,Valhalla Golf Club,PGA Championship 2024,PGA Championship,2024,1,N. Hojgaard,Nicolai Hojgaard,Birdies,3.5,0.243,-3.257,over,-43.86,3,L,-145,-120,-1.000,-1.000
2026-06-25T03:08:38.047Z,Valhalla Golf Club,PGA Championship 2024,PGA Championship,2024,1,N. Hojgaard,Nicolai Hojgaard,Birdies,4,0.243,-3.757,under,30.65,3,W,-135,-111,0.741,0.901
2026-06-25T03:08:38.047Z,Valhalla Golf Club,PGA Championship 2024,PGA Championship,2024,1,S. Lowry,Shane Lowry,Birdies,3,0.043,-2.957,over,-33.56,5,W,-105,100,0.952,1.000
2026-06-25T03:08:38.047Z,Valhalla Golf Club,PGA Championship 2024,PGA Championship,2024,1,S. Lowry,Shane Lowry,Birdies,3,0.043,-2.957,under,27.80,5,L,-120,-105,-1.000,-1.000
2026-06-25T03:08:38.047Z,Valhalla Golf Club,PGA Championship 2024,PGA Championship,2024,1,S. Lowry,Shane Lowry,Birdies,4,0.043,-3.957,under,36.92,5,L,-110,109,-1.000,-1.000
2026-06-25T03:08:38.047Z,Valhalla Golf Club,PGA Championship 2024,PGA Championship,2024,1,C. Morikawa,Collin Morikawa,Birdies,3,0.180,-2.820,over,-41.99,7,W,-155,-155,0.645,0.645
2026-06-25T03:08:38.047Z,Valhalla Golf Club,PGA Championship 2024,PGA Championship,2024,1,C. Morikawa,Collin Morikawa,Birdies,3.5,0.180,-3.320,over,-31.65,7,W,115,116,1.150,1.160
2026-06-25T03:08:38.047Z,Valhalla Golf Club,PGA Championship 2024,PGA Championship,2024,1,C. Morikawa,Collin Morikawa,Birdies,3.5,0.180,-3.320,under,24.36,7,L,-155,-132,-1.000,-1.000
2026-06-25T03:08:38.047Z,Valhalla Golf Club,PGA Championship 2024,PGA Championship,2024,1,M. Fitzpatrick,Matt Fitzpatrick,Birdies,3,0.020,-2.980,over,-37.08,4,W,-120,-119,0.833,0.840
2026-06-25T03:08:38.047Z,Valhalla Golf Club,PGA Championship 2024,PGA Championship,2024,1,P. Mickelson,Phil Mickelson,Birdies,2.5,0.396,-2.104,over,-30.12,4,W,-125,-121,0.800,0.826
2026-06-25T03:08:38.047Z,Valhalla Golf Club,PGA Championship 2024,PGA Championship,2024,1,Cam. Young,Cameron Young,Birdies,3.5,0.095,-3.405,over,-38.13,4,W,-110,101,0.909,1.010
2026-06-25T03:08:38.047Z,Valhalla Golf Club,PGA Championship 2024,PGA Championship,2024,1,Cam. Young,Cameron Young,Birdies,4.5,0.095,-4.405,over,-41.67,4,L,100,118,-1.000,-1.000
2026-06-25T03:08:38.047Z,Valhalla Golf Club,PGA Championship 2024,PGA Championship,2024,1,J. Rahm,Jon Rahm,Birdies,3.5,0.324,-3.176,over,-43.25,6,W,-145,-142,0.690,0.704
2026-06-25T03:08:38.047Z,Valhalla Golf Club,PGA Championship 2024,PGA Championship,2024,1,J. Rahm,Jon Rahm,Birdies,4,0.324,-3.676,over,-38.80,6,W,-105,-111,0.952,0.901
2026-06-25T03:08:38.047Z,Valhalla Golf Club,PGA Championship 2024,PGA Championship,2024,1,J. Rahm,Jon Rahm,Birdies,4.5,0.324,-4.176,under,38.13,6,L,-110,108,-1.000,-1.000
2026-06-25T03:08:38.047Z,Valhalla Golf Club,PGA Championship 2024,PGA Championship,2024,1,R. Fowler,Rickie Fowler,Birdies,3,0.356,-2.644,over,-38.87,4,W,-145,-154,0.690,0.649
2026-06-25T03:08:38.047Z,Valhalla Golf Club,PGA Championship 2024,PGA Championship,2024,1,R. Fowler,Rickie Fowler,Birdies,3.5,0.356,-3.144,over,-33.83,4,W,100,-107,1.000,0.935
2026-06-25T03:08:38.047Z,Valhalla Golf Club,PGA Championship 2024,PGA Championship,2024,1,R. Fowler,Rickie Fowler,Birdies,3.5,0.356,-3.144,under,24.64,4,L,-145,-122,-1.000,-1.000
2026-06-25T03:08:38.047Z,Valhalla Golf Club,PGA Championship 2024,PGA Championship,2024,4,S. Lowry,Shane Lowry,Birdies,4,0.253,-3.747,over,-43.59,3,L,-125,-125,-1.000,-1.000
2026-06-25T03:08:38.047Z,Valhalla Golf Club,PGA Championship 2024,PGA Championship,2024,4,S. Lowry,Shane Lowry,Birdies,4,0.253,-3.747,under,33.49,3,W,-120,125,0.833,1.250
2026-06-25T03:08:38.047Z,Valhalla Golf Club,PGA Championship 2024,PGA Championship,2024,4,S. Theegala,Sahith Theegala,Birdies,4,0.133,-3.867,over,-49.55,3,L,-155,-126,-1.000,-1.000
2026-06-25T03:08:38.047Z,Valhalla Golf Club,PGA Championship 2024,PGA Championship,2024,4,S. Theegala,Sahith Theegala,Birdies,4,0.133,-3.867,under,39.99,3,W,105,126,1.050,1.260
2026-06-25T03:08:38.047Z,Valhalla Golf Club,PGA Championship 2024,PGA Championship,2024,4,S. Theegala,Sahith Theegala,Birdies,4.5,0.133,-4.367,over,-40.27,3,L,105,114,-1.000,-1.000
2026-06-25T03:08:38.047Z,Valhalla Golf Club,PGA Championship 2024,PGA Championship,2024,4,S. Theegala,Sahith Theegala,Birdies,4.5,0.133,-4.367,under,30.70,3,W,-155,-114,0.645,0.877
2026-06-25T03:08:38.047Z,Valhalla Golf Club,PGA Championship 2024,PGA Championship,2024,4,J. Thomas,Justin Thomas,Birdies,5,0.314,-4.686,over,-41.72,3,L,105,119,-1.000,-1.000
2026-06-25T03:08:38.047Z,Valhalla Golf Club,PGA Championship 2024,PGA Championship,2024,4,J. Thomas,Justin Thomas,Birdies,5,0.314,-4.686,under,32.16,3,W,-155,-119,0.645,0.840
2026-06-25T03:08:38.047Z,Valhalla Golf Club,PGA Championship 2024,PGA Championship,2024,4,T. Finau,Tony Finau,Birdies,4.5,0.244,-4.256,over,-48.38,5,W,-135,-115,0.741,0.870
2026-06-25T03:08:38.047Z,Valhalla Golf Club,PGA Championship 2024,PGA Championship,2024,4,T. Finau,Tony Finau,Birdies,4.5,0.244,-4.256,under,38.55,5,L,-110,115,-1.000,-1.000
2026-06-25T03:08:38.047Z,Valhalla Golf Club,PGA Championship 2024,PGA Championship,2024,1,S. Theegala,Sahith Theegala,Birdies,3.5,0.194,-3.306,over,-36.26,7,W,-105,104,0.952,1.040
2026-06-25T03:08:38.047Z,Valhalla Golf Club,PGA Championship 2024,PGA Championship,2024,1,S. Theegala,Sahith Theegala,Birdies,3.5,0.194,-3.306,under,30.50,7,L,-120,-104,-1.000,-1.000
2026-06-25T03:08:38.047Z,Valhalla Golf Club,PGA Championship 2024,PGA Championship,2024,1,T. Finau,Tony Finau,Birdies,3.5,0.113,-3.387,over,-36.85,6,W,-105,108,0.952,1.080
2026-06-25T03:08:38.047Z,Valhalla Golf Club,PGA Championship 2024,PGA Championship,2024,1,T. Hatton,Tyrrell Hatton,Birdies,3.5,0.339,-3.161,over,-36.34,4,W,-110,100,0.909,1.000
2026-06-25T03:08:38.047Z,Valhalla Golf Club,PGA Championship 2024,PGA Championship,2024,1,A. Bhatia,Akshay Bhatia,Birdies,3.5,0.100,-3.400,over,-32.23,3,L,115,132,-1.000,-1.000
2026-06-25T03:08:38.047Z,Valhalla Golf Club,PGA Championship 2024,PGA Championship,2024,1,A. Bhatia,Akshay Bhatia,Birdies,3.5,0.100,-3.400,under,24.93,3,W,-155,-132,0.645,0.758
2026-06-25T03:08:38.047Z,Valhalla Golf Club,PGA Championship 2024,PGA Championship,2024,1,B. Dechambeau,Bryson DeChambeau,Birdies,3.5,0.158,-3.342,over,-40.86,3,L,-125,-111,-1.000,-1.000
2026-06-25T03:08:38.047Z,Valhalla Golf Club,PGA Championship 2024,PGA Championship,2024,1,T. Fleetwood,Tommy Fleetwood,Birdies,3.5,0.197,-3.303,over,-39.56,2,L,-120,-105,-1.000,-1.000
2026-06-25T03:08:38.047Z,Valhalla Golf Club,PGA Championship 2024,PGA Championship,2024,4,C. Conners,Corey Conners,Birdies,4,0.272,-3.728,over,-45.36,6,W,-135,-107,0.741,0.935
2026-06-25T03:08:38.047Z,Valhalla Golf Club,PGA Championship 2024,PGA Championship,2024,4,T. Hatton,Tyrrell Hatton,Birdies,4,0.150,-3.850,over,-47.85,2,L,-145,-121,-1.000,-1.000
2026-06-25T03:08:38.047Z,Valhalla Golf Club,PGA Championship 2024,PGA Championship,2024,4,C. Morikawa,Collin Morikawa,Birdies,4.5,0.298,-4.202,over,-49.83,1,L,-145,-123,-1.000,-1.000
2026-06-25T03:08:38.047Z,Valhalla Golf Club,PGA Championship 2024,PGA Championship,2024,4,C. Morikawa,Collin Morikawa,Birdies,4.5,0.298,-4.202,under,38.27,1,W,-110,119,0.909,1.190
2026-06-25T03:08:38.047Z,Valhalla Golf Club,PGA Championship 2024,PGA Championship,2024,4,C. Morikawa,Collin Morikawa,Birdies,5,0.298,-4.702,over,-43.01,1,L,100,121,-1.000,-1.000
2026-06-25T03:08:38.047Z,Valhalla Golf Club,PGA Championship 2024,PGA Championship,2024,4,C. Morikawa,Collin Morikawa,Birdies,5,0.298,-4.702,under,33.83,1,W,-145,-121,0.690,0.826
2026-06-25T03:08:38.047Z,Valhalla Golf Club,PGA Championship 2024,PGA Championship,2024,4,X. Schauffele,Xander Schauffele,Birdies,4.5,0.519,-3.981,over,-50.22,7,W,-155,-106,0.645,0.943
2026-06-25T03:08:38.047Z,Valhalla Golf Club,PGA Championship 2024,PGA Championship,2024,4,X. Schauffele,Xander Schauffele,Birdies,4.5,0.519,-3.981,under,39.44,7,L,100,106,-1.000,-1.000
2026-06-25T03:08:38.047Z,Valhalla Golf Club,PGA Championship 2024,PGA Championship,2024,4,X. Schauffele,Xander Schauffele,Birdies,5,0.519,-4.481,over,-42.03,7,W,100,107,1.000,1.070
2026-06-25T03:08:38.047Z,Valhalla Golf Club,PGA Championship 2024,PGA Championship,2024,4,X. Schauffele,Xander Schauffele,Birdies,5,0.519,-4.481,under,31.25,7,L,-155,-107,-1.000,-1.000
2026-06-25T03:08:38.047Z,Quail Hollow-PGA Championship,PGA Championship 2025,PGA Championship,2025,1,C. Morikawa,Collin Morikawa,Birdies,3.5,0.031,-3.469,over,-37.42,6,W,-105,118,0.952,1.180
2026-06-25T03:08:38.047Z,Quail Hollow-PGA Championship,PGA Championship 2025,PGA Championship,2025,1,D. Johnson,Dustin Johnson,Birdies,2.5,0.465,-2.035,over,-38.15,1,L,-180,-150,-1.000,-1.000
2026-06-25T03:08:38.047Z,Quail Hollow-PGA Championship,PGA Championship 2025,PGA Championship,2025,1,J. Thomas,Justin Thomas,Birdies,3.5,0.332,-3.168,over,-35.23,5,W,-105,106,0.952,1.060
2026-06-25T03:08:38.047Z,Quail Hollow-PGA Championship,PGA Championship 2025,PGA Championship,2025,1,J. Thomas,Justin Thomas,Birdies,3.5,0.332,-3.168,under,27.48,5,L,-130,-106,-1.000,-1.000
2026-06-25T03:08:38.047Z,Quail Hollow-PGA Championship,PGA Championship 2025,PGA Championship,2025,1,J. Spieth,Jordan Spieth,Birdies,3.5,0.315,-3.185,over,-30.65,2,L,115,144,-1.000,-1.000
2026-06-25T03:08:38.047Z,Quail Hollow-PGA Championship,PGA Championship 2025,PGA Championship,2025,1,J. Spieth,Jordan Spieth,Birdies,3.5,0.315,-3.185,under,20.50,2,W,-175,-144,0.571,0.694
2026-06-25T03:08:38.047Z,Quail Hollow-PGA Championship,PGA Championship 2025,PGA Championship,2025,1,L. Aberg,Ludvig Aberg,Birdies,3.5,0.107,-3.393,over,-35.67,4,W,100,109,1.000,1.090
2026-06-25T03:08:38.047Z,Quail Hollow-PGA Championship,PGA Championship 2025,PGA Championship,2025,1,L. Aberg,Ludvig Aberg,Birdies,3.5,0.107,-3.393,under,29.15,4,L,-130,-109,-1.000,-1.000
2026-06-25T03:08:38.047Z,Quail Hollow-PGA Championship,PGA Championship 2025,PGA Championship,2025,1,P. Reed,Patrick Reed,Birdies,3.5,0.424,-3.076,over,-27.74,4,W,125,157,1.250,1.570
2026-06-25T03:08:38.047Z,Quail Hollow-PGA Championship,PGA Championship 2025,PGA Championship,2025,2,J. Rahm,Jon Rahm,Birdies,3.5,0.348,-3.152,over,-47.52,2,L,-175,-141,-1.000,-1.000
2026-06-25T03:08:38.047Z,Quail Hollow-PGA Championship,PGA Championship 2025,PGA Championship,2025,2,M. Fitzpatrick,Matt Fitzpatrick,Birdies,3.5,0.401,-3.099,over,-33.47,5,W,100,123,1.000,1.230
2026-06-25T03:08:38.047Z,Quail Hollow-PGA Championship,PGA Championship 2025,PGA Championship,2025,2,P. Cantlay,Patrick Cantlay,Birdies,3.5,0.304,-3.196,over,-41.67,1,L,-135,-112,-1.000,-1.000
2026-06-25T03:08:38.047Z,Quail Hollow-PGA Championship,PGA Championship 2025,PGA Championship,2025,1,S. Scheffler,Scottie Scheffler,Birdies,3.5,0.631,-2.869,over,-43.88,5,W,-165,-139,0.606,0.719
2026-06-25T03:08:38.047Z,Quail Hollow-PGA Championship,PGA Championship 2025,PGA Championship,2025,2,S. Scheffler,Scottie Scheffler,Birdies,4.5,0.631,-3.869,over,-38.78,4,L,100,120,-1.000,-1.000
2026-06-25T03:08:38.047Z,Quail Hollow-PGA Championship,PGA Championship 2025,PGA Championship,2025,2,X. Schauffele,Xander Schauffele,Birdies,3.5,0.268,-3.232,over,-46.76,3,L,-165,-134,-1.000,-1.000
2026-06-25T03:08:38.047Z,Quail Hollow-PGA Championship,PGA Championship 2025,PGA Championship,2025,2,X. Schauffele,Xander Schauffele,Birdies,3.5,0.268,-3.232,under,36.87,3,W,110,134,1.100,1.340
2026-06-25T03:08:38.047Z,East Lake Golf Club,PGA Tour 2024,PGA Tour,2024,1,X. Schauffele,Xander Schauffele,Birdies,4,4.914,0.914,over,2.11,3,L,-145,-125,-1.000,-1.000
2026-06-25T03:08:38.047Z,East Lake Golf Club,PGA Tour 2024,PGA Tour,2024,1,X. Schauffele,Xander Schauffele,Birdies,4,4.914,0.914,under,-8.91,3,W,110,125,1.100,1.250
2026-06-25T03:08:38.047Z,East Lake Golf Club,PGA Tour 2024,PGA Tour,2024,1,V. Hovland,Viktor Hovland,Birdies,4.5,4.207,-0.293,over,-3.67,7,W,100,112,1.000,1.120
2026-06-25T03:08:38.047Z,East Lake Golf Club,PGA Tour 2024,PGA Tour,2024,1,V. Hovland,Viktor Hovland,Birdies,4.5,4.207,-0.293,under,-1.89,7,L,-125,-112,-1.000,-1.000
2026-06-25T03:08:38.047Z,East Lake Golf Club,PGA Tour 2024,PGA Tour,2024,1,C. Morikawa,Collin Morikawa,Birdies,4,3.754,-0.246,over,-7.62,7,W,-120,-103,0.833,0.971
2026-06-25T03:08:38.047Z,East Lake Golf Club,PGA Tour 2024,PGA Tour,2024,1,C. Morikawa,Collin Morikawa,Birdies,4,3.754,-0.246,under,0.70,7,L,-110,103,-1.000,-1.000
2026-06-25T03:08:38.047Z,East Lake Golf Club,PGA Tour 2024,PGA Tour,2024,1,S. Burns,Sam Burns,Birdies,4,4.054,0.054,over,-0.54,6,W,-105,110,0.952,1.100
2026-06-25T03:08:38.047Z,East Lake Golf Club,PGA Tour 2024,PGA Tour,2024,1,S. Burns,Sam Burns,Birdies,4,4.054,0.054,under,-6.23,6,L,-125,-110,-1.000,-1.000
2026-06-25T03:08:38.047Z,East Lake Golf Club,PGA Tour 2024,PGA Tour,2024,1,S. Scheffler,Scottie Scheffler,Birdies,4.5,3.714,-0.786,over,-8.53,7,W,105,117,1.050,1.170
2026-06-25T03:08:38.047Z,East Lake Golf Club,PGA Tour 2025,PGA Tour,2025,1,H. Matsuyama,Hideki Matsuyama,Birdies,5.5,4.528,-0.972,over,-25.63,4,L,-175,-139,-1.000,-1.000
2026-06-25T03:08:38.047Z,East Lake Golf Club,PGA Tour 2025,PGA Tour,2025,1,J. Thomas,Justin Thomas,Birdies,6.5,4.855,-1.645,over,-17.35,8,W,110,133,1.100,1.330
2026-06-25T03:08:38.047Z,East Lake Golf Club,PGA Tour 2025,PGA Tour,2025,3,H. Matsuyama,Hideki Matsuyama,Birdies,6.5,4.608,-1.892,over,-24.76,1,L,-110,110,-1.000,-1.000
2026-06-25T03:08:38.047Z,East Lake Golf Club,PGA Tour 2025,PGA Tour,2025,1,C. Morikawa,Collin Morikawa,Birdies,5.5,4.982,-0.518,over,-21.98,6,W,-190,-153,0.526,0.654
2026-06-25T03:08:38.047Z,East Lake Golf Club,PGA Tour 2025,PGA Tour,2025,2,C. Morikawa,Collin Morikawa,Birdies,5.5,5.082,-0.418,over,-19.50,2,L,-180,-145,-1.000,-1.000
2026-06-25T03:08:38.047Z,East Lake Golf Club,PGA Tour 2025,PGA Tour,2025,2,L. Aberg,Ludvig Aberg,Birdies,5.5,4.211,-1.289,over,-26.50,5,L,-155,-121,-1.000,-1.000
2026-06-25T03:08:38.047Z,Silverado Resort (North Course),Procore Championship 2024,Procore Championship,2024,2,M. Homa,Max Homa,Birdies,4.5,4.365,-0.135,over,-1.69,6,W,100,123,1.000,1.230
2026-06-25T03:08:38.047Z,Silverado Resort (North Course),Procore Championship 2024,Procore Championship,2024,2,S. Theegala,Sahith Theegala,Birdies,4.5,3.944,-0.556,over,-14.37,7,W,-135,-108,0.741,0.926
2026-06-25T03:08:38.047Z,Silverado Resort (North Course),Procore Championship 2024,Procore Championship,2024,2,W. Clark,Wyndham Clark,Birdies,4.5,4.167,-0.333,over,-11.61,4,L,-135,-108,-1.000,-1.000
2026-06-25T03:08:38.047Z,Silverado Resort (North Course),Procore Championship 2024,Procore Championship,2024,3,M. Hughes,Mackenzie Hughes,Birdies,4.5,3.264,-1.236,under,9.55,6,L,-125,-104,-1.000,-1.000
2026-06-25T03:08:38.047Z,Silverado Resort (North Course),Procore Championship 2024,Procore Championship,2024,3,M. Kuchar,Matt Kuchar,Birdies,4.5,4.617,0.117,over,0.24,4,L,-105,116,-1.000,-1.000
2026-06-25T03:08:38.047Z,Silverado Resort (North Course),Procore Championship 2024,Procore Championship,2024,3,M. Kuchar,Matt Kuchar,Birdies,4.5,4.617,0.117,under,-10.65,4,W,-145,-116,0.690,0.862
2026-06-25T03:08:38.047Z,Silverado Resort (North Course),Procore Championship 2024,Procore Championship,2024,3,S. Theegala,Sahith Theegala,Birdies,4.5,3.943,-0.557,over,-19.21,4,L,-165,-135,-1.000,-1.000
2026-06-25T03:08:38.047Z,Silverado Resort (North Course),Procore Championship 2024,Procore Championship,2024,3,S. Theegala,Sahith Theegala,Birdies,4.5,3.943,-0.557,under,9.32,4,W,110,135,1.100,1.350
2026-06-25T03:08:38.047Z,Harbour Town Golf Links,RBC Heritage,RBC Heritage,2026,1,Ben Griffin,Ben Griffin,Total score,69.5,69.926,0.426,under,-7.05,69,W,-110,110,0.909,1.100
2026-06-25T03:08:38.047Z,Harbour Town Golf Links,RBC Heritage,RBC Heritage,2026,1,Cameron Young,Cameron Young,Total score,68.5,68.487,-0.013,over,-10.14,71,W,-150,-125,0.667,0.800
2026-06-25T03:08:38.047Z,Harbour Town Golf Links,RBC Heritage,RBC Heritage,2026,1,Cameron Young,Cameron Young,Total score,68.5,68.487,-0.013,under,1.36,71,L,105,125,-1.000,-1.000
2026-06-25T03:08:38.047Z,Harbour Town Golf Links,RBC Heritage,RBC Heritage,2026,1,Chris Gotterup,Chris Gotterup,Total score,69.5,69.210,-0.290,under,-2.37,70,L,-125,-102,-1.000,-1.000
2026-06-25T03:08:38.047Z,Harbour Town Golf Links,RBC Heritage,RBC Heritage,2026,1,Collin Morikawa,Collin Morikawa,Total score,69.5,67.892,-1.608,under,8.77,67,W,-140,-123,0.714,0.813
2026-06-25T03:08:38.047Z,Harbour Town Golf Links,RBC Heritage,RBC Heritage,2026,1,Harris English,Harris English,Total score,69.5,70.066,0.566,over,-2.14,64,L,-140,-113,-1.000,-1.000
2026-06-25T03:08:38.047Z,Harbour Town Golf Links,RBC Heritage,RBC Heritage,2026,1,Jacob Bridgeman,Jacob Bridgeman,Total score,69.5,70.137,0.637,over,4.58,75,W,-110,106,0.909,1.060
2026-06-25T03:08:38.047Z,Harbour Town Golf Links,RBC Heritage,RBC Heritage,2026,1,Jacob Bridgeman,Jacob Bridgeman,Total score,69.5,70.137,0.637,under,-11.51,75,L,-120,-106,-1.000,-1.000
2026-06-25T03:08:38.047Z,Harbour Town Golf Links,RBC Heritage,RBC Heritage,2026,1,Jake Knapp,Jake Knapp,Total score,69.5,69.307,-0.193,under,-2.42,71,L,-120,-106,-1.000,-1.000
2026-06-25T03:08:38.047Z,Harbour Town Golf Links,RBC Heritage,RBC Heritage,2026,1,Jason Day,Jason Day,Total score,69.5,69.623,0.123,under,-3.73,70,L,-110,107,-1.000,-1.000
2026-06-25T03:08:38.047Z,Harbour Town Golf Links,RBC Heritage,RBC Heritage,2026,1,Jordan Spieth,Jordan Spieth,Total score,69.5,69.657,0.157,under,-11.73,69,W,-150,-122,0.667,0.820
2026-06-25T03:08:38.047Z,Harbour Town Golf Links,RBC Heritage,RBC Heritage,2026,1,Justin Thomas,Justin Thomas,Total score,69.5,70.641,1.141,over,7.79,76,W,-120,-101,0.833,0.990
2026-06-25T03:08:38.047Z,Harbour Town Golf Links,RBC Heritage,RBC Heritage,2026,1,Justin Thomas,Justin Thomas,Total score,69.5,70.641,1.141,under,-17.89,76,L,-125,101,-1.000,-1.000
2026-06-25T03:08:38.047Z,Harbour Town Golf Links,RBC Heritage,RBC Heritage,2026,1,Matt Fitzpatrick,Matt Fitzpatrick,Total score,68.5,68.533,0.033,under,-0.37,65,W,100,120,1.000,1.200
2026-06-25T03:08:38.047Z,Harbour Town Golf Links,RBC Heritage,RBC Heritage,2026,1,Maverick McNealy,Maverick McNealy,Total score,69.5,68.764,-0.736,under,-0.30,74,L,-140,-117,-1.000,-1.000
2026-06-25T03:08:38.047Z,Harbour Town Golf Links,RBC Heritage,RBC Heritage,2026,1,Patrick Cantlay,Patrick Cantlay,Total score,69.5,68.636,-0.864,under,-2.86,69,W,-165,-130,0.606,0.769
2026-06-25T03:08:38.047Z,Harbour Town Golf Links,RBC Heritage,RBC Heritage,2026,1,Rickie Fowler,Rickie Fowler,Total score,69.5,70.527,1.027,under,-9.92,65,W,105,124,1.050,1.240
2026-06-25T03:08:38.047Z,Harbour Town Golf Links,RBC Heritage,RBC Heritage,2026,1,Robert MacIntyre,Robert MacIntyre,Total score,69.5,69.575,0.075,over,-0.39,66,L,-105,118,-1.000,-1.000
2026-06-25T03:08:38.047Z,Harbour Town Golf Links,RBC Heritage,RBC Heritage,2026,1,Robert MacIntyre,Robert MacIntyre,Total score,69.5,69.575,0.075,under,-9.16,66,W,-140,-112,0.714,0.893
2026-06-25T03:08:38.047Z,Harbour Town Golf Links,RBC Heritage,RBC Heritage,2026,1,Russell Henley,Russell Henley,Total score,68.5,68.906,0.406,under,-3.24,68,W,105,122,1.050,1.220
2026-06-25T03:08:38.047Z,Harbour Town Golf Links,RBC Heritage,RBC Heritage,2026,1,Sam Burns,Sam Burns,Total score,69.5,68.607,-0.893,over,-12.10,70,W,-110,108,0.909,1.080
2026-06-25T03:08:38.047Z,Harbour Town Golf Links,RBC Heritage,RBC Heritage,2026,1,Sam Burns,Sam Burns,Total score,69.5,68.607,-0.893,under,5.17,70,L,-120,-108,-1.000,-1.000
2026-06-25T03:08:38.047Z,Harbour Town Golf Links,RBC Heritage,RBC Heritage,2026,1,Scottie Scheffler,Scottie Scheffler,Total score,67.5,67.387,-0.113,over,-13.51,68,W,-165,-135,0.606,0.741
2026-06-25T03:08:38.047Z,Harbour Town Golf Links,RBC Heritage,RBC Heritage,2026,1,Scottie Scheffler,Scottie Scheffler,Total score,67.5,67.387,-0.113,under,3.62,68,L,110,130,-1.000,-1.000
2026-06-25T03:08:38.047Z,Harbour Town Golf Links,RBC Heritage,RBC Heritage,2026,1,Scottie Scheffler,Scottie Scheffler,Total score,68.5,67.387,-1.113,under,-0.22,68,W,-165,-135,0.606,0.741
2026-06-25T03:08:38.047Z,Harbour Town Golf Links,RBC Heritage,RBC Heritage,2026,1,Sepp Straka,Sepp Straka,Total score,69.5,70.764,1.264,under,-19.17,66,W,-125,-106,0.800,0.943
2026-06-25T03:08:38.047Z,Harbour Town Golf Links,RBC Heritage,RBC Heritage,2026,1,Shane Lowry,Shane Lowry,Total score,69.5,70.618,1.118,under,-13.32,70,L,-105,113,-1.000,-1.000
2026-06-25T03:08:38.047Z,Harbour Town Golf Links,RBC Heritage,RBC Heritage,2026,1,Si Woo Kim,Si Woo Kim,Total score,69.5,69.925,0.425,under,-14.66,66,W,-150,-125,0.667,0.800
2026-06-25T03:08:38.047Z,Harbour Town Golf Links,RBC Heritage,RBC Heritage,2026,1,Tommy Fleetwood,Tommy Fleetwood,Total score,68.5,70.116,1.616,under,-15.97,76,L,105,125,-1.000,-1.000
2026-06-25T03:08:38.047Z,Harbour Town Golf Links,RBC Heritage,RBC Heritage,2026,1,Viktor Hovland,Viktor Hovland,Total score,69.5,70.227,0.727,over,6.72,64,L,-105,118,-1.000,-1.000
2026-06-25T03:08:38.047Z,Harbour Town Golf Links,RBC Heritage,RBC Heritage,2026,1,Viktor Hovland,Viktor Hovland,Total score,69.5,70.227,0.727,under,-16.27,64,W,-140,-112,0.714,0.893
2026-06-25T03:08:38.047Z,Harbour Town Golf Links,RBC Heritage,RBC Heritage,2026,1,Xander Schauffele,Xander Schauffele,Total score,68.5,68.540,0.040,under,1.94,69,L,110,118,-1.000,-1.000
2026-06-25T03:08:38.047Z,Harbour Town Golf Links,RBC Heritage 2023,RBC Heritage,2023,3,J. Rahm,Jon Rahm,Birdies,4,3.871,-0.129,over,-9.07,5,W,-135,-120,0.741,0.833
2026-06-25T03:08:38.047Z,Harbour Town Golf Links,RBC Heritage 2023,RBC Heritage,2023,4,J. Spieth,Jordan Spieth,Total score,70,68.573,-1.427,under,7.84,66,W,-135,-133,0.741,0.752
2026-06-25T03:08:38.047Z,Harbour Town Golf Links,RBC Heritage 2023,RBC Heritage,2023,4,P. Cantlay,Patrick Cantlay,Total score,69.5,68.613,-0.887,under,4.10,68,W,-125,-108,0.800,0.926
2026-06-25T03:08:38.047Z,Harbour Town Golf Links,RBC Heritage 2023,RBC Heritage,2023,1,J. Thomas,Justin Thomas,Total score,70,70.800,0.800,under,-11.10,69,W,-110,101,0.909,1.010
2026-06-25T03:08:38.047Z,Harbour Town Golf Links,RBC Heritage 2023,RBC Heritage,2023,3,S. Scheffler,Scottie Scheffler,Birdies,4.5,3.746,-0.754,over,-6.98,4,L,110,123,-1.000,-1.000
2026-06-25T03:08:38.047Z,Harbour Town Golf Links,RBC Heritage 2023,RBC Heritage,2023,1,X. Schauffele,Xander Schauffele,Birdies,3.5,3.855,0.355,over,-4.75,5,W,-145,-127,0.690,0.787
2026-06-25T03:08:38.047Z,Harbour Town Golf Links,RBC Heritage 2023,RBC Heritage,2023,3,V. Hovland,Viktor Hovland,Total score,69.5,69.036,-0.464,under,0.54,78,L,-120,-107,-1.000,-1.000
2026-06-25T03:08:38.047Z,Harbour Town Golf Links,RBC Heritage 2024,RBC Heritage,2024,2,T. Kim,Tom Kim,Birdies,3.5,4.037,0.537,over,-4.09,7,W,-155,-130,0.645,0.769
2026-06-25T03:08:38.047Z,Harbour Town Golf Links,RBC Heritage 2024,RBC Heritage,2024,2,J. Spieth,Jordan Spieth,Birdies,4,4.065,0.065,over,-8.37,5,W,-145,-125,0.690,0.800
2026-06-25T03:08:38.047Z,Harbour Town Golf Links,RBC Heritage 2024,RBC Heritage,2024,2,J. Spieth,Jordan Spieth,Birdies,4.5,4.065,-0.435,over,-3.05,5,W,110,114,1.100,1.140
2026-06-25T03:08:38.047Z,Harbour Town Golf Links,RBC Heritage 2024,RBC Heritage,2024,2,J. Spieth,Jordan Spieth,Birdies,4.5,4.065,-0.435,under,-3.75,5,L,-145,-120,-1.000,-1.000
2026-06-25T03:08:38.047Z,Harbour Town Golf Links,RBC Heritage 2024,RBC Heritage,2024,2,S. Scheffler,Scottie Scheffler,Birdies,5,3.689,-1.311,over,-14.75,6,W,105,-104,1.050,0.962
2026-06-25T03:08:38.047Z,Harbour Town Golf Links,RBC Heritage 2024,RBC Heritage,2024,2,S. Scheffler,Scottie Scheffler,Birdies,5,3.689,-1.311,under,8.52,6,L,-135,104,-1.000,-1.000
2026-06-25T03:08:38.047Z,Harbour Town Golf Links,RBC Heritage 2024,RBC Heritage,2024,2,S. Power,Seamus Power,Birdies,3.5,3.657,0.157,over,-3.59,3,L,-125,-114,-1.000,-1.000
2026-06-25T03:08:38.047Z,Harbour Town Golf Links,RBC Heritage 2024,RBC Heritage,2024,3,H. English,Harris English,Birdies,5,3.169,-1.831,under,14.29,6,L,-135,-115,-1.000,-1.000
2026-06-25T03:08:38.047Z,Harbour Town Golf Links,RBC Heritage 2024,RBC Heritage,2024,3,R. Fowler,Rickie Fowler,Birdies,4.5,3.364,-1.136,under,12.72,5,L,-105,110,-1.000,-1.000
2026-06-25T03:08:38.047Z,Harbour Town Golf Links,RBC Heritage 2024,RBC Heritage,2024,2,S. Theegala,Sahith Theegala,Birdies,4.5,4.028,-0.472,over,-10.44,5,W,-120,-124,0.833,0.806
2026-06-25T03:08:38.047Z,Harbour Town Golf Links,RBC Heritage 2024,RBC Heritage,2024,2,S. Theegala,Sahith Theegala,Birdies,4.5,4.028,-0.472,under,4.67,5,L,-105,127,-1.000,-1.000
2026-06-25T03:08:38.047Z,Harbour Town Golf Links,RBC Heritage 2024,RBC Heritage,2024,2,W. Clark,Wyndham Clark,Birdies,4.5,3.980,-0.520,over,-7.71,4,L,-105,-115,-1.000,-1.000
2026-06-25T03:08:38.047Z,Harbour Town Golf Links,RBC Heritage 2024,RBC Heritage,2024,2,W. Clark,Wyndham Clark,Birdies,4.5,3.980,-0.520,under,1.94,4,W,-120,112,0.833,1.120
2026-06-25T03:08:38.047Z,Harbour Town Golf Links,RBC Heritage 2024,RBC Heritage,2024,2,C. Morikawa,Collin Morikawa,Birdies,4.5,3.802,-0.698,over,-11.05,5,W,-110,-101,0.909,0.990
2026-06-25T03:08:38.047Z,Harbour Town Golf Links,RBC Heritage 2024,RBC Heritage,2024,2,C. Morikawa,Collin Morikawa,Birdies,4.5,3.802,-0.698,under,6.29,5,L,-110,101,-1.000,-1.000
2026-06-25T03:08:38.047Z,Harbour Town Golf Links,RBC Heritage 2024,RBC Heritage,2024,2,X. Schauffele,Xander Schauffele,Birdies,4.5,3.418,-1.082,over,-15.68,5,W,-110,-101,0.909,0.990
2026-06-25T03:08:38.047Z,Harbour Town Golf Links,RBC Heritage 2025,RBC Heritage,2025,3,B. Harman,Brian Harman,Birdies,3.5,3.957,0.457,over,-8.58,6,W,-180,-150,0.556,0.667
2026-06-25T03:08:38.047Z,Harbour Town Golf Links,RBC Heritage 2025,RBC Heritage,2025,3,B. Harman,Brian Harman,Birdies,3.5,3.957,0.457,under,-1.16,6,L,120,150,-1.000,-1.000
2026-06-25T03:08:38.047Z,Harbour Town Golf Links,RBC Heritage 2025,RBC Heritage,2025,3,J.T. Poston,J.T. Poston,Birdies,3.5,3.834,0.334,over,-10.11,3,L,-180,-150,-1.000,-1.000
2026-06-25T03:08:38.047Z,Harbour Town Golf Links,RBC Heritage 2025,RBC Heritage,2025,3,J.T. Poston,J.T. Poston,Birdies,3.5,3.834,0.334,under,0.37,3,W,120,150,1.200,1.500
2026-06-25T03:08:38.047Z,Harbour Town Golf Links,RBC Heritage 2025,RBC Heritage,2025,3,J. Thomas,Justin Thomas,Birdies,4.5,4.184,-0.316,over,0.60,4,L,120,147,-1.000,-1.000
2026-06-25T03:08:38.047Z,Harbour Town Golf Links,RBC Heritage 2025,RBC Heritage,2025,3,J. Thomas,Justin Thomas,Birdies,4.5,4.184,-0.316,under,-10.34,4,W,-180,-147,0.556,0.680
2026-06-25T03:08:38.047Z,Harbour Town Golf Links,RBC Heritage 2025,RBC Heritage,2025,2,S. Scheffler,Scottie Scheffler,Birdies,4.5,4.257,-0.243,over,-15.31,3,L,-165,-135,-1.000,-1.000
2026-06-25T03:08:38.047Z,Harbour Town Golf Links,RBC Heritage 2025,RBC Heritage,2025,2,S. Scheffler,Scottie Scheffler,Birdies,4.5,4.257,-0.243,under,5.42,3,W,110,135,1.100,1.350
2026-06-25T03:08:38.047Z,Harbour Town Golf Links,RBC Heritage 2025,RBC Heritage,2025,2,S. Scheffler,Scottie Scheffler,Birdies,5.5,4.257,-1.243,over,-10.64,3,L,120,147,-1.000,-1.000
2026-06-25T03:08:38.047Z,Harbour Town Golf Links,RBC Heritage 2025,RBC Heritage,2025,2,S. Scheffler,Scottie Scheffler,Birdies,5.5,4.257,-1.243,under,0.90,3,W,-180,-147,0.556,0.680
2026-06-25T03:08:38.047Z,Harbour Town Golf Links,RBC Heritage 2025,RBC Heritage,2025,2,V. Hovland,Viktor Hovland,Birdies,4.5,4.054,-0.446,over,-0.02,4,L,125,125,-1.000,-1.000
2026-06-25T03:08:38.047Z,Harbour Town Golf Links,RBC Heritage 2025,RBC Heritage,2025,2,V. Hovland,Viktor Hovland,Birdies,4.5,4.054,-0.446,under,-9.95,4,W,-190,-125,0.526,0.800
2026-06-25T03:08:38.047Z,Harbour Town Golf Links,RBC Heritage 2025,RBC Heritage,2025,2,W. Clark,Wyndham Clark,Birdies,4.5,4.549,0.049,over,-4.94,4,L,-125,-100,-1.000,-1.000
2026-06-25T03:08:38.047Z,Harbour Town Golf Links,RBC Heritage 2025,RBC Heritage,2025,2,W. Zalatoris,Will Zalatoris,Birdies,4.5,3.182,-1.318,over,-17.27,4,L,-105,116,-1.000,-1.000
2026-06-25T03:08:38.047Z,Harbour Town Golf Links,RBC Heritage 2025,RBC Heritage,2025,1,L. Aberg,Ludvig Aberg,Birdies,4.5,3.841,-0.659,over,-6.98,3,L,105,121,-1.000,-1.000
2026-06-25T03:08:38.047Z,Harbour Town Golf Links,RBC Heritage 2025,RBC Heritage,2025,1,X. Schauffele,Xander Schauffele,Birdies,4.5,3.799,-0.701,over,-7.50,3,L,105,121,-1.000,-1.000
2026-06-25T03:08:38.047Z,Harbour Town Golf Links,RBC Heritage 2025,RBC Heritage,2025,1,X. Schauffele,Xander Schauffele,Birdies,4.5,3.799,-0.701,under,-2.07,3,W,-155,-121,0.645,0.826
2026-06-25T03:08:38.047Z,Harbour Town Golf Links,RBC Heritage 2025,RBC Heritage,2025,2,L. Aberg,Ludvig Aberg,Birdies,4.5,3.901,-0.599,over,-12.01,3,L,-120,105,-1.000,-1.000
2026-06-25T03:08:38.047Z,Harbour Town Golf Links,RBC Heritage 2025,RBC Heritage,2025,2,L. Aberg,Ludvig Aberg,Birdies,4.5,3.901,-0.599,under,1.91,3,W,-125,-105,0.800,0.952
2026-06-25T03:08:38.047Z,Harbour Town Golf Links,RBC Heritage 2025,RBC Heritage,2025,2,X. Schauffele,Xander Schauffele,Birdies,4.5,3.849,-0.651,over,-10.49,4,L,-110,110,-1.000,-1.000
2026-06-25T03:08:38.047Z,Harbour Town Golf Links,RBC Heritage 2025,RBC Heritage,2025,2,X. Schauffele,Xander Schauffele,Birdies,4.5,3.849,-0.651,under,0.66,4,W,-135,-110,0.741,0.909
2026-06-25T03:08:38.047Z,Detroit Golf Club,Rocket Mortgage Classic 2025,Rocket Mortgage Classic,2025,4,C. Morikawa,Collin Morikawa,Birdies,4.5,5.277,0.777,over,0.45,6,W,-145,-132,0.690,0.758
2026-06-25T03:08:38.047Z,Detroit Golf Club,Rocket Mortgage Classic 2025,Rocket Mortgage Classic,2025,4,C. Morikawa,Collin Morikawa,Birdies,4.5,5.277,0.777,under,-9.64,6,L,100,120,-1.000,-1.000
2026-06-25T03:08:38.047Z,Detroit Golf Club,Rocket Mortgage Classic 2025,Rocket Mortgage Classic,2025,4,H. Hall,Harry Hall,Birdies,4.5,4.899,0.399,over,0.44,4,L,-120,-108,-1.000,-1.000
2026-06-25T03:08:38.047Z,Detroit Golf Club,Rocket Mortgage Classic 2025,Rocket Mortgage Classic,2025,4,H. Hall,Harry Hall,Birdies,4.5,4.899,0.399,under,-9.54,4,W,-120,105,0.833,1.050
2026-06-25T03:08:38.047Z,Detroit Golf Club,Rocket Mortgage Classic 2025,Rocket Mortgage Classic,2025,3,B. Griffin,Ben Griffin,Birdies,5.5,4.470,-1.030,over,-11.46,3,L,105,117,-1.000,-1.000
2026-06-25T03:08:38.047Z,Detroit Golf Club,Rocket Mortgage Classic 2025,Rocket Mortgage Classic,2025,3,B. Griffin,Ben Griffin,Birdies,5.5,4.470,-1.030,under,1.90,3,W,-155,-135,0.645,0.741
2026-06-25T03:08:38.047Z,Detroit Golf Club,Rocket Mortgage Classic 2025,Rocket Mortgage Classic,2025,3,H. Matsuyama,Hideki Matsuyama,Birdies,5.5,4.603,-0.897,over,-9.88,4,L,105,150,-1.000,-1.000
2026-06-25T03:08:38.047Z,Detroit Golf Club,Rocket Mortgage Classic 2025,Rocket Mortgage Classic,2025,3,H. Matsuyama,Hideki Matsuyama,Birdies,5.5,4.603,-0.897,under,0.31,4,W,-155,-130,0.645,0.769
2026-06-25T03:08:38.047Z,Detroit Golf Club,Rocket Mortgage Classic 2025,Rocket Mortgage Classic,2025,2,M. Homa,Max Homa,Birdies,4.5,3.727,-0.773,over,-14.13,3,L,-120,106,-1.000,-1.000
2026-06-25T03:08:38.047Z,Detroit Golf Club,Rocket Mortgage Classic 2025,Rocket Mortgage Classic,2025,3,M. Fitzpatrick,Matt Fitzpatrick,Birdies,4.5,4.514,0.014,over,-7.27,4,L,-135,-118,-1.000,-1.000
2026-06-25T03:08:38.047Z,Detroit Golf Club,Rocket Mortgage Classic 2025,Rocket Mortgage Classic,2025,3,M. Fitzpatrick,Matt Fitzpatrick,Birdies,4.5,4.514,0.014,under,-1.40,4,W,-105,118,0.952,1.180
2026-06-25T03:08:38.047Z,Detroit Golf Club,Rocket Mortgage Classic 2025,Rocket Mortgage Classic,2025,3,R. Gerard,Ryan Gerard,Birdies,4.5,3.918,-0.582,over,-14.70,5,W,-135,-107,0.741,0.935
2026-06-25T03:08:38.047Z,Detroit Golf Club,Rocket Mortgage Classic 2025,Rocket Mortgage Classic,2025,3,R. Gerard,Ryan Gerard,Birdies,4.5,3.918,-0.582,under,1.70,5,L,-125,-101,-1.000,-1.000
2026-06-25T03:08:38.047Z,Detroit Golf Club,Rocket Mortgage Classic 2025,Rocket Mortgage Classic,2025,4,A. Potgieter,Aldrich Potgieter,Birdies,4.5,4.982,0.482,over,3.64,6,W,-110,-101,0.909,0.990
2026-06-25T03:08:38.047Z,Detroit Golf Club,Rocket Mortgage Classic 2025,Rocket Mortgage Classic,2025,4,A. Potgieter,Aldrich Potgieter,Birdies,4.5,4.982,0.482,under,-13.47,6,L,-135,101,-1.000,-1.000
2026-06-25T03:08:38.047Z,Detroit Golf Club,Rocket Mortgage Classic 2025,Rocket Mortgage Classic,2025,4,M. Greyserman,Max Greyserman,Birdies,4.5,5.396,0.896,over,0.29,5,W,-155,-134,0.645,0.746
2026-06-25T03:08:38.047Z,Detroit Golf Club,Rocket Mortgage Classic 2025,Rocket Mortgage Classic,2025,4,M. Greyserman,Max Greyserman,Birdies,4.5,5.396,0.896,under,-11.08,5,L,100,121,-1.000,-1.000
2026-06-25T03:08:38.047Z,Detroit Golf Club,Rocket Mortgage Classic 2025,Rocket Mortgage Classic,2025,3,A. Potgieter,Aldrich Potgieter,Birdies,4.5,4.011,-0.489,over,-13.55,7,W,-135,110,0.741,1.100
2026-06-25T03:08:38.047Z,Detroit Golf Club,Rocket Mortgage Classic 2025,Rocket Mortgage Classic,2025,3,M. Hubbard,Mark Hubbard,Birdies,4.5,4.256,-0.244,over,-10.50,9,W,-135,-100,0.741,1.000
2026-06-25T03:08:38.047Z,TPC Summerlin,Shriners Childrens Open 2023,Shriners Childrens Open,2023,2,J.T. Poston,J.T. Poston,Birdies,5,4.595,-0.405,over,-10.62,6,W,-125,-114,0.800,0.877
2026-06-25T03:08:38.047Z,Waialae Country Club,Sony Open in Hawaii 2024,Sony Open in Hawaii,2024,4,C. Kirk,Chris Kirk,Birdies,4.5,4.324,-0.176,over,-0.99,4,L,105,119,-1.000,-1.000
2026-06-25T03:08:38.047Z,Waialae Country Club,Sony Open in Hawaii 2024,Sony Open in Hawaii,2024,2,C. Kirk,Chris Kirk,Birdies,4,4.443,0.443,over,0.99,6,W,-120,-106,0.833,0.943
2026-06-25T03:08:38.047Z,Waialae Country Club,Sony Open in Hawaii 2024,Sony Open in Hawaii,2024,2,C. Kirk,Chris Kirk,Birdies,4,4.443,0.443,under,-6.76,6,L,-105,106,-1.000,-1.000
2026-06-25T03:08:38.047Z,Waialae Country Club,Sony Open in Hawaii 2024,Sony Open in Hawaii,2024,2,H. Matsuyama,Hideki Matsuyama,Birdies,3.5,3.948,0.448,over,-3.59,5,W,-145,-129,0.690,0.775
2026-06-25T03:08:38.047Z,Waialae Country Club,Sony Open in Hawaii 2024,Sony Open in Hawaii,2024,2,S.W. Kim,S.H. Kim,Birdies,4,3.727,-0.273,over,-1.04,6,W,110,121,1.100,1.210
2026-06-25T03:08:38.047Z,Waialae Country Club,Sony Open in Hawaii 2024,Sony Open in Hawaii,2024,2,J. Rose,Justin Rose,Birdies,4,3.959,-0.041,over,1.86,2,L,110,122,-1.000,-1.000
2026-06-25T03:08:38.047Z,Waialae Country Club,Sony Open in Hawaii 2024,Sony Open in Hawaii,2024,4,G. Murray,Grayson Murray,Birdies,4,4.503,0.503,over,0.72,3,L,-125,-110,-1.000,-1.000
2026-06-25T03:08:38.047Z,Waialae Country Club,Sony Open in Hawaii 2024,Sony Open in Hawaii,2024,4,K. Bradley,Keegan Bradley,Birdies,4.5,4.381,-0.119,over,-3.87,3,L,-110,100,-1.000,-1.000
2026-06-25T03:08:38.047Z,Waialae Country Club,Sony Open in Hawaii 2024,Sony Open in Hawaii,2024,1,E. Cole,Eric Cole,Birdies,4.5,3.997,-0.503,over,-10.82,4,L,-120,-106,-1.000,-1.000
2026-06-25T03:08:38.047Z,Waialae Country Club,Sony Open in Hawaii 2024,Sony Open in Hawaii,2024,1,E. Cole,Eric Cole,Birdies,4.5,3.997,-0.503,under,5.06,4,W,-105,106,0.952,1.060
2026-06-25T03:08:38.047Z,Waialae Country Club,Sony Open in Hawaii 2024,Sony Open in Hawaii,2024,1,W. Zalatoris,Will Zalatoris,Birdies,4.5,3.860,-0.640,under,0.52,1,W,-135,-116,0.741,0.862
2026-06-25T03:08:38.047Z,Waialae Country Club,Sony Open in Hawaii 2024,Sony Open in Hawaii,2024,1,S. Theegala,Sahith Theegala,Birdies,4.5,4.116,-0.384,over,-6.02,2,L,-105,108,-1.000,-1.000
2026-06-25T03:08:38.047Z,TPC Craig Ranch,THE CJ CUP Byron Nelson,THE CJ CUP Byron Nelson,2026,1,Blades Brown,Blades Brown,Total score,68.5,66.720,-1.780,over,-22.29,66,L,-115,102,-1.000,-1.000
2026-06-25T03:08:38.047Z,TPC Craig Ranch,THE CJ CUP Byron Nelson,THE CJ CUP Byron Nelson,2026,1,Blades Brown,Blades Brown,Total score,68.5,66.720,-1.780,under,14.26,66,W,-120,-102,0.833,0.980
2026-06-25T03:08:38.047Z,TPC Craig Ranch,THE CJ CUP Byron Nelson,THE CJ CUP Byron Nelson,2026,1,Brooks Koepka,Brooks Koepka,Total score,67.5,67.620,0.120,under,-0.10,63,W,105,115,1.050,1.150
2026-06-25T03:08:38.047Z,TPC Craig Ranch,THE CJ CUP Byron Nelson,THE CJ CUP Byron Nelson,2026,1,Brooks Koepka,Brooks Koepka,Total score,68.5,67.620,-0.880,under,1.24,63,W,-140,-115,0.714,0.870
2026-06-25T03:08:38.047Z,TPC Craig Ranch,THE CJ CUP Byron Nelson,THE CJ CUP Byron Nelson,2026,1,Christiaan Bezuidenhout,Christiaan Bezuidenhout,Total score,68.5,66.494,-2.006,under,15.42,68,W,-125,-102,0.800,0.980
2026-06-25T03:08:38.047Z,TPC Craig Ranch,THE CJ CUP Byron Nelson,THE CJ CUP Byron Nelson,2026,1,Doug Ghim,Doug Ghim,Total score,68.5,67.391,-1.109,under,8.52,65,W,-115,103,0.870,1.030
2026-06-25T03:08:38.047Z,TPC Craig Ranch,THE CJ CUP Byron Nelson,THE CJ CUP Byron Nelson,2026,1,Eric Cole,Eric Cole,Total score,68.5,66.432,-2.068,under,18.07,68,W,-115,-106,0.870,0.943
2026-06-25T03:08:38.047Z,TPC Craig Ranch,THE CJ CUP Byron Nelson,THE CJ CUP Byron Nelson,2026,1,Haotong Li,Haotong Li,Total score,68.5,68.283,-0.217,under,-3.17,68,W,-125,-101,0.800,0.990
2026-06-25T03:08:38.047Z,TPC Craig Ranch,THE CJ CUP Byron Nelson,THE CJ CUP Byron Nelson,2026,1,Jhonattan Vegas,Jhonattan Vegas,Total score,68.5,67.862,-0.638,under,8.19,74,L,105,123,-1.000,-1.000
2026-06-25T03:08:38.047Z,TPC Craig Ranch,THE CJ CUP Byron Nelson,THE CJ CUP Byron Nelson,2026,1,Jordan Spieth,Jordan Spieth,Total score,68.5,66.956,-1.544,over,-14.09,68,L,110,131,-1.000,-1.000
2026-06-25T03:08:38.047Z,TPC Craig Ranch,THE CJ CUP Byron Nelson,THE CJ CUP Byron Nelson,2026,1,Jordan Spieth,Jordan Spieth,Total score,67.5,66.956,-0.544,under,5.96,68,L,100,108,-1.000,-1.000
2026-06-25T03:08:38.047Z,TPC Craig Ranch,THE CJ CUP Byron Nelson,THE CJ CUP Byron Nelson,2026,1,Mac Meissner,Mac Meissner,Total score,68.5,67.673,-0.827,under,0.68,68,W,-140,-113,0.714,0.885
2026-06-25T03:08:38.047Z,TPC Craig Ranch,THE CJ CUP Byron Nelson,THE CJ CUP Byron Nelson,2026,1,Max Greyserman,Max Greyserman,Total score,68.5,67.511,-0.989,over,-14.22,71,W,-115,104,0.870,1.040
2026-06-25T03:08:38.047Z,TPC Craig Ranch,THE CJ CUP Byron Nelson,THE CJ CUP Byron Nelson,2026,1,Max Greyserman,Max Greyserman,Total score,68.5,67.511,-0.989,under,5.18,71,L,-125,-104,-1.000,-1.000
2026-06-25T03:08:38.047Z,TPC Craig Ranch,THE CJ CUP Byron Nelson,THE CJ CUP Byron Nelson,2026,1,Michael Brennan,Michael Brennan,Total score,68.5,69.459,0.959,under,-15.97,68,W,-125,-119,0.800,0.840
2026-06-25T03:08:38.047Z,TPC Craig Ranch,THE CJ CUP Byron Nelson,THE CJ CUP Byron Nelson,2026,1,Pierceson Coody,Pierceson Coody,Total score,68.5,68.505,0.005,under,-8.39,68,W,-140,-113,0.714,0.885
2026-06-25T03:08:38.047Z,TPC Craig Ranch,THE CJ CUP Byron Nelson,THE CJ CUP Byron Nelson,2026,1,Ryo Hisatsune,Ryo Hisatsune,Total score,68.5,68.107,-0.393,under,-5.69,67,W,-150,-125,0.667,0.800
2026-06-25T03:08:38.047Z,TPC Craig Ranch,THE CJ CUP Byron Nelson,THE CJ CUP Byron Nelson,2026,1,Scottie Scheffler,Scottie Scheffler,Total score,65.5,65.531,0.031,over,-11.92,66,W,-165,-135,0.606,0.741
2026-06-25T03:08:38.047Z,TPC Craig Ranch,THE CJ CUP Byron Nelson,THE CJ CUP Byron Nelson,2026,1,Scottie Scheffler,Scottie Scheffler,Total score,65.5,65.531,0.031,under,3.15,66,L,115,135,-1.000,-1.000
2026-06-25T03:08:38.047Z,TPC Craig Ranch,THE CJ CUP Byron Nelson,THE CJ CUP Byron Nelson,2026,1,Scottie Scheffler,Scottie Scheffler,Total score,66.5,65.531,-0.969,over,-10.52,66,L,100,128,-1.000,-1.000
2026-06-25T03:08:38.047Z,TPC Craig Ranch,THE CJ CUP Byron Nelson,THE CJ CUP Byron Nelson,2026,1,Scottie Scheffler,Scottie Scheffler,Total score,66.5,65.531,-0.969,under,4.97,66,W,-125,-135,0.800,0.741
2026-06-25T03:08:38.047Z,TPC Craig Ranch,THE CJ CUP Byron Nelson,THE CJ CUP Byron Nelson,2026,1,Si Woo Kim,Si Woo Kim,Total score,67.5,67.716,0.216,under,-2.38,64,W,100,-115,1.000,0.870
2026-06-25T03:08:38.047Z,TPC Craig Ranch,THE CJ CUP Byron Nelson,THE CJ CUP Byron Nelson,2026,1,Stephan Jaeger,Stephan Jaeger,Total score,68.5,67.989,-0.511,under,3.21,64,W,-110,104,0.909,1.040
2026-06-25T03:08:38.047Z,TPC Craig Ranch,THE CJ CUP Byron Nelson,THE CJ CUP Byron Nelson,2026,1,Sungjae Im,Sungjae Im,Total score,68.5,67.969,-0.531,under,0.26,68,W,-125,-107,0.800,0.935
2026-06-25T03:08:38.047Z,TPC Craig Ranch,THE CJ CUP Byron Nelson,THE CJ CUP Byron Nelson,2026,1,Taylor Pendrith,Taylor Pendrith,Total score,68.5,67.243,-1.257,under,5.21,67,W,-140,-117,0.714,0.855
2026-06-25T03:08:38.047Z,TPC Craig Ranch,THE CJ CUP Byron Nelson,THE CJ CUP Byron Nelson,2026,1,Thorbjørn Olesen,Thorbjorn Olesen,Total score,68.5,68.489,-0.011,under,-2.26,71,L,-110,106,-1.000,-1.000
2026-06-25T03:08:38.047Z,TPC Craig Ranch,THE CJ CUP Byron Nelson,THE CJ CUP Byron Nelson,2026,1,Tom Kim,Tom Kim,Total score,68.5,67.379,-1.121,under,3.79,68,W,-140,-117,0.714,0.855
2026-06-25T03:08:38.047Z,TPC Craig Ranch,THE CJ CUP Byron Nelson,THE CJ CUP Byron Nelson,2026,1,Tony Finau,Tony Finau,Total score,68.5,69.790,1.290,under,-15.11,67,W,-105,111,0.952,1.110
2026-06-25T03:08:38.047Z,TPC Craig Ranch,THE CJ CUP Byron Nelson,THE CJ CUP Byron Nelson,2026,1,Wyndham Clark,Wyndham Clark,Total score,68.5,68.140,-0.360,under,-4.39,66,W,-140,-124,0.714,0.806
2026-06-25T03:08:38.047Z,TPC Craig Ranch,THE CJ CUP Byron Nelson 2025,THE CJ CUP Byron Nelson,2025,1,J. Spieth,Jordan Spieth,Birdies,5.5,4.664,-0.836,over,-7.97,4,L,110,122,-1.000,-1.000
2026-06-25T03:08:38.047Z,TPC Craig Ranch,THE CJ CUP Byron Nelson 2025,THE CJ CUP Byron Nelson,2025,1,J. Spieth,Jordan Spieth,Birdies,5.5,4.664,-0.836,under,-1.91,4,W,-165,-122,0.606,0.820
2026-06-25T03:08:38.047Z,TPC Craig Ranch,THE CJ CUP Byron Nelson 2025,THE CJ CUP Byron Nelson,2025,1,S. Scheffler,Scottie Scheffler,Birdies,5.5,4.635,-0.865,over,-24.34,9,W,-175,-141,0.571,0.709
2026-06-25T03:08:38.047Z,TPC Craig Ranch,THE CJ CUP Byron Nelson 2025,THE CJ CUP Byron Nelson,2025,1,S. Scheffler,Scottie Scheffler,Birdies,5.5,4.635,-0.865,under,14.19,9,L,115,141,-1.000,-1.000
2026-06-25T03:08:38.047Z,TPC Craig Ranch,THE CJ CUP Byron Nelson 2025,THE CJ CUP Byron Nelson,2025,1,S. Scheffler,Scottie Scheffler,Birdies,6.5,4.635,-1.865,over,-16.54,9,W,125,143,1.250,1.430
2026-06-25T03:08:38.047Z,TPC Craig Ranch,THE CJ CUP Byron Nelson 2025,THE CJ CUP Byron Nelson,2025,2,M. Kuchar,Matt Kuchar,Birdies,4.5,4.619,0.119,under,-3.88,5,L,-110,109,-1.000,-1.000
2026-06-25T03:08:38.047Z,TPC Sawgrass (THE PLAYERS Stadium Course),THE PLAYERS Championship 2024,THE PLAYERS Championship,2024,1,A. Scott,Adam Scott,Birdies,4.5,3.426,-1.074,under,7.65,4,W,-125,-109,0.800,0.917
2026-06-25T03:08:38.047Z,TPC Sawgrass (THE PLAYERS Stadium Course),THE PLAYERS Championship 2024,THE PLAYERS Championship,2024,1,L. Aberg,Ludvig Aberg,Birdies,4.5,3.557,-0.943,over,-17.20,4,L,-125,-112,-1.000,-1.000
2026-06-25T03:08:38.047Z,TPC Sawgrass (THE PLAYERS Stadium Course),THE PLAYERS Championship 2024,THE PLAYERS Championship,2024,1,L. Aberg,Ludvig Aberg,Birdies,4.5,3.557,-0.943,under,11.64,4,W,100,112,1.000,1.120
2026-06-25T03:08:38.047Z,TPC Sawgrass (THE PLAYERS Stadium Course),THE PLAYERS Championship 2024,THE PLAYERS Championship,2024,1,P. Cantlay,Patrick Cantlay,Birdies,4.5,3.990,-0.510,over,-13.81,4,L,-135,-119,-1.000,-1.000
2026-06-25T03:08:38.047Z,TPC Sawgrass (THE PLAYERS Stadium Course),THE PLAYERS Championship 2024,THE PLAYERS Championship,2024,1,P. Cantlay,Patrick Cantlay,Birdies,4.5,3.990,-0.510,under,7.58,4,W,105,119,1.050,1.190
2026-06-25T03:08:38.047Z,TPC Sawgrass (THE PLAYERS Stadium Course),THE PLAYERS Championship 2024,THE PLAYERS Championship,2024,2,A. Scott,Adam Scott,Birdies,4.5,3.200,-1.300,over,-15.85,4,L,100,111,-1.000,-1.000
2026-06-25T03:08:38.047Z,TPC Sawgrass (THE PLAYERS Stadium Course),THE PLAYERS Championship 2024,THE PLAYERS Championship,2024,2,A. Scott,Adam Scott,Birdies,4.5,3.200,-1.300,under,10.29,4,W,-125,-129,0.800,0.775
2026-06-25T03:08:38.047Z,TPC Sawgrass (THE PLAYERS Stadium Course),THE PLAYERS Championship 2024,THE PLAYERS Championship,2024,2,L. Aberg,Ludvig Aberg,Birdies,4,3.721,-0.279,over,-10.94,3,L,-135,-117,-1.000,-1.000
2026-06-25T03:08:38.047Z,TPC Sawgrass (THE PLAYERS Stadium Course),THE PLAYERS Championship 2024,THE PLAYERS Championship,2024,2,L. Aberg,Ludvig Aberg,Birdies,4.5,3.721,-0.779,over,-17.11,3,L,-135,-117,-1.000,-1.000
2026-06-25T03:08:38.047Z,TPC Sawgrass (THE PLAYERS Stadium Course),THE PLAYERS Championship 2024,THE PLAYERS Championship,2024,2,P. Cantlay,Patrick Cantlay,Birdies,4,4.114,0.114,over,-6.02,3,L,-135,-117,-1.000,-1.000
2026-06-25T03:08:38.047Z,TPC Sawgrass (THE PLAYERS Stadium Course),THE PLAYERS Championship 2024,THE PLAYERS Championship,2024,2,P. Cantlay,Patrick Cantlay,Birdies,4.5,4.114,-0.386,over,-12.27,3,L,-135,-117,-1.000,-1.000
2026-06-25T03:08:38.047Z,TPC Sawgrass (THE PLAYERS Stadium Course),THE PLAYERS Championship 2024,THE PLAYERS Championship,2024,2,P. Cantlay,Patrick Cantlay,Birdies,4.5,4.114,-0.386,under,6.04,3,W,105,117,1.050,1.170
2026-06-25T03:08:38.047Z,TPC Sawgrass (THE PLAYERS Stadium Course),THE PLAYERS Championship 2024,THE PLAYERS Championship,2024,3,A. Scott,Adam Scott,Birdies,3.5,3.125,-0.375,over,-10.25,4,W,-125,-113,0.800,0.885
2026-06-25T03:08:38.047Z,TPC Sawgrass (THE PLAYERS Stadium Course),THE PLAYERS Championship 2024,THE PLAYERS Championship,2024,3,A. Scott,Adam Scott,Birdies,3.5,3.125,-0.375,under,4.69,4,L,100,113,-1.000,-1.000
2026-06-25T03:08:38.047Z,TPC Sawgrass (THE PLAYERS Stadium Course),THE PLAYERS Championship 2024,THE PLAYERS Championship,2024,2,B. Harman,Brian Harman,Birdies,4.5,3.348,-1.152,over,-15.35,9,W,-105,109,0.952,1.090
2026-06-25T03:08:38.047Z,TPC Sawgrass (THE PLAYERS Stadium Course),THE PLAYERS Championship 2024,THE PLAYERS Championship,2024,2,B. Harman,Brian Harman,Birdies,4.5,3.348,-1.152,under,8.57,9,L,-125,-109,-1.000,-1.000
2026-06-25T03:08:38.047Z,TPC Sawgrass (THE PLAYERS Stadium Course),THE PLAYERS Championship 2024,THE PLAYERS Championship,2024,2,C. Morikawa,Collin Morikawa,Birdies,4.5,3.307,-1.193,over,-22.05,5,W,-135,-119,0.741,0.840
2026-06-25T03:08:38.047Z,TPC Sawgrass (THE PLAYERS Stadium Course),THE PLAYERS Championship 2024,THE PLAYERS Championship,2024,2,C. Morikawa,Collin Morikawa,Birdies,4.5,3.307,-1.193,under,15.82,5,L,105,119,-1.000,-1.000
2026-06-25T03:08:38.047Z,TPC Sawgrass (THE PLAYERS Stadium Course),THE PLAYERS Championship 2024,THE PLAYERS Championship,2024,2,W. Clark,Wyndham Clark,Birdies,4.5,4.464,-0.036,over,-6.01,8,W,-125,-112,0.800,0.893
2026-06-25T03:08:38.047Z,TPC Sawgrass (THE PLAYERS Stadium Course),THE PLAYERS Championship 2024,THE PLAYERS Championship,2024,2,W. Clark,Wyndham Clark,Birdies,4.5,4.464,-0.036,under,0.45,8,L,100,112,-1.000,-1.000
2026-06-25T03:08:38.047Z,TPC Sawgrass (THE PLAYERS Stadium Course),THE PLAYERS Championship 2024,THE PLAYERS Championship,2024,4,B. Harman,Brian Harman,Birdies,4.5,4.841,0.341,over,7.75,5,W,115,129,1.150,1.290
2026-06-25T03:08:38.047Z,TPC Sawgrass (THE PLAYERS Stadium Course),THE PLAYERS Championship 2024,THE PLAYERS Championship,2024,4,B. Harman,Brian Harman,Birdies,4.5,4.841,0.341,under,-13.44,5,L,-145,-129,-1.000,-1.000
2026-06-25T03:08:38.047Z,TPC Sawgrass (THE PLAYERS Stadium Course),THE PLAYERS Championship 2024,THE PLAYERS Championship,2024,4,M. McNealy,Maverick McNealy,Birdies,4,3.911,-0.089,over,-1.11,1,L,100,113,-1.000,-1.000
2026-06-25T03:08:38.047Z,TPC Sawgrass (THE PLAYERS Stadium Course),THE PLAYERS Championship 2024,THE PLAYERS Championship,2024,4,M. McNealy,Maverick McNealy,Birdies,4,3.911,-0.089,under,-4.44,1,W,-125,-113,0.800,0.885
2026-06-25T03:08:38.047Z,TPC Sawgrass (THE PLAYERS Stadium Course),THE PLAYERS Championship 2024,THE PLAYERS Championship,2024,3,B. Harman,Brian Harman,Birdies,3.5,3.302,-0.198,over,-8.03,9,W,-125,-111,0.800,0.901
2026-06-25T03:08:38.047Z,TPC Sawgrass (THE PLAYERS Stadium Course),THE PLAYERS Championship 2024,THE PLAYERS Championship,2024,3,B. Harman,Brian Harman,Birdies,3.5,3.302,-0.198,under,2.47,9,L,100,111,-1.000,-1.000
2026-06-25T03:08:38.047Z,TPC Sawgrass (THE PLAYERS Stadium Course),THE PLAYERS Championship 2024,THE PLAYERS Championship,2024,3,S. Theegala,Sahith Theegala,Birdies,3.5,3.851,0.351,over,-3.06,5,W,-135,-116,0.741,0.862
2026-06-25T03:08:38.047Z,TPC Sawgrass (THE PLAYERS Stadium Course),THE PLAYERS Championship 2024,THE PLAYERS Championship,2024,3,S. Theegala,Sahith Theegala,Birdies,3.5,3.851,0.351,under,-4.39,5,L,100,116,-1.000,-1.000
2026-06-25T03:08:38.047Z,TPC Sawgrass (THE PLAYERS Stadium Course),THE PLAYERS Championship 2024,THE PLAYERS Championship,2024,1,H. Matsuyama,Hideki Matsuyama,Birdies,4.5,4.550,0.050,over,-4.92,5,W,-125,-109,0.800,0.917
2026-06-25T03:08:38.047Z,TPC Sawgrass (THE PLAYERS Stadium Course),THE PLAYERS Championship 2024,THE PLAYERS Championship,2024,1,H. Matsuyama,Hideki Matsuyama,Birdies,4.5,4.550,0.050,under,-1.85,5,L,-105,109,-1.000,-1.000
2026-06-25T03:08:38.047Z,TPC Sawgrass (THE PLAYERS Stadium Course),THE PLAYERS Championship 2024,THE PLAYERS Championship,2024,1,M. Fitzpatrick,Matt Fitzpatrick,Birdies,4.5,2.966,-1.534,over,-19.72,7,W,-105,109,0.952,1.090
2026-06-25T03:08:38.047Z,TPC Sawgrass (THE PLAYERS Stadium Course),THE PLAYERS Championship 2024,THE PLAYERS Championship,2024,1,M. Fitzpatrick,Matt Fitzpatrick,Birdies,4.5,2.966,-1.534,under,12.94,7,L,-125,-109,-1.000,-1.000
2026-06-25T03:08:38.047Z,TPC Sawgrass (THE PLAYERS Stadium Course),THE PLAYERS Championship 2024,THE PLAYERS Championship,2024,1,M. Homa,Max Homa,Birdies,4.5,4.110,-0.390,over,-14.06,7,W,-145,-123,0.690,0.813
2026-06-25T03:08:38.047Z,TPC Sawgrass (THE PLAYERS Stadium Course),THE PLAYERS Championship 2024,THE PLAYERS Championship,2024,1,M. Homa,Max Homa,Birdies,4.5,4.110,-0.390,under,7.26,7,L,110,123,-1.000,-1.000
2026-06-25T03:08:38.047Z,TPC Sawgrass (THE PLAYERS Stadium Course),THE PLAYERS Championship 2024,THE PLAYERS Championship,2024,2,H. Matsuyama,Hideki Matsuyama,Birdies,4.5,4.724,0.224,over,-1.74,5,W,-120,-107,0.833,0.935
2026-06-25T03:08:38.047Z,TPC Sawgrass (THE PLAYERS Stadium Course),THE PLAYERS Championship 2024,THE PLAYERS Championship,2024,2,H. Matsuyama,Hideki Matsuyama,Birdies,4.5,4.724,0.224,under,-4.03,5,L,-105,107,-1.000,-1.000
2026-06-25T03:08:38.047Z,TPC Sawgrass (THE PLAYERS Stadium Course),THE PLAYERS Championship 2024,THE PLAYERS Championship,2024,2,M. Fitzpatrick,Matt Fitzpatrick,Birdies,4.5,2.750,-1.750,over,-23.25,6,W,-110,101,0.909,1.010
2026-06-25T03:08:38.047Z,TPC Sawgrass (THE PLAYERS Stadium Course),THE PLAYERS Championship 2024,THE PLAYERS Championship,2024,2,M. Fitzpatrick,Matt Fitzpatrick,Birdies,4.5,2.750,-1.750,under,18.49,6,L,-110,-101,-1.000,-1.000
2026-06-25T03:08:38.047Z,TPC Sawgrass (THE PLAYERS Stadium Course),THE PLAYERS Championship 2024,THE PLAYERS Championship,2024,2,M. Homa,Max Homa,Birdies,4.5,4.333,-0.167,over,-9.53,4,L,-135,-117,-1.000,-1.000
2026-06-25T03:08:38.047Z,TPC Sawgrass (THE PLAYERS Stadium Course),THE PLAYERS Championship 2024,THE PLAYERS Championship,2024,2,M. Homa,Max Homa,Birdies,4.5,4.333,-0.167,under,3.30,4,W,105,117,1.050,1.170
2026-06-25T03:08:38.047Z,TPC Sawgrass (THE PLAYERS Stadium Course),THE PLAYERS Championship 2024,THE PLAYERS Championship,2024,4,M. Fitzpatrick,Matt Fitzpatrick,Birdies,4,4.635,0.635,over,5.52,7,W,-110,103,0.909,1.030
2026-06-25T03:08:38.047Z,TPC Sawgrass (THE PLAYERS Stadium Course),THE PLAYERS Championship 2024,THE PLAYERS Championship,2024,4,M. Fitzpatrick,Matt Fitzpatrick,Birdies,4,4.635,0.635,under,-12.44,7,L,-120,-103,-1.000,-1.000
2026-06-25T03:08:38.047Z,TPC Sawgrass (THE PLAYERS Stadium Course),THE PLAYERS Championship 2024,THE PLAYERS Championship,2024,4,S. Theegala,Sahith Theegala,Birdies,4,4.381,0.381,over,0.22,3,L,-120,-102,-1.000,-1.000
2026-06-25T03:08:38.047Z,TPC Sawgrass (THE PLAYERS Stadium Course),THE PLAYERS Championship 2024,THE PLAYERS Championship,2024,4,S. Theegala,Sahith Theegala,Birdies,4,4.381,0.381,under,-7.14,3,W,-110,102,0.909,1.020
2026-06-25T03:08:38.047Z,TPC Sawgrass (THE PLAYERS Stadium Course),THE PLAYERS Championship 2024,THE PLAYERS Championship,2024,4,P. Cantlay,Patrick Cantlay,Birdies,4,2.886,-1.114,over,-19.23,1,L,-125,-108,-1.000,-1.000
2026-06-25T03:08:38.047Z,TPC Sawgrass (THE PLAYERS Stadium Course),THE PLAYERS Championship 2024,THE PLAYERS Championship,2024,3,P. Cantlay,Patrick Cantlay,Birdies,3.5,4.079,0.579,over,1.66,3,L,-125,-111,-1.000,-1.000
2026-06-25T03:08:38.047Z,TPC Sawgrass (THE PLAYERS Stadium Course),THE PLAYERS Championship 2024,THE PLAYERS Championship,2024,3,P. Cantlay,Patrick Cantlay,Birdies,3.5,4.079,0.579,under,-7.21,3,W,100,111,1.000,1.110
2026-06-25T03:08:38.047Z,TPC Sawgrass (THE PLAYERS Stadium Course),THE PLAYERS Championship 2024,THE PLAYERS Championship,2024,3,V. Hovland,Viktor Hovland,Birdies,3.5,3.984,0.484,over,-1.41,4,W,-135,-131,0.741,0.763
2026-06-25T03:08:38.047Z,TPC Sawgrass (THE PLAYERS Stadium Course),THE PLAYERS Championship 2024,THE PLAYERS Championship,2024,1,J. Thomas,Justin Thomas,Birdies,5,3.299,-1.701,over,-29.52,7,W,-145,-123,0.690,0.813
2026-06-25T03:08:38.047Z,TPC Sawgrass (THE PLAYERS Stadium Course),THE PLAYERS Championship 2024,THE PLAYERS Championship,2024,1,J. Thomas,Justin Thomas,Birdies,5,3.299,-1.701,under,22.72,7,L,110,123,-1.000,-1.000
2026-06-25T03:08:38.047Z,TPC Sawgrass (THE PLAYERS Stadium Course),THE PLAYERS Championship 2024,THE PLAYERS Championship,2024,1,R. Fowler,Rickie Fowler,Birdies,4.5,3.794,-0.706,over,-14.33,2,L,-125,-113,-1.000,-1.000
2026-06-25T03:08:38.047Z,TPC Sawgrass (THE PLAYERS Stadium Course),THE PLAYERS Championship 2024,THE PLAYERS Championship,2024,1,R. Fowler,Rickie Fowler,Birdies,4.5,3.794,-0.706,under,8.78,2,W,100,113,1.000,1.130
2026-06-25T03:08:38.047Z,TPC Sawgrass (THE PLAYERS Stadium Course),THE PLAYERS Championship 2024,THE PLAYERS Championship,2024,1,S. Scheffler,Scottie Scheffler,Birdies,5.5,4.087,-1.413,over,-22.69,6,W,-125,-111,0.800,0.901
2026-06-25T03:08:38.047Z,TPC Sawgrass (THE PLAYERS Stadium Course),THE PLAYERS Championship 2024,THE PLAYERS Championship,2024,1,S. Scheffler,Scottie Scheffler,Birdies,5.5,4.087,-1.413,under,17.13,6,L,100,111,-1.000,-1.000
2026-06-25T03:08:38.047Z,TPC Sawgrass (THE PLAYERS Stadium Course),THE PLAYERS Championship 2024,THE PLAYERS Championship,2024,2,J. Thomas,Justin Thomas,Birdies,5,3.523,-1.477,under,20.24,2,W,110,122,1.100,1.220
2026-06-25T03:08:38.047Z,TPC Sawgrass (THE PLAYERS Stadium Course),THE PLAYERS Championship 2024,THE PLAYERS Championship,2024,2,R. Fowler,Rickie Fowler,Birdies,4.5,3.547,-0.953,over,-12.98,5,W,-105,108,0.952,1.080
2026-06-25T03:08:38.047Z,TPC Sawgrass (THE PLAYERS Stadium Course),THE PLAYERS Championship 2024,THE PLAYERS Championship,2024,2,R. Fowler,Rickie Fowler,Birdies,4.5,3.547,-0.953,under,6.20,5,L,-125,-108,-1.000,-1.000
2026-06-25T03:08:38.047Z,TPC Sawgrass (THE PLAYERS Stadium Course),THE PLAYERS Championship 2024,THE PLAYERS Championship,2024,2,S. Scheffler,Scottie Scheffler,Birdies,6,4.181,-1.819,over,-19.22,5,L,110,126,-1.000,-1.000
2026-06-25T03:08:38.047Z,TPC Sawgrass (THE PLAYERS Stadium Course),THE PLAYERS Championship 2024,THE PLAYERS Championship,2024,2,S. Scheffler,Scottie Scheffler,Birdies,6,4.181,-1.819,under,12.42,5,W,-145,-126,0.690,0.794
2026-06-25T03:08:38.047Z,TPC Sawgrass (THE PLAYERS Stadium Course),THE PLAYERS Championship 2024,THE PLAYERS Championship,2024,1,J. Spieth,Jordan Spieth,Birdies,5,3.587,-1.413,over,-21.68,4,L,-120,-103,-1.000,-1.000
2026-06-25T03:08:38.047Z,TPC Sawgrass (THE PLAYERS Stadium Course),THE PLAYERS Championship 2024,THE PLAYERS Championship,2024,1,J. Spieth,Jordan Spieth,Birdies,5,3.587,-1.413,under,14.76,4,W,-110,103,0.909,1.030
2026-06-25T03:08:38.047Z,TPC Sawgrass (THE PLAYERS Stadium Course),THE PLAYERS Championship 2024,THE PLAYERS Championship,2024,1,V. Hovland,Viktor Hovland,Birdies,5,3.925,-1.075,over,-18.77,3,L,-125,-111,-1.000,-1.000
2026-06-25T03:08:38.047Z,TPC Sawgrass (THE PLAYERS Stadium Course),THE PLAYERS Championship 2024,THE PLAYERS Championship,2024,1,V. Hovland,Viktor Hovland,Birdies,5,3.925,-1.075,under,13.21,3,W,100,111,1.000,1.110
2026-06-25T03:08:38.047Z,TPC Sawgrass (THE PLAYERS Stadium Course),THE PLAYERS Championship 2024,THE PLAYERS Championship,2024,3,S. Straka,Sepp Straka,Birdies,3.5,3.147,-0.353,over,-4.42,5,W,100,113,1.000,1.130
2026-06-25T03:08:38.047Z,TPC Sawgrass (THE PLAYERS Stadium Course),THE PLAYERS Championship 2024,THE PLAYERS Championship,2024,3,S. Straka,Sepp Straka,Birdies,3.5,3.147,-0.353,under,-1.14,5,L,-125,-113,-1.000,-1.000
2026-06-25T03:08:38.047Z,TPC Sawgrass (THE PLAYERS Stadium Course),THE PLAYERS Championship 2024,THE PLAYERS Championship,2024,3,C. Conners,Corey Conners,Birdies,3.5,4.104,0.604,over,8.74,3,L,105,102,-1.000,-1.000
2026-06-25T03:08:38.047Z,TPC Sawgrass (THE PLAYERS Stadium Course),THE PLAYERS Championship 2024,THE PLAYERS Championship,2024,3,C. Conners,Corey Conners,Birdies,3.5,4.104,0.604,under,-14.97,3,W,-135,-102,0.741,0.980
2026-06-25T03:08:38.047Z,TPC Sawgrass (THE PLAYERS Stadium Course),THE PLAYERS Championship 2024,THE PLAYERS Championship,2024,3,S. Scheffler,Scottie Scheffler,Birdies,4,4.136,0.136,over,0.49,5,W,-105,-105,0.952,0.952
2026-06-25T03:08:38.047Z,TPC Sawgrass (THE PLAYERS Stadium Course),THE PLAYERS Championship 2024,THE PLAYERS Championship,2024,3,S. Scheffler,Scottie Scheffler,Birdies,4,4.136,0.136,under,-6.25,5,L,-120,-107,-1.000,-1.000
2026-06-25T03:08:38.047Z,TPC Sawgrass (THE PLAYERS Stadium Course),THE PLAYERS Championship 2024,THE PLAYERS Championship,2024,1,S. Lowry,Shane Lowry,Birdies,4.5,4.171,-0.329,over,-9.66,4,L,-125,-109,-1.000,-1.000
2026-06-25T03:08:38.047Z,TPC Sawgrass (THE PLAYERS Stadium Course),THE PLAYERS Championship 2024,THE PLAYERS Championship,2024,1,S. Lowry,Shane Lowry,Birdies,4.5,4.171,-0.329,under,2.89,4,W,-105,109,0.952,1.090
2026-06-25T03:08:38.047Z,TPC Sawgrass (THE PLAYERS Stadium Course),THE PLAYERS Championship 2024,THE PLAYERS Championship,2024,1,T. Finau,Tony Finau,Birdies,4.5,4.493,-0.007,over,-2.47,5,W,-110,103,0.909,1.030
2026-06-25T03:08:38.047Z,TPC Sawgrass (THE PLAYERS Stadium Course),THE PLAYERS Championship 2024,THE PLAYERS Championship,2024,1,T. Finau,Tony Finau,Birdies,4.5,4.493,-0.007,under,-4.46,5,L,-120,-103,-1.000,-1.000
2026-06-25T03:08:38.047Z,TPC Sawgrass (THE PLAYERS Stadium Course),THE PLAYERS Championship 2024,THE PLAYERS Championship,2024,1,W. Zalatoris,Will Zalatoris,Birdies,4.5,3.395,-1.105,over,-21.02,2,L,-135,-116,-1.000,-1.000
2026-06-25T03:08:38.047Z,TPC Sawgrass (THE PLAYERS Stadium Course),THE PLAYERS Championship 2024,THE PLAYERS Championship,2024,1,W. Zalatoris,Will Zalatoris,Birdies,4.5,3.395,-1.105,under,14.79,2,W,105,116,1.050,1.160
2026-06-25T03:08:38.047Z,TPC Sawgrass (THE PLAYERS Stadium Course),THE PLAYERS Championship 2024,THE PLAYERS Championship,2024,1,S. Burns,Sam Burns,Birdies,4.5,3.629,-0.871,over,-15.33,3,L,-120,-102,-1.000,-1.000
2026-06-25T03:08:38.047Z,TPC Sawgrass (THE PLAYERS Stadium Course),THE PLAYERS Championship 2024,THE PLAYERS Championship,2024,1,X. Schauffele,Xander Schauffele,Birdies,4.5,4.076,-0.424,over,-12.75,7,W,-135,-121,0.741,0.826
2026-06-25T03:08:38.047Z,TPC Sawgrass (THE PLAYERS Stadium Course),THE PLAYERS Championship 2024,THE PLAYERS Championship,2024,2,S. Burns,Sam Burns,Birdies,4.5,3.773,-0.727,over,-11.41,5,W,-110,100,0.909,1.000
2026-06-25T03:08:38.047Z,TPC Sawgrass (THE PLAYERS Stadium Course),THE PLAYERS Championship 2024,THE PLAYERS Championship,2024,2,S. Burns,Sam Burns,Birdies,4.5,3.773,-0.727,under,6.65,5,L,-110,-100,-1.000,-1.000
2026-06-25T03:08:38.047Z,TPC Sawgrass (THE PLAYERS Stadium Course),THE PLAYERS Championship 2024,THE PLAYERS Championship,2024,2,T. Fleetwood,Tommy Fleetwood,Birdies,4.5,3.672,-0.828,over,-12.64,4,L,-110,103,-1.000,-1.000
2026-06-25T03:08:38.047Z,TPC Sawgrass (THE PLAYERS Stadium Course),THE PLAYERS Championship 2024,THE PLAYERS Championship,2024,2,T. Fleetwood,Tommy Fleetwood,Birdies,4.5,3.672,-0.828,under,5.71,4,W,-120,-126,0.833,0.794
2026-06-25T03:08:38.047Z,TPC Sawgrass (THE PLAYERS Stadium Course),THE PLAYERS Championship 2024,THE PLAYERS Championship,2024,2,X. Schauffele,Xander Schauffele,Birdies,4.5,4.289,-0.211,over,-11.82,4,L,-145,-127,-1.000,-1.000
2026-06-25T03:08:38.047Z,TPC Sawgrass (THE PLAYERS Stadium Course),THE PLAYERS Championship 2024,THE PLAYERS Championship,2024,2,X. Schauffele,Xander Schauffele,Birdies,4.5,4.289,-0.211,under,5.02,4,W,110,127,1.100,1.270
2026-06-25T03:08:38.047Z,TPC Sawgrass (THE PLAYERS Stadium Course),THE PLAYERS Championship 2024,THE PLAYERS Championship,2024,3,W. Clark,Wyndham Clark,Birdies,3.5,4.447,0.947,over,7.15,4,W,-120,-124,0.833,0.806
2026-06-25T03:08:38.047Z,TPC Sawgrass (THE PLAYERS Stadium Course),THE PLAYERS Championship 2024,THE PLAYERS Championship,2024,3,W. Clark,Wyndham Clark,Birdies,3.5,4.447,0.947,under,-12.91,4,L,-105,124,-1.000,-1.000
2026-06-25T03:08:38.047Z,TPC Sawgrass (THE PLAYERS Stadium Course),THE PLAYERS Championship 2024,THE PLAYERS Championship,2024,3,X. Schauffele,Xander Schauffele,Birdies,3.5,4.244,0.744,over,0.06,7,W,-145,-142,0.690,0.704
2026-06-25T03:08:38.047Z,TPC Sawgrass (THE PLAYERS Stadium Course),THE PLAYERS Championship 2024,THE PLAYERS Championship,2024,3,X. Schauffele,Xander Schauffele,Birdies,3.5,4.244,0.744,under,-3.68,7,L,125,142,-1.000,-1.000
2026-06-25T03:08:38.047Z,TPC Sawgrass (THE PLAYERS Stadium Course),THE PLAYERS Championship 2024,THE PLAYERS Championship,2024,4,W. Clark,Wyndham Clark,Birdies,4.5,4.487,-0.013,over,-1.38,5,W,-105,101,0.952,1.010
2026-06-25T03:08:38.047Z,TPC Sawgrass (THE PLAYERS Stadium Course),THE PLAYERS Championship 2024,THE PLAYERS Championship,2024,4,W. Clark,Wyndham Clark,Birdies,4.5,4.487,-0.013,under,-5.39,5,L,-125,-101,-1.000,-1.000
2026-06-25T03:08:38.047Z,TPC Sawgrass (THE PLAYERS Stadium Course),THE PLAYERS Championship 2024,THE PLAYERS Championship,2024,4,X. Schauffele,Xander Schauffele,Birdies,4.5,4.525,0.025,over,-7.14,5,W,-135,-124,0.741,0.806
2026-06-25T03:08:38.047Z,TPC Sawgrass (THE PLAYERS Stadium Course),THE PLAYERS Championship 2024,THE PLAYERS Championship,2024,4,X. Schauffele,Xander Schauffele,Birdies,4.5,4.525,0.025,under,0.91,5,L,105,124,-1.000,-1.000
2026-06-25T03:08:38.047Z,East Lake Golf Club,TOUR Championship 2024,TOUR Championship,2024,2,A. Scott,Adam Scott,Birdies,4.5,4.416,-0.084,over,0.17,5,W,105,127,1.050,1.270
2026-06-25T03:08:38.047Z,East Lake Golf Club,TOUR Championship 2024,TOUR Championship,2024,2,A. Scott,Adam Scott,Birdies,4.5,4.416,-0.084,under,-9.74,5,L,-155,-127,-1.000,-1.000
2026-06-25T03:08:38.047Z,East Lake Golf Club,TOUR Championship 2024,TOUR Championship,2024,2,X. Schauffele,Xander Schauffele,Birdies,4.5,4.112,-0.388,over,-15.63,7,W,-155,-125,0.645,0.800
2026-06-25T03:08:38.047Z,East Lake Golf Club,TOUR Championship 2024,TOUR Championship,2024,4,H. Matsuyama,Hideki Matsuyama,Birdies,4.5,4.664,0.164,over,8.58,7,W,130,161,1.300,1.610
2026-06-25T03:08:38.047Z,East Lake Golf Club,TOUR Championship 2024,TOUR Championship,2024,2,R. MacIntyre,Robert MacIntyre,Birdies,4.5,3.994,-0.506,over,-6.32,4,L,100,122,-1.000,-1.000
2026-06-25T03:08:38.047Z,East Lake Golf Club,TOUR Championship 2024,TOUR Championship,2024,2,R. MacIntyre,Robert MacIntyre,Birdies,4.5,3.994,-0.506,under,-4.47,4,W,-155,-122,0.645,0.820
2026-06-25T03:08:38.047Z,East Lake Golf Club,TOUR Championship 2024,TOUR Championship,2024,2,V. Hovland,Viktor Hovland,Birdies,4.5,5.056,0.556,over,-2.25,3,L,-145,-121,-1.000,-1.000
2026-06-25T03:08:38.047Z,East Lake Golf Club,TOUR Championship 2024,TOUR Championship,2024,2,J. Thomas,Justin Thomas,Birdies,4.5,3.693,-0.807,over,-12.39,3,L,-110,111,-1.000,-1.000
2026-06-25T03:08:38.047Z,East Lake Golf Club,TOUR Championship 2024,TOUR Championship,2024,1,L. Aberg,Ludvig Aberg,Birdies,4.5,4.405,-0.095,over,-13.45,4,L,-165,-131,-1.000,-1.000
2026-06-25T03:08:38.047Z,East Lake Golf Club,TOUR Championship 2024,TOUR Championship,2024,4,L. Aberg,Ludvig Aberg,Birdies,4.5,4.145,-0.355,over,-8.98,4,L,-120,101,-1.000,-1.000
2026-06-25T03:08:38.047Z,East Lake Golf Club,TOUR Championship 2024,TOUR Championship,2024,4,L. Aberg,Ludvig Aberg,Birdies,4.5,4.145,-0.355,under,-1.12,4,W,-125,-101,0.800,0.990
2026-06-25T03:08:38.047Z,East Lake Golf Club,TOUR Championship 2024,TOUR Championship,2024,2,C. Morikawa,Collin Morikawa,Birdies,4.5,3.600,-0.900,over,-9.90,9,W,105,127,1.050,1.270
2026-06-25T03:08:38.047Z,East Lake Golf Club,TOUR Championship 2024,TOUR Championship,2024,2,C. Morikawa,Collin Morikawa,Birdies,4.5,3.600,-0.900,under,0.34,9,L,-155,-127,-1.000,-1.000
2026-06-25T03:08:38.047Z,East Lake Golf Club,TOUR Championship 2024,TOUR Championship,2024,2,S. Scheffler,Scottie Scheffler,Birdies,4.5,4.133,-0.367,over,-15.37,6,W,-155,-135,0.645,0.741
2026-06-25T03:08:38.047Z,East Lake Golf Club,TOUR Championship 2024,TOUR Championship,2024,2,S. Scheffler,Scottie Scheffler,Birdies,4.5,4.133,-0.367,under,4.59,6,L,100,126,-1.000,-1.000
2026-06-25T03:08:38.047Z,East Lake Golf Club,TOUR Championship 2024,TOUR Championship,2024,3,C. Morikawa,Collin Morikawa,Birdies,4.5,3.560,-0.940,over,-20.79,5,W,-145,-121,0.690,0.826
2026-06-25T03:08:38.047Z,East Lake Golf Club,TOUR Championship 2024,TOUR Championship,2024,3,S. Scheffler,Scottie Scheffler,Birdies,5.5,4.163,-1.337,over,-12.78,6,W,115,139,1.150,1.390
2026-06-25T03:08:38.047Z,East Lake Golf Club,TOUR Championship 2024,TOUR Championship,2024,4,C. Morikawa,Collin Morikawa,Birdies,4.5,5.188,0.688,over,8.55,6,W,100,120,1.000,1.200
2026-06-25T03:08:38.047Z,East Lake Golf Club,TOUR Championship 2024,TOUR Championship,2024,4,C. Morikawa,Collin Morikawa,Birdies,4.5,5.188,0.688,under,-17.73,6,L,-145,-120,-1.000,-1.000
2026-06-25T03:08:38.047Z,East Lake Golf Club,TOUR Championship 2024,TOUR Championship,2024,4,S. Scheffler,Scottie Scheffler,Birdies,4.5,5.033,0.533,over,-4.14,6,W,-155,-128,0.645,0.781
2026-06-25T03:08:38.047Z,East Lake Golf Club,TOUR Championship 2024,TOUR Championship,2024,4,S. Scheffler,Scottie Scheffler,Birdies,4.5,5.033,0.533,under,-5.42,6,L,105,128,-1.000,-1.000
2026-06-25T03:08:38.047Z,East Lake Golf Club,TOUR Championship 2024,TOUR Championship,2024,1,S. Scheffler,Scottie Scheffler,Birdies,4.5,3.983,-0.517,over,-18.71,7,W,-165,-133,0.606,0.752
2026-06-25T03:08:38.047Z,East Lake Golf Club,TOUR Championship 2024,TOUR Championship,2024,1,S. Scheffler,Scottie Scheffler,Birdies,4.5,3.983,-0.517,under,8.83,7,L,110,133,-1.000,-1.000
2026-06-25T03:08:38.047Z,East Lake Golf Club,TOUR Championship 2024,TOUR Championship,2024,1,X. Schauffele,Xander Schauffele,Birdies,4.5,4.112,-0.388,over,-17.11,3,L,-165,-141,-1.000,-1.000
2026-06-25T03:08:38.047Z,East Lake Golf Club,TOUR Championship 2024,TOUR Championship,2024,1,X. Schauffele,Xander Schauffele,Birdies,4.5,4.112,-0.388,under,7.23,3,W,110,133,1.100,1.330
2026-06-25T03:08:38.047Z,East Lake Golf Club,TOUR Championship 2024,TOUR Championship,2024,3,S. Theegala,Sahith Theegala,Birdies,3.5,3.268,-0.232,over,-18.42,8,W,-190,-154,0.526,0.649
2026-06-25T03:08:38.047Z,East Lake Golf Club,TOUR Championship 2024,TOUR Championship,2024,3,X. Schauffele,Xander Schauffele,Birdies,4.5,4.162,-0.338,over,-15.01,2,L,-155,-124,-1.000,-1.000
2026-06-25T03:08:38.047Z,Memorial Park Golf Course,Texas Children's Houston Open,Texas Children's Houston Open,2026,1,Adam Scott,Adam Scott,Total score,68.5,69.386,0.886,over,-2.62,67,L,-165,-137,-1.000,-1.000
2026-06-25T03:08:38.047Z,Memorial Park Golf Course,Texas Children's Houston Open,Texas Children's Houston Open,2026,1,Adam Scott,Adam Scott,Total score,68.5,69.386,0.886,under,-6.15,67,W,115,137,1.150,1.370
2026-06-25T03:08:38.047Z,Memorial Park Golf Course,Texas Children's Houston Open,Texas Children's Houston Open,2026,1,Adam Scott,Adam Scott,Total score,69.5,69.386,-0.114,over,1.13,67,L,110,129,-1.000,-1.000
2026-06-25T03:08:38.047Z,Memorial Park Golf Course,Texas Children's Houston Open,Texas Children's Houston Open,2026,1,Adam Scott,Adam Scott,Total score,69.5,69.386,-0.114,under,-11.01,67,W,-165,-135,0.606,0.741
2026-06-25T03:08:38.047Z,Memorial Park Golf Course,Texas Children's Houston Open,Texas Children's Houston Open,2026,1,Ben Griffin,Ben Griffin,Total score,68.5,69.803,1.303,over,5.69,70,W,-140,-116,0.714,0.862
2026-06-25T03:08:38.047Z,Memorial Park Golf Course,Texas Children's Houston Open,Texas Children's Houston Open,2026,1,Ben Griffin,Ben Griffin,Total score,68.5,69.803,1.303,under,-12.80,70,L,105,115,-1.000,-1.000
2026-06-25T03:08:38.047Z,Memorial Park Golf Course,Texas Children's Houston Open,Texas Children's Houston Open,2026,1,Billy Horschel,Billy Horschel,Total score,69.5,69.162,-0.338,over,-12.04,70,W,-140,-113,0.714,0.885
2026-06-25T03:08:38.047Z,Memorial Park Golf Course,Texas Children's Houston Open,Texas Children's Houston Open,2026,1,Billy Horschel,Billy Horschel,Total score,69.5,69.162,-0.338,under,2.49,70,L,-105,113,-1.000,-1.000
2026-06-25T03:08:38.047Z,Memorial Park Golf Course,Texas Children's Houston Open,Texas Children's Houston Open,2026,1,Brooks Koepka,Brooks Koepka,Total score,68.5,68.216,-0.284,over,-11.46,75,W,-140,-114,0.714,0.877
2026-06-25T03:08:38.047Z,Memorial Park Golf Course,Texas Children's Houston Open,Texas Children's Houston Open,2026,1,Brooks Koepka,Brooks Koepka,Total score,68.5,68.216,-0.284,under,1.90,75,L,-105,103,-1.000,-1.000
2026-06-25T03:08:38.047Z,Memorial Park Golf Course,Texas Children's Houston Open,Texas Children's Houston Open,2026,1,Chris Gotterup,Chris Gotterup,Total score,68.5,69.727,1.227,over,10.85,68,L,-110,108,-1.000,-1.000
2026-06-25T03:08:38.047Z,Memorial Park Golf Course,Texas Children's Houston Open,Texas Children's Houston Open,2026,1,Chris Gotterup,Chris Gotterup,Total score,68.5,69.727,1.227,under,-17.78,68,W,-120,-120,0.833,0.833
2026-06-25T03:08:38.047Z,Memorial Park Golf Course,Texas Children's Houston Open,Texas Children's Houston Open,2026,1,Harris English,Harris English,Total score,68.5,69.746,1.246,over,3.43,71,W,-150,-132,0.667,0.758
2026-06-25T03:08:38.047Z,Memorial Park Golf Course,Texas Children's Houston Open,Texas Children's Houston Open,2026,1,Harris English,Harris English,Total score,68.5,69.746,1.246,under,-12.21,71,L,105,118,-1.000,-1.000
2026-06-25T03:08:38.047Z,Memorial Park Golf Course,Texas Children's Houston Open,Texas Children's Houston Open,2026,1,Harry Hall,Harry Hall,Total score,68.5,69.069,0.569,over,-3.77,69,W,-150,-124,0.667,0.806
2026-06-25T03:08:38.047Z,Memorial Park Golf Course,Texas Children's Houston Open,Texas Children's Houston Open,2026,1,Harry Hall,Harry Hall,Total score,68.5,69.069,0.569,under,-2.74,69,L,115,124,-1.000,-1.000
2026-06-25T03:08:38.047Z,Memorial Park Golf Course,Texas Children's Houston Open,Texas Children's Houston Open,2026,1,Jake Knapp,Jake Knapp,Total score,68.5,69.412,0.912,over,1.59,69,W,-140,-104,0.714,0.962
2026-06-25T03:08:38.047Z,Memorial Park Golf Course,Texas Children's Houston Open,Texas Children's Houston Open,2026,1,Jake Knapp,Jake Knapp,Total score,68.5,69.412,0.912,under,-11.14,69,L,-105,-106,-1.000,-1.000
2026-06-25T03:08:38.047Z,Memorial Park Golf Course,Texas Children's Houston Open,Texas Children's Houston Open,2026,1,Jason Day,Jason Day,Total score,68.5,71.235,2.735,over,17.44,68,L,-150,-126,-1.000,-1.000
2026-06-25T03:08:38.047Z,Memorial Park Golf Course,Texas Children's Houston Open,Texas Children's Houston Open,2026,1,Jason Day,Jason Day,Total score,68.5,71.235,2.735,under,-23.95,68,W,115,120,1.150,1.200
2026-06-25T03:08:38.047Z,Memorial Park Golf Course,Texas Children's Houston Open,Texas Children's Houston Open,2026,1,Keith Mitchell,Keith Mitchell,Total score,68.5,69.131,0.631,over,-3.10,68,L,-150,-121,-1.000,-1.000
2026-06-25T03:08:38.047Z,Memorial Park Golf Course,Texas Children's Houston Open,Texas Children's Houston Open,2026,1,Keith Mitchell,Keith Mitchell,Total score,68.5,69.131,0.631,under,-4.52,68,W,110,113,1.100,1.130
2026-06-25T03:08:38.047Z,Memorial Park Golf Course,Texas Children's Houston Open,Texas Children's Houston Open,2026,1,Kurt Kitayama,Kurt Kitayama,Total score,68.5,69.897,1.397,over,9.43,66,L,-125,-105,-1.000,-1.000
2026-06-25T03:08:38.047Z,Memorial Park Golf Course,Texas Children's Houston Open,Texas Children's Houston Open,2026,1,Kurt Kitayama,Kurt Kitayama,Total score,68.5,69.897,1.397,under,-17.36,66,W,-110,110,0.909,1.100
2026-06-25T03:08:38.047Z,Memorial Park Golf Course,Texas Children's Houston Open,Texas Children's Houston Open,2026,1,Marco Penge,Marco Penge,Total score,68.5,69.221,0.721,over,2.32,66,L,-125,-107,-1.000,-1.000
2026-06-25T03:08:38.047Z,Memorial Park Golf Course,Texas Children's Houston Open,Texas Children's Houston Open,2026,1,Marco Penge,Marco Penge,Total score,68.5,69.221,0.721,under,-9.09,66,W,-105,-105,0.952,0.952
2026-06-25T03:08:38.047Z,Memorial Park Golf Course,Texas Children's Houston Open,Texas Children's Houston Open,2026,1,Michael Thorbjornsen,Michael Thorbjornsen,Total score,68.5,68.921,0.421,over,-5.38,68,L,-150,-121,-1.000,-1.000
2026-06-25T03:08:38.047Z,Memorial Park Golf Course,Texas Children's Houston Open,Texas Children's Houston Open,2026,1,Michael Thorbjornsen,Michael Thorbjornsen,Total score,68.5,68.921,0.421,under,-3.40,68,W,105,117,1.050,1.170
2026-06-25T03:08:38.047Z,Memorial Park Golf Course,Texas Children's Houston Open,Texas Children's Houston Open,2026,1,Min Woo Lee,Min Woo Lee,Total score,68.5,68.541,0.041,over,-0.77,68,L,-105,113,-1.000,-1.000
2026-06-25T03:08:38.047Z,Memorial Park Golf Course,Texas Children's Houston Open,Texas Children's Houston Open,2026,1,Min Woo Lee,Min Woo Lee,Total score,68.5,68.541,0.041,under,-6.00,68,W,-125,-113,0.800,0.885
2026-06-25T03:08:38.047Z,Memorial Park Golf Course,Texas Children's Houston Open,Texas Children's Houston Open,2026,1,Nico Echavarria,Nico Echavarria,Total score,68.5,70.034,1.534,over,4.11,72,W,-165,-137,0.606,0.730
2026-06-25T03:08:38.047Z,Memorial Park Golf Course,Texas Children's Houston Open,Texas Children's Houston Open,2026,1,Nico Echavarria,Nico Echavarria,Total score,68.5,70.034,1.534,under,-12.88,72,L,115,137,-1.000,-1.000
2026-06-25T03:08:38.047Z,Memorial Park Golf Course,Texas Children's Houston Open,Texas Children's Houston Open,2026,1,Patrick Rodgers,Patrick Rodgers,Total score,69.5,68.820,-0.680,over,-5.04,72,W,110,130,1.100,1.300
2026-06-25T03:08:38.047Z,Memorial Park Golf Course,Texas Children's Houston Open,Texas Children's Houston Open,2026,1,Pierceson Coody,Pierceson Coody,Total score,68.5,71.209,2.709,over,14.96,70,W,-165,-137,0.606,0.730
2026-06-25T03:08:38.047Z,Memorial Park Golf Course,Texas Children's Houston Open,Texas Children's Houston Open,2026,1,Pierceson Coody,Pierceson Coody,Total score,68.5,71.209,2.709,under,-23.73,70,L,115,137,-1.000,-1.000
2026-06-25T03:08:38.047Z,Memorial Park Golf Course,Texas Children's Houston Open,Texas Children's Houston Open,2026,1,Pierceson Coody,Pierceson Coody,Total score,69.5,71.209,1.709,over,20.49,70,W,110,132,1.100,1.320
2026-06-25T03:08:38.047Z,Memorial Park Golf Course,Texas Children's Houston Open,Texas Children's Houston Open,2026,1,Rickie Fowler,Rickie Fowler,Total score,68.5,69.489,0.989,over,5.18,67,L,-125,-116,-1.000,-1.000
2026-06-25T03:08:38.047Z,Memorial Park Golf Course,Texas Children's Houston Open,Texas Children's Houston Open,2026,1,Rickie Fowler,Rickie Fowler,Total score,68.5,69.489,0.989,under,-13.11,67,W,-110,-105,0.909,0.952
2026-06-25T03:08:38.047Z,Memorial Park Golf Course,Texas Children's Houston Open,Texas Children's Houston Open,2026,1,Ryan Gerard,Ryan Gerard,Total score,68.5,68.377,-0.123,over,-6.90,74,W,-125,-106,0.800,0.943
2026-06-25T03:08:38.047Z,Memorial Park Golf Course,Texas Children's Houston Open,Texas Children's Houston Open,2026,1,Ryan Gerard,Ryan Gerard,Total score,68.5,68.377,-0.123,under,1.35,74,L,100,-107,-1.000,-1.000
2026-06-25T03:08:38.047Z,Memorial Park Golf Course,Texas Children's Houston Open,Texas Children's Houston Open,2026,1,Sam Burns,Sam Burns,Total score,68.5,69.086,0.586,over,1.87,65,L,-120,100,-1.000,-1.000
2026-06-25T03:08:38.047Z,Memorial Park Golf Course,Texas Children's Houston Open,Texas Children's Houston Open,2026,1,Sam Burns,Sam Burns,Total score,68.5,69.086,0.586,under,-9.90,65,W,-115,-111,0.870,0.901
2026-06-25T03:08:38.047Z,Memorial Park Golf Course,Texas Children's Houston Open,Texas Children's Houston Open,2026,1,Samuel Stevens,Sam Stevens,Total score,68.5,70.023,1.523,over,6.26,67,L,-150,-125,-1.000,-1.000
2026-06-25T03:08:38.047Z,Memorial Park Golf Course,Texas Children's Houston Open,Texas Children's Houston Open,2026,1,Samuel Stevens,Sam Stevens,Total score,68.5,70.023,1.523,under,-13.88,67,W,110,124,1.100,1.240
2026-06-25T03:08:38.047Z,Memorial Park Golf Course,Texas Children's Houston Open,Texas Children's Houston Open,2026,1,Shane Lowry,Shane Lowry,Total score,68.5,69.466,0.966,over,0.49,69,W,-150,-137,0.667,0.730
2026-06-25T03:08:38.047Z,Memorial Park Golf Course,Texas Children's Houston Open,Texas Children's Houston Open,2026,1,Shane Lowry,Shane Lowry,Total score,68.5,69.466,0.966,under,-7.00,69,L,115,115,-1.000,-1.000
2026-06-25T03:08:38.047Z,Memorial Park Golf Course,Texas Children's Houston Open,Texas Children's Houston Open,2026,1,Stephan Jaeger,Stephan Jaeger,Total score,68.5,69.164,0.664,over,-5.01,66,L,-165,-137,-1.000,-1.000
2026-06-25T03:08:38.047Z,Memorial Park Golf Course,Texas Children's Houston Open,Texas Children's Houston Open,2026,1,Stephan Jaeger,Stephan Jaeger,Total score,68.5,69.164,0.664,under,-3.77,66,W,115,119,1.150,1.190
2026-06-25T03:08:38.047Z,Memorial Park Golf Course,Texas Children's Houston Open,Texas Children's Houston Open,2026,1,Stephan Jaeger,Stephan Jaeger,Total score,69.5,69.164,-0.336,under,-8.57,66,W,-165,-136,0.606,0.735
2026-06-25T03:08:38.047Z,Memorial Park Golf Course,Texas Children's Houston Open,Texas Children's Houston Open,2026,1,Sungjae Im,Sungjae Im,Total score,69.5,69.712,0.212,over,3.55,67,L,105,117,-1.000,-1.000
2026-06-25T03:08:38.047Z,Memorial Park Golf Course,Texas Children's Houston Open,Texas Children's Houston Open,2026,1,Sungjae Im,Sungjae Im,Total score,69.5,69.712,0.212,under,-12.33,67,W,-150,-122,0.667,0.820
2026-06-25T03:08:38.047Z,Memorial Park Golf Course,Texas Children's Houston Open,Texas Children's Houston Open,2026,1,Taylor Pendrith,Taylor Pendrith,Total score,68.5,71.406,2.906,over,16.57,75,W,-165,-136,0.606,0.735
2026-06-25T03:08:38.047Z,Memorial Park Golf Course,Texas Children's Houston Open,Texas Children's Houston Open,2026,1,Taylor Pendrith,Taylor Pendrith,Total score,68.5,71.406,2.906,under,-25.34,75,L,115,136,-1.000,-1.000
2026-06-25T03:08:38.047Z,Memorial Park Golf Course,Texas Children's Houston Open,Texas Children's Houston Open,2026,1,Taylor Pendrith,Taylor Pendrith,Total score,69.5,71.406,1.906,over,21.24,75,W,105,124,1.050,1.240
2026-06-25T03:08:38.047Z,Memorial Park Golf Course,Texas Children's Houston Open,Texas Children's Houston Open,2026,1,Taylor Pendrith,Taylor Pendrith,Total score,69.5,71.406,1.906,under,-32.29,75,L,-165,-123,-1.000,-1.000
2026-06-25T03:08:38.047Z,Memorial Park Golf Course,Texas Children's Houston Open,Texas Children's Houston Open,2026,1,Tony Finau,Tony Finau,Total score,69.5,69.383,-0.117,over,1.10,67,L,110,131,-1.000,-1.000
2026-06-25T03:08:38.047Z,Memorial Park Golf Course,Texas Children's Houston Open,Texas Children's Houston Open,2026,1,Tony Finau,Tony Finau,Total score,69.5,69.383,-0.117,under,-10.98,67,W,-165,-131,0.606,0.763
2026-06-25T03:08:38.047Z,Memorial Park Golf Course,Texas Children's Houston Open,Texas Children's Houston Open,2026,1,Wyndham Clark,Wyndham Clark,Total score,68.5,68.976,0.476,over,-3.12,74,W,-140,-116,0.714,0.862
2026-06-25T03:08:38.047Z,Memorial Park Golf Course,Texas Children's Houston Open,Texas Children's Houston Open,2026,1,Wyndham Clark,Wyndham Clark,Total score,68.5,68.976,0.476,under,-4.00,74,L,105,101,-1.000,-1.000
2026-06-25T03:08:38.047Z,Memorial Park Golf Course,Texas Childrens Houston Open,Texas Childrens Houston Open,2024,4,S. Jaeger,Stephan Jaeger,Birdies,3.5,3.450,-0.050,over,-1.84,4,W,-105,106,0.952,1.060
2026-06-25T03:08:38.047Z,Memorial Park Golf Course,Texas Childrens Houston Open,Texas Childrens Houston Open,2024,4,S. Jaeger,Stephan Jaeger,Birdies,3.5,3.450,-0.050,under,-3.92,4,L,-120,-106,-1.000,-1.000
2026-06-25T03:08:38.047Z,Memorial Park Golf Course,Texas Childrens Houston Open,Texas Childrens Houston Open,2024,4,S. Scheffler,Scottie Scheffler,Birdies,4.5,3.441,-1.059,over,-11.81,4,L,105,102,-1.000,-1.000
2026-06-25T03:08:38.047Z,Memorial Park Golf Course,Texas Childrens Houston Open,Texas Childrens Houston Open,2024,4,S. Scheffler,Scottie Scheffler,Birdies,4.5,3.441,-1.059,under,5.58,4,W,-135,-102,0.741,0.980
2026-06-25T03:08:38.047Z,Memorial Park Golf Course,Texas Childrens Houston Open,Texas Childrens Houston Open,2024,2,A. Bhatia,Akshay Bhatia,Birdies,3.5,3.298,-0.202,over,-7.08,2,L,-120,-102,-1.000,-1.000
2026-06-25T03:08:38.047Z,Memorial Park Golf Course,Texas Childrens Houston Open,Texas Childrens Houston Open,2024,2,A. Bhatia,Akshay Bhatia,Birdies,3.5,3.298,-0.202,under,0.15,2,W,-110,102,0.909,1.020
2026-06-25T03:08:38.047Z,Memorial Park Golf Course,Texas Childrens Houston Open,Texas Childrens Houston Open,2024,2,A. Svensson,Adam Svensson,Birdies,3.5,2.897,-0.603,over,-7.50,2,L,100,111,-1.000,-1.000
2026-06-25T03:08:38.047Z,Memorial Park Golf Course,Texas Childrens Houston Open,Texas Childrens Houston Open,2024,2,A. Svensson,Adam Svensson,Birdies,3.5,2.897,-0.603,under,1.95,2,W,-125,-111,0.800,0.901
2026-06-25T03:08:38.047Z,Memorial Park Golf Course,Texas Childrens Houston Open,Texas Childrens Houston Open,2024,2,J. Knapp,Jake Knapp,Birdies,3.5,2.925,-0.575,over,-11.71,3,L,-120,-104,-1.000,-1.000
2026-06-25T03:08:38.047Z,Memorial Park Golf Course,Texas Childrens Houston Open,Texas Childrens Houston Open,2024,2,J. Knapp,Jake Knapp,Birdies,3.5,2.925,-0.575,under,4.79,3,W,-110,104,0.909,1.040
2026-06-25T03:08:38.047Z,Memorial Park Golf Course,Texas Childrens Houston Open,Texas Childrens Houston Open,2024,2,S. Theegala,Sahith Theegala,Birdies,4.5,3.504,-0.996,under,6.72,4,W,-125,-110,0.800,0.909
2026-06-25T03:08:38.047Z,Memorial Park Golf Course,Texas Childrens Houston Open,Texas Childrens Houston Open,2024,2,P. Malnati,Peter Malnati,Birdies,3.5,3.520,0.020,over,-4.29,1,L,-120,-105,-1.000,-1.000
2026-06-25T03:08:38.047Z,Memorial Park Golf Course,Texas Childrens Houston Open,Texas Childrens Houston Open,2024,2,P. Malnati,Peter Malnati,Birdies,3.5,3.520,0.020,under,-1.47,1,W,-105,105,0.952,1.050
2026-06-25T03:08:38.047Z,Memorial Park Golf Course,Texas Childrens Houston Open,Texas Childrens Houston Open,2024,2,S. Scheffler,Scottie Scheffler,Birdies,4.5,3.679,-0.821,over,-17.62,5,W,-135,-122,0.741,0.820
2026-06-25T03:08:38.047Z,Memorial Park Golf Course,Texas Childrens Houston Open,Texas Childrens Houston Open,2024,2,S. Scheffler,Scottie Scheffler,Birdies,4.5,3.679,-0.821,under,12.56,5,L,110,122,-1.000,-1.000
2026-06-25T03:08:38.047Z,Memorial Park Golf Course,Texas Childrens Houston Open,Texas Childrens Houston Open,2024,2,W. Zalatoris,Will Zalatoris,Birdies,4,3.489,-0.511,over,-7.60,5,W,-105,107,0.952,1.070
2026-06-25T03:08:38.047Z,Memorial Park Golf Course,Texas Childrens Houston Open,Texas Childrens Houston Open,2024,2,W. Zalatoris,Will Zalatoris,Birdies,4,3.489,-0.511,under,1.83,5,L,-120,-107,-1.000,-1.000
2026-06-25T03:08:38.047Z,Memorial Park Golf Course,Texas Childrens Houston Open,Texas Childrens Houston Open,2024,4,A. Tosti,Alejandro Tosti,Birdies,3.5,3.284,-0.216,over,-2.71,4,W,100,110,1.000,1.100
2026-06-25T03:08:38.047Z,Memorial Park Golf Course,Texas Childrens Houston Open,Texas Childrens Houston Open,2024,4,A. Tosti,Alejandro Tosti,Birdies,3.5,3.284,-0.216,under,-2.85,4,L,-125,-110,-1.000,-1.000
2026-06-25T03:08:38.047Z,Memorial Park Golf Course,Texas Childrens Houston Open,Texas Childrens Houston Open,2024,4,N. Dunlap,Nick Dunlap,Birdies,3.5,3.977,0.477,over,0.40,3,L,-125,-109,-1.000,-1.000
2026-06-25T03:08:38.047Z,Memorial Park Golf Course,Texas Childrens Houston Open,Texas Childrens Houston Open,2024,4,N. Dunlap,Nick Dunlap,Birdies,3.5,3.977,0.477,under,-7.17,3,W,-105,109,0.952,1.090
2026-06-25T03:08:38.047Z,Memorial Park Golf Course,Texas Childrens Houston Open,Texas Childrens Houston Open,2024,4,T. Detry,Thomas Detry,Birdies,3.5,3.353,-0.147,over,-11.03,3,L,-145,-123,-1.000,-1.000
2026-06-25T03:08:38.047Z,Memorial Park Golf Course,Texas Childrens Houston Open,Texas Childrens Houston Open,2024,4,T. Detry,Thomas Detry,Birdies,3.5,3.353,-0.147,under,4.22,3,W,110,123,1.100,1.230
2026-06-25T03:08:38.047Z,Memorial Park Golf Course,Texas Childrens Houston Open,Texas Childrens Houston Open,2024,2,W. Clark,Wyndham Clark,Birdies,4,3.647,-0.353,over,-13.60,5,W,-145,-124,0.690,0.806
2026-06-25T03:08:38.047Z,Nicklaus Tournament Course,The American Express 2024,The American Express,2024,2,J. Day,Jason Day,Birdies,5.5,4.581,-0.919,over,-12.57,6,W,-105,-108,0.952,0.926
2026-06-25T03:08:38.047Z,Nicklaus Tournament Course,The American Express 2024,The American Express,2024,2,J. Day,Jason Day,Birdies,5.5,4.581,-0.919,under,5.80,6,L,-125,108,-1.000,-1.000
2026-06-25T03:08:38.047Z,Nicklaus Tournament Course,The American Express 2024,The American Express,2024,2,S. Lowry,Shane Lowry,Birdies,5.5,5.036,-0.464,over,-4.57,5,L,105,-108,-1.000,-1.000
2026-06-25T03:08:38.047Z,Nicklaus Tournament Course,The American Express 2024,The American Express,2024,2,S. Lowry,Shane Lowry,Birdies,5.5,5.036,-0.464,under,-1.66,5,W,-135,108,0.741,1.080
2026-06-25T03:08:38.047Z,Pete Dye Stadium Course,The American Express 2024,The American Express,2024,4,"Dunlap, Nick",Nick Dunlap,Birdies,6.5,5.473,-1.027,over,-12.65,4,L,100,113,-1.000,-1.000
2026-06-25T03:08:38.047Z,Pete Dye Stadium Course,The American Express 2024,The American Express,2024,4,"Dunlap, Nick",Nick Dunlap,Birdies,6.5,5.473,-1.027,under,7.09,4,W,-125,-113,0.800,0.885
2026-06-25T03:08:38.047Z,Pete Dye Stadium Course,The American Express 2024,The American Express,2024,4,J. Thomas,Justin Thomas,Birdies,7,5.071,-1.929,over,-25.15,5,L,-110,101,-1.000,-1.000
2026-06-25T03:08:38.047Z,Pete Dye Stadium Course,The American Express 2024,The American Express,2024,4,J. Thomas,Justin Thomas,Birdies,7,5.071,-1.929,under,20.38,5,W,-110,-101,0.909,0.990
2026-06-25T03:08:38.047Z,Pete Dye Stadium Course,The American Express 2024,The American Express,2024,4,S. Burns,Sam Burns,Birdies,7,5.281,-1.719,over,-18.15,5,L,110,122,-1.000,-1.000
2026-06-25T03:08:38.047Z,Pete Dye Stadium Course,The American Express 2024,The American Express,2024,4,S. Burns,Sam Burns,Birdies,7,5.281,-1.719,under,11.35,5,W,-145,-122,0.690,0.820
2026-06-25T03:08:38.047Z,La Quinta Country Club,The American Express 2024,The American Express,2024,1,P. Cantlay,Patrick Cantlay,Birdies,6,4.464,-1.536,under,18.52,8,L,100,112,-1.000,-1.000
2026-06-25T03:08:38.047Z,Pete Dye Stadium Course,The American Express 2024,The American Express,2024,3,P. Cantlay,Patrick Cantlay,Birdies,6.5,4.904,-1.596,over,-23.74,6,L,-120,-102,-1.000,-1.000
2026-06-25T03:08:38.047Z,Pete Dye Stadium Course,The American Express 2024,The American Express,2024,3,S. Scheffler,Scottie Scheffler,Birdies,6.5,5.096,-1.404,over,-21.58,4,L,-120,-102,-1.000,-1.000
2026-06-25T03:08:38.047Z,La Quinta Country Club,The American Express 2024,The American Express,2024,1,J. Thomas,Justin Thomas,Birdies,5.5,4.725,-0.775,over,-15.17,8,W,-125,-112,0.800,0.893
2026-06-25T03:08:38.047Z,La Quinta Country Club,The American Express 2024,The American Express,2024,1,J. Thomas,Justin Thomas,Birdies,5.5,4.725,-0.775,under,9.61,8,L,100,112,-1.000,-1.000
2026-06-25T03:08:38.047Z,La Quinta Country Club,The American Express 2024,The American Express,2024,1,R. Fowler,Rickie Fowler,Birdies,5.5,4.356,-1.144,over,-16.41,5,L,-110,102,-1.000,-1.000
2026-06-25T03:08:38.047Z,La Quinta Country Club,The American Express 2024,The American Express,2024,1,R. Fowler,Rickie Fowler,Birdies,5.5,4.356,-1.144,under,9.48,5,W,-120,-102,0.833,0.980
2026-06-25T03:08:38.047Z,Nicklaus Tournament Course,The American Express 2024,The American Express,2024,2,J. Thomas,Justin Thomas,Birdies,5.5,5.305,-0.195,over,-6.99,7,W,-120,-122,0.833,0.820
2026-06-25T03:08:38.047Z,Nicklaus Tournament Course,The American Express 2024,The American Express,2024,2,J. Thomas,Justin Thomas,Birdies,5.5,5.305,-0.195,under,1.22,7,L,-105,105,-1.000,-1.000
2026-06-25T03:08:38.047Z,Nicklaus Tournament Course,The American Express 2024,The American Express,2024,2,R. Fowler,Rickie Fowler,Birdies,5,4.336,-0.664,over,-15.71,6,W,-135,-133,0.741,0.752
2026-06-25T03:08:38.047Z,Nicklaus Tournament Course,The American Express 2024,The American Express,2024,2,R. Fowler,Rickie Fowler,Birdies,5,4.336,-0.664,under,9.48,6,L,105,121,-1.000,-1.000
2026-06-25T03:08:38.047Z,Pete Dye Stadium Course,The American Express 2024,The American Express,2024,4,E. Cole,Eric Cole,Birdies,6,4.954,-1.046,over,-22.06,4,L,-145,-124,-1.000,-1.000
2026-06-25T03:08:38.047Z,Nicklaus Tournament Course,The American Express 2024,The American Express,2024,2,T. Finau,Tony Finau,Birdies,5,4.814,-0.186,over,-9.78,7,W,-135,-133,0.741,0.752
2026-06-25T03:08:38.047Z,Nicklaus Tournament Course,The American Express 2024,The American Express,2024,2,X. Schauffele,Xander Schauffele,Birdies,5.5,5.054,-0.446,over,-10.11,5,L,-120,-117,-1.000,-1.000
2026-06-25T03:08:38.047Z,Nicklaus Tournament Course,The American Express 2024,The American Express,2024,2,X. Schauffele,Xander Schauffele,Birdies,5.5,5.054,-0.446,under,4.35,5,W,-105,106,0.952,1.060
2026-06-25T03:08:38.047Z,Pete Dye Stadium Course,The American Express 2024,The American Express,2024,3,T. Finau,Tony Finau,Birdies,5.5,4.664,-0.836,over,-17.80,7,W,-135,-120,0.741,0.833
2026-06-25T03:08:38.047Z,TPC Craig Ranch,The CJ CUP Byron Nelson 2024,The CJ CUP Byron Nelson,2024,4,K. Kraft,Kelly Kraft,Birdies,4.5,4.878,0.378,over,-2.72,5,W,-135,-117,0.741,0.855
2026-06-25T03:08:38.047Z,TPC Craig Ranch,The CJ CUP Byron Nelson 2024,The CJ CUP Byron Nelson,2024,4,K. Kraft,Kelly Kraft,Birdies,4.5,4.878,0.378,under,-3.50,5,L,105,117,-1.000,-1.000
2026-06-25T03:08:38.047Z,TPC Craig Ranch,The CJ CUP Byron Nelson 2024,The CJ CUP Byron Nelson,2024,4,M. Wallace,Matt Wallace,Birdies,5,5.497,0.497,under,-13.65,6,L,-135,-115,-1.000,-1.000
2026-06-25T03:08:38.047Z,TPC Craig Ranch,The CJ CUP Byron Nelson 2024,The CJ CUP Byron Nelson,2024,4,B. Kohles,Ben Kohles,Birdies,5,5.517,0.517,under,-15.63,6,L,-145,-124,-1.000,-1.000
2026-06-25T03:08:38.047Z,TPC Craig Ranch,The CJ CUP Byron Nelson 2024,The CJ CUP Byron Nelson,2024,4,J. Knapp,Jake Knapp,Birdies,5,4.629,-0.371,under,4.63,4,W,100,111,1.000,1.110
2026-06-25T03:08:38.047Z,TPC Craig Ranch,The CJ CUP Byron Nelson 2024,The CJ CUP Byron Nelson,2024,3,D. Riley,Davis Riley,Birdies,5,4.106,-0.894,under,6.51,2,W,-120,-104,0.833,0.962
2026-06-25T03:08:38.047Z,TPC Craig Ranch,The CJ CUP Byron Nelson 2024,The CJ CUP Byron Nelson,2024,3,T. Pendrith,Taylor Pendrith,Birdies,5,4.727,-0.273,over,-5.80,6,W,-110,-101,0.909,0.990
2026-06-25T03:08:38.047Z,TPC Craig Ranch,The CJ CUP Byron Nelson 2024,The CJ CUP Byron Nelson,2024,3,T. Pendrith,Taylor Pendrith,Birdies,5,4.727,-0.273,under,1.04,6,L,-110,101,-1.000,-1.000
2026-06-25T03:08:38.047Z,TPC Craig Ranch,The CJ CUP Byron Nelson 2024,The CJ CUP Byron Nelson,2024,4,A. Rai,Aaron Rai,Birdies,5,5.402,0.402,under,-3.80,7,L,105,118,-1.000,-1.000
2026-06-25T03:08:38.047Z,The Riviera Country Club,The Genesis Invitational 2024,The Genesis Invitational,2024,4,A. Scott,Adam Scott,Birdies,4.5,3.098,-1.402,over,-18.24,4,L,-105,105,-1.000,-1.000
2026-06-25T03:08:38.047Z,The Riviera Country Club,The Genesis Invitational 2024,The Genesis Invitational,2024,4,A. Scott,Adam Scott,Birdies,4.5,3.098,-1.402,under,12.47,4,W,-120,-105,0.833,0.952
2026-06-25T03:08:38.047Z,The Riviera Country Club,The Genesis Invitational 2024,The Genesis Invitational,2024,4,Cam. Young,Cameron Young,Birdies,4.5,2.645,-1.855,over,-23.20,2,L,-105,108,-1.000,-1.000
2026-06-25T03:08:38.047Z,The Riviera Country Club,The Genesis Invitational 2024,The Genesis Invitational,2024,3,A. Scott,Adam Scott,Birdies,4.5,3.103,-1.397,under,6.17,7,L,-155,-131,-1.000,-1.000
2026-06-25T03:08:38.047Z,The Riviera Country Club,The Genesis Invitational 2024,The Genesis Invitational,2024,4,L. Aberg,Ludvig Aberg,Birdies,4.5,3.131,-1.369,over,-22.19,6,W,-125,-113,0.800,0.885
2026-06-25T03:08:38.047Z,The Riviera Country Club,The Genesis Invitational 2024,The Genesis Invitational,2024,1,E. Grillo,Emiliano Grillo,Birdies,5,2.986,-2.014,over,-24.86,3,L,-105,109,-1.000,-1.000
2026-06-25T03:08:38.047Z,The Riviera Country Club,The Genesis Invitational 2024,The Genesis Invitational,2024,1,E. Grillo,Emiliano Grillo,Birdies,5,2.986,-2.014,under,18.09,3,W,-125,-109,0.800,0.917
2026-06-25T03:08:38.047Z,The Riviera Country Club,The Genesis Invitational 2024,The Genesis Invitational,2024,1,J. Spieth,Jordan Spieth,Birdies,4,2.366,-1.634,over,-20.83,6,W,-105,107,0.952,1.070
2026-06-25T03:08:38.047Z,The Riviera Country Club,The Genesis Invitational 2024,The Genesis Invitational,2024,1,J. Spieth,Jordan Spieth,Birdies,4,2.366,-1.634,under,15.06,6,L,-120,-107,-1.000,-1.000
2026-06-25T03:08:38.047Z,The Riviera Country Club,The Genesis Invitational 2024,The Genesis Invitational,2024,1,P. Cantlay,Patrick Cantlay,Birdies,4,2.708,-1.292,over,-21.31,8,W,-125,-108,0.800,0.926
2026-06-25T03:08:38.047Z,The Riviera Country Club,The Genesis Invitational 2024,The Genesis Invitational,2024,1,T. Kim,Tom Kim,Birdies,3.5,3.311,-0.189,over,-13.15,3,L,-155,-132,-1.000,-1.000
2026-06-25T03:08:38.047Z,The Riviera Country Club,The Genesis Invitational 2024,The Genesis Invitational,2024,2,J. Spieth,Jordan Spieth,Birdies,4.5,2.571,-1.929,over,-25.15,4,L,-110,-101,-1.000,-1.000
2026-06-25T03:08:38.047Z,The Riviera Country Club,The Genesis Invitational 2024,The Genesis Invitational,2024,2,P. Cantlay,Patrick Cantlay,Birdies,4.5,2.143,-2.357,over,-34.49,5,W,-135,-116,0.741,0.862
2026-06-25T03:08:38.047Z,The Riviera Country Club,The Genesis Invitational 2024,The Genesis Invitational,2024,2,P. Cantlay,Patrick Cantlay,Birdies,4.5,2.143,-2.357,under,28.26,5,L,105,116,-1.000,-1.000
2026-06-25T03:08:38.047Z,The Riviera Country Club,The Genesis Invitational 2024,The Genesis Invitational,2024,2,T. Kim,Tom Kim,Birdies,4,3.402,-0.598,over,-16.63,5,W,-145,-129,0.690,0.775
2026-06-25T03:08:38.047Z,The Riviera Country Club,The Genesis Invitational 2024,The Genesis Invitational,2024,3,P. Cantlay,Patrick Cantlay,Birdies,4.5,2.030,-2.470,over,-33.66,3,L,-125,-113,-1.000,-1.000
2026-06-25T03:08:38.047Z,The Riviera Country Club,The Genesis Invitational 2024,The Genesis Invitational,2024,3,P. Cantlay,Patrick Cantlay,Birdies,4.5,2.030,-2.470,under,28.10,3,W,100,113,1.000,1.130
2026-06-25T03:08:38.047Z,The Riviera Country Club,The Genesis Invitational 2024,The Genesis Invitational,2024,4,L. List,Luke List,Birdies,4.5,3.080,-1.420,over,-16.00,5,W,105,120,1.050,1.200
2026-06-25T03:08:38.047Z,The Riviera Country Club,The Genesis Invitational 2024,The Genesis Invitational,2024,4,L. List,Luke List,Birdies,4.5,3.080,-1.420,under,9.77,5,L,-135,-120,-1.000,-1.000
2026-06-25T03:08:38.047Z,The Riviera Country Club,The Genesis Invitational 2024,The Genesis Invitational,2024,4,W. Zalatoris,Will Zalatoris,Birdies,4.5,2.520,-1.980,over,-27.84,4,L,-120,-106,-1.000,-1.000
2026-06-25T03:08:38.047Z,The Riviera Country Club,The Genesis Invitational 2024,The Genesis Invitational,2024,4,W. Zalatoris,Will Zalatoris,Birdies,4.5,2.520,-1.980,under,22.08,4,W,-105,106,0.952,1.060
2026-06-25T03:08:38.047Z,The Riviera Country Club,The Genesis Invitational 2024,The Genesis Invitational,2024,1,C. Morikawa,Collin Morikawa,Birdies,4,3.000,-1.000,over,-12.32,2,L,100,113,-1.000,-1.000
2026-06-25T03:08:38.047Z,The Riviera Country Club,The Genesis Invitational 2024,The Genesis Invitational,2024,1,C. Morikawa,Collin Morikawa,Birdies,4,3.000,-1.000,under,6.77,2,W,-125,-113,0.800,0.885
2026-06-25T03:08:38.047Z,The Riviera Country Club,The Genesis Invitational 2024,The Genesis Invitational,2024,1,M. Fitzpatrick,Matt Fitzpatrick,Birdies,3.5,2.249,-1.251,over,-24.47,3,L,-145,-124,-1.000,-1.000
2026-06-25T03:08:38.047Z,The Riviera Country Club,The Genesis Invitational 2024,The Genesis Invitational,2024,1,M. Fitzpatrick,Matt Fitzpatrick,Birdies,3.5,2.249,-1.251,under,17.66,3,W,110,124,1.100,1.240
2026-06-25T03:08:38.047Z,The Riviera Country Club,The Genesis Invitational 2024,The Genesis Invitational,2024,1,S. Scheffler,Scottie Scheffler,Birdies,4,3.141,-0.859,over,-19.82,5,W,-145,-123,0.690,0.813
2026-06-25T03:08:38.047Z,The Riviera Country Club,The Genesis Invitational 2024,The Genesis Invitational,2024,1,S. Scheffler,Scottie Scheffler,Birdies,4,3.141,-0.859,under,13.02,5,L,110,123,-1.000,-1.000
2026-06-25T03:08:38.047Z,The Riviera Country Club,The Genesis Invitational 2024,The Genesis Invitational,2024,2,C. Morikawa,Collin Morikawa,Birdies,4.5,3.281,-1.219,over,-16.13,4,L,-105,107,-1.000,-1.000
2026-06-25T03:08:38.047Z,The Riviera Country Club,The Genesis Invitational 2024,The Genesis Invitational,2024,2,S. Scheffler,Scottie Scheffler,Birdies,5,2.408,-2.592,over,-26.84,3,L,110,127,-1.000,-1.000
2026-06-25T03:08:38.047Z,The Riviera Country Club,The Genesis Invitational 2024,The Genesis Invitational,2024,2,S. Scheffler,Scottie Scheffler,Birdies,5,2.408,-2.592,under,20.04,3,W,-145,-127,0.690,0.787
2026-06-25T03:08:38.047Z,The Riviera Country Club,The Genesis Invitational 2024,The Genesis Invitational,2024,4,M. Homa,Max Homa,Birdies,4.5,3.136,-1.364,over,-14.20,3,L,110,123,-1.000,-1.000
2026-06-25T03:08:38.047Z,The Riviera Country Club,The Genesis Invitational 2024,The Genesis Invitational,2024,4,S. Scheffler,Scottie Scheffler,Birdies,4.5,2.685,-1.815,over,-27.12,5,W,-125,-108,0.800,0.926
2026-06-25T03:08:38.047Z,The Riviera Country Club,The Genesis Invitational 2024,The Genesis Invitational,2024,4,S. Scheffler,Scottie Scheffler,Birdies,4.5,2.685,-1.815,under,20.35,5,L,-105,108,-1.000,-1.000
2026-06-25T03:08:38.047Z,The Riviera Country Club,The Genesis Invitational 2024,The Genesis Invitational,2024,1,N. Taylor,Nick Taylor,Birdies,3.5,2.945,-0.555,over,-14.36,2,L,-135,-120,-1.000,-1.000
2026-06-25T03:08:38.047Z,The Riviera Country Club,The Genesis Invitational 2024,The Genesis Invitational,2024,1,N. Taylor,Nick Taylor,Birdies,3.5,2.945,-0.555,under,8.14,2,W,105,120,1.050,1.200
2026-06-25T03:08:38.047Z,The Riviera Country Club,The Genesis Invitational 2024,The Genesis Invitational,2024,1,S. Burns,Sam Burns,Birdies,4,2.637,-1.363,over,-18.95,2,L,-110,101,-1.000,-1.000
2026-06-25T03:08:38.047Z,The Riviera Country Club,The Genesis Invitational 2024,The Genesis Invitational,2024,2,S. Burns,Sam Burns,Birdies,5,2.131,-2.869,under,30.40,3,W,-105,106,0.952,1.060
2026-06-25T03:08:38.047Z,The Riviera Country Club,The Genesis Invitational 2024,The Genesis Invitational,2024,2,V. Hovland,Viktor Hovland,Birdies,5,2.694,-2.306,over,-34.00,4,L,-135,-119,-1.000,-1.000
2026-06-25T03:08:38.047Z,The Riviera Country Club,The Genesis Invitational 2024,The Genesis Invitational,2024,2,V. Hovland,Viktor Hovland,Birdies,5,2.694,-2.306,under,27.77,4,W,105,119,1.050,1.190
2026-06-25T03:08:38.047Z,The Riviera Country Club,The Genesis Invitational 2024,The Genesis Invitational,2024,3,N. Taylor,Nick Taylor,Birdies,4,2.924,-1.076,over,-22.41,2,L,-145,-128,-1.000,-1.000
2026-06-25T03:08:38.047Z,The Riviera Country Club,The Genesis Invitational 2024,The Genesis Invitational,2024,3,V. Hovland,Viktor Hovland,Birdies,4.5,2.631,-1.869,over,-27.69,3,L,-125,-109,-1.000,-1.000
2026-06-25T03:08:38.047Z,The Riviera Country Club,The Genesis Invitational 2024,The Genesis Invitational,2024,4,P. Cantlay,Patrick Cantlay,Birdies,4.5,2.252,-2.248,over,-27.21,2,L,-105,108,-1.000,-1.000
2026-06-25T03:08:38.047Z,The Riviera Country Club,The Genesis Invitational 2024,The Genesis Invitational,2024,4,P. Cantlay,Patrick Cantlay,Birdies,4.5,2.252,-2.248,under,20.44,2,W,-125,-108,0.800,0.926
2026-06-25T03:08:38.047Z,The Riviera Country Club,The Genesis Invitational 2024,The Genesis Invitational,2024,4,X. Schauffele,Xander Schauffele,Birdies,4.5,3.155,-1.345,over,-17.58,4,L,-105,105,-1.000,-1.000
2026-06-25T03:08:38.047Z,The Riviera Country Club,The Genesis Invitational 2024,The Genesis Invitational,2024,4,X. Schauffele,Xander Schauffele,Birdies,4.5,3.155,-1.345,under,11.81,4,W,-120,-105,0.833,0.952
2026-06-25T03:08:38.047Z,The Riviera Country Club,The Genesis Invitational 2024,The Genesis Invitational,2024,1,M. Homa,Max Homa,Birdies,4,2.942,-1.058,over,-13.01,3,L,100,111,-1.000,-1.000
2026-06-25T03:08:38.047Z,The Riviera Country Club,The Genesis Invitational 2024,The Genesis Invitational,2024,1,W. Clark,Wyndham Clark,Birdies,3.5,3.408,-0.092,over,-11.94,4,W,-155,-132,0.645,0.758
2026-06-25T03:08:38.047Z,The Riviera Country Club,The Genesis Invitational 2024,The Genesis Invitational,2024,2,M. Homa,Max Homa,Birdies,4.5,2.850,-1.650,over,-21.01,8,W,-105,106,0.952,1.060
2026-06-25T03:08:38.047Z,The Riviera Country Club,The Genesis Invitational 2024,The Genesis Invitational,2024,2,M. Homa,Max Homa,Birdies,4.5,2.850,-1.650,under,15.24,8,L,-120,-106,-1.000,-1.000
2026-06-25T03:08:38.047Z,The Riviera Country Club,The Genesis Invitational 2024,The Genesis Invitational,2024,2,W. Clark,Wyndham Clark,Birdies,4.5,3.630,-0.870,over,-10.77,3,L,100,113,-1.000,-1.000
2026-06-25T03:08:38.047Z,The Riviera Country Club,The Genesis Invitational 2024,The Genesis Invitational,2024,2,W. Clark,Wyndham Clark,Birdies,4.5,3.630,-0.870,under,5.22,3,W,-125,-113,0.800,0.885
2026-06-25T03:08:38.047Z,The Riviera Country Club,The Genesis Invitational 2024,The Genesis Invitational,2024,3,S. Scheffler,Scottie Scheffler,Birdies,4.5,2.295,-2.205,over,-31.12,4,L,-125,-108,-1.000,-1.000
2026-06-25T03:08:38.047Z,The Riviera Country Club,The Genesis Invitational 2024,The Genesis Invitational,2024,3,S. Scheffler,Scottie Scheffler,Birdies,4.5,2.295,-2.205,under,24.35,4,W,-105,108,0.952,1.080
2026-06-25T03:08:38.047Z,The Riviera Country Club,The Genesis Invitational 2024,The Genesis Invitational,2024,3,T. Fleetwood,Tommy Fleetwood,Birdies,4,3.051,-0.949,over,-20.90,3,L,-145,-130,-1.000,-1.000
2026-06-25T03:08:38.047Z,The Riviera Country Club,The Genesis Invitational 2024,The Genesis Invitational,2024,3,T. Fleetwood,Tommy Fleetwood,Birdies,4,3.051,-0.949,under,15.21,3,W,115,130,1.150,1.300
2026-06-25T03:08:38.047Z,The Riviera Country Club,The Genesis Invitational 2024,The Genesis Invitational,2024,1,S. Theegala,Sahith Theegala,Birdies,4,2.705,-1.295,over,-14.57,3,L,105,120,-1.000,-1.000
2026-06-25T03:08:38.047Z,The Riviera Country Club,The Genesis Invitational 2024,The Genesis Invitational,2024,1,S. Theegala,Sahith Theegala,Birdies,4,2.705,-1.295,under,8.34,3,W,-135,-120,0.741,0.833
2026-06-25T03:08:38.047Z,The Riviera Country Club,The Genesis Invitational 2024,The Genesis Invitational,2024,1,T. Fleetwood,Tommy Fleetwood,Birdies,4,3.143,-0.857,over,-9.39,3,L,105,120,-1.000,-1.000
2026-06-25T03:08:38.047Z,The Riviera Country Club,The Genesis Invitational 2024,The Genesis Invitational,2024,1,X. Schauffele,Xander Schauffele,Birdies,4,2.941,-1.059,over,-18.58,5,W,-125,-110,0.800,0.909
2026-06-25T03:08:38.047Z,The Riviera Country Club,The Genesis Invitational 2024,The Genesis Invitational,2024,1,X. Schauffele,Xander Schauffele,Birdies,4,2.941,-1.059,under,11.80,5,L,-105,110,-1.000,-1.000
2026-06-25T03:08:38.047Z,The Riviera Country Club,The Genesis Invitational 2024,The Genesis Invitational,2024,2,S. Theegala,Sahith Theegala,Birdies,4.5,2.838,-1.662,under,12.46,4,W,-135,-115,0.741,0.870
2026-06-25T03:08:38.047Z,The Riviera Country Club,The Genesis Invitational 2024,The Genesis Invitational,2024,1,G. Woodland,Gary Woodland,Birdies,3,3.030,0.030,over,-7.07,5,W,-135,-120,0.741,0.833
2026-06-25T03:08:38.047Z,The Riviera Country Club,The Genesis Invitational 2024,The Genesis Invitational,2024,1,J. Thomas,Justin Thomas,Birdies,4,2.298,-1.702,over,-19.13,3,L,105,116,-1.000,-1.000
2026-06-25T03:08:38.047Z,The Riviera Country Club,The Genesis Invitational 2024,The Genesis Invitational,2024,1,J. Thomas,Justin Thomas,Birdies,4,2.298,-1.702,under,12.90,3,W,-135,-116,0.741,0.862
2026-06-25T03:08:38.047Z,The Riviera Country Club,The Genesis Invitational 2024,The Genesis Invitational,2024,1,T. Woods,Tiger Woods,Birdies,3.5,2.970,-0.530,over,-3.11,5,W,115,129,1.150,1.290
2026-06-25T03:08:38.047Z,The Riviera Country Club,The Genesis Invitational 2024,The Genesis Invitational,2024,1,T. Woods,Tiger Woods,Birdies,3.5,2.970,-0.530,under,-2.58,5,L,-145,-129,-1.000,-1.000
2026-06-25T03:08:38.047Z,The Riviera Country Club,The Genesis Invitational 2024,The Genesis Invitational,2024,2,G. Woodland,Gary Woodland,Birdies,4.5,2.874,-1.626,over,-17.13,2,L,110,125,-1.000,-1.000
2026-06-25T03:08:38.047Z,The Riviera Country Club,The Genesis Invitational 2024,The Genesis Invitational,2024,2,G. Woodland,Gary Woodland,Birdies,4.5,2.874,-1.626,under,10.33,2,W,-145,-125,0.690,0.800
2026-06-25T03:08:38.047Z,The Riviera Country Club,The Genesis Invitational 2024,The Genesis Invitational,2024,2,J. Thomas,Justin Thomas,Birdies,5,2.527,-2.473,over,-26.91,4,L,105,116,-1.000,-1.000
2026-06-25T03:08:38.047Z,The Riviera Country Club,The Genesis Invitational 2024,The Genesis Invitational,2024,2,J. Thomas,Justin Thomas,Birdies,5,2.527,-2.473,under,20.69,4,W,-135,-116,0.741,0.862
2026-06-25T03:08:38.047Z,Royal Liverpool,The Open Championship 2023,The Open Championship,2023,4,B. Harman,Brian Harman,Birdies,3,0.414,-2.586,under,31.54,4,L,110,124,-1.000,-1.000
2026-06-25T03:08:38.047Z,Royal Liverpool,The Open Championship 2023,The Open Championship,2023,4,C. Young,Cameron Young,Birdies,3.5,0.312,-3.188,over,-32.94,2,L,105,118,-1.000,-1.000
2026-06-25T03:08:38.047Z,Royal Liverpool,The Open Championship 2023,The Open Championship,2023,4,C. Young,Cameron Young,Birdies,3.5,0.312,-3.188,under,26.71,2,W,-135,-118,0.741,0.847
2026-06-25T03:08:38.047Z,Royal Liverpool,The Open Championship 2023,The Open Championship,2023,2,E. Grillo,Emiliano Grillo,Birdies,3,0.142,-2.858,over,-37.09,2,L,-125,-112,-1.000,-1.000
2026-06-25T03:08:38.047Z,Royal Liverpool,The Open Championship 2023,The Open Championship,2023,4,J. Rahm,Jon Rahm,Birdies,4,0.240,-3.760,over,-34.63,3,L,115,129,-1.000,-1.000
2026-06-25T03:08:38.047Z,Royal Liverpool,The Open Championship 2023,The Open Championship,2023,4,J. Rahm,Jon Rahm,Birdies,4,0.240,-3.760,under,28.93,3,W,-145,-129,0.690,0.775
2026-06-25T03:08:38.047Z,Royal Liverpool,The Open Championship 2023,The Open Championship,2023,4,V. Hovland,Viktor Hovland,Birdies,3.5,0.119,-3.381,under,34.36,3,W,-105,106,0.952,1.060
2026-06-25T03:08:38.047Z,Royal Liverpool,The Open Championship 2023,The Open Championship,2023,2,T. Finau,Tony Finau,Birdies,3,-0.007,-3.007,over,-38.30,1,L,-125,-113,-1.000,-1.000
2026-06-25T03:08:38.047Z,Royal Liverpool,The Open Championship 2023,The Open Championship,2023,3,B. Harman,Brian Harman,Birdies,3,0.285,-2.715,over,-30.31,4,W,100,113,1.000,1.130
2026-06-25T03:08:38.047Z,Royal Liverpool,The Open Championship 2023,The Open Championship,2023,3,T. Fleetwood,Tommy Fleetwood,Birdies,3,0.235,-2.765,over,-41.52,1,L,-155,-134,-1.000,-1.000
2026-06-25T03:08:38.047Z,Royal Liverpool,The Open Championship 2023,The Open Championship,2023,4,S. Straka,Sepp Straka,Birdies,3,0.401,-2.599,over,-31.66,5,W,-110,100,0.909,1.000
2026-06-25T03:08:38.047Z,Royal Liverpool,The Open Championship 2023,The Open Championship,2023,4,S. Straka,Sepp Straka,Birdies,3,0.401,-2.599,under,26.90,5,L,-110,-100,-1.000,-1.000
2026-06-25T03:08:38.047Z,Royal Liverpool,The Open Championship 2023,The Open Championship,2023,4,T. Fleetwood,Tommy Fleetwood,Birdies,3.5,0.284,-3.216,under,31.99,2,W,-110,101,0.909,1.010
2026-06-25T03:08:38.047Z,Royal Portrush Golf Club,The Open Championship 2025,The Open Championship,2025,2,H. Matsuyama,Hideki Matsuyama,Birdies,2.5,0.547,-1.953,over,-40.76,5,W,-210,-168,0.476,0.595
2026-06-25T03:08:38.047Z,Royal Portrush Golf Club,The Open Championship 2025,The Open Championship,2025,2,M. Fitzpatrick,Matt Fitzpatrick,Birdies,3.5,0.670,-2.830,over,-30.07,8,W,105,129,1.050,1.290
2026-06-25T03:08:38.047Z,Royal Portrush Golf Club,The Open Championship 2025,The Open Championship,2025,2,J. Rahm,Jon Rahm,Birdies,3.5,0.314,-3.186,over,-47.78,3,L,-175,-141,-1.000,-1.000
2026-06-25T03:08:38.047Z,Royal Portrush Golf Club,The Open Championship 2025,The Open Championship,2025,2,J.J. Spaun,J.J. Spaun,Birdies,3.5,0.095,-3.405,over,-34.53,6,W,105,132,1.050,1.320
2026-06-25T03:08:38.047Z,Royal Portrush Golf Club,The Open Championship 2025,The Open Championship,2025,2,J.J. Spaun,J.J. Spaun,Birdies,3.5,0.095,-3.405,under,23.49,6,L,-165,-132,-1.000,-1.000
2026-06-25T03:08:38.047Z,Royal Portrush Golf Club,The Open Championship 2025,The Open Championship,2025,2,X. Schauffele,Xander Schauffele,Birdies,3.5,0.267,-3.233,over,-43.68,5,W,-145,-115,0.690,0.870
2026-06-25T03:08:38.047Z,Royal Portrush Golf Club,The Open Championship 2025,The Open Championship,2025,2,X. Schauffele,Xander Schauffele,Birdies,3.5,0.267,-3.233,under,33.28,5,L,-105,115,-1.000,-1.000
2026-06-25T03:08:38.047Z,Royal Portrush Golf Club,The Open Championship 2025,The Open Championship,2025,2,B. Dechambeau,Bryson DeChambeau,Birdies,3.5,0.041,-3.459,over,-32.64,7,W,115,140,1.150,1.400
2026-06-25T03:08:38.047Z,Royal Portrush Golf Club,The Open Championship 2025,The Open Championship,2025,2,R. MacIntyre,Robert MacIntyre,Birdies,3.5,0.141,-3.359,over,-28.90,6,W,130,158,1.300,1.580
2026-06-25T03:08:38.047Z,Royal Portrush Golf Club,The Open Championship 2025,The Open Championship,2025,1,J. Spieth,Jordan Spieth,Birdies,3.5,0.267,-3.233,over,-33.28,2,L,105,132,-1.000,-1.000
2026-06-25T03:08:38.047Z,Royal Portrush Golf Club,The Open Championship 2025,The Open Championship,2025,1,J. Spieth,Jordan Spieth,Birdies,3.5,0.267,-3.233,under,22.24,2,W,-165,-132,0.606,0.758
2026-06-25T03:08:38.047Z,Royal Portrush Golf Club,The Open Championship 2025,The Open Championship,2025,1,L. Aberg,Ludvig Aberg,Birdies,3.5,0.599,-2.901,over,-36.43,2,L,-120,105,-1.000,-1.000
2026-06-25T03:08:38.047Z,Royal Portrush Golf Club,The Open Championship 2025,The Open Championship,2025,1,L. Aberg,Ludvig Aberg,Birdies,3.5,0.599,-2.901,under,26.33,2,W,-125,-105,0.800,0.952
2026-06-25T03:08:38.047Z,Royal Portrush Golf Club,The Open Championship 2025,The Open Championship,2025,1,V. Hovland,Viktor Hovland,Birdies,3.5,0.274,-3.226,over,-36.83,2,L,-110,108,-1.000,-1.000
2026-06-25T03:08:38.047Z,Royal Portrush Golf Club,The Open Championship 2025,The Open Championship,2025,1,V. Hovland,Viktor Hovland,Birdies,3.5,0.274,-3.226,under,27.00,2,W,-135,-108,0.741,0.926
2026-06-25T03:08:38.047Z,Royal Portrush Golf Club,The Open Championship 2025,The Open Championship,2025,3,M. Fitzpatrick,Matt Fitzpatrick,Birdies,3.5,0.670,-2.830,over,-42.08,3,L,-155,-132,-1.000,-1.000
2026-06-25T03:08:38.047Z,Royal Portrush Golf Club,The Open Championship 2025,The Open Championship,2025,3,M. Fitzpatrick,Matt Fitzpatrick,Birdies,3.5,0.670,-2.830,under,31.29,3,W,100,125,1.000,1.250
2026-06-25T03:08:38.047Z,Royal Portrush Golf Club,The Open Championship 2025,The Open Championship,2025,3,S. Scheffler,Scottie Scheffler,Birdies,4.5,0.343,-4.157,over,-41.63,3,L,-105,104,-1.000,-1.000
2026-06-25T03:08:38.047Z,Royal Portrush Golf Club,The Open Championship 2025,The Open Championship,2025,3,S. Scheffler,Scottie Scheffler,Birdies,4.5,0.343,-4.157,under,28.15,3,W,-165,-104,0.606,0.962
2026-06-25T03:08:38.047Z,Royal Portrush Golf Club,The Open Championship 2025,The Open Championship,2025,4,N. Hojgaard,Nicolai Hojgaard,Birdies,3.5,0.383,-3.117,over,-38.16,4,W,-120,101,0.833,1.010
2026-06-25T03:08:38.047Z,Royal Portrush Golf Club,The Open Championship 2025,The Open Championship,2025,4,R. Henley,Russell Henley,Birdies,3.5,0.431,-3.069,over,-40.69,3,L,-135,-110,-1.000,-1.000
2026-06-25T03:08:38.047Z,Royal Portrush Golf Club,The Open Championship 2025,The Open Championship,2025,1,J. Thomas,Justin Thomas,Birdies,3.5,0.102,-3.398,over,-31.16,4,W,120,148,1.200,1.480
2026-06-25T03:08:38.047Z,Royal Portrush Golf Club,The Open Championship 2025,The Open Championship,2025,1,J. Thomas,Justin Thomas,Birdies,3.5,0.102,-3.398,under,21.42,4,L,-180,-148,-1.000,-1.000
2026-06-25T03:08:38.047Z,Royal Portrush Golf Club,The Open Championship 2025,The Open Championship,2025,1,T. Fleetwood,Tommy Fleetwood,Birdies,3.5,0.322,-3.178,over,-35.30,2,L,-105,115,-1.000,-1.000
2026-06-25T03:08:38.047Z,Royal Portrush Golf Club,The Open Championship 2025,The Open Championship,2025,1,T. Fleetwood,Tommy Fleetwood,Birdies,3.5,0.322,-3.178,under,24.90,2,W,-145,-115,0.690,0.870
2026-06-25T03:08:38.047Z,Royal Portrush Golf Club,The Open Championship 2025,The Open Championship,2025,2,C. Morikawa,Collin Morikawa,Birdies,3.5,0.450,-3.050,over,-34.31,3,L,-105,119,-1.000,-1.000
2026-06-25T03:08:38.047Z,Royal Portrush Golf Club,The Open Championship 2025,The Open Championship,2025,2,C. Morikawa,Collin Morikawa,Birdies,3.5,0.450,-3.050,under,23.91,3,W,-145,-119,0.690,0.840
2026-06-25T03:08:38.047Z,Royal Portrush Golf Club,The Open Championship 2025,The Open Championship,2025,2,S. Lowry,Shane Lowry,Birdies,3.5,0.140,-3.360,over,-37.81,2,L,-110,110,-1.000,-1.000
2026-06-25T03:08:38.047Z,Royal Portrush Golf Club,The Open Championship 2025,The Open Championship,2025,2,S. Lowry,Shane Lowry,Birdies,3.5,0.140,-3.360,under,27.98,2,W,-135,-110,0.741,0.909
2026-06-25T03:08:38.047Z,Royal Portrush Golf Club,The Open Championship 2025,The Open Championship,2025,2,S. Scheffler,Scottie Scheffler,Birdies,3.5,0.343,-3.157,over,-50.59,8,W,-200,-161,0.500,0.621
2026-06-25T03:08:38.047Z,Royal Portrush Golf Club,The Open Championship 2025,The Open Championship,2025,2,S. Scheffler,Scottie Scheffler,Birdies,3.5,0.343,-3.157,under,40.45,8,L,130,159,-1.000,-1.000
2026-06-25T03:08:38.047Z,Royal Portrush Golf Club,The Open Championship 2025,The Open Championship,2025,2,S. Scheffler,Scottie Scheffler,Birdies,4.5,0.343,-4.157,over,-33.89,8,W,130,161,1.300,1.610
2026-06-25T03:08:38.047Z,Royal Portrush Golf Club,The Open Championship 2025,The Open Championship,2025,3,J. Thomas,Justin Thomas,Birdies,3.5,0.098,-3.402,over,-50.01,4,W,-180,-150,0.556,0.667
2026-06-25T03:08:38.047Z,Royal Portrush Golf Club,The Open Championship 2025,The Open Championship,2025,3,J. Thomas,Justin Thomas,Birdies,3.5,0.098,-3.402,under,40.27,4,L,120,150,-1.000,-1.000
2026-06-25T03:08:38.047Z,Royal Portrush Golf Club,The Open Championship 2025,The Open Championship,2025,4,T. Hatton,Tyrrell Hatton,Birdies,4.5,0.212,-4.288,over,-35.54,2,L,125,153,-1.000,-1.000
2026-06-25T03:08:38.047Z,Royal Portrush Golf Club,The Open Championship 2025,The Open Championship,2025,4,T. Hatton,Tyrrell Hatton,Birdies,4.5,0.212,-4.288,under,25.57,2,W,-190,-153,0.526,0.654
2026-06-25T03:08:38.047Z,Royal Portrush Golf Club,The Open Championship 2025,The Open Championship,2025,4,X. Schauffele,Xander Schauffele,Birdies,4.5,0.679,-3.821,over,-35.00,3,L,115,143,-1.000,-1.000
2026-06-25T03:08:38.047Z,Royal Portrush Golf Club,The Open Championship 2025,The Open Championship,2025,4,X. Schauffele,Xander Schauffele,Birdies,4.5,0.679,-3.821,under,24.85,3,W,-175,-143,0.571,0.699
2026-06-25T03:08:38.047Z,TPC Sawgrass (THE PLAYERS Stadium Course),The Players Championship 2025,The Players Championship,2025,2,C. Morikawa,Collin Morikawa,Birdies,4.5,4.181,-0.319,over,-8.53,9,W,-120,105,0.833,1.050
2026-06-25T03:08:38.047Z,TPC Sawgrass (THE PLAYERS Stadium Course),The Players Championship 2025,The Players Championship,2025,2,T. Fleetwood,Tommy Fleetwood,Birdies,4.5,4.069,-0.431,over,-1.89,7,W,115,139,1.150,1.390
2026-06-25T03:08:38.047Z,TPC Sawgrass (THE PLAYERS Stadium Course),The Players Championship 2025,The Players Championship,2025,4,R. MacIntyre,Robert MacIntyre,Birdies,3.5,4.191,0.691,under,-19.38,6,L,-155,-126,-1.000,-1.000
2026-06-25T03:08:38.047Z,TPC Sawgrass (THE PLAYERS Stadium Course),The Players Championship 2025,The Players Championship,2025,4,D. Berger,Daniel Berger,Birdies,3.5,3.974,0.474,over,5.92,6,W,100,126,1.000,1.260
2026-06-25T03:08:38.047Z,TPC Sawgrass (THE PLAYERS Stadium Course),The Players Championship 2025,The Players Championship,2025,2,H. Matsuyama,Hideki Matsuyama,Birdies,4.5,4.289,-0.211,over,2.92,5,W,125,152,1.250,1.520
2026-06-25T03:08:38.047Z,TPC Sawgrass (THE PLAYERS Stadium Course),The Players Championship 2025,The Players Championship,2025,2,H. Matsuyama,Hideki Matsuyama,Birdies,4.5,4.289,-0.211,under,-12.88,5,L,-190,-152,-1.000,-1.000
2026-06-25T03:08:38.047Z,TPC Sawgrass (THE PLAYERS Stadium Course),The Players Championship 2025,The Players Championship,2025,2,J. Thomas,Justin Thomas,Birdies,3.5,3.923,0.423,over,-10.23,11,W,-190,-154,0.526,0.649
2026-06-25T03:08:38.047Z,TPC Sawgrass (THE PLAYERS Stadium Course),The Players Championship 2025,The Players Championship,2025,2,L. Aberg,Ludvig Aberg,Birdies,4.5,4.253,-0.247,over,-3.10,3,L,100,121,-1.000,-1.000
2026-06-25T03:08:38.047Z,TPC Sawgrass (THE PLAYERS Stadium Course),The Players Championship 2025,The Players Championship,2025,4,"Cauley, Bud",Bud Cauley,Birdies,3.5,4.368,0.868,over,15.28,3,L,120,145,-1.000,-1.000
2026-06-25T03:08:38.047Z,TPC Sawgrass (THE PLAYERS Stadium Course),The Players Championship 2025,The Players Championship,2025,4,"Cauley, Bud",Bud Cauley,Birdies,3.5,4.368,0.868,under,-25.03,3,W,-180,-150,0.556,0.667
2026-06-25T03:08:38.047Z,TPC Sawgrass (THE PLAYERS Stadium Course),The Players Championship 2025,The Players Championship,2025,4,J.J. Spaun,J.J. Spaun,Birdies,3.5,4.245,0.745,over,11.63,3,L,110,134,-1.000,-1.000
2026-06-25T03:08:38.047Z,TPC Sawgrass (THE PLAYERS Stadium Course),The Players Championship 2025,The Players Championship,2025,4,J.J. Spaun,J.J. Spaun,Birdies,3.5,4.245,0.745,under,-21.52,3,W,-165,-134,0.606,0.746
2026-06-25T03:08:38.047Z,TPC Sawgrass (THE PLAYERS Stadium Course),The Players Championship 2025,The Players Championship,2025,4,L. Glover,Lucas Glover,Birdies,3.5,4.358,0.858,over,10.62,4,W,100,125,1.000,1.250
2026-06-25T03:08:38.047Z,TPC Sawgrass (THE PLAYERS Stadium Course),The Players Championship 2025,The Players Championship,2025,4,L. Glover,Lucas Glover,Birdies,3.5,4.358,0.858,under,-21.41,4,L,-155,-125,-1.000,-1.000
2026-06-25T03:08:38.047Z,TPC Sawgrass (THE PLAYERS Stadium Course),The Players Championship 2025,The Players Championship,2025,3,L. Glover,Lucas Glover,Birdies,3.5,3.378,-0.122,over,5.92,5,W,135,165,1.350,1.650
2026-06-25T03:08:38.047Z,TPC Sawgrass (THE PLAYERS Stadium Course),The Players Championship 2025,The Players Championship,2025,3,L. Glover,Lucas Glover,Birdies,3.5,3.378,-0.122,under,-15.14,5,L,-200,-165,-1.000,-1.000
2026-06-25T03:08:38.047Z,TPC Sawgrass (THE PLAYERS Stadium Course),The Players Championship 2025,The Players Championship,2025,3,W. Zalatoris,Will Zalatoris,Birdies,3.5,3.837,0.337,over,8.76,4,W,120,146,1.200,1.460
2026-06-25T03:08:38.047Z,TPC Sawgrass (THE PLAYERS Stadium Course),The Players Championship 2025,The Players Championship,2025,4,M. McGreevy,Max McGreevy,Birdies,2.5,3.935,1.435,over,0.72,1,L,-200,-165,-1.000,-1.000
2026-06-25T03:08:38.047Z,TPC Sawgrass (THE PLAYERS Stadium Course),The Players Championship 2025,The Players Championship,2025,4,P. Cantlay,Patrick Cantlay,Birdies,3.5,3.929,0.429,over,4.14,5,W,-105,119,0.952,1.190
2026-06-25T03:08:38.047Z,TPC Sawgrass (THE PLAYERS Stadium Course),The Players Championship 2025,The Players Championship,2025,4,S. Straka,Sepp Straka,Birdies,3.5,3.944,0.444,over,5.54,4,W,100,122,1.000,1.220
2026-06-25T03:08:38.047Z,TPC Sawgrass (THE PLAYERS Stadium Course),The Players Championship 2025,The Players Championship,2025,2,K. Bradley,Keegan Bradley,Birdies,4.5,4.325,-0.175,over,2.35,5,W,120,147,1.200,1.470
2026-06-25T03:08:38.047Z,TPC Sawgrass (THE PLAYERS Stadium Course),The Players Championship 2025,The Players Championship,2025,2,K. Bradley,Keegan Bradley,Birdies,4.5,4.325,-0.175,under,-12.09,5,L,-180,-147,-1.000,-1.000
2026-06-25T03:08:38.047Z,TPC Sawgrass (THE PLAYERS Stadium Course),The Players Championship 2025,The Players Championship,2025,2,P. Cantlay,Patrick Cantlay,Birdies,4.5,3.682,-0.818,over,-11.36,5,W,-105,118,0.952,1.180
2026-06-25T03:08:38.047Z,TPC Sawgrass (THE PLAYERS Stadium Course),The Players Championship 2025,The Players Championship,2025,2,R. Fowler,Rickie Fowler,Birdies,3.5,3.259,-0.241,over,-17.30,4,W,-180,-145,0.556,0.690
2026-06-25T03:08:38.047Z,TPC Sawgrass (THE PLAYERS Stadium Course),The Players Championship 2025,The Players Championship,2025,4,A. Smalley,Alex Smalley,Birdies,3.5,3.596,0.096,over,8.64,3,L,135,168,-1.000,-1.000
2026-06-25T03:08:38.047Z,TPC Sawgrass (THE PLAYERS Stadium Course),The Players Championship 2025,The Players Championship,2025,4,C. Conners,Corey Conners,Birdies,3.5,4.089,0.589,over,10.83,3,L,115,141,-1.000,-1.000
2026-06-25T03:08:38.047Z,TPC Sawgrass (THE PLAYERS Stadium Course),The Players Championship 2025,The Players Championship,2025,3,J.J. Spaun,J.J. Spaun,Birdies,2.5,4.212,1.712,over,6.17,5,W,-180,-150,0.556,0.667
2026-06-25T03:08:38.047Z,TPC Sawgrass (THE PLAYERS Stadium Course),The Players Championship 2025,The Players Championship,2025,3,J.J. Spaun,J.J. Spaun,Birdies,2.5,4.212,1.712,under,-15.91,5,L,120,150,-1.000,-1.000
2026-06-25T03:08:38.047Z,TPC Sawgrass (THE PLAYERS Stadium Course),The Players Championship 2025,The Players Championship,2025,2,S. Scheffler,Scottie Scheffler,Birdies,5.5,4.501,-0.999,over,-7.77,5,L,120,150,-1.000,-1.000
2026-06-25T03:08:38.047Z,TPC Sawgrass (THE PLAYERS Stadium Course),The Players Championship 2025,The Players Championship,2025,2,S. Scheffler,Scottie Scheffler,Birdies,5.5,4.501,-0.999,under,-1.97,5,W,-180,-150,0.556,0.667
2026-06-25T03:08:38.047Z,TPC Sawgrass (THE PLAYERS Stadium Course),The Players Championship 2025,The Players Championship,2025,2,X. Schauffele,Xander Schauffele,Birdies,4.5,4.443,-0.057,over,-0.72,3,L,100,123,-1.000,-1.000
2026-06-25T03:08:38.047Z,TPC Sawgrass (THE PLAYERS Stadium Course),The Players Championship 2025,The Players Championship,2025,2,X. Schauffele,Xander Schauffele,Birdies,4.5,4.443,-0.057,under,-10.07,3,W,-155,-123,0.645,0.813
2026-06-25T03:08:38.047Z,TPC Sawgrass (THE PLAYERS Stadium Course),The Players Championship 2025,The Players Championship,2025,4,A. Bhatia,Akshay Bhatia,Birdies,3.5,3.979,0.479,over,3.59,4,W,-110,109,0.909,1.090
2026-06-25T03:08:38.047Z,TPC Sawgrass (THE PLAYERS Stadium Course),The Players Championship 2025,The Players Championship,2025,4,A. Bhatia,Akshay Bhatia,Birdies,3.5,3.979,0.479,under,-13.42,4,L,-135,-109,-1.000,-1.000
2026-06-25T03:08:38.047Z,TPC Sawgrass (THE PLAYERS Stadium Course),The Players Championship 2025,The Players Championship,2025,4,S. Jaeger,Stephan Jaeger,Birdies,3.5,4.044,0.544,over,8.00,3,L,105,128,-1.000,-1.000
2026-06-25T03:08:38.047Z,TPC Sawgrass (THE PLAYERS Stadium Course),The Players Championship 2025,The Players Championship,2025,4,S. Jaeger,Stephan Jaeger,Birdies,3.5,4.044,0.544,under,-17.57,3,W,-155,-128,0.645,0.781
2026-06-25T03:08:38.047Z,TPC Sawgrass (THE PLAYERS Stadium Course),The Players Championship 2025,The Players Championship,2025,4,"Walker, Danny",Danny Walker,Birdies,2.5,4.070,1.570,under,-12.38,4,L,130,158,-1.000,-1.000
2026-06-25T03:08:38.047Z,TPC Sawgrass (THE PLAYERS Stadium Course),The Players Championship 2025,The Players Championship,2025,2,R. Henley,Russell Henley,Birdies,4.5,3.438,-1.062,over,-14.28,4,L,-105,118,-1.000,-1.000
2026-06-25T03:08:38.047Z,TPC Sawgrass (THE PLAYERS Stadium Course),The Players Championship 2025,The Players Championship,2025,2,R. Henley,Russell Henley,Birdies,4.5,3.438,-1.062,under,3.87,4,W,-145,-118,0.690,0.847
2026-06-25T03:08:38.047Z,TPC Sawgrass (THE PLAYERS Stadium Course),The Players Championship 2025,The Players Championship,2025,2,S. Lowry,Shane Lowry,Birdies,4.5,4.429,-0.071,over,0.33,3,L,105,130,-1.000,-1.000
2026-06-25T03:08:38.047Z,TPC Sawgrass (THE PLAYERS Stadium Course),The Players Championship 2025,The Players Championship,2025,2,S. Lowry,Shane Lowry,Birdies,4.5,4.429,-0.071,under,-11.37,3,W,-165,-130,0.606,0.769
2026-06-25T03:08:38.047Z,TPC Sawgrass (THE PLAYERS Stadium Course),The Players Championship 2025,The Players Championship,2025,2,V. Hovland,Viktor Hovland,Birdies,3.5,3.376,-0.124,over,-12.33,7,W,-155,-128,0.645,0.781
2026-06-25T03:08:38.047Z,TPC Sawgrass (THE PLAYERS Stadium Course),The Players Championship 2025,The Players Championship,2025,2,V. Hovland,Viktor Hovland,Birdies,3.5,3.376,-0.124,under,2.77,7,L,105,128,-1.000,-1.000
2026-06-25T03:08:38.047Z,Sea Island Golf Club (Seaside Course),The RSM Classic,The RSM Classic,2024,2,A. Eckroat,Austin Eckroat,Birdies,3.5,4.323,0.823,over,13.68,4,W,115,144,1.150,1.440
2026-06-25T03:08:38.047Z,Sea Island Golf Club (Seaside Course),The RSM Classic,The RSM Classic,2024,4,T. Kim,S.H. Kim,Birdies,4.5,3.577,-0.923,over,-13.79,5,W,-110,107,0.909,1.070
2026-06-25T03:08:38.047Z,Sea Island Golf Club (Seaside Course),The RSM Classic,The RSM Classic,2024,4,T. Kim,S.H. Kim,Birdies,4.5,3.577,-0.923,under,3.96,5,L,-135,-107,-1.000,-1.000
2026-06-25T03:08:38.047Z,Plantation Course at Kapalua,The Sentry 2024,The Sentry,2024,1,J. Spieth,Jordan Spieth,Birdies,6.5,6.379,-0.121,under,3.89,9,L,110,123,-1.000,-1.000
2026-06-25T03:08:38.047Z,Plantation Course at Kapalua,The Sentry 2024,The Sentry,2024,1,V. Hovland,Viktor Hovland,Birdies,7,6.349,-0.651,under,3.55,9,L,-120,-105,-1.000,-1.000
2026-06-25T03:08:38.047Z,Plantation Course at Kapalua,The Sentry 2024,The Sentry,2024,1,K. Bradley,Keegan Bradley,Birdies,6.5,5.356,-1.144,under,4.85,6,W,-145,-126,0.690,0.794
2026-06-25T03:08:38.047Z,Plantation Course at Kapalua,The Sentry 2024,The Sentry,2024,1,M. Fitzpatrick,Matt Fitzpatrick,Birdies,6.5,6.461,-0.039,under,-5.07,6,W,-125,-108,0.800,0.926
2026-06-25T03:08:38.047Z,Plantation Course at Kapalua,The Sentry 2024,The Sentry,2024,1,T. Hatton,Tyrrell Hatton,Birdies,6.5,5.557,-0.943,under,6.08,5,W,-125,-108,0.800,0.926
2026-06-25T03:08:38.047Z,Plantation Course at Kapalua,The Sentry 2024,The Sentry,2024,1,L. Aberg,Ludvig Aberg,Birdies,6.5,6.172,-0.328,under,-0.44,5,W,-120,-106,0.833,0.943
2026-06-25T03:08:38.047Z,Plantation Course at Kapalua,The Sentry 2024,The Sentry,2024,1,M. Homa,Max Homa,Birdies,6.5,6.733,0.233,under,-7.47,7,L,-120,-106,-1.000,-1.000
2026-06-25T03:08:38.047Z,Plantation Course at Kapalua,The Sentry 2024,The Sentry,2024,1,R. Fowler,Rickie Fowler,Birdies,6,5.797,-0.203,over,-11.72,8,W,-145,-127,0.690,0.787
2026-06-25T03:08:38.047Z,Plantation Course at Kapalua,The Sentry 2024,The Sentry,2024,1,R. Fowler,Rickie Fowler,Birdies,6,5.797,-0.203,under,4.92,8,L,110,127,-1.000,-1.000
2026-06-25T03:08:38.047Z,Plantation Course at Kapalua,The Sentry 2024,The Sentry,2024,1,S. Theegala,Sahith Theegala,Birdies,5.5,5.715,0.215,under,-1.47,10,L,105,121,-1.000,-1.000
2026-06-25T03:08:38.047Z,Plantation Course at Kapalua,The Sentry 2024,The Sentry,2024,1,W. Clark,Wyndham Clark,Birdies,5.5,5.574,0.074,under,1.46,4,W,110,123,1.100,1.230
2026-06-25T03:08:38.047Z,Memorial Park Golf Course,The US Open 2024,The US Open,2024,1,N. Dunlap,Nick Dunlap,Birdies,2,3.697,1.697,over,11.11,7,W,-145,-112,0.690,0.893
2026-06-25T03:08:38.047Z,Memorial Park Golf Course,The US Open 2024,The US Open,2024,1,N. Dunlap,Nick Dunlap,Birdies,2.5,3.697,1.197,over,9.09,7,W,-125,-100,0.800,1.000
2026-06-25T03:08:38.047Z,Memorial Park Golf Course,The US Open 2024,The US Open,2024,1,W. Clark,Wyndham Clark,Birdies,2.5,3.165,0.665,over,10.65,4,W,110,-123,1.100,0.813
2026-06-25T03:08:38.047Z,Memorial Park Golf Course,The US Open 2024,The US Open,2024,1,S. Scheffler,Scottie Scheffler,Birdies,3.5,3.547,0.047,over,1.81,5,W,105,126,1.050,1.260
2026-06-25T03:08:38.047Z,Memorial Park Golf Course,The US Open 2024,The US Open,2024,1,S. Scheffler,Scottie Scheffler,Birdies,3.5,3.547,0.047,under,-11.37,5,L,-155,-126,-1.000,-1.000
2026-06-25T03:08:38.047Z,Memorial Park Golf Course,The US Open 2024,The US Open,2024,1,Tom Hoge,Tom Hoge,Birdies,2,3.516,1.516,over,12.74,5,W,-125,-103,0.800,0.971
2026-06-25T03:08:38.047Z,TPC River Highlands,Travelers Championship 2023,Travelers Championship,2023,3,C. Reavie,Chez Reavie,Total score,68.5,68.875,0.375,under,-5.33,63,W,-105,108,0.952,1.080
2026-06-25T03:08:38.047Z,TPC River Highlands,Travelers Championship 2023,Travelers Championship,2023,4,J. Thomas,Justin Thomas,Total score,66.5,69.954,3.454,over,32.94,67,W,100,113,1.000,1.130
2026-06-25T03:08:38.047Z,TPC River Highlands,Travelers Championship 2023,Travelers Championship,2023,4,J. Thomas,Justin Thomas,Total score,69,69.954,0.954,under,-14.92,67,W,-120,-107,0.833,0.935
2026-06-25T03:08:38.047Z,TPC River Highlands,Travelers Championship 2023,Travelers Championship,2023,4,S. Scheffler,Scottie Scheffler,Total score,67.5,67.979,0.479,under,-5.25,65,W,100,113,1.000,1.130
2026-06-25T03:08:38.047Z,TPC River Highlands,Travelers Championship 2023,Travelers Championship,2023,4,P. Cantlay,Patrick Cantlay,Total score,65.5,67.887,2.387,over,23.24,67,W,-105,105,0.952,1.050
2026-06-25T03:08:38.047Z,TPC River Highlands,Travelers Championship 2023,Travelers Championship,2023,4,P. Cantlay,Patrick Cantlay,Total score,68,67.887,-0.113,under,-3.31,67,W,-120,-102,0.833,0.980
2026-06-25T03:08:38.047Z,TPC River Highlands,Travelers Championship 2023,Travelers Championship,2023,4,R. Fowler,Rickie Fowler,Total score,66,68.992,2.992,over,24.97,69,W,-120,-104,0.833,0.962
2026-06-25T03:08:38.047Z,TPC River Highlands,Travelers Championship 2023,Travelers Championship,2023,4,R. Fowler,Rickie Fowler,Total score,68.5,68.992,0.492,under,-6.61,69,L,-105,107,-1.000,-1.000
2026-06-25T03:08:38.047Z,TPC River Highlands,Travelers Championship 2023,Travelers Championship,2023,4,H. Matsuyama,Hideki Matsuyama,Total score,68.5,68.622,0.122,under,-1.35,66,W,100,114,1.000,1.140
2026-06-25T03:08:38.047Z,TPC River Highlands,Travelers Championship 2023,Travelers Championship,2023,1,V. Hovland,Viktor Hovland,Total score,68.5,67.569,-0.931,under,7.74,67,W,-110,103,0.909,1.030
2026-06-25T03:08:38.047Z,TPC River Highlands,Travelers Championship 2023,Travelers Championship,2023,4,S. Theegala,Sahith Theegala,Total score,68.5,69.416,0.916,under,-11.18,71,L,-105,107,-1.000,-1.000
2026-06-25T03:08:38.047Z,TPC River Highlands,Travelers Championship 2023,Travelers Championship,2023,4,V. Hovland,Viktor Hovland,Total score,68,69.278,1.278,under,-18.31,66,W,-120,-102,0.833,0.980
2026-06-25T03:08:38.047Z,TPC River Highlands,Travelers Championship 2025,Travelers Championship,2025,1,J. Thomas,Justin Thomas,Birdies,4.5,3.839,-0.661,over,-9.44,4,L,-105,114,-1.000,-1.000
2026-06-25T03:08:38.047Z,TPC River Highlands,Travelers Championship 2025,Travelers Championship,2025,1,J. Thomas,Justin Thomas,Birdies,4.5,3.839,-0.661,under,-0.96,4,W,-145,-114,0.690,0.877
2026-06-25T03:08:38.047Z,TPC River Highlands,Travelers Championship 2025,Travelers Championship,2025,1,L. Clanton,Luke Clanton,Birdies,4.5,4.373,-0.127,over,0.80,5,W,110,138,1.100,1.380
2026-06-25T03:08:38.047Z,TPC River Highlands,Travelers Championship 2025,Travelers Championship,2025,1,K. Bradley,Keegan Bradley,Birdies,4.5,4.024,-0.476,over,-10.49,7,W,-120,106,0.833,1.060
2026-06-25T03:08:38.047Z,TPC River Highlands,Travelers Championship 2025,Travelers Championship,2025,2,K. Bradley,Keegan Bradley,Birdies,3.5,4.155,0.655,over,-6.14,3,L,-180,-143,-1.000,-1.000
2026-06-25T03:08:38.047Z,TPC River Highlands,Travelers Championship 2025,Travelers Championship,2025,2,K. Bradley,Keegan Bradley,Birdies,3.5,4.155,0.655,under,-3.60,3,W,120,143,1.200,1.430
2026-06-25T03:08:38.047Z,TPC River Highlands,Travelers Championship 2025,Travelers Championship,2025,2,K. Bradley,Keegan Bradley,Birdies,4.5,4.155,-0.345,over,1.24,3,L,125,155,-1.000,-1.000
2026-06-25T03:08:38.047Z,TPC River Highlands,Travelers Championship 2025,Travelers Championship,2025,2,K. Bradley,Keegan Bradley,Birdies,4.5,4.155,-0.345,under,-11.20,3,W,-190,-155,0.526,0.645
2026-06-25T03:08:38.047Z,TPC River Highlands,Travelers Championship 2025,Travelers Championship,2025,1,C. Morikawa,Collin Morikawa,Birdies,4.5,5.233,0.733,over,-5.19,4,L,-180,-149,-1.000,-1.000
2026-06-25T03:08:38.047Z,TPC River Highlands,Travelers Championship 2025,Travelers Championship,2025,1,C. Morikawa,Collin Morikawa,Birdies,4.5,5.233,0.733,under,-4.55,4,W,120,149,1.200,1.490
2026-06-25T03:08:38.047Z,TPC River Highlands,Travelers Championship 2025,Travelers Championship,2025,1,X. Schauffele,Xander Schauffele,Birdies,4.5,4.729,0.229,over,-10.77,5,W,-175,-140,0.571,0.714
2026-06-25T03:08:38.047Z,TPC River Highlands,Travelers Championship 2025,Travelers Championship,2025,1,X. Schauffele,Xander Schauffele,Birdies,4.5,4.729,0.229,under,0.62,5,L,115,140,-1.000,-1.000
2026-06-25T03:08:38.047Z,TPC River Highlands,Travelers Championship 2025,Travelers Championship,2025,2,C. Morikawa,Collin Morikawa,Birdies,4.5,5.314,0.814,over,11.30,3,L,105,157,-1.000,-1.000
2026-06-25T03:08:38.047Z,TPC River Highlands,Travelers Championship 2025,Travelers Championship,2025,2,C. Morikawa,Collin Morikawa,Birdies,4.5,5.314,0.814,under,-20.87,3,W,-155,-127,0.645,0.787
2026-06-25T03:08:38.047Z,TPC River Highlands,Travelers Championship 2025,Travelers Championship,2025,2,X. Schauffele,Xander Schauffele,Birdies,3.5,4.800,1.300,over,0.33,2,L,-190,-142,-1.000,-1.000
2026-06-25T03:08:38.047Z,TPC River Highlands,Travelers Championship 2025,Travelers Championship,2025,2,X. Schauffele,Xander Schauffele,Birdies,4.5,4.800,0.300,over,8.30,2,L,120,148,-1.000,-1.000
2026-06-25T03:08:38.047Z,Quail Hollow Club,Truist Championship,Truist Championship,2026,1,Akshay Bhatia,Akshay Bhatia,Total score,70.5,71.665,1.165,over,4.25,68,L,-140,-119,-1.000,-1.000
2026-06-25T03:08:38.047Z,Quail Hollow Club,Truist Championship,Truist Championship,2026,1,Akshay Bhatia,Akshay Bhatia,Total score,70.5,71.665,1.165,under,-12.58,68,W,100,113,1.000,1.130
2026-06-25T03:08:38.047Z,Quail Hollow Club,Truist Championship,Truist Championship,2026,1,Akshay Bhatia,Akshay Bhatia,Total score,71.5,71.665,0.165,over,1.81,68,L,100,120,-1.000,-1.000
2026-06-25T03:08:38.047Z,Quail Hollow Club,Truist Championship,Truist Championship,2026,1,Akshay Bhatia,Akshay Bhatia,Total score,71.5,71.665,0.165,under,-7.36,68,W,-125,-116,0.800,0.862
2026-06-25T03:08:38.047Z,Quail Hollow Club,Truist Championship,Truist Championship,2026,1,Alex Fitzpatrick,Alex Fitzpatrick,Total score,71.5,71.213,-0.287,over,-5.53,67,L,-110,133,-1.000,-1.000
2026-06-25T03:08:38.047Z,Quail Hollow Club,Truist Championship,Truist Championship,2026,1,Alex Fitzpatrick,Alex Fitzpatrick,Total score,71.5,71.213,-0.287,under,-2.40,67,W,-125,-124,0.800,0.806
2026-06-25T03:08:38.047Z,Quail Hollow Club,Truist Championship,Truist Championship,2026,1,Alex Fitzpatrick,Alex Fitzpatrick,Total score,70.5,71.213,0.713,under,-5.40,67,W,110,132,1.100,1.320
2026-06-25T03:08:38.047Z,Quail Hollow Club,Truist Championship,Truist Championship,2026,1,Alex Smalley,Alex Smalley,Total score,70.5,70.181,-0.319,under,4.72,75,L,105,106,-1.000,-1.000
2026-06-25T03:08:38.047Z,Quail Hollow Club,Truist Championship,Truist Championship,2026,1,Alex Smalley,Alex Smalley,Total score,71.5,70.181,-1.319,under,5.85,75,L,-140,-126,-1.000,-1.000
2026-06-25T03:08:38.047Z,Quail Hollow Club,Truist Championship,Truist Championship,2026,1,Ben Griffin,Ben Griffin,Total score,70.5,70.469,-0.031,over,-10.34,69,L,-150,-100,-1.000,-1.000
2026-06-25T03:08:38.047Z,Quail Hollow Club,Truist Championship,Truist Championship,2026,1,Ben Griffin,Ben Griffin,Total score,70.5,70.469,-0.031,under,1.56,69,W,105,-101,1.050,0.990
2026-06-25T03:08:38.047Z,Quail Hollow Club,Truist Championship,Truist Championship,2026,1,Cameron Young,Cameron Young,Total score,69.5,70.417,0.917,over,1.64,68,L,-140,-116,-1.000,-1.000
2026-06-25T03:08:38.047Z,Quail Hollow Club,Truist Championship,Truist Championship,2026,1,Cameron Young,Cameron Young,Total score,69.5,70.417,0.917,under,-9.98,68,W,100,-113,1.000,0.885
2026-06-25T03:08:38.047Z,Quail Hollow Club,Truist Championship,Truist Championship,2026,1,Chris Gotterup,Chris Gotterup,Total score,70.5,71.176,0.676,under,-9.76,72,L,-110,-114,-1.000,-1.000
2026-06-25T03:08:38.047Z,Quail Hollow Club,Truist Championship,Truist Championship,2026,1,Harris English,Harris English,Total score,70.5,70.947,0.447,under,-2.52,68,W,110,104,1.100,1.040
2026-06-25T03:08:38.047Z,Quail Hollow Club,Truist Championship,Truist Championship,2026,1,Harris English,Harris English,Total score,71.5,70.947,-0.553,under,-3.94,68,W,-150,-125,0.667,0.800
2026-06-25T03:08:38.047Z,Quail Hollow Club,Truist Championship,Truist Championship,2026,1,Hideki Matsuyama,Hideki Matsuyama,Total score,70.5,71.729,1.229,over,8.71,72,W,-120,-100,0.833,1.000
2026-06-25T03:08:38.047Z,Quail Hollow Club,Truist Championship,Truist Championship,2026,1,Hideki Matsuyama,Hideki Matsuyama,Total score,70.5,71.729,1.229,under,-12.03,72,L,105,100,-1.000,-1.000
2026-06-25T03:08:38.047Z,Quail Hollow Club,Truist Championship,Truist Championship,2026,1,J.J. Spaun,J.J. Spaun,Total score,70.5,70.294,-0.206,over,-12.27,69,L,-150,-124,-1.000,-1.000
2026-06-25T03:08:38.047Z,Quail Hollow Club,Truist Championship,Truist Championship,2026,1,J.J. Spaun,J.J. Spaun,Total score,70.5,70.294,-0.206,under,2.27,69,W,100,103,1.000,1.030
2026-06-25T03:08:38.047Z,Quail Hollow Club,Truist Championship,Truist Championship,2026,1,J.J. Spaun,J.J. Spaun,Total score,71.5,70.294,-1.206,under,0.75,69,W,-165,-130,0.606,0.769
2026-06-25T03:08:38.047Z,Quail Hollow Club,Truist Championship,Truist Championship,2026,1,Jordan Spieth,Jordan Spieth,Total score,70.5,71.753,1.253,over,5.17,71,W,-140,-112,0.714,0.893
2026-06-25T03:08:38.047Z,Quail Hollow Club,Truist Championship,Truist Championship,2026,1,Jordan Spieth,Jordan Spieth,Total score,70.5,71.753,1.253,under,-13.50,71,L,100,105,-1.000,-1.000
2026-06-25T03:08:38.047Z,Quail Hollow Club,Truist Championship,Truist Championship,2026,1,Jordan Spieth,Jordan Spieth,Total score,71.5,71.753,0.253,over,5.16,71,L,110,131,-1.000,-1.000
2026-06-25T03:08:38.047Z,Quail Hollow Club,Truist Championship,Truist Championship,2026,1,Jordan Spieth,Jordan Spieth,Total score,71.5,71.753,0.253,under,-15.04,71,W,-165,-131,0.606,0.763
2026-06-25T03:08:38.047Z,Quail Hollow Club,Truist Championship,Truist Championship,2026,1,Justin Rose,Justin Rose,Total score,71.5,72.013,0.513,over,6.84,71,L,105,122,-1.000,-1.000
2026-06-25T03:08:38.047Z,Quail Hollow Club,Truist Championship,Truist Championship,2026,1,Justin Rose,Justin Rose,Total score,71.5,72.013,0.513,under,-13.96,71,W,-140,-113,0.714,0.885
2026-06-25T03:08:38.047Z,Quail Hollow Club,Truist Championship,Truist Championship,2026,1,Justin Rose,Justin Rose,Total score,70.5,72.013,1.513,under,-13.78,71,L,110,108,-1.000,-1.000
2026-06-25T03:08:38.047Z,Quail Hollow Club,Truist Championship,Truist Championship,2026,1,Justin Thomas,Justin Thomas,Total score,70.5,70.800,0.300,over,-2.27,67,L,-125,-108,-1.000,-1.000
2026-06-25T03:08:38.047Z,Quail Hollow Club,Truist Championship,Truist Championship,2026,1,Justin Thomas,Justin Thomas,Total score,70.5,70.800,0.300,under,-0.91,67,W,110,-102,1.100,0.980
2026-06-25T03:08:38.047Z,Quail Hollow Club,Truist Championship,Truist Championship,2026,1,Matt Fitzpatrick,Matt Fitzpatrick,Total score,69.5,70.196,0.696,under,-5.22,74,L,110,115,-1.000,-1.000
2026-06-25T03:08:38.047Z,Quail Hollow Club,Truist Championship,Truist Championship,2026,1,Matt Fitzpatrick,Matt Fitzpatrick,Total score,70.5,70.196,-0.304,under,-2.22,74,L,-125,-118,-1.000,-1.000
2026-06-25T03:08:38.047Z,Quail Hollow Club,Truist Championship,Truist Championship,2026,1,Maverick McNealy,Maverick McNealy,Total score,70.5,71.045,0.545,under,-3.59,75,L,110,-102,-1.000,-1.000
2026-06-25T03:08:38.047Z,Quail Hollow Club,Truist Championship,Truist Championship,2026,1,Min Woo Lee,Min Woo Lee,Total score,70.5,71.867,1.367,over,13.46,72,W,-105,112,0.952,1.120
2026-06-25T03:08:38.047Z,Quail Hollow Club,Truist Championship,Truist Championship,2026,1,Min Woo Lee,Min Woo Lee,Total score,70.5,71.867,1.367,under,-18.17,72,L,-115,-112,-1.000,-1.000
2026-06-25T03:08:38.047Z,Quail Hollow Club,Truist Championship,Truist Championship,2026,1,Patrick Cantlay,Patrick Cantlay,Total score,70.5,70.481,-0.019,under,0.21,72,L,100,-103,-1.000,-1.000
2026-06-25T03:08:38.047Z,Quail Hollow Club,Truist Championship,Truist Championship,2026,1,Rickie Fowler,Rickie Fowler,Total score,70.5,71.014,0.514,over,1.08,74,W,-120,-102,0.833,0.980
2026-06-25T03:08:38.047Z,Quail Hollow Club,Truist Championship,Truist Championship,2026,1,Rickie Fowler,Rickie Fowler,Total score,70.5,71.014,0.514,under,-6.85,74,L,-105,-104,-1.000,-1.000
2026-06-25T03:08:38.047Z,Quail Hollow Club,Truist Championship,Truist Championship,2026,1,Robert MacIntyre,Robert MacIntyre,Total score,70.5,71.335,0.835,under,-11.48,74,L,-110,-105,-1.000,-1.000
2026-06-25T03:08:38.047Z,Quail Hollow Club,Truist Championship,Truist Championship,2026,1,Rory McIlroy,Rory McIlroy,Total score,69.5,68.879,-0.621,over,-4.41,70,W,110,133,1.100,1.330
2026-06-25T03:08:38.047Z,Quail Hollow Club,Truist Championship,Truist Championship,2026,1,Rory McIlroy,Rory McIlroy,Total score,69.5,68.879,-0.621,under,-1.55,70,L,-140,-133,-1.000,-1.000
2026-06-25T03:08:38.047Z,Quail Hollow Club,Truist Championship,Truist Championship,2026,1,Rory McIlroy,Rory McIlroy,Total score,68.5,68.879,0.379,under,-1.78,70,L,110,130,-1.000,-1.000
2026-06-25T03:08:38.047Z,Quail Hollow Club,Truist Championship,Truist Championship,2026,1,Sam Burns,Sam Burns,Total score,70.5,71.180,0.680,under,-7.43,74,L,100,-103,-1.000,-1.000
2026-06-25T03:08:38.047Z,Quail Hollow Club,Truist Championship,Truist Championship,2026,1,Sepp Straka,Sepp Straka,Total score,70.5,71.154,0.654,over,1.59,66,L,-125,-106,-1.000,-1.000
2026-06-25T03:08:38.047Z,Quail Hollow Club,Truist Championship,Truist Championship,2026,1,Sepp Straka,Sepp Straka,Total score,70.5,71.154,0.654,under,-4.77,66,W,110,-102,1.100,0.980
2026-06-25T03:08:38.047Z,Quail Hollow Club,Truist Championship,Truist Championship,2026,1,Si Woo Kim,Si Woo Kim,Total score,70.5,70.338,-0.162,over,-1.78,70,L,100,120,-1.000,-1.000
2026-06-25T03:08:38.047Z,Quail Hollow Club,Truist Championship,Truist Championship,2026,1,Si Woo Kim,Si Woo Kim,Total score,70.5,70.338,-0.162,under,-1.70,70,W,-115,-120,0.870,0.833
2026-06-25T03:08:38.047Z,Quail Hollow Club,Truist Championship,Truist Championship,2026,1,Tommy Fleetwood,Tommy Fleetwood,Total score,70.5,70.484,-0.016,over,2.20,67,L,110,131,-1.000,-1.000
2026-06-25T03:08:38.047Z,Quail Hollow Club,Truist Championship,Truist Championship,2026,1,Tommy Fleetwood,Tommy Fleetwood,Total score,70.5,70.484,-0.016,under,-8.15,67,W,-140,-117,0.714,0.855
2026-06-25T03:08:38.047Z,Quail Hollow Club,Truist Championship,Truist Championship,2026,1,Tommy Fleetwood,Tommy Fleetwood,Total score,69.5,70.484,0.984,under,-8.30,67,W,110,128,1.100,1.280
2026-06-25T03:08:38.047Z,Quail Hollow Club,Truist Championship,Truist Championship,2026,1,Viktor Hovland,Viktor Hovland,Total score,70.5,71.278,0.778,over,5.00,69,L,-115,103,-1.000,-1.000
2026-06-25T03:08:38.047Z,Quail Hollow Club,Truist Championship,Truist Championship,2026,1,Viktor Hovland,Viktor Hovland,Total score,70.5,71.278,0.778,under,-10.87,69,W,-110,-103,0.909,0.971
2026-06-25T03:08:38.047Z,Quail Hollow Club,Truist Championship,Truist Championship,2026,1,Xander Schauffele,Xander Schauffele,Total score,69.5,68.745,-0.755,over,-12.79,69,L,-120,-102,-1.000,-1.000
2026-06-25T03:08:38.047Z,Quail Hollow Club,Truist Championship,Truist Championship,2026,1,Xander Schauffele,Xander Schauffele,Total score,69.5,68.745,-0.755,under,10.62,69,W,110,-105,1.100,0.952
2026-06-25T03:08:38.047Z,The Philadelphia Cricket Club (Wissahickon Course),Truist Championship 2025,Truist Championship,2025,3,C. Morikawa,Collin Morikawa,Birdies,4.5,2.727,-1.773,over,-28.56,3,L,-135,-107,-1.000,-1.000
2026-06-25T03:08:38.047Z,The Philadelphia Cricket Club (Wissahickon Course),Truist Championship 2025,Truist Championship,2025,3,C. Morikawa,Collin Morikawa,Birdies,4.5,2.727,-1.773,under,18.74,3,W,-110,107,0.909,1.070
2026-06-25T03:08:38.047Z,The Philadelphia Cricket Club (Wissahickon Course),Truist Championship 2025,Truist Championship,2025,3,K. Mitchell,Keith Mitchell,Birdies,3.5,2.800,-0.700,over,-11.08,4,W,-110,109,0.909,1.090
2026-06-25T03:08:38.047Z,The Philadelphia Cricket Club (Wissahickon Course),Truist Championship 2025,Truist Championship,2025,3,K. Mitchell,Keith Mitchell,Birdies,3.5,2.800,-0.700,under,1.25,4,L,-135,-109,-1.000,-1.000
2026-06-25T03:08:38.047Z,The Philadelphia Cricket Club (Wissahickon Course),Truist Championship 2025,Truist Championship,2025,3,S. Lowry,Shane Lowry,Birdies,3.5,2.487,-1.013,over,-21.67,5,W,-145,-114,0.690,0.877
2026-06-25T03:08:38.047Z,The Philadelphia Cricket Club (Wissahickon Course),Truist Championship 2025,Truist Championship,2025,3,S. Lowry,Shane Lowry,Birdies,3.5,2.487,-1.013,under,11.26,5,L,-105,114,-1.000,-1.000
2026-06-25T03:08:38.047Z,Augusta National Golf Club,US Masters 2023,US Masters,2023,4,B. Koepka,Brooks Koepka,Total score,71,71.050,0.050,under,-5.10,75,L,-120,-102,-1.000,-1.000
2026-06-25T03:08:38.047Z,Augusta National Golf Club,US Masters 2023,US Masters,2023,4,B. Koepka,Brooks Koepka,Birdies,4,3.008,-0.992,over,-9.85,3,L,110,123,-1.000,-1.000
2026-06-25T03:08:38.047Z,Augusta National Golf Club,US Masters 2023,US Masters,2023,4,B. Koepka,Brooks Koepka,Birdies,4,3.008,-0.992,under,3.05,3,W,-145,-123,0.690,0.813
2026-06-25T03:08:38.047Z,Augusta National Golf Club,US Masters 2023,US Masters,2023,4,J. Rahm,Jon Rahm,Total score,70,71.286,1.286,over,9.29,69,L,-120,-103,-1.000,-1.000
2026-06-25T03:08:38.047Z,Augusta National Golf Club,US Masters 2023,US Masters,2023,4,J. Rahm,Jon Rahm,Total score,70,71.286,1.286,under,-16.22,69,W,-110,103,0.909,1.030
2026-06-25T03:08:38.047Z,Augusta National Golf Club,US Masters 2023,US Masters,2023,3,B. Koepka,Brooks Koepka,Birdies,3.5,2.037,-1.463,over,-18.92,2,L,-105,109,-1.000,-1.000
2026-06-25T03:08:38.047Z,Augusta National Golf Club,US Masters 2023,US Masters,2023,3,J. Rahm,Jon Rahm,Birdies,4,2.651,-1.349,over,-12.92,3,L,115,129,-1.000,-1.000
2026-06-25T03:08:38.047Z,Augusta National Golf Club,US Masters 2023,US Masters,2023,3,S. Bennett,Sam Bennett,Birdies,2.5,2.657,0.157,under,1.52,1,W,115,128,1.150,1.280
2026-06-25T03:08:38.047Z,Augusta National Golf Club,US Masters 2023,US Masters,2023,2,B. Koepka,Brooks Koepka,Total score,70.5,71.377,0.877,under,-9.55,67,W,100,114,1.000,1.140
2026-06-25T03:08:38.047Z,Augusta National Golf Club,US Masters 2023,US Masters,2023,3,V. Hovland,Viktor Hovland,Total score,72.5,71.869,-0.631,over,-5.68,70,L,105,117,-1.000,-1.000
2026-06-25T03:08:38.047Z,Augusta National Golf Club,US Masters 2023,US Masters,2023,2,J. Rahm,Jon Rahm,Total score,69.5,72.163,2.663,over,22.29,69,L,-120,-105,-1.000,-1.000
2026-06-25T03:08:38.047Z,Augusta National Golf Club,US Masters 2023,US Masters,2023,2,J. Rahm,Jon Rahm,Birdies,4.5,2.701,-1.799,over,-17.90,5,W,115,128,1.150,1.280
2026-06-25T03:08:38.047Z,Augusta National Golf Club,US Masters 2023,US Masters,2023,1,S. Scheffler,Scottie Scheffler,Total score,70,69.689,-0.311,over,-7.96,68,L,-120,-102,-1.000,-1.000
2026-06-25T03:08:38.047Z,Augusta National Golf Club,US Masters 2023,US Masters,2023,2,M. Homa,Max Homa,Total score,70,73.646,3.646,under,-36.62,73,L,-110,102,-1.000,-1.000
2026-06-25T03:08:38.047Z,Augusta National Golf Club,US Masters 2023,US Masters,2023,2,S. Bennett,Sam Bennett,Total score,71.5,76.146,4.646,over,35.42,68,L,-120,-107,-1.000,-1.000
2026-06-25T03:08:38.047Z,Augusta National Golf Club,US Masters 2023,US Masters,2023,4,P. Cantlay,Patrick Cantlay,Total score,70.5,72.088,1.588,under,-15.69,75,L,105,117,-1.000,-1.000
2026-06-25T03:08:38.047Z,Augusta National Golf Club,US Masters 2023,US Masters,2023,4,V. Hovland,Viktor Hovland,Total score,70.5,71.639,1.139,under,-11.09,74,L,105,117,-1.000,-1.000
2026-06-25T03:08:38.047Z,Augusta National Golf Club,US Masters 2023,US Masters,2023,4,V. Hovland,Viktor Hovland,Birdies,4,3.046,-0.954,over,-19.23,2,L,-135,-117,-1.000,-1.000
2026-06-25T03:08:38.047Z,Augusta National Golf Club,US Masters 2023,US Masters,2023,4,P. Reed,Patrick Reed,Total score,72,71.677,-0.323,over,-9.10,68,L,-125,-111,-1.000,-1.000
2026-06-25T03:08:38.047Z,Augusta National Golf Club,US Masters 2023,US Masters,2023,4,X. Schauffele,Xander Schauffele,Total score,71.5,72.588,1.088,under,-14.17,71,W,-110,101,0.909,1.010
2026-06-25T03:08:38.047Z,Augusta National Golf Club,US Masters 2023,US Masters,2023,1,J. Spieth,Jordan Spieth,Total score,71,72.503,1.503,under,-14.84,69,W,105,117,1.050,1.170
2026-06-25T03:08:38.047Z,Augusta National Golf Club,US Masters 2023,US Masters,2023,1,T. Finau,Tony Finau,Total score,71.5,73.549,2.049,under,-25.92,69,W,-120,-105,0.833,0.952
2026-06-25T03:08:38.047Z,Augusta National Golf Club,US Masters 2023,US Masters,2023,1,T. Woods,Tiger Woods,Total score,72,74.955,2.955,over,30.44,74,W,105,116,1.050,1.160
2026-06-25T03:08:38.047Z,Augusta National Golf Club,US Masters 2023,US Masters,2023,1,T. Woods,Tiger Woods,Total score,72,74.955,2.955,under,-36.67,74,L,-135,-116,-1.000,-1.000
2026-06-25T03:08:38.047Z,Augusta National Golf Club,US Masters 2023,US Masters,2023,1,T. Woods,Tiger Woods,Birdies,3.5,2.870,-0.630,over,-15.29,3,L,-135,-117,-1.000,-1.000
2026-06-25T03:08:38.047Z,Augusta National Golf Club,US Masters 2023,US Masters,2023,2,T. Woods,Tiger Woods,Total score,72,74.955,2.955,over,26.84,73,W,-110,101,0.909,1.010
2026-06-25T03:08:38.047Z,Augusta National Golf Club,US Masters 2023,US Masters,2023,2,T. Woods,Tiger Woods,Birdies,3.5,2.580,-0.920,over,-10.15,2,L,105,118,-1.000,-1.000
2026-06-25T03:08:38.047Z,Augusta National Golf Club,US Masters 2023,US Masters,2023,2,X. Schauffele,Xander Schauffele,Total score,71,71.977,0.977,under,-10.61,74,L,100,110,-1.000,-1.000
2026-06-25T03:08:38.047Z,Augusta National Golf Club,US Masters 2024,US Masters,2024,3,A. Scott,Adam Scott,Birdies,3.5,2.650,-0.850,over,-19.70,6,W,-145,-128,0.690,0.781
2026-06-25T03:08:38.047Z,Augusta National Golf Club,US Masters 2024,US Masters,2024,3,A. Scott,Adam Scott,Birdies,3.5,2.650,-0.850,under,12.90,6,L,110,125,-1.000,-1.000
2026-06-25T03:08:38.047Z,Augusta National Golf Club,US Masters 2024,US Masters,2024,4,B. Dechambeau,Bryson DeChambeau,Birdies,4,3.049,-0.951,over,-9.36,2,L,110,124,-1.000,-1.000
2026-06-25T03:08:38.047Z,Augusta National Golf Club,US Masters 2024,US Masters,2024,4,B. Dechambeau,Bryson DeChambeau,Birdies,4,3.049,-0.951,under,2.56,2,W,-145,-124,0.690,0.806
2026-06-25T03:08:38.047Z,Augusta National Golf Club,US Masters 2024,US Masters,2024,3,C. Smith,Cameron Smith,Birdies,3.5,2.553,-0.947,over,-20.87,1,L,-145,-123,-1.000,-1.000
2026-06-25T03:08:38.047Z,Augusta National Golf Club,US Masters 2024,US Masters,2024,3,C. Smith,Cameron Smith,Birdies,3.5,2.553,-0.947,under,14.07,1,W,110,123,1.100,1.230
2026-06-25T03:08:38.047Z,Augusta National Golf Club,US Masters 2024,US Masters,2024,3,C. Smith,Cameron Smith,Birdies,4,2.553,-1.447,over,-18.74,1,L,-105,116,-1.000,-1.000
2026-06-25T03:08:38.047Z,Augusta National Golf Club,US Masters 2024,US Masters,2024,3,C. Smith,Cameron Smith,Birdies,4,2.553,-1.447,under,11.97,1,W,-125,-116,0.800,0.862
2026-06-25T03:08:38.047Z,Augusta National Golf Club,US Masters 2024,US Masters,2024,1,C. Smith,Cameron Smith,Birdies,3.5,2.563,-0.937,over,-11.57,3,L,100,113,-1.000,-1.000
2026-06-25T03:08:38.047Z,Augusta National Golf Club,US Masters 2024,US Masters,2024,1,V. Hovland,Viktor Hovland,Birdies,3.5,2.916,-0.584,over,-9.66,5,W,-110,102,0.909,1.020
2026-06-25T03:08:38.047Z,Augusta National Golf Club,US Masters 2024,US Masters,2024,1,V. Hovland,Viktor Hovland,Birdies,3.5,2.916,-0.584,under,2.73,5,L,-120,-102,-1.000,-1.000
2026-06-25T03:08:38.047Z,Augusta National Golf Club,US Masters 2024,US Masters,2024,1,W. Clark,Wyndham Clark,Birdies,3.5,3.227,-0.273,over,-5.79,3,L,-110,102,-1.000,-1.000
2026-06-25T03:08:38.047Z,Augusta National Golf Club,US Masters 2024,US Masters,2024,2,C. Smith,Cameron Smith,Birdies,3.5,2.613,-0.887,over,-16.52,3,L,-125,-111,-1.000,-1.000
2026-06-25T03:08:38.047Z,Augusta National Golf Club,US Masters 2024,US Masters,2024,2,C. Smith,Cameron Smith,Birdies,3.5,2.613,-0.887,under,10.97,3,W,100,111,1.000,1.110
2026-06-25T03:08:38.047Z,Augusta National Golf Club,US Masters 2024,US Masters,2024,2,V. Hovland,Viktor Hovland,Birdies,3.5,2.696,-0.804,over,-19.15,1,L,-145,126,-1.000,-1.000
2026-06-25T03:08:38.047Z,Augusta National Golf Club,US Masters 2024,US Masters,2024,2,V. Hovland,Viktor Hovland,Birdies,3.5,2.696,-0.804,under,13.45,1,W,115,-126,1.150,0.794
2026-06-25T03:08:38.047Z,Augusta National Golf Club,US Masters 2024,US Masters,2024,2,W. Clark,Wyndham Clark,Birdies,3.5,3.277,-0.223,over,0.70,1,L,115,130,-1.000,-1.000
2026-06-25T03:08:38.047Z,Augusta National Golf Club,US Masters 2024,US Masters,2024,2,W. Clark,Wyndham Clark,Birdies,3.5,3.277,-0.223,under,5.17,1,W,110,-130,1.100,0.769
2026-06-25T03:08:38.047Z,Augusta National Golf Club,US Masters 2024,US Masters,2024,1,C. Morikawa,Collin Morikawa,Birdies,3.5,3.022,-0.478,over,-7.19,3,L,-105,-124,-1.000,-1.000
2026-06-25T03:08:38.047Z,Augusta National Golf Club,US Masters 2024,US Masters,2024,1,C. Morikawa,Collin Morikawa,Birdies,3.5,3.022,-0.478,under,1.42,3,W,-120,130,0.833,1.300
2026-06-25T03:08:38.047Z,Augusta National Golf Club,US Masters 2024,US Masters,2024,1,D. Johnson,Dustin Johnson,Birdies,3.5,2.840,-0.660,over,-9.43,0,L,-105,-124,-1.000,-1.000
2026-06-25T03:08:38.047Z,Augusta National Golf Club,US Masters 2024,US Masters,2024,1,D. Johnson,Dustin Johnson,Birdies,3.5,2.840,-0.660,under,3.66,0,W,-120,130,0.833,1.300
2026-06-25T03:08:38.047Z,Augusta National Golf Club,US Masters 2024,US Masters,2024,1,T. Fleetwood,Tommy Fleetwood,Birdies,3.5,2.873,-0.627,over,-10.19,3,L,-110,-123,-1.000,-1.000
2026-06-25T03:08:38.047Z,Augusta National Golf Club,US Masters 2024,US Masters,2024,1,T. Fleetwood,Tommy Fleetwood,Birdies,4,2.873,-1.127,over,-10.35,3,L,115,131,-1.000,-1.000
2026-06-25T03:08:38.047Z,Augusta National Golf Club,US Masters 2024,US Masters,2024,1,T. Fleetwood,Tommy Fleetwood,Birdies,4,2.873,-1.127,under,4.65,3,W,-145,-131,0.690,0.763
2026-06-25T03:08:38.047Z,Augusta National Golf Club,US Masters 2024,US Masters,2024,2,C. Morikawa,Collin Morikawa,Birdies,3.5,2.802,-0.698,over,-16.12,5,W,-135,-115,0.741,0.870
2026-06-25T03:08:38.047Z,Augusta National Golf Club,US Masters 2024,US Masters,2024,2,C. Morikawa,Collin Morikawa,Birdies,3.5,2.802,-0.698,under,8.68,5,L,100,115,-1.000,-1.000
2026-06-25T03:08:38.047Z,Augusta National Golf Club,US Masters 2024,US Masters,2024,2,D. Johnson,Dustin Johnson,Birdies,3.5,2.820,-0.680,under,9.67,1,W,105,120,1.050,1.200
2026-06-25T03:08:38.047Z,Augusta National Golf Club,US Masters 2024,US Masters,2024,2,T. Fleetwood,Tommy Fleetwood,Birdies,3.5,2.953,-0.547,under,10.31,3,W,115,130,1.150,1.300
2026-06-25T03:08:38.047Z,Augusta National Golf Club,US Masters 2024,US Masters,2024,1,B. Dechambeau,Bryson DeChambeau,Birdies,3.5,2.968,-0.532,over,-15.82,8,W,-145,-125,0.690,0.800
2026-06-25T03:08:38.047Z,Augusta National Golf Club,US Masters 2024,US Masters,2024,1,B. Dechambeau,Bryson DeChambeau,Birdies,3.5,2.968,-0.532,under,9.02,8,L,110,125,-1.000,-1.000
2026-06-25T03:08:38.047Z,Augusta National Golf Club,US Masters 2024,US Masters,2024,1,G. Woodland,Gary Woodland,Birdies,3.5,3.012,-0.488,under,-3.09,3,W,-145,-125,0.690,0.800
2026-06-25T03:08:38.047Z,Augusta National Golf Club,US Masters 2024,US Masters,2024,1,T. Olesen,Thorbjorn Olesen,Birdies,3.5,3.080,-0.420,under,-2.20,6,L,-135,-118,-1.000,-1.000
2026-06-25T03:08:38.047Z,Augusta National Golf Club,US Masters 2024,US Masters,2024,2,B. Dechambeau,Bryson DeChambeau,Birdies,3.5,3.108,-0.392,over,-9.45,3,L,-120,-105,-1.000,-1.000
2026-06-25T03:08:38.047Z,Augusta National Golf Club,US Masters 2024,US Masters,2024,2,B. Dechambeau,Bryson DeChambeau,Birdies,3.5,3.108,-0.392,under,3.68,3,W,-105,105,0.952,1.050
2026-06-25T03:08:38.047Z,Augusta National Golf Club,US Masters 2024,US Masters,2024,2,G. Woodland,Gary Woodland,Birdies,2.5,2.792,0.292,over,1.27,2,L,-110,100,-1.000,-1.000
2026-06-25T03:08:38.047Z,Augusta National Golf Club,US Masters 2024,US Masters,2024,2,G. Woodland,Gary Woodland,Birdies,3,2.792,-0.208,under,-1.94,2,W,-120,-107,0.833,0.935
2026-06-25T03:08:38.047Z,Augusta National Golf Club,US Masters 2024,US Masters,2024,2,T. Olesen,Thorbjorn Olesen,Birdies,3,2.870,-0.130,over,-7.19,2,L,-125,-113,-1.000,-1.000
2026-06-25T03:08:38.047Z,Augusta National Golf Club,US Masters 2024,US Masters,2024,2,T. Olesen,Thorbjorn Olesen,Birdies,3,2.870,-0.130,under,1.63,2,W,100,113,1.000,1.130
2026-06-25T03:08:38.047Z,Augusta National Golf Club,US Masters 2024,US Masters,2024,1,H. Matsuyama,Hideki Matsuyama,Birdies,3.5,2.801,-0.699,over,-14.24,1,L,-125,-110,-1.000,-1.000
2026-06-25T03:08:38.047Z,Augusta National Golf Club,US Masters 2024,US Masters,2024,1,J. Thomas,Justin Thomas,Birdies,3.5,2.572,-0.928,over,-11.46,3,L,100,112,-1.000,-1.000
2026-06-25T03:08:38.047Z,Augusta National Golf Club,US Masters 2024,US Masters,2024,1,W. Zalatoris,Will Zalatoris,Birdies,3.5,3.064,-0.436,over,-5.44,4,W,100,115,1.000,1.150
2026-06-25T03:08:38.047Z,Augusta National Golf Club,US Masters 2024,US Masters,2024,2,H. Matsuyama,Hideki Matsuyama,Birdies,3.5,2.791,-0.709,over,-7.58,3,L,105,120,-1.000,-1.000
2026-06-25T03:08:38.047Z,Augusta National Golf Club,US Masters 2024,US Masters,2024,2,H. Matsuyama,Hideki Matsuyama,Birdies,3.5,2.791,-0.709,under,1.36,3,W,-135,-120,0.741,0.833
2026-06-25T03:08:38.047Z,Augusta National Golf Club,US Masters 2024,US Masters,2024,2,H. Matsuyama,Hideki Matsuyama,Birdies,4,2.791,-1.209,under,5.60,3,W,-145,-128,0.690,0.781
2026-06-25T03:08:38.047Z,Augusta National Golf Club,US Masters 2024,US Masters,2024,2,J. Thomas,Justin Thomas,Birdies,3,2.352,-0.648,over,-17.24,2,L,-145,-127,-1.000,-1.000
2026-06-25T03:08:38.047Z,Augusta National Golf Club,US Masters 2024,US Masters,2024,2,J. Thomas,Justin Thomas,Birdies,3,2.352,-0.648,under,10.44,2,W,110,127,1.100,1.270
2026-06-25T03:08:38.047Z,Augusta National Golf Club,US Masters 2024,US Masters,2024,2,J. Thomas,Justin Thomas,Birdies,3.5,2.352,-1.148,under,14.07,2,W,100,115,1.000,1.150
2026-06-25T03:08:38.047Z,Augusta National Golf Club,US Masters 2024,US Masters,2024,2,W. Zalatoris,Will Zalatoris,Birdies,3,2.844,-0.156,over,-11.13,2,L,-145,-131,-1.000,-1.000
2026-06-25T03:08:38.047Z,Augusta National Golf Club,US Masters 2024,US Masters,2024,2,W. Zalatoris,Will Zalatoris,Birdies,3,2.844,-0.156,under,4.33,2,W,110,127,1.100,1.270
2026-06-25T03:08:38.047Z,Augusta National Golf Club,US Masters 2024,US Masters,2024,2,W. Zalatoris,Will Zalatoris,Birdies,3.5,2.844,-0.656,over,-15.60,2,L,-135,-115,-1.000,-1.000
2026-06-25T03:08:38.047Z,Augusta National Golf Club,US Masters 2024,US Masters,2024,2,W. Zalatoris,Will Zalatoris,Birdies,3.5,2.844,-0.656,under,8.15,2,W,100,115,1.000,1.150
2026-06-25T03:08:38.047Z,Augusta National Golf Club,US Masters 2024,US Masters,2024,1,J. Spieth,Jordan Spieth,Birdies,3.5,3.572,0.072,over,-3.64,2,L,-120,-103,-1.000,-1.000
2026-06-25T03:08:38.047Z,Augusta National Golf Club,US Masters 2024,US Masters,2024,1,J. Spieth,Jordan Spieth,Birdies,4,3.572,-0.428,over,-1.85,2,L,115,120,-1.000,-1.000
2026-06-25T03:08:38.047Z,Augusta National Golf Club,US Masters 2024,US Masters,2024,1,J. Spieth,Jordan Spieth,Birdies,4,3.572,-0.428,under,-3.84,2,W,-145,-127,0.690,0.787
2026-06-25T03:08:38.047Z,Augusta National Golf Club,US Masters 2024,US Masters,2024,1,L. Aberg,Ludvig Aberg,Birdies,3.5,3.442,-0.058,over,-3.11,2,L,-110,-127,-1.000,-1.000
2026-06-25T03:08:38.047Z,Augusta National Golf Club,US Masters 2024,US Masters,2024,1,L. Aberg,Ludvig Aberg,Birdies,3.5,3.442,-0.058,under,-3.82,2,W,-120,-104,0.833,0.962
2026-06-25T03:08:38.047Z,Augusta National Golf Club,US Masters 2024,US Masters,2024,1,L. Aberg,Ludvig Aberg,Birdies,4,3.442,-0.558,over,-3.47,2,L,115,132,-1.000,-1.000
2026-06-25T03:08:38.047Z,Augusta National Golf Club,US Masters 2024,US Masters,2024,1,S. Theegala,Sahith Theegala,Birdies,3.5,3.383,-0.117,over,-0.25,1,L,105,-119,-1.000,-1.000
2026-06-25T03:08:38.047Z,Augusta National Golf Club,US Masters 2024,US Masters,2024,1,S. Theegala,Sahith Theegala,Birdies,3.5,3.383,-0.117,under,-5.98,1,W,-135,119,0.741,1.190
2026-06-25T03:08:38.047Z,Augusta National Golf Club,US Masters 2024,US Masters,2024,2,J. Spieth,Jordan Spieth,Birdies,3.5,3.632,0.132,under,0.72,2,W,110,125,1.100,1.250
2026-06-25T03:08:38.047Z,Augusta National Golf Club,US Masters 2024,US Masters,2024,1,J. Rahm,Jon Rahm,Birdies,3.5,3.301,-0.199,over,-11.67,4,W,-145,-131,0.690,0.763
2026-06-25T03:08:38.047Z,Augusta National Golf Club,US Masters 2024,US Masters,2024,1,M. Fitzpatrick,Matt Fitzpatrick,Birdies,3.5,2.972,-0.528,over,-11.13,5,W,-120,-102,0.833,0.980
2026-06-25T03:08:38.047Z,Augusta National Golf Club,US Masters 2024,US Masters,2024,1,M. Fitzpatrick,Matt Fitzpatrick,Birdies,3.5,2.972,-0.528,under,4.20,5,L,-110,102,-1.000,-1.000
2026-06-25T03:08:38.047Z,Augusta National Golf Club,US Masters 2024,US Masters,2024,2,J. Rahm,Jon Rahm,Birdies,3.5,3.351,-0.149,over,-7.42,2,L,-125,-115,-1.000,-1.000
2026-06-25T03:08:38.047Z,Augusta National Golf Club,US Masters 2024,US Masters,2024,2,J. Rahm,Jon Rahm,Birdies,4,3.351,-0.649,over,-13.63,2,L,-125,-114,-1.000,-1.000
2026-06-25T03:08:38.047Z,Augusta National Golf Club,US Masters 2024,US Masters,2024,2,J. Rahm,Jon Rahm,Birdies,4,3.351,-0.649,under,8.07,2,W,100,114,1.000,1.140
2026-06-25T03:08:38.047Z,Augusta National Golf Club,US Masters 2024,US Masters,2024,2,M. Fitzpatrick,Matt Fitzpatrick,Birdies,3.5,3.062,-0.438,over,-5.47,1,L,100,115,-1.000,-1.000
2026-06-25T03:08:38.047Z,Augusta National Golf Club,US Masters 2024,US Masters,2024,2,M. Fitzpatrick,Matt Fitzpatrick,Birdies,3.5,3.062,-0.438,under,-1.98,1,W,-135,-113,0.741,0.885
2026-06-25T03:08:38.047Z,Augusta National Golf Club,US Masters 2024,US Masters,2024,2,M. Fitzpatrick,Matt Fitzpatrick,Birdies,4,3.062,-0.938,over,-9.20,1,L,110,122,-1.000,-1.000
2026-06-25T03:08:38.047Z,Augusta National Golf Club,US Masters 2024,US Masters,2024,2,M. Fitzpatrick,Matt Fitzpatrick,Birdies,4,3.062,-0.938,under,4.13,1,W,-135,-122,0.741,0.820
2026-06-25T03:08:38.047Z,Augusta National Golf Club,US Masters 2024,US Masters,2024,2,N. Dunlap,Nick Dunlap,Birdies,2.5,3.527,1.027,over,3.46,5,W,-145,-126,0.690,0.794
2026-06-25T03:08:38.047Z,Augusta National Golf Club,US Masters 2024,US Masters,2024,2,N. Dunlap,Nick Dunlap,Birdies,2.5,3.527,1.027,under,-10.27,5,L,110,126,-1.000,-1.000
2026-06-25T03:08:38.047Z,Augusta National Golf Club,US Masters 2024,US Masters,2024,2,N. Dunlap,Nick Dunlap,Birdies,3,3.527,0.527,under,-3.08,5,L,115,128,-1.000,-1.000
2026-06-25T03:08:38.047Z,Augusta National Golf Club,US Masters 2024,US Masters,2024,3,B. Dechambeau,Bryson DeChambeau,Birdies,4.5,3.008,-1.492,over,-18.03,4,L,100,120,-1.000,-1.000
2026-06-25T03:08:38.047Z,Augusta National Golf Club,US Masters 2024,US Masters,2024,3,B. Dechambeau,Bryson DeChambeau,Birdies,4.5,3.008,-1.492,under,12.48,4,W,-125,-135,0.800,0.741
2026-06-25T03:08:38.047Z,Augusta National Golf Club,US Masters 2024,US Masters,2024,3,M. Homa,Max Homa,Birdies,4,2.951,-1.049,over,-22.09,0,L,-145,-111,-1.000,-1.000
2026-06-25T03:08:38.047Z,Augusta National Golf Club,US Masters 2024,US Masters,2024,3,M. Homa,Max Homa,Birdies,4,2.951,-1.049,under,16.40,0,W,115,111,1.150,1.110
2026-06-25T03:08:38.047Z,Augusta National Golf Club,US Masters 2024,US Masters,2024,3,M. Homa,Max Homa,Birdies,4.5,2.951,-1.549,over,-16.29,0,L,110,117,-1.000,-1.000
2026-06-25T03:08:38.047Z,Augusta National Golf Club,US Masters 2024,US Masters,2024,3,M. Homa,Max Homa,Birdies,4.5,2.951,-1.549,under,9.48,0,W,-145,-117,0.690,0.855
2026-06-25T03:08:38.047Z,Augusta National Golf Club,US Masters 2024,US Masters,2024,4,L. Aberg,Ludvig Aberg,Birdies,4,3.287,-0.713,over,-11.24,5,W,-110,-101,0.909,0.990
2026-06-25T03:08:38.047Z,Augusta National Golf Club,US Masters 2024,US Masters,2024,4,L. Aberg,Ludvig Aberg,Birdies,4,3.287,-0.713,under,6.48,5,L,-110,101,-1.000,-1.000
2026-06-25T03:08:38.047Z,Augusta National Golf Club,US Masters 2024,US Masters,2024,4,M. Homa,Max Homa,Birdies,4,2.937,-1.063,over,-11.85,3,L,105,121,-1.000,-1.000
2026-06-25T03:08:38.047Z,Augusta National Golf Club,US Masters 2024,US Masters,2024,4,M. Homa,Max Homa,Birdies,4,2.937,-1.063,under,5.62,3,W,-135,-121,0.741,0.826
2026-06-25T03:08:38.047Z,Augusta National Golf Club,US Masters 2024,US Masters,2024,3,J. Niemann,Joaquin Niemann,Birdies,4,3.179,-0.821,over,-11.39,5,W,-105,106,0.952,1.060
2026-06-25T03:08:38.047Z,Augusta National Golf Club,US Masters 2024,US Masters,2024,3,J. Niemann,Joaquin Niemann,Birdies,4,3.179,-0.821,under,5.63,5,L,-120,-103,-1.000,-1.000
2026-06-25T03:08:38.047Z,Augusta National Golf Club,US Masters 2024,US Masters,2024,1,J. Niemann,Joaquin Niemann,Birdies,3,3.199,0.199,over,-6.69,5,W,-145,-129,0.690,0.775
2026-06-25T03:08:38.047Z,Augusta National Golf Club,US Masters 2024,US Masters,2024,1,N. Taylor,Nick Taylor,Birdies,3,3.105,0.105,over,3.70,4,W,110,125,1.100,1.250
2026-06-25T03:08:38.047Z,Augusta National Golf Club,US Masters 2024,US Masters,2024,1,P. Cantlay,Patrick Cantlay,Birdies,3.5,3.320,-0.180,over,-7.81,4,W,-125,-113,0.800,0.885
2026-06-25T03:08:38.047Z,Augusta National Golf Club,US Masters 2024,US Masters,2024,1,P. Cantlay,Patrick Cantlay,Birdies,3.5,3.320,-0.180,under,2.26,4,L,100,113,-1.000,-1.000
2026-06-25T03:08:38.047Z,Augusta National Golf Club,US Masters 2024,US Masters,2024,1,R. Fowler,Rickie Fowler,Birdies,3.5,3.041,-0.459,over,-4.51,1,L,105,118,-1.000,-1.000
2026-06-25T03:08:38.047Z,Augusta National Golf Club,US Masters 2024,US Masters,2024,1,R. Fowler,Rickie Fowler,Birdies,3.5,3.041,-0.459,under,-1.72,1,W,-135,-118,0.741,0.847
2026-06-25T03:08:38.047Z,Augusta National Golf Club,US Masters 2024,US Masters,2024,1,S. Scheffler,Scottie Scheffler,Birdies,4,3.351,-0.649,over,-13.64,6,W,-125,-114,0.800,0.877
2026-06-25T03:08:38.047Z,Augusta National Golf Club,US Masters 2024,US Masters,2024,1,X. Schauffele,Xander Schauffele,Birdies,3.5,3.404,-0.096,over,-10.39,2,L,-145,-129,-1.000,-1.000
2026-06-25T03:08:38.047Z,Augusta National Golf Club,US Masters 2024,US Masters,2024,1,X. Schauffele,Xander Schauffele,Birdies,3.5,3.404,-0.096,under,4.69,2,W,115,129,1.150,1.290
2026-06-25T03:08:38.047Z,Augusta National Golf Club,US Masters 2024,US Masters,2024,2,S. Scheffler,Scottie Scheffler,Birdies,4,3.401,-0.599,over,-12.01,3,L,-120,-102,-1.000,-1.000
2026-06-25T03:08:38.047Z,Augusta National Golf Club,US Masters 2024,US Masters,2024,2,S. Scheffler,Scottie Scheffler,Birdies,4,3.401,-0.599,under,5.08,3,W,-110,102,0.909,1.020
2026-06-25T03:08:38.047Z,Augusta National Golf Club,US Masters 2024,US Masters,2024,2,S. Scheffler,Scottie Scheffler,Birdies,4.5,3.401,-1.099,over,-15.89,3,L,-110,101,-1.000,-1.000
2026-06-25T03:08:38.047Z,Augusta National Golf Club,US Masters 2024,US Masters,2024,2,S. Scheffler,Scottie Scheffler,Birdies,4.5,3.401,-1.099,under,11.12,3,W,-110,-101,0.909,0.990
2026-06-25T03:08:38.047Z,Augusta National Golf Club,US Masters 2024,US Masters,2024,2,X. Schauffele,Xander Schauffele,Birdies,3.5,3.414,-0.086,over,-5.62,2,L,-120,-108,-1.000,-1.000
2026-06-25T03:08:38.047Z,Augusta National Golf Club,US Masters 2024,US Masters,2024,2,X. Schauffele,Xander Schauffele,Birdies,3.5,3.414,-0.086,under,-0.14,2,W,-105,106,0.952,1.060
2026-06-25T03:08:38.047Z,Augusta National Golf Club,US Masters 2024,US Masters,2024,2,X. Schauffele,Xander Schauffele,Birdies,4,3.414,-0.586,over,-11.85,2,L,-120,-105,-1.000,-1.000
2026-06-25T03:08:38.047Z,Augusta National Golf Club,US Masters 2024,US Masters,2024,2,X. Schauffele,Xander Schauffele,Birdies,4,3.414,-0.586,under,6.08,2,W,-105,105,0.952,1.050
2026-06-25T03:08:38.047Z,Augusta National Golf Club,US Masters 2024,US Masters,2024,3,A. Bhatia,Akshay Bhatia,Birdies,3.5,3.287,-0.213,over,-8.22,3,L,-125,-124,-1.000,-1.000
2026-06-25T03:08:38.047Z,Augusta National Golf Club,US Masters 2024,US Masters,2024,3,A. Bhatia,Akshay Bhatia,Birdies,3.5,3.287,-0.213,under,2.67,3,W,100,124,1.000,1.240
2026-06-25T03:08:38.047Z,Augusta National Golf Club,US Masters 2024,US Masters,2024,3,S. Lowry,Shane Lowry,Birdies,4,2.724,-1.276,over,-15.57,2,L,100,104,-1.000,-1.000
2026-06-25T03:08:38.047Z,Augusta National Golf Club,US Masters 2024,US Masters,2024,3,S. Lowry,Shane Lowry,Birdies,4,2.724,-1.276,under,8.13,2,W,-135,-104,0.741,0.962
2026-06-25T03:08:38.047Z,Augusta National Golf Club,US Masters 2024,US Masters,2024,4,C. Morikawa,Collin Morikawa,Birdies,4,3.174,-0.826,over,-17.67,3,L,-135,-118,-1.000,-1.000
2026-06-25T03:08:38.047Z,Augusta National Golf Club,US Masters 2024,US Masters,2024,4,C. Morikawa,Collin Morikawa,Birdies,4,3.174,-0.826,under,11.45,3,W,105,118,1.050,1.180
2026-06-25T03:08:38.047Z,Augusta National Golf Club,US Masters 2024,US Masters,2024,4,S. Scheffler,Scottie Scheffler,Birdies,4.5,3.347,-1.153,over,-21.58,7,W,-135,-117,0.741,0.855
2026-06-25T03:08:38.047Z,Augusta National Golf Club,US Masters 2024,US Masters,2024,4,S. Scheffler,Scottie Scheffler,Birdies,4.5,3.347,-1.153,under,15.35,7,L,105,117,-1.000,-1.000
2026-06-25T03:08:38.047Z,Augusta National Golf Club,US Masters 2024,US Masters,2024,3,C. Kirk,Chris Kirk,Birdies,3.5,3.011,-0.489,over,-11.65,5,W,-125,-114,0.800,0.877
2026-06-25T03:08:38.047Z,Augusta National Golf Club,US Masters 2024,US Masters,2024,3,C. Kirk,Chris Kirk,Birdies,3.5,3.011,-0.489,under,6.10,5,L,100,114,-1.000,-1.000
2026-06-25T03:08:38.047Z,Augusta National Golf Club,US Masters 2024,US Masters,2024,3,T. Finau,Tony Finau,Birdies,4,3.304,-0.696,over,-8.66,3,L,100,112,-1.000,-1.000
2026-06-25T03:08:38.047Z,Augusta National Golf Club,US Masters 2024,US Masters,2024,3,T. Finau,Tony Finau,Birdies,4,3.304,-0.696,under,1.21,3,W,-135,-115,0.741,0.870
2026-06-25T03:08:38.047Z,Augusta National Golf Club,US Masters 2024,US Masters,2024,3,Cam. Young,Cameron Young,Birdies,3.5,3.336,-0.164,over,-11.23,5,W,-145,-111,0.690,0.901
2026-06-25T03:08:38.047Z,Augusta National Golf Club,US Masters 2024,US Masters,2024,3,Cam. Young,Cameron Young,Birdies,3.5,3.336,-0.164,under,0.83,5,L,-105,106,-1.000,-1.000
2026-06-25T03:08:38.047Z,Augusta National Golf Club,US Masters 2024,US Masters,2024,3,Cam. Young,Cameron Young,Birdies,4.5,3.336,-1.164,over,-13.04,5,W,105,127,1.050,1.270
2026-06-25T03:08:38.047Z,Augusta National Golf Club,US Masters 2024,US Masters,2024,3,Cam. Young,Cameron Young,Birdies,4.5,3.336,-1.164,under,6.81,5,L,-135,-127,-1.000,-1.000
2026-06-25T03:08:38.047Z,Augusta National Golf Club,US Masters 2024,US Masters,2024,3,T. Fleetwood,Tommy Fleetwood,Birdies,3.5,2.893,-0.607,over,-16.75,2,L,-145,-111,-1.000,-1.000
2026-06-25T03:08:38.047Z,Augusta National Golf Club,US Masters 2024,US Masters,2024,3,T. Fleetwood,Tommy Fleetwood,Birdies,3.5,2.893,-0.607,under,9.95,2,W,110,-105,1.100,0.952
2026-06-25T03:08:38.047Z,Augusta National Golf Club,US Masters 2024,US Masters,2024,3,T. Fleetwood,Tommy Fleetwood,Birdies,4.5,2.893,-1.607,over,-18.09,2,L,105,111,-1.000,-1.000
2026-06-25T03:08:38.047Z,Augusta National Golf Club,US Masters 2024,US Masters,2024,3,T. Fleetwood,Tommy Fleetwood,Birdies,4.5,2.893,-1.607,under,11.87,2,W,-135,-127,0.741,0.787
2026-06-25T03:08:38.047Z,Augusta National Golf Club,US Masters 2024,US Masters,2024,1,J. Day,Jason Day,Birdies,3.5,2.956,-0.544,over,-5.57,3,L,105,112,-1.000,-1.000
2026-06-25T03:08:38.047Z,Augusta National Golf Club,US Masters 2024,US Masters,2024,1,M. Homa,Max Homa,Birdies,3,2.951,-0.049,over,-6.17,7,W,-125,-113,0.800,0.885
2026-06-25T03:08:38.047Z,Augusta National Golf Club,US Masters 2024,US Masters,2024,1,M. Homa,Max Homa,Birdies,3.5,2.951,-0.549,over,-5.62,7,W,105,112,1.050,1.120
2026-06-25T03:08:38.047Z,Augusta National Golf Club,US Masters 2024,US Masters,2024,1,T. Woods,Tiger Woods,Birdies,3,2.806,-0.194,over,-1.21,2,L,105,-130,-1.000,-1.000
2026-06-25T03:08:38.047Z,Augusta National Golf Club,US Masters 2024,US Masters,2024,1,T. Woods,Tiger Woods,Birdies,3,2.806,-0.194,under,-5.02,2,W,-135,130,0.741,1.300
2026-06-25T03:08:38.047Z,Augusta National Golf Club,US Masters 2024,US Masters,2024,3,T. Hatton,Tyrrell Hatton,Birdies,4,2.642,-1.358,over,-18.90,5,W,-110,116,0.909,1.160
2026-06-25T03:08:38.047Z,Augusta National Golf Club,US Masters 2024,US Masters,2024,3,T. Hatton,Tyrrell Hatton,Birdies,4,2.642,-1.358,under,14.13,5,L,-110,-116,-1.000,-1.000
2026-06-25T03:08:38.047Z,Augusta National Golf Club,US Masters 2024,US Masters,2024,3,T. Woods,Tiger Woods,Birdies,3.5,2.626,-0.874,over,-18.26,2,L,-135,-106,-1.000,-1.000
2026-06-25T03:08:38.047Z,Augusta National Golf Club,US Masters 2024,US Masters,2024,3,T. Woods,Tiger Woods,Birdies,3.5,2.626,-0.874,under,12.03,2,W,105,106,1.050,1.060
2026-06-25T03:08:38.047Z,Augusta National Golf Club,US Masters 2025,US Masters,2025,2,A. Scott,Adam Scott,Birdies,3.5,2.841,-0.659,over,-6.98,3,L,105,126,-1.000,-1.000
2026-06-25T03:08:38.047Z,Augusta National Golf Club,US Masters 2025,US Masters,2025,2,V. Hovland,Viktor Hovland,Birdies,3.5,2.577,-0.923,under,10.18,6,L,-105,118,-1.000,-1.000
2026-06-25T03:08:38.047Z,Augusta National Golf Club,US Masters 2025,US Masters,2025,2,X. Schauffele,Xander Schauffele,Birdies,3.5,2.657,-0.843,over,-22.70,3,L,-165,-131,-1.000,-1.000
2026-06-25T03:08:38.047Z,Augusta National Golf Club,US Masters 2025,US Masters,2025,2,X. Schauffele,Xander Schauffele,Birdies,3.5,2.657,-0.843,under,11.66,3,W,105,131,1.050,1.310
2026-06-25T03:08:38.047Z,Augusta National Golf Club,US Masters 2025,US Masters,2025,2,B. Harman,Brian Harman,Birdies,2.5,3.056,0.556,over,-10.81,4,W,-210,-170,0.476,0.588
2026-06-25T03:08:38.047Z,Augusta National Golf Club,US Masters 2025,US Masters,2025,2,B. Harman,Brian Harman,Birdies,3.5,3.056,-0.444,over,0.02,4,W,125,166,1.250,1.660
2026-06-25T03:08:38.047Z,Augusta National Golf Club,US Masters 2025,US Masters,2025,2,C. Conners,Corey Conners,Birdies,3.5,3.352,-0.148,over,-3.07,4,W,-105,124,0.952,1.240
2026-06-25T03:08:38.047Z,Augusta National Golf Club,US Masters 2025,US Masters,2025,2,C. Conners,Corey Conners,Birdies,3.5,3.352,-0.148,under,-7.33,4,L,-145,-122,-1.000,-1.000
2026-06-25T03:08:38.047Z,Augusta National Golf Club,US Masters 2025,US Masters,2025,2,S. Jaeger,Stephan Jaeger,Birdies,2.5,3.223,0.723,over,-7.68,3,W,-200,-155,0.500,0.645
2026-06-25T03:08:38.047Z,Augusta National Golf Club,US Masters 2025,US Masters,2025,2,S. Jaeger,Stephan Jaeger,Birdies,2.5,3.223,0.723,under,-3.43,3,L,125,155,-1.000,-1.000
2026-06-25T03:08:38.047Z,Augusta National Golf Club,US Masters 2025,US Masters,2025,2,C. Morikawa,Collin Morikawa,Birdies,3.5,2.870,-0.630,over,-21.48,6,W,-175,-133,0.571,0.752
2026-06-25T03:08:38.047Z,Augusta National Golf Club,US Masters 2025,US Masters,2025,2,C. Morikawa,Collin Morikawa,Birdies,3.5,2.870,-0.630,under,11.34,6,L,115,133,-1.000,-1.000
2026-06-25T03:08:38.047Z,Augusta National Golf Club,US Masters 2025,US Masters,2025,2,J. Niemann,Joaquin Niemann,Birdies,3.5,2.772,-0.728,over,-16.49,3,L,-135,-106,-1.000,-1.000
2026-06-25T03:08:38.047Z,Augusta National Golf Club,US Masters 2025,US Masters,2025,2,J. Niemann,Joaquin Niemann,Birdies,3.5,2.772,-0.728,under,6.67,3,W,-110,101,0.909,1.010
2026-06-25T03:08:38.047Z,Augusta National Golf Club,US Masters 2025,US Masters,2025,3,H. Matsuyama,Hideki Matsuyama,Birdies,3.5,2.253,-1.247,over,-26.02,0,L,-155,-127,-1.000,-1.000
2026-06-25T03:08:38.047Z,Augusta National Golf Club,US Masters 2025,US Masters,2025,3,B. Dechambeau,Bryson DeChambeau,Birdies,4.5,3.276,-1.224,over,-9.41,6,W,125,157,1.250,1.570
2026-06-25T03:08:38.047Z,Augusta National Golf Club,US Masters 2025,US Masters,2025,3,B. Dechambeau,Bryson DeChambeau,Birdies,4.5,3.276,-1.224,under,-0.55,6,L,-190,-157,-1.000,-1.000
2026-06-25T03:08:38.047Z,Augusta National Golf Club,US Masters 2025,US Masters,2025,3,J. Rose,Justin Rose,Birdies,3.5,2.415,-1.085,over,-18.89,2,L,-125,-100,-1.000,-1.000
2026-06-25T03:08:38.047Z,Augusta National Golf Club,US Masters 2025,US Masters,2025,3,J. Rose,Justin Rose,Birdies,3.5,2.415,-1.085,under,7.78,2,W,-125,100,0.800,1.000
2026-06-25T03:08:38.047Z,Augusta National Golf Club,US Masters 2025,US Masters,2025,2,J. Spieth,Jordan Spieth,Birdies,3.5,2.512,-0.988,over,-22.96,3,L,-155,-115,-1.000,-1.000
2026-06-25T03:08:38.047Z,Augusta National Golf Club,US Masters 2025,US Masters,2025,2,J. Spieth,Jordan Spieth,Birdies,3.5,2.512,-0.988,under,12.18,3,W,100,115,1.000,1.150
2026-06-25T03:08:38.047Z,Augusta National Golf Club,US Masters 2025,US Masters,2025,2,T. Hatton,Tyrrell Hatton,Birdies,3.5,3.268,-0.232,over,-12.08,6,W,-145,-124,0.690,0.806
2026-06-25T03:08:38.047Z,Augusta National Golf Club,US Masters 2025,US Masters,2025,2,T. Hatton,Tyrrell Hatton,Birdies,3.5,3.268,-0.232,under,1.68,6,L,-105,127,-1.000,-1.000
2026-06-25T03:08:38.047Z,Augusta National Golf Club,US Masters 2025,US Masters,2025,2,T. Kim,Tom Kim,Birdies,3.5,2.886,-0.614,over,-13.19,1,L,-125,108,-1.000,-1.000
2026-06-25T03:08:38.047Z,Augusta National Golf Club,US Masters 2025,US Masters,2025,2,T. Kim,Tom Kim,Birdies,3.5,2.886,-0.614,under,2.08,1,W,-125,-109,0.800,0.917
2026-06-25T03:08:38.047Z,Augusta National Golf Club,US Masters 2025,US Masters,2025,2,M. Fitzpatrick,Matt Fitzpatrick,Birdies,3.5,2.468,-1.032,over,-18.26,3,L,-125,-103,-1.000,-1.000
2026-06-25T03:08:38.047Z,Augusta National Golf Club,US Masters 2025,US Masters,2025,3,C. Conners,Corey Conners,Birdies,3.5,3.332,-0.168,over,-7.66,4,W,-125,-104,0.800,0.962
2026-06-25T03:08:38.047Z,Augusta National Golf Club,US Masters 2025,US Masters,2025,3,C. Conners,Corey Conners,Birdies,3.5,3.332,-0.168,under,-2.44,4,L,-120,104,-1.000,-1.000
2026-06-25T03:08:38.047Z,Augusta National Golf Club,US Masters 2025,US Masters,2025,2,A. Bhatia,Akshay Bhatia,Birdies,3.5,3.303,-0.197,over,-2.47,1,L,100,120,-1.000,-1.000
2026-06-25T03:08:38.047Z,Augusta National Golf Club,US Masters 2025,US Masters,2025,2,A. Bhatia,Akshay Bhatia,Birdies,3.5,3.303,-0.197,under,-6.72,1,W,-145,-120,0.690,0.833
2026-06-25T03:08:38.047Z,Augusta National Golf Club,US Masters 2025,US Masters,2025,2,L. Aberg,Ludvig Aberg,Birdies,3.5,2.918,-0.582,over,-14.70,3,L,-135,-110,-1.000,-1.000
2026-06-25T03:08:38.047Z,Augusta National Golf Club,US Masters 2025,US Masters,2025,2,B. Dechambeau,Bryson DeChambeau,Birdies,3.5,3.296,-0.204,over,-13.34,5,W,-155,-122,0.645,0.820
2026-06-25T03:08:38.047Z,Augusta National Golf Club,US Masters 2025,US Masters,2025,2,B. Dechambeau,Bryson DeChambeau,Birdies,3.5,3.296,-0.204,under,2.56,5,L,100,122,-1.000,-1.000
2026-06-25T03:08:38.047Z,Augusta National Golf Club,US Masters 2025,US Masters,2025,2,H. Matsuyama,Hideki Matsuyama,Birdies,3.5,2.543,-0.957,under,7.27,5,L,-120,101,-1.000,-1.000
2026-06-25T03:08:38.047Z,Augusta National Golf Club,US Masters 2025,US Masters,2025,2,S. Lowry,Shane Lowry,Birdies,3.5,2.826,-0.674,over,-12.92,5,W,-120,102,0.833,1.020
2026-06-25T03:08:38.047Z,Augusta National Golf Club,US Masters 2025,US Masters,2025,2,S. Lowry,Shane Lowry,Birdies,3.5,2.826,-0.674,under,3.83,5,L,-120,101,-1.000,-1.000
2026-06-25T03:08:38.047Z,Augusta National Golf Club,US Masters 2025,US Masters,2025,3,S. Scheffler,Scottie Scheffler,Birdies,4.5,3.516,-0.984,over,-7.59,2,L,120,149,-1.000,-1.000
2026-06-25T03:08:38.047Z,Augusta National Golf Club,US Masters 2025,US Masters,2025,3,T. Hatton,Tyrrell Hatton,Birdies,3.5,3.288,-0.212,over,-7.20,1,L,-120,105,-1.000,-1.000
2026-06-25T03:08:38.047Z,Memorial Park Golf Course,US Open 2025,US Open,2025,1,S. Scheffler,Scottie Scheffler,Birdies,2.5,3.802,1.302,over,5.08,3,W,-155,-128,0.645,0.781
2026-06-25T03:08:38.047Z,Memorial Park Golf Course,US Open 2025,US Open,2025,2,S. Scheffler,Scottie Scheffler,Birdies,3.5,3.861,0.361,over,5.73,8,W,105,126,1.050,1.260
2026-06-25T03:08:38.047Z,TPC San Antonio - The Oaks Course,Valero Texas Open,Valero Texas Open,2026,1,Alex Noren,Alex Noren,Total score,70.5,71.123,0.623,over,-3.18,70,L,-150,-134,-1.000,-1.000
2026-06-25T03:08:38.047Z,TPC San Antonio - The Oaks Course,Valero Texas Open,Valero Texas Open,2026,1,Davis Thompson,Davis Thompson,Total score,71.5,71.994,0.494,over,6.63,66,L,105,126,-1.000,-1.000
2026-06-25T03:08:38.047Z,TPC San Antonio - The Oaks Course,Valero Texas Open,Valero Texas Open,2026,1,Davis Thompson,Davis Thompson,Total score,71.5,71.994,0.494,under,-10.96,66,W,-125,-104,0.800,0.962
2026-06-25T03:08:38.047Z,TPC San Antonio - The Oaks Course,Valero Texas Open,Valero Texas Open,2026,1,Denny McCarthy,Denny McCarthy,Total score,70.5,71.063,0.563,over,-3.83,73,W,-150,-121,0.667,0.826
2026-06-25T03:08:38.047Z,TPC San Antonio - The Oaks Course,Valero Texas Open,Valero Texas Open,2026,1,Denny McCarthy,Denny McCarthy,Total score,70.5,71.063,0.563,under,-3.79,73,L,110,130,-1.000,-1.000
2026-06-25T03:08:38.047Z,TPC San Antonio - The Oaks Course,Valero Texas Open,Valero Texas Open,2026,1,Hideki Matsuyama,Hideki Matsuyama,Total score,70.5,71.576,1.076,under,-12.87,70,W,-105,105,0.952,1.050
2026-06-25T03:08:38.047Z,TPC San Antonio - The Oaks Course,Valero Texas Open,Valero Texas Open,2026,1,J.J. Spaun,J.J. Spaun,Total score,70.5,72.493,1.993,over,10.85,69,L,-150,-121,-1.000,-1.000
2026-06-25T03:08:38.047Z,TPC San Antonio - The Oaks Course,Valero Texas Open,Valero Texas Open,2026,1,J.J. Spaun,J.J. Spaun,Total score,71.5,72.493,0.993,over,13.16,69,L,110,130,-1.000,-1.000
2026-06-25T03:08:38.047Z,TPC San Antonio - The Oaks Course,Valero Texas Open,Valero Texas Open,2026,1,Johnny Keefer,Johnny Keefer,Total score,71.5,71.486,-0.014,over,1.06,76,W,105,125,1.050,1.250
2026-06-25T03:08:38.047Z,TPC San Antonio - The Oaks Course,Valero Texas Open,Valero Texas Open,2026,1,Johnny Keefer,Johnny Keefer,Total score,71.5,71.486,-0.014,under,-8.17,76,L,-140,-113,-1.000,-1.000
2026-06-25T03:08:38.047Z,TPC San Antonio - The Oaks Course,Valero Texas Open,Valero Texas Open,2026,1,Jordan Smith,Jordan Smith,Total score,71.5,70.983,-0.517,over,-8.05,76,W,-110,125,0.909,1.250
2026-06-25T03:08:38.047Z,TPC San Antonio - The Oaks Course,Valero Texas Open,Valero Texas Open,2026,1,Jordan Spieth,Jordan Spieth,Total score,70.5,69.880,-0.620,over,-8.00,71,W,-105,103,0.952,1.030
2026-06-25T03:08:38.047Z,TPC San Antonio - The Oaks Course,Valero Texas Open,Valero Texas Open,2026,1,Jordan Spieth,Jordan Spieth,Total score,70.5,69.880,-0.620,under,-1.55,71,L,-140,-106,-1.000,-1.000
2026-06-25T03:08:38.047Z,TPC San Antonio - The Oaks Course,Valero Texas Open,Valero Texas Open,2026,1,Keith Mitchell,Keith Mitchell,Total score,70.5,70.988,0.488,over,-6.92,74,W,-165,-134,0.606,0.746
2026-06-25T03:08:38.047Z,TPC San Antonio - The Oaks Course,Valero Texas Open,Valero Texas Open,2026,1,Keith Mitchell,Keith Mitchell,Total score,70.5,70.988,0.488,under,-4.13,74,L,105,136,-1.000,-1.000
2026-06-25T03:08:38.047Z,TPC San Antonio - The Oaks Course,Valero Texas Open,Valero Texas Open,2026,1,Keith Mitchell,Keith Mitchell,Total score,71.5,70.988,-0.512,under,-6.66,74,L,-165,-103,-1.000,-1.000
2026-06-25T03:08:38.047Z,TPC San Antonio - The Oaks Course,Valero Texas Open,Valero Texas Open,2026,1,Marco Penge,Marco Penge,Total score,71.5,71.918,0.418,over,6.97,68,L,110,116,-1.000,-1.000
2026-06-25T03:08:38.047Z,TPC San Antonio - The Oaks Course,Valero Texas Open,Valero Texas Open,2026,1,Marco Penge,Marco Penge,Total score,71.5,71.918,0.418,under,-10.14,68,W,-125,-116,0.800,0.862
2026-06-25T03:08:38.047Z,TPC San Antonio - The Oaks Course,Valero Texas Open,Valero Texas Open,2026,1,Maverick McNealy,Maverick McNealy,Total score,70.5,71.293,0.793,under,-12.13,67,W,-115,110,0.870,1.100
2026-06-25T03:08:38.047Z,TPC San Antonio - The Oaks Course,Valero Texas Open,Valero Texas Open,2026,1,Michael Thorbjornsen,Michael Thorbjornsen,Total score,70.5,70.903,0.403,over,-1.14,70,L,-125,-122,-1.000,-1.000
2026-06-25T03:08:38.047Z,TPC San Antonio - The Oaks Course,Valero Texas Open,Valero Texas Open,2026,1,Michael Thorbjornsen,Michael Thorbjornsen,Total score,70.5,70.903,0.403,under,-2.04,70,W,110,127,1.100,1.270
2026-06-25T03:08:38.047Z,TPC San Antonio - The Oaks Course,Valero Texas Open,Valero Texas Open,2026,1,Nick Taylor,Nick Taylor,Total score,71.5,71.955,0.455,over,4.99,70,L,100,136,-1.000,-1.000
2026-06-25T03:08:38.047Z,TPC San Antonio - The Oaks Course,Valero Texas Open,Valero Texas Open,2026,1,Nick Taylor,Nick Taylor,Total score,71.5,71.955,0.455,under,-14.99,70,W,-150,-122,0.667,0.820
2026-06-25T03:08:38.047Z,TPC San Antonio - The Oaks Course,Valero Texas Open,Valero Texas Open,2026,1,Richard Hoey,Rico Hoey,Total score,71.5,71.430,-0.070,under,-7.57,70,W,-140,-115,0.714,0.870
2026-06-25T03:08:38.047Z,TPC San Antonio - The Oaks Course,Valero Texas Open,Valero Texas Open,2026,1,Rickie Fowler,Rickie Fowler,Total score,70.5,70.776,0.276,over,-6.96,70,L,-150,-122,-1.000,-1.000
2026-06-25T03:08:38.047Z,TPC San Antonio - The Oaks Course,Valero Texas Open,Valero Texas Open,2026,1,Rickie Fowler,Rickie Fowler,Total score,70.5,70.776,0.276,under,-5.42,70,W,-110,127,0.909,1.270
2026-06-25T03:08:38.047Z,TPC San Antonio - The Oaks Course,Valero Texas Open,Valero Texas Open,2026,1,Robert MacIntyre,Robert MacIntyre,Total score,70.5,69.996,-0.504,over,-11.08,66,L,-125,108,-1.000,-1.000
2026-06-25T03:08:38.047Z,TPC San Antonio - The Oaks Course,Valero Texas Open,Valero Texas Open,2026,1,Robert MacIntyre,Robert MacIntyre,Total score,70.5,69.996,-0.504,under,5.53,66,W,100,100,1.000,1.000
2026-06-25T03:08:38.047Z,TPC San Antonio - The Oaks Course,Valero Texas Open,Valero Texas Open,2026,1,Russell Henley,Russell Henley,Total score,70.5,70.200,-0.300,over,-8.85,72,W,-125,113,0.800,1.130
2026-06-25T03:08:38.047Z,TPC San Antonio - The Oaks Course,Valero Texas Open,Valero Texas Open,2026,1,Russell Henley,Russell Henley,Total score,70.5,70.200,-0.300,under,6.78,72,L,115,-100,-1.000,-1.000
2026-06-25T03:08:38.047Z,TPC San Antonio - The Oaks Course,Valero Texas Open,Valero Texas Open,2026,1,Ryo Hisatsune,Ryo Hisatsune,Total score,70.5,71.046,0.546,under,-3.59,68,W,110,125,1.100,1.250
2026-06-25T03:08:38.047Z,TPC San Antonio - The Oaks Course,Valero Texas Open,Valero Texas Open,2026,1,Ryo Hisatsune,Ryo Hisatsune,Total score,71.5,71.046,-0.454,under,-0.57,68,W,-125,-123,0.800,0.813
2026-06-25T03:08:38.047Z,TPC San Antonio - The Oaks Course,Valero Texas Open,Valero Texas Open,2026,1,Sepp Straka,Sepp Straka,Total score,70.5,70.933,0.433,over,-0.81,72,W,-125,-119,0.800,0.840
2026-06-25T03:08:38.047Z,TPC San Antonio - The Oaks Course,Valero Texas Open,Valero Texas Open,2026,1,Sepp Straka,Sepp Straka,Total score,70.5,70.933,0.433,under,-7.12,72,L,-110,119,-1.000,-1.000
2026-06-25T03:08:38.047Z,TPC San Antonio - The Oaks Course,Valero Texas Open,Valero Texas Open,2026,1,Sepp Straka,Sepp Straka,Total score,71.5,70.933,-0.567,under,-2.12,72,L,-140,-114,-1.000,-1.000
2026-06-25T03:08:38.047Z,TPC San Antonio - The Oaks Course,Valero Texas Open,Valero Texas Open,2026,1,Si Woo Kim,Si Woo Kim,Total score,70.5,71.583,1.083,under,-14.10,70,W,-110,-102,0.909,0.980
2026-06-25T03:08:38.047Z,TPC San Antonio - The Oaks Course,Valero Texas Open,Valero Texas Open,2026,1,Thorbjørn Olesen,Thorbjorn Olesen,Total score,71.5,70.644,-0.856,under,0.99,69,W,-140,-134,0.714,0.746
2026-06-25T03:08:38.047Z,TPC San Antonio - The Oaks Course,Valero Texas Open,Valero Texas Open,2026,1,Tommy Fleetwood,Tommy Fleetwood,Total score,70.5,69.092,-1.408,under,9.54,67,W,-125,-114,0.800,0.877
2026-06-25T03:08:38.047Z,TPC San Antonio - The Oaks Course,Valero Texas Open,Valero Texas Open,2026,1,Will Zalatoris,Will Zalatoris,Total score,71.5,71.940,0.440,over,1.34,67,L,-115,107,-1.000,-1.000
2026-06-25T03:08:38.047Z,TPC San Antonio - The Oaks Course,Valero Texas Open,Valero Texas Open,2026,1,Will Zalatoris,Will Zalatoris,Total score,71.5,71.940,0.440,under,-10.38,67,W,-125,-107,0.800,0.935
2026-06-25T03:08:38.047Z,TPC San Antonio (Oaks Course),Valero Texas Open 2023,Valero Texas Open,2023,1,H. Matsuyama,Hideki Matsuyama,Total score,71,70.707,-0.293,under,0.84,70,W,-110,103,0.909,1.030
2026-06-25T03:08:38.047Z,TPC San Antonio (Oaks Course),Valero Texas Open 2024,Valero Texas Open,2024,2,A. Scott,Adam Scott,Birdies,4,3.448,-0.552,over,-6.88,3,L,100,111,-1.000,-1.000
2026-06-25T03:08:38.047Z,TPC San Antonio (Oaks Course),Valero Texas Open 2024,Valero Texas Open,2024,2,A. Scott,Adam Scott,Birdies,4,3.448,-0.552,under,1.32,3,W,-125,-111,0.800,0.901
2026-06-25T03:08:38.047Z,TPC San Antonio (Oaks Course),Valero Texas Open 2024,Valero Texas Open,2024,2,B. Harman,Brian Harman,Birdies,4,3.715,-0.285,over,-8.11,2,L,-120,-105,-1.000,-1.000
2026-06-25T03:08:38.047Z,TPC San Antonio (Oaks Course),Valero Texas Open 2024,Valero Texas Open,2024,2,B. Harman,Brian Harman,Birdies,4,3.715,-0.285,under,2.34,2,W,-105,105,0.952,1.050
2026-06-25T03:08:38.047Z,TPC San Antonio (Oaks Course),Valero Texas Open 2024,Valero Texas Open,2024,2,M. Fitzpatrick,Matt Fitzpatrick,Birdies,4,3.802,-0.198,over,-9.93,1,L,-135,-116,-1.000,-1.000
2026-06-25T03:08:38.047Z,TPC San Antonio (Oaks Course),Valero Texas Open 2024,Valero Texas Open,2024,2,M. Fitzpatrick,Matt Fitzpatrick,Birdies,4,3.802,-0.198,under,3.70,1,W,105,116,1.050,1.160
2026-06-25T03:08:38.047Z,TPC San Antonio (Oaks Course),Valero Texas Open 2024,Valero Texas Open,2024,4,A. Bhatia,Akshay Bhatia,Birdies,4.5,4.237,-0.263,over,0.20,6,W,115,-117,1.150,0.855
2026-06-25T03:08:38.047Z,TPC San Antonio (Oaks Course),Valero Texas Open 2024,Valero Texas Open,2024,4,A. Bhatia,Akshay Bhatia,Birdies,4.5,4.237,-0.263,under,-5.90,6,L,-145,117,-1.000,-1.000
2026-06-25T03:08:38.047Z,TPC San Antonio (Oaks Course),Valero Texas Open 2024,Valero Texas Open,2024,4,B. Todd,Brendon Todd,Birdies,4.5,3.773,-0.727,over,-11.41,1,L,-110,103,-1.000,-1.000
2026-06-25T03:08:38.047Z,TPC San Antonio (Oaks Course),Valero Texas Open 2024,Valero Texas Open,2024,4,B. Todd,Brendon Todd,Birdies,4.5,3.773,-0.727,under,4.48,1,W,-120,-103,0.833,0.971
2026-06-25T03:08:38.047Z,TPC San Antonio (Oaks Course),Valero Texas Open 2024,Valero Texas Open,2024,4,D. McCarthy,Denny McCarthy,Birdies,4,4.237,0.237,over,-4.48,9,W,-135,-115,0.741,0.870
2026-06-25T03:08:38.047Z,TPC San Antonio (Oaks Course),Valero Texas Open 2024,Valero Texas Open,2024,4,D. McCarthy,Denny McCarthy,Birdies,4.5,4.237,-0.263,over,-7.83,9,W,-120,-106,0.833,0.943
2026-06-25T03:08:38.047Z,TPC San Antonio (Oaks Course),Valero Texas Open 2024,Valero Texas Open,2024,4,D. McCarthy,Denny McCarthy,Birdies,4.5,4.237,-0.263,under,2.07,9,L,-105,106,-1.000,-1.000
2026-06-25T03:08:38.047Z,TPC San Antonio (Oaks Course),Valero Texas Open 2024,Valero Texas Open,2024,1,H. Matsuyama,Hideki Matsuyama,Birdies,4.5,3.406,-1.094,over,-11.06,3,L,110,125,-1.000,-1.000
2026-06-25T03:08:38.047Z,TPC San Antonio (Oaks Course),Valero Texas Open 2024,Valero Texas Open,2024,1,H. Matsuyama,Hideki Matsuyama,Birdies,4.5,3.406,-1.094,under,4.26,3,W,-145,-125,0.690,0.800
2026-06-25T03:08:38.047Z,TPC San Antonio (Oaks Course),Valero Texas Open 2024,Valero Texas Open,2024,1,J. Spieth,Jordan Spieth,Birdies,4.5,3.411,-1.089,over,-11.00,5,W,110,125,1.100,1.250
2026-06-25T03:08:38.047Z,TPC San Antonio (Oaks Course),Valero Texas Open 2024,Valero Texas Open,2024,1,J. Spieth,Jordan Spieth,Birdies,4.5,3.411,-1.089,under,4.20,5,L,-145,-125,-1.000,-1.000
2026-06-25T03:08:38.047Z,TPC San Antonio (Oaks Course),Valero Texas Open 2024,Valero Texas Open,2024,1,L. Glover,Lucas Glover,Birdies,4,3.689,-0.311,over,-5.11,5,W,-105,108,0.952,1.080
2026-06-25T03:08:38.047Z,TPC San Antonio (Oaks Course),Valero Texas Open 2024,Valero Texas Open,2024,1,L. Glover,Lucas Glover,Birdies,4,3.689,-0.311,under,-1.67,5,L,-125,-108,-1.000,-1.000
2026-06-25T03:08:38.047Z,TPC San Antonio (Oaks Course),Valero Texas Open 2024,Valero Texas Open,2024,2,C. Conners,Corey Conners,Birdies,3.5,3.934,0.434,over,-2.03,5,W,-135,-121,0.741,0.826
2026-06-25T03:08:38.047Z,TPC San Antonio (Oaks Course),Valero Texas Open 2024,Valero Texas Open,2024,2,C. Conners,Corey Conners,Birdies,3.5,3.934,0.434,under,-4.20,5,L,105,121,-1.000,-1.000
2026-06-25T03:08:38.047Z,TPC San Antonio (Oaks Course),Valero Texas Open 2024,Valero Texas Open,2024,2,C. Morikawa,Collin Morikawa,Birdies,3.5,3.299,-0.201,over,-9.96,1,L,-135,-121,-1.000,-1.000
2026-06-25T03:08:38.047Z,TPC San Antonio (Oaks Course),Valero Texas Open 2024,Valero Texas Open,2024,2,C. Morikawa,Collin Morikawa,Birdies,3.5,3.299,-0.201,under,3.73,1,W,105,121,1.050,1.210
2026-06-25T03:08:38.047Z,TPC San Antonio (Oaks Course),Valero Texas Open 2024,Valero Texas Open,2024,2,M. Homa,Max Homa,Birdies,3.5,3.293,-0.207,over,-11.78,2,L,-145,-128,-1.000,-1.000
2026-06-25T03:08:38.047Z,TPC San Antonio (Oaks Course),Valero Texas Open 2024,Valero Texas Open,2024,4,H. Matsuyama,Hideki Matsuyama,Birdies,4.5,3.660,-0.840,over,-6.92,4,L,115,-109,-1.000,-1.000
2026-06-25T03:08:38.047Z,TPC San Antonio (Oaks Course),Valero Texas Open 2024,Valero Texas Open,2024,4,H. Matsuyama,Hideki Matsuyama,Birdies,4.5,3.660,-0.840,under,9.19,4,W,-105,109,0.952,1.090
2026-06-25T03:08:38.047Z,TPC San Antonio (Oaks Course),Valero Texas Open 2024,Valero Texas Open,2024,4,L. Aberg,Ludvig Aberg,Birdies,4.5,3.543,-0.957,over,-9.43,3,L,110,-124,-1.000,-1.000
2026-06-25T03:08:38.047Z,TPC San Antonio (Oaks Course),Valero Texas Open 2024,Valero Texas Open,2024,4,L. Aberg,Ludvig Aberg,Birdies,4.5,3.543,-0.957,under,14.19,3,W,110,124,1.100,1.240
2026-06-25T03:08:38.047Z,TPC San Antonio (Oaks Course),Valero Texas Open 2024,Valero Texas Open,2024,4,R. Henley,Russell Henley,Birdies,4.5,3.793,-0.707,over,-8.78,4,L,100,111,-1.000,-1.000
2026-06-25T03:08:38.047Z,TPC San Antonio (Oaks Course),Valero Texas Open 2024,Valero Texas Open,2024,4,R. Henley,Russell Henley,Birdies,4.5,3.793,-0.707,under,3.22,4,W,-125,-111,0.800,0.901
2026-06-25T03:08:38.047Z,TPC San Antonio (Oaks Course),Valero Texas Open 2024,Valero Texas Open,2024,1,R. Fowler,Rickie Fowler,Birdies,4.5,3.708,-0.792,over,-11.03,3,L,-105,110,-1.000,-1.000
2026-06-25T03:08:38.047Z,TPC San Antonio (Oaks Course),Valero Texas Open 2024,Valero Texas Open,2024,1,R. Fowler,Rickie Fowler,Birdies,4.5,3.708,-0.792,under,4.26,3,W,-125,-110,0.800,0.909
2026-06-25T03:08:38.047Z,TPC San Antonio (Oaks Course),Valero Texas Open 2024,Valero Texas Open,2024,1,T. Fleetwood,Tommy Fleetwood,Birdies,4.5,3.602,-0.898,over,-20.29,3,L,-145,-124,-1.000,-1.000
2026-06-25T03:08:38.047Z,TPC San Antonio (Oaks Course),Valero Texas Open 2024,Valero Texas Open,2024,1,T. Fleetwood,Tommy Fleetwood,Birdies,4.5,3.602,-0.898,under,13.49,3,W,110,124,1.100,1.240
2026-06-25T03:08:38.047Z,Innisbrook Resort (Copperhead Course),Valspar Championship,Valspar Championship,2025,1,A. Scott,Adam Scott,Birdies,3.5,3.061,-0.439,over,1.96,1,L,135,168,-1.000,-1.000
2026-06-25T03:08:38.047Z,Innisbrook Resort (Copperhead Course),Valspar Championship,Valspar Championship,2025,1,S. Straka,Sepp Straka,Birdies,3.5,3.371,-0.129,over,-2.84,4,W,-105,118,0.952,1.180
2026-06-25T03:08:38.047Z,Innisbrook Resort (Copperhead Course),Valspar Championship,Valspar Championship,2025,1,X. Schauffele,Xander Schauffele,Birdies,3.5,3.598,0.098,over,2.45,4,W,105,129,1.050,1.290
2026-06-25T03:08:38.047Z,Innisbrook Resort (Copperhead Course),Valspar Championship,Valspar Championship,2025,1,B. Horschel,Billy Horschel,Birdies,2.5,3.312,0.812,over,-5.46,3,W,-190,-157,0.526,0.637
2026-06-25T03:08:38.047Z,Innisbrook Resort (Copperhead Course),Valspar Championship,Valspar Championship,2025,1,T. Detry,Thomas Detry,Birdies,3.5,3.462,-0.038,under,-16.19,3,W,-200,-164,0.500,0.610
2026-06-25T03:08:38.047Z,Innisbrook Resort (Copperhead Course),Valspar Championship,Valspar Championship,2025,1,T. Fleetwood,Tommy Fleetwood,Birdies,3.5,3.298,-0.202,over,-11.71,4,W,-145,-118,0.690,0.847
2026-06-25T03:08:38.047Z,Innisbrook Resort (Copperhead Course),Valspar Championship,Valspar Championship,2025,1,T. Fleetwood,Tommy Fleetwood,Birdies,3.5,3.298,-0.202,under,1.31,4,L,-105,118,-1.000,-1.000
2026-06-25T03:08:38.047Z,Innisbrook Resort and Golf Club - Copperhead Course,Valspar Championship,Valspar Championship,2026,1,Alex Smalley,Alex Smalley,Total score,71.5,69.995,-1.505,over,-16.08,68,L,100,119,-1.000,-1.000
2026-06-25T03:08:38.047Z,Innisbrook Resort and Golf Club - Copperhead Course,Valspar Championship,Valspar Championship,2026,1,Alex Smalley,Alex Smalley,Total score,71.5,69.995,-1.505,under,6.08,68,W,-150,-123,0.667,0.813
2026-06-25T03:08:38.047Z,Innisbrook Resort and Golf Club - Copperhead Course,Valspar Championship,Valspar Championship,2026,1,Ben Griffin,Ben Griffin,Total score,70.5,71.994,1.494,over,5.96,70,L,-150,-116,-1.000,-1.000
2026-06-25T03:08:38.047Z,Innisbrook Resort and Golf Club - Copperhead Course,Valspar Championship,Valspar Championship,2026,1,Ben Griffin,Ben Griffin,Total score,70.5,71.994,1.494,under,-14.74,70,W,105,110,1.050,1.100
2026-06-25T03:08:38.047Z,Innisbrook Resort and Golf Club - Copperhead Course,Valspar Championship,Valspar Championship,2026,1,Billy Horschel,Billy Horschel,Total score,71.5,71.644,0.144,over,-3.98,67,L,-125,-103,-1.000,-1.000
2026-06-25T03:08:38.047Z,Innisbrook Resort and Golf Club - Copperhead Course,Valspar Championship,Valspar Championship,2026,1,Brooks Koepka,Brooks Koepka,Total score,70.5,69.752,-0.748,over,-16.50,71,W,-140,-116,0.714,0.862
2026-06-25T03:08:38.047Z,Innisbrook Resort and Golf Club - Copperhead Course,Valspar Championship,Valspar Championship,2026,1,Brooks Koepka,Brooks Koepka,Total score,70.5,69.752,-0.748,under,6.95,71,L,-105,113,-1.000,-1.000
2026-06-25T03:08:38.047Z,Innisbrook Resort and Golf Club - Copperhead Course,Valspar Championship,Valspar Championship,2026,1,Christiaan Bezuidenhout,Christiaan Bezuidenhout,Total score,71.5,69.843,-1.657,over,-14.11,70,L,115,125,-1.000,-1.000
2026-06-25T03:08:38.047Z,Innisbrook Resort and Golf Club - Copperhead Course,Valspar Championship,Valspar Championship,2026,1,Christiaan Bezuidenhout,Christiaan Bezuidenhout,Total score,71.5,69.843,-1.657,under,5.33,70,W,-165,-128,0.606,0.781
2026-06-25T03:08:38.047Z,Innisbrook Resort and Golf Club - Copperhead Course,Valspar Championship,Valspar Championship,2026,1,Corey Conners,Corey Conners,Total score,70.5,70.817,0.317,over,-4.86,69,L,-140,-125,-1.000,-1.000
2026-06-25T03:08:38.047Z,Innisbrook Resort and Golf Club - Copperhead Course,Valspar Championship,Valspar Championship,2026,1,Corey Conners,Corey Conners,Total score,70.5,70.817,0.317,under,-4.69,69,W,-105,117,0.952,1.170
2026-06-25T03:08:38.047Z,Innisbrook Resort and Golf Club - Copperhead Course,Valspar Championship,Valspar Championship,2026,1,Davis Thompson,Davis Thompson,Total score,71.5,70.667,-0.833,over,-7.85,66,L,105,126,-1.000,-1.000
2026-06-25T03:08:38.047Z,Innisbrook Resort and Golf Club - Copperhead Course,Valspar Championship,Valspar Championship,2026,1,Davis Thompson,Davis Thompson,Total score,71.5,70.667,-0.833,under,-0.93,66,W,-150,-126,0.667,0.794
2026-06-25T03:08:38.047Z,Innisbrook Resort and Golf Club - Copperhead Course,Valspar Championship,Valspar Championship,2026,1,J.J. Spaun,J.J. Spaun,Total score,70.5,70.990,0.490,over,-2.96,77,W,-140,-116,0.714,0.862
2026-06-25T03:08:38.047Z,Innisbrook Resort and Golf Club - Copperhead Course,Valspar Championship,Valspar Championship,2026,1,J.J. Spaun,J.J. Spaun,Total score,70.5,70.990,0.490,under,-7.75,77,L,-110,116,-1.000,-1.000
2026-06-25T03:08:38.047Z,Innisbrook Resort and Golf Club - Copperhead Course,Valspar Championship,Valspar Championship,2026,1,Jacob Bridgeman,Jacob Bridgeman,Total score,70.5,69.013,-1.487,over,-18.28,68,L,-110,109,-1.000,-1.000
2026-06-25T03:08:38.047Z,Innisbrook Resort and Golf Club - Copperhead Course,Valspar Championship,Valspar Championship,2026,1,Jacob Bridgeman,Jacob Bridgeman,Total score,70.5,69.013,-1.487,under,10.34,68,W,-125,-112,0.800,0.893
2026-06-25T03:08:38.047Z,Innisbrook Resort and Golf Club - Copperhead Course,Valspar Championship,Valspar Championship,2026,1,Jordan Spieth,Jordan Spieth,Total score,70.5,69.719,-0.781,over,-16.85,69,L,-140,-118,-1.000,-1.000
2026-06-25T03:08:38.047Z,Innisbrook Resort and Golf Club - Copperhead Course,Valspar Championship,Valspar Championship,2026,1,Jordan Spieth,Jordan Spieth,Total score,70.5,69.719,-0.781,under,7.30,69,W,-105,108,0.952,1.080
2026-06-25T03:08:38.047Z,Innisbrook Resort and Golf Club - Copperhead Course,Valspar Championship,Valspar Championship,2026,1,Justin Thomas,Justin Thomas,Total score,70.5,72.173,1.673,over,12.20,72,W,-125,104,0.800,1.040
2026-06-25T03:08:38.047Z,Innisbrook Resort and Golf Club - Copperhead Course,Valspar Championship,Valspar Championship,2026,1,Justin Thomas,Justin Thomas,Total score,70.5,72.173,1.673,under,-20.14,72,L,-110,-102,-1.000,-1.000
2026-06-25T03:08:38.047Z,Innisbrook Resort and Golf Club - Copperhead Course,Valspar Championship,Valspar Championship,2026,1,Keegan Bradley,Keegan Bradley,Total score,70.5,71.679,1.179,over,0.47,73,W,-165,-130,0.606,0.769
2026-06-25T03:08:38.047Z,Innisbrook Resort and Golf Club - Copperhead Course,Valspar Championship,Valspar Championship,2026,1,Keegan Bradley,Keegan Bradley,Total score,70.5,71.679,1.179,under,-10.36,73,L,110,130,-1.000,-1.000
2026-06-25T03:08:38.047Z,Innisbrook Resort and Golf Club - Copperhead Course,Valspar Championship,Valspar Championship,2026,1,Keegan Bradley,Keegan Bradley,Total score,71.5,71.679,0.179,over,4.35,73,W,110,128,1.100,1.280
2026-06-25T03:08:38.047Z,Innisbrook Resort and Golf Club - Copperhead Course,Valspar Championship,Valspar Championship,2026,1,Keegan Bradley,Keegan Bradley,Total score,71.5,71.679,0.179,under,-14.23,73,L,-165,-137,-1.000,-1.000
2026-06-25T03:08:38.047Z,Innisbrook Resort and Golf Club - Copperhead Course,Valspar Championship,Valspar Championship,2026,1,Matt Fitzpatrick,Matt Fitzpatrick,Total score,70.5,68.974,-1.526,over,-17.50,68,L,-105,119,-1.000,-1.000
2026-06-25T03:08:38.047Z,Innisbrook Resort and Golf Club - Copperhead Course,Valspar Championship,Valspar Championship,2026,1,Matt Fitzpatrick,Matt Fitzpatrick,Total score,70.5,68.974,-1.526,under,7.95,68,W,-140,-123,0.714,0.813
2026-06-25T03:08:38.047Z,Innisbrook Resort and Golf Club - Copperhead Course,Valspar Championship,Valspar Championship,2026,1,Max Homa,Max Homa,Total score,71.5,70.245,-1.255,over,-12.30,78,W,105,120,1.050,1.200
2026-06-25T03:08:38.047Z,Innisbrook Resort and Golf Club - Copperhead Course,Valspar Championship,Valspar Championship,2026,1,Max Homa,Max Homa,Total score,71.5,70.245,-1.255,under,3.52,78,L,-150,-116,-1.000,-1.000
2026-06-25T03:08:38.047Z,Innisbrook Resort and Golf Club - Copperhead Course,Valspar Championship,Valspar Championship,2026,1,Nick Taylor,Nick Taylor,Total score,70.5,70.501,0.001,over,-9.99,72,W,-150,-125,0.667,0.800
2026-06-25T03:08:38.047Z,Innisbrook Resort and Golf Club - Copperhead Course,Valspar Championship,Valspar Championship,2026,1,Nick Taylor,Nick Taylor,Total score,70.5,70.501,0.001,under,-0.01,72,L,100,125,-1.000,-1.000
2026-06-25T03:08:38.047Z,Innisbrook Resort and Golf Club - Copperhead Course,Valspar Championship,Valspar Championship,2026,1,Nick Taylor,Nick Taylor,Total score,71.5,70.501,-0.999,over,-7.36,72,W,115,135,1.150,1.350
2026-06-25T03:08:38.047Z,Innisbrook Resort and Golf Club - Copperhead Course,Valspar Championship,Valspar Championship,2026,1,Patrick Cantlay,Patrick Cantlay,Total score,70.5,70.635,0.135,over,-3.06,70,L,-120,-103,-1.000,-1.000
2026-06-25T03:08:38.047Z,Innisbrook Resort and Golf Club - Copperhead Course,Valspar Championship,Valspar Championship,2026,1,Patrick Cantlay,Patrick Cantlay,Total score,70.5,70.635,0.135,under,-6.03,70,W,-120,103,0.833,1.030
2026-06-25T03:08:38.047Z,Innisbrook Resort and Golf Club - Copperhead Course,Valspar Championship,Valspar Championship,2026,1,Ricky Castillo,Ricky Castillo,Total score,71.5,70.955,-0.545,over,-5.97,68,L,100,119,-1.000,-1.000
2026-06-25T03:08:38.047Z,Innisbrook Resort and Golf Club - Copperhead Course,Valspar Championship,Valspar Championship,2026,1,Ricky Castillo,Ricky Castillo,Total score,71.5,70.955,-0.545,under,-2.36,68,W,-140,-119,0.714,0.840
2026-06-25T03:08:38.047Z,Innisbrook Resort and Golf Club - Copperhead Course,Valspar Championship,Valspar Championship,2026,1,Ryo Hisatsune,Ryo Hisatsune,Total score,70.5,70.168,-0.332,over,-11.98,71,W,-140,-107,0.714,0.935
2026-06-25T03:08:38.047Z,Innisbrook Resort and Golf Club - Copperhead Course,Valspar Championship,Valspar Championship,2026,1,Ryo Hisatsune,Ryo Hisatsune,Total score,70.5,70.168,-0.332,under,2.43,71,L,-105,103,-1.000,-1.000
2026-06-25T03:08:38.047Z,Innisbrook Resort and Golf Club - Copperhead Course,Valspar Championship,Valspar Championship,2026,1,Sahith Theegala,Sahith Theegala,Total score,70.5,69.909,-0.591,over,-16.46,77,W,-150,-125,0.667,0.800
2026-06-25T03:08:38.047Z,Innisbrook Resort and Golf Club - Copperhead Course,Valspar Championship,Valspar Championship,2026,1,Sahith Theegala,Sahith Theegala,Total score,70.5,69.909,-0.591,under,7.68,77,L,105,113,-1.000,-1.000
2026-06-25T03:08:38.047Z,Innisbrook Resort and Golf Club - Copperhead Course,Valspar Championship,Valspar Championship,2026,1,Sam Ryder,Sam Ryder,Total score,71.5,71.696,0.196,over,-7.85,72,W,-150,-123,0.667,0.813
2026-06-25T03:08:38.047Z,Innisbrook Resort and Golf Club - Copperhead Course,Valspar Championship,Valspar Championship,2026,1,Taylor Pendrith,Taylor Pendrith,Total score,70.5,70.675,0.175,over,-10.34,76,W,-165,-134,0.606,0.746
2026-06-25T03:08:38.047Z,Innisbrook Resort and Golf Club - Copperhead Course,Valspar Championship,Valspar Championship,2026,1,Taylor Pendrith,Taylor Pendrith,Total score,70.5,70.675,0.175,under,1.56,76,L,115,134,-1.000,-1.000
2026-06-25T03:08:38.047Z,Innisbrook Resort and Golf Club - Copperhead Course,Valspar Championship,Valspar Championship,2026,1,Taylor Pendrith,Taylor Pendrith,Total score,71.5,70.675,-0.825,over,-6.61,76,W,110,131,1.100,1.310
2026-06-25T03:08:38.047Z,Innisbrook Resort and Golf Club - Copperhead Course,Valspar Championship,Valspar Championship,2026,1,Taylor Pendrith,Taylor Pendrith,Total score,71.5,70.675,-0.825,under,-3.28,76,L,-165,-131,-1.000,-1.000
2026-06-25T03:08:38.047Z,Innisbrook Resort and Golf Club - Copperhead Course,Valspar Championship,Valspar Championship,2026,1,Thorbjørn Olesen,Thorbjorn Olesen,Total score,71.5,71.774,0.274,over,1.79,73,W,-105,113,0.952,1.130
2026-06-25T03:08:38.047Z,Innisbrook Resort and Golf Club - Copperhead Course,Valspar Championship,Valspar Championship,2026,1,Thorbjørn Olesen,Thorbjorn Olesen,Total score,71.5,71.774,0.274,under,-11.34,73,L,-140,-113,-1.000,-1.000
2026-06-25T03:08:38.047Z,Innisbrook Resort and Golf Club - Copperhead Course,Valspar Championship,Valspar Championship,2026,1,Viktor Hovland,Viktor Hovland,Total score,70.5,70.441,-0.059,over,-1.87,70,L,-105,104,-1.000,-1.000
2026-06-25T03:08:38.047Z,Innisbrook Resort and Golf Club - Copperhead Course,Valspar Championship,Valspar Championship,2026,1,Viktor Hovland,Viktor Hovland,Total score,70.5,70.441,-0.059,under,-9.35,70,W,-150,-107,0.667,0.935
2026-06-25T03:08:38.047Z,Innisbrook Resort and Golf Club - Copperhead Course,Valspar Championship,Valspar Championship,2026,1,Wyndham Clark,Wyndham Clark,Total score,71.5,71.068,-0.432,over,-3.51,70,L,105,122,-1.000,-1.000
2026-06-25T03:08:38.047Z,Innisbrook Resort and Golf Club - Copperhead Course,Valspar Championship,Valspar Championship,2026,1,Wyndham Clark,Wyndham Clark,Total score,71.5,71.068,-0.432,under,-5.27,70,W,-150,-123,0.667,0.813
2026-06-25T03:08:38.047Z,Innisbrook Resort and Golf Club - Copperhead Course,Valspar Championship,Valspar Championship,2026,1,Xander Schauffele,Xander Schauffele,Total score,69.5,69.108,-0.392,over,-16.56,68,L,-165,-138,-1.000,-1.000
2026-06-25T03:08:38.047Z,Innisbrook Resort and Golf Club - Copperhead Course,Valspar Championship,Valspar Championship,2026,1,Xander Schauffele,Xander Schauffele,Total score,69.5,69.108,-0.392,under,7.79,68,W,115,138,1.150,1.380
2026-06-25T03:08:38.047Z,Innisbrook Resort and Golf Club - Copperhead Course,Valspar Championship,Valspar Championship,2026,1,Xander Schauffele,Xander Schauffele,Total score,70.5,69.108,-1.392,over,-13.71,68,L,105,134,-1.000,-1.000
2026-06-25T03:08:38.047Z,Innisbrook Resort and Golf Club - Copperhead Course,Valspar Championship,Valspar Championship,2026,1,Xander Schauffele,Xander Schauffele,Total score,70.5,69.108,-1.392,under,4.93,68,W,-150,-134,0.667,0.746
2026-06-25T03:08:38.047Z,Innisbrook Resort (Copperhead Course),Valspar Championship 2024,Valspar Championship,2024,3,P. Malnati,Peter Malnati,Birdies,2.5,2.542,0.042,under,-1.74,5,L,-105,104,-1.000,-1.000
2026-06-25T03:08:38.047Z,TPC Scottsdale (Stadium Course),WM Phoenix Open 2024,WM Phoenix Open,2024,1,A. Scott,Adam Scott,Birdies,3.5,3.893,0.393,over,-0.64,2,L,-125,-112,-1.000,-1.000
2026-06-25T03:08:38.047Z,TPC Scottsdale (Stadium Course),WM Phoenix Open 2024,WM Phoenix Open,2024,1,A. Scott,Adam Scott,Birdies,3.5,3.893,0.393,under,-4.92,2,W,100,112,1.000,1.120
2026-06-25T03:08:38.047Z,TPC Scottsdale (Stadium Course),WM Phoenix Open 2024,WM Phoenix Open,2024,1,C. Young,Carson Young,Birdies,3.5,3.502,0.002,over,-7.43,2,L,-135,-120,-1.000,-1.000
2026-06-25T03:08:38.047Z,TPC Scottsdale (Stadium Course),WM Phoenix Open 2024,WM Phoenix Open,2024,1,C. Young,Carson Young,Birdies,3.5,3.502,0.002,under,1.20,2,W,105,120,1.050,1.200
2026-06-25T03:08:38.047Z,TPC Scottsdale (Stadium Course),WM Phoenix Open 2024,WM Phoenix Open,2024,1,H. Matsuyama,Hideki Matsuyama,Birdies,3.5,3.310,-0.190,over,-6.93,7,W,-120,-104,0.833,0.962
2026-06-25T03:08:38.047Z,TPC Scottsdale (Stadium Course),WM Phoenix Open 2024,WM Phoenix Open,2024,1,H. Matsuyama,Hideki Matsuyama,Birdies,3.5,3.310,-0.190,under,1.16,7,L,-105,104,-1.000,-1.000
2026-06-25T03:08:38.047Z,TPC Scottsdale (Stadium Course),WM Phoenix Open 2024,WM Phoenix Open,2024,1,S. Scheffler,Scottie Scheffler,Birdies,4,3.442,-0.558,over,-16.13,5,W,-145,-129,0.690,0.775
2026-06-25T03:08:38.047Z,TPC Scottsdale (Stadium Course),WM Phoenix Open 2024,WM Phoenix Open,2024,1,S. Scheffler,Scottie Scheffler,Birdies,4,3.442,-0.558,under,10.44,5,L,115,129,-1.000,-1.000
2026-06-25T03:08:38.047Z,TPC Scottsdale (Stadium Course),WM Phoenix Open 2024,WM Phoenix Open,2024,1,W. Clark,Wyndham Clark,Birdies,3.5,4.184,0.684,over,1.06,3,L,-135,-118,-1.000,-1.000
2026-06-25T03:08:38.047Z,TPC Scottsdale (Stadium Course),WM Phoenix Open 2024,WM Phoenix Open,2024,1,B. Harman,Brian Harman,Birdies,3.5,3.229,-0.271,over,-7.94,5,W,-120,-107,0.833,0.935
2026-06-25T03:08:38.047Z,TPC Scottsdale (Stadium Course),WM Phoenix Open 2024,WM Phoenix Open,2024,1,J. Spieth,Jordan Spieth,Birdies,4,3.453,-0.547,over,-8.04,5,W,-105,109,0.952,1.090
2026-06-25T03:08:38.047Z,TPC Scottsdale (Stadium Course),WM Phoenix Open 2024,WM Phoenix Open,2024,1,S. Lowry,Shane Lowry,Birdies,3.5,2.712,-0.788,over,-15.33,6,W,-125,-112,0.800,0.893
2026-06-25T03:08:38.047Z,TPC Scottsdale (Stadium Course),WM Phoenix Open 2025,WM Phoenix Open,2025,2,S. Scheffler,Scottie Scheffler,Birdies,4.5,4.128,-0.372,over,-16.92,5,W,-165,-137,0.606,0.730
2026-06-25T03:08:38.047Z,TPC Scottsdale (Stadium Course),WM Phoenix Open 2025,WM Phoenix Open,2025,2,T. Kim,Tom Kim,Birdies,4.5,3.901,-0.599,over,-7.46,6,W,100,123,1.000,1.230
2026-06-25T03:08:38.047Z,TPC Scottsdale (Stadium Course),WM Phoenix Open 2025,WM Phoenix Open,2025,2,S. Burns,Sam Burns,Birdies,4.5,4.032,-0.468,over,-3.46,3,L,110,133,-1.000,-1.000
2026-06-25T03:08:38.047Z,TPC Scottsdale (Stadium Course),WM Phoenix Open 2025,WM Phoenix Open,2025,2,S. Burns,Sam Burns,Birdies,4.5,4.032,-0.468,under,-6.43,3,W,-165,-133,0.606,0.752
2026-06-25T03:08:38.047Z,TPC Scottsdale (Stadium Course),WM Phoenix Open 2025,WM Phoenix Open,2025,2,S. Straka,Sepp Straka,Birdies,4.5,3.861,-0.639,over,-5.57,5,W,110,136,1.100,1.360
2026-06-25T03:08:38.047Z,Quail Hollow Club,Wells Fargo Championship 2023,Wells Fargo Championship,2023,1,C. Morikawa,Collin Morikawa,Total score,70.5,69.694,-0.806,under,3.23,73,L,-125,-110,-1.000,-1.000
2026-06-25T03:08:38.047Z,Quail Hollow Club,Wells Fargo Championship 2023,Wells Fargo Championship,2023,4,W. Clark,Wyndham Clark,Total score,71,68.450,-2.550,under,23.50,68,W,-110,104,0.909,1.040
2026-06-25T03:08:38.047Z,Quail Hollow Club,Wells Fargo Championship 2023,Wells Fargo Championship,2023,4,W. Clark,Wyndham Clark,Birdies,3.5,4.188,0.688,over,6.17,5,W,-110,101,0.909,1.010
2026-06-25T03:08:38.047Z,Quail Hollow Club,Wells Fargo Championship 2024,Wells Fargo Championship,2024,1,S. Theegala,Sahith Theegala,Birdies,4,3.477,-0.523,over,-13.97,1,L,-135,-120,-1.000,-1.000
2026-06-25T03:08:38.047Z,Quail Hollow Club,Wells Fargo Championship 2024,Wells Fargo Championship,2024,1,S. Theegala,Sahith Theegala,Birdies,4,3.477,-0.523,under,7.74,1,W,105,120,1.050,1.200
2026-06-25T03:08:38.047Z,Quail Hollow Club,Wells Fargo Championship 2024,Wells Fargo Championship,2024,1,V. Hovland,Viktor Hovland,Birdies,4,3.499,-0.501,over,-13.69,5,W,-135,-120,0.741,0.833
2026-06-25T03:08:38.047Z,Quail Hollow Club,Wells Fargo Championship 2024,Wells Fargo Championship,2024,1,V. Hovland,Viktor Hovland,Birdies,4,3.499,-0.501,under,7.47,5,L,105,120,-1.000,-1.000
2026-06-25T03:08:38.047Z,Quail Hollow Club,Wells Fargo Championship 2024,Wells Fargo Championship,2024,1,B. Harman,Brian Harman,Birdies,4,3.426,-0.574,under,5.94,1,W,-105,107,0.952,1.070
2026-06-25T03:08:38.047Z,Quail Hollow Club,Wells Fargo Championship 2024,Wells Fargo Championship,2024,1,P. Cantlay,Patrick Cantlay,Birdies,4.5,3.937,-0.563,under,-0.43,3,W,-135,-122,0.741,0.820
2026-06-25T03:08:38.047Z,Quail Hollow Club,Wells Fargo Championship 2024,Wells Fargo Championship,2024,1,J. Spieth,Jordan Spieth,Birdies,4,2.939,-1.061,under,14.27,3,W,105,118,1.050,1.180
2026-06-25T03:08:38.047Z,Quail Hollow Club,Wells Fargo Championship 2024,Wells Fargo Championship,2024,1,R. Fowler,Rickie Fowler,Birdies,4,3.545,-0.455,under,3.31,5,L,-110,101,-1.000,-1.000
2026-06-25T03:08:38.047Z,Quail Hollow Club,Wells Fargo Championship 2024,Wells Fargo Championship,2024,1,M. Homa,Max Homa,Birdies,4,3.593,-0.407,over,-12.53,6,W,-135,-119,0.741,0.840
2026-06-25T03:08:38.047Z,Quail Hollow Club,Wells Fargo Championship 2024,Wells Fargo Championship,2024,1,M. Homa,Max Homa,Birdies,4,3.593,-0.407,under,6.30,6,L,105,119,-1.000,-1.000
2026-06-25T03:08:38.047Z,Quail Hollow Club,Wells Fargo Championship 2024,Wells Fargo Championship,2024,1,T. Kim,Tom Kim,Birdies,4,3.422,-0.578,over,-4.82,5,W,110,123,1.100,1.230
2026-06-25T03:08:38.047Z,Quail Hollow Club,Wells Fargo Championship 2024,Wells Fargo Championship,2024,1,T. Kim,Tom Kim,Birdies,4,3.422,-0.578,under,-1.98,5,L,-145,-123,-1.000,-1.000
2026-06-25T03:08:38.047Z,Quail Hollow Club,Wells Fargo Championship 2024,Wells Fargo Championship,2024,1,S. Lowry,Shane Lowry,Birdies,4,3.040,-0.960,under,4.40,1,W,-135,-117,0.741,0.855
2026-06-25T03:08:38.047Z,Quail Hollow Club,Wells Fargo Championship 2024,Wells Fargo Championship,2024,1,W. Clark,Wyndham Clark,Birdies,4,4.068,0.068,under,2.64,5,L,115,129,-1.000,-1.000
2026-06-25T03:08:38.047Z,Quail Hollow Club,Wells Fargo Championship 2024,Wells Fargo Championship,2024,1,X. Schauffele,Xander Schauffele,Birdies,4.5,3.580,-0.920,under,3.92,7,L,-135,-118,-1.000,-1.000
2026-06-25T03:08:38.047Z,El Cardonal at Diamante,World Wide Technology Championship 2024,World Wide Technology Championship,2024,1,D. Berger,Daniel Berger,Birdies,5.5,5.288,-0.212,under,-4.79,4,W,-135,-110,0.741,0.909
2026-06-25T03:08:38.047Z,El Cardonal at Diamante,World Wide Technology Championship 2024,World Wide Technology Championship,2024,1,H. English,Harris English,Birdies,5.5,5.410,-0.090,under,-4.43,5,W,-125,100,0.800,1.000
2026-06-25T03:08:38.047Z,El Cardonal at Diamante,World Wide Technology Championship 2024,World Wide Technology Championship,2024,1,Tom Hoge,Tom Hoge,Birdies,5.5,5.043,-0.457,under,0.15,5,W,-125,-105,0.800,0.952
2026-06-25T03:08:38.047Z,El Cardonal at Diamante,World Wide Technology Championship 2024,World Wide Technology Championship,2024,1,A. Smalley,Alex Smalley,Birdies,5.5,5.284,-0.216,under,-2.85,2,W,-125,-101,0.800,0.990
2026-06-25T03:08:38.047Z,El Cardonal at Diamante,World Wide Technology Championship 2024,World Wide Technology Championship,2024,1,K. Kraft,Kelly Kraft,Birdies,5.5,5.268,-0.232,under,-11.39,4,W,-180,-146,0.556,0.685
2026-06-25T03:08:38.047Z,El Cardonal at Diamante,World Wide Technology Championship 2024,World Wide Technology Championship,2024,1,M. McNealy,Maverick McNealy,Birdies,5.5,5.308,-0.192,under,3.63,6,L,105,128,-1.000,-1.000
2026-06-25T03:08:38.047Z,Sedgefield Country Club,Wyndham Championship 2023,Wyndham Championship,2023,1,A. Scott,Adam Scott,Birdies,5,3.849,-1.151,under,6.66,7,L,-135,-118,-1.000,-1.000
2026-06-25T03:08:38.047Z,Sedgefield Country Club,Wyndham Championship 2023,Wyndham Championship,2023,1,J. Thomas,Justin Thomas,Birdies,5,3.702,-1.298,under,8.38,2,W,-135,-118,0.741,0.847
2026-06-25T03:08:38.047Z,Sedgefield Country Club,Wyndham Championship 2023,Wyndham Championship,2023,1,S. Lowry,Shane Lowry,Birdies,5,3.881,-1.119,under,6.28,3,W,-135,-115,0.741,0.870
2026-06-25T03:08:38.047Z,Sedgefield Country Club,Wyndham Championship 2023,Wyndham Championship,2023,3,B. Horschel,Billy Horschel,Birdies,4,4.442,0.442,over,3.14,7,W,-110,103,0.909,1.030
2026-06-25T03:08:38.047Z,Sedgefield Country Club,Wyndham Championship 2023,Wyndham Championship,2023,3,B. Horschel,Billy Horschel,Birdies,4.5,4.442,-0.058,over,-3.11,7,W,-110,100,0.909,1.000
2026-06-25T03:08:38.047Z,Sedgefield Country Club,Wyndham Championship 2023,Wyndham Championship,2023,3,R. Henley,Russell Henley,Birdies,4,4.589,0.589,over,-1.85,6,W,-145,-126,0.690,0.794
2026-06-25T03:08:38.047Z,Sedgefield Country Club,Wyndham Championship 2023,Wyndham Championship,2023,3,R. Henley,Russell Henley,Birdies,4.5,4.589,0.089,over,-8.07,6,W,-145,-123,0.690,0.813
2026-06-25T03:08:38.047Z,Sedgefield Country Club,Wyndham Championship 2023,Wyndham Championship,2023,3,J. Thomas,Justin Thomas,Birdies,4.5,3.405,-1.095,over,-11.07,5,W,110,124,1.100,1.240
2026-06-25T03:08:38.047Z,Sedgefield Country Club,Wyndham Championship 2023,Wyndham Championship,2023,3,M. Wallace,Matt Wallace,Birdies,4,3.983,-0.017,over,-0.21,2,L,100,114,-1.000,-1.000
2026-06-25T03:08:38.047Z,Sedgefield Country Club,Wyndham Championship 2023,Wyndham Championship,2023,4,J. Thomas,Justin Thomas,Birdies,5,4.144,-0.856,under,8.22,2,W,-110,-101,0.909,0.990
2026-06-25T03:08:38.047Z,Sedgefield Country Club,Wyndham Championship 2023,Wyndham Championship,2023,4,N. Hardy,Nick Hardy,Birdies,4.5,4.106,-0.394,under,6.15,2,W,105,119,1.050,1.190
2026-06-25T03:08:38.047Z,Sedgefield Country Club,Wyndham Championship 2023,Wyndham Championship,2023,1,B. Horschel,Billy Horschel,Birdies,5,4.309,-0.691,under,3.04,4,W,-125,-110,0.800,0.909
2026-06-25T03:08:38.047Z,Sedgefield Country Club,Wyndham Championship 2023,Wyndham Championship,2023,1,K. Streelman,Kevin Streelman,Birdies,5,4.327,-0.673,under,-0.81,4,W,-145,-124,0.690,0.806
2026-06-25T03:08:38.047Z,Sedgefield Country Club,Wyndham Championship 2023,Wyndham Championship,2023,3,A. Svensson,Adam Svensson,Birdies,4,4.384,0.384,over,-2.65,5,W,-135,-114,0.741,0.877
2026-06-25T03:08:38.047Z,Sedgefield Country Club,Wyndham Championship 2023,Wyndham Championship,2023,3,A. Svensson,Adam Svensson,Birdies,4.5,4.384,-0.116,over,-7.01,5,W,-125,-114,0.800,0.877
2026-06-25T03:08:38.047Z,Sedgefield Country Club,Wyndham Championship 2023,Wyndham Championship,2023,3,L. Glover,Lucas Glover,Birdies,4,4.735,0.735,over,4.58,9,W,-120,-107,0.833,0.935
2026-06-25T03:08:38.047Z,Sedgefield Country Club,Wyndham Championship 2023,Wyndham Championship,2023,4,B. Horschel,Billy Horschel,Birdies,5,4.582,-0.418,over,-5.22,1,L,100,115,-1.000,-1.000
2026-06-25T03:08:38.047Z,Sedgefield Country Club,Wyndham Championship 2023,Wyndham Championship,2023,4,B. Horschel,Billy Horschel,Birdies,5,4.582,-0.418,under,-2.23,1,W,-135,-115,0.741,0.870
2026-06-25T03:08:38.047Z,Sedgefield Country Club,Wyndham Championship 2023,Wyndham Championship,2023,4,L. Glover,Lucas Glover,Birdies,5,4.766,-0.234,over,-0.54,3,L,110,123,-1.000,-1.000
2026-06-25T03:08:38.047Z,Sedgefield Country Club,Wyndham Championship 2023,Wyndham Championship,2023,4,L. Glover,Lucas Glover,Birdies,5,4.766,-0.234,under,-6.26,3,W,-145,-123,0.690,0.813
2026-06-25T03:08:38.047Z,Sedgefield Country Club,Wyndham Championship 2023,Wyndham Championship,2023,1,C. Davis,Cam Davis,Birdies,4.5,4.249,-0.251,under,4.36,4,W,105,120,1.050,1.200
2026-06-25T03:08:38.047Z,Sedgefield Country Club,Wyndham Championship 2023,Wyndham Championship,2023,1,H. Matsuyama,Hideki Matsuyama,Birdies,5,4.276,-0.724,under,4.45,3,W,-120,-104,0.833,0.962
2026-06-25T03:08:38.047Z,Sedgefield Country Club,Wyndham Championship 2023,Wyndham Championship,2023,1,R. Henley,Russell Henley,Birdies,5,4.416,-0.584,under,1.72,7,L,-125,-111,-1.000,-1.000
2026-06-25T03:08:38.047Z,Sedgefield Country Club,Wyndham Championship 2023,Wyndham Championship,2023,1,A. Bhatia,Akshay Bhatia,Birdies,5,4.493,-0.507,under,-1.12,3,W,-135,-121,0.741,0.826
2026-06-25T03:08:38.047Z,Sedgefield Country Club,Wyndham Championship 2023,Wyndham Championship,2023,1,S. Cink,Stewart Cink,Birdies,4.5,4.375,-0.125,under,1.57,4,W,100,113,1.000,1.130
2026-06-25T03:08:38.047Z,Sedgefield Country Club,Wyndham Championship 2023,Wyndham Championship,2023,1,J.T. Poston,J.T. Poston,Birdies,5,4.251,-0.749,under,3.74,7,L,-125,-110,-1.000,-1.000
2026-06-25T03:08:38.047Z,Sedgefield Country Club,Wyndham Championship 2023,Wyndham Championship,2023,1,S.W. Kim,S.H. Kim,Birdies,5,3.890,-1.110,under,12.41,2,W,-105,107,0.952,1.070
2026-06-25T03:08:38.047Z,Sedgefield Country Club,Wyndham Championship 2023,Wyndham Championship,2023,1,W. Simpson,Webb Simpson,Birdies,4.5,3.746,-0.754,under,8.14,5,L,-105,109,-1.000,-1.000
2026-06-25T03:08:38.047Z,Muirfield Village Golf Club,the Memorial Tournament presented by Workday,the Memorial Tournament presented by Workday,2026,1,Adam Scott,Adam Scott,Total score,72.5,72.855,0.355,under,-8.44,72,W,-120,-100,0.833,1.000
2026-06-25T03:08:38.047Z,Muirfield Village Golf Club,the Memorial Tournament presented by Workday,the Memorial Tournament presented by Workday,2026,1,Ben Griffin,Ben Griffin,Total score,72.5,71.948,-0.552,over,-4.82,74,W,105,122,1.050,1.220
2026-06-25T03:08:38.047Z,Muirfield Village Golf Club,the Memorial Tournament presented by Workday,the Memorial Tournament presented by Workday,2026,1,Ben Griffin,Ben Griffin,Total score,72.5,71.948,-0.552,under,-3.96,74,L,-150,-120,-1.000,-1.000
2026-06-25T03:08:38.047Z,Muirfield Village Golf Club,the Memorial Tournament presented by Workday,the Memorial Tournament presented by Workday,2026,1,Cameron Young,Cameron Young,Total score,71.5,73.564,2.064,over,16.97,73,W,-120,-103,0.833,0.971
2026-06-25T03:08:38.047Z,Muirfield Village Golf Club,the Memorial Tournament presented by Workday,the Memorial Tournament presented by Workday,2026,1,Cameron Young,Cameron Young,Total score,71.5,73.564,2.064,under,-26.06,73,L,-120,103,-1.000,-1.000
2026-06-25T03:08:38.047Z,Muirfield Village Golf Club,the Memorial Tournament presented by Workday,the Memorial Tournament presented by Workday,2026,1,Chris Gotterup,Chris Gotterup,Total score,72.5,73.132,0.632,over,4.53,74,W,-110,106,0.909,1.060
2026-06-25T03:08:38.047Z,Muirfield Village Golf Club,the Memorial Tournament presented by Workday,the Memorial Tournament presented by Workday,2026,1,Chris Gotterup,Chris Gotterup,Total score,72.5,73.132,0.632,under,-12.46,74,L,-125,-106,-1.000,-1.000
2026-06-25T03:08:38.047Z,Muirfield Village Golf Club,the Memorial Tournament presented by Workday,the Memorial Tournament presented by Workday,2026,1,Harris English,Harris English,Total score,72.5,73.918,1.418,under,-17.58,71,W,-110,106,0.909,1.060
2026-06-25T03:08:38.047Z,Muirfield Village Golf Club,the Memorial Tournament presented by Workday,the Memorial Tournament presented by Workday,2026,1,Hideki Matsuyama,Hideki Matsuyama,Total score,72.5,72.676,0.176,under,-11.93,72,W,-150,-124,0.667,0.806
2026-06-25T03:08:38.047Z,Muirfield Village Golf Club,the Memorial Tournament presented by Workday,the Memorial Tournament presented by Workday,2026,1,J.J. Spaun,J.J. Spaun,Total score,72.5,72.941,0.441,over,6.06,67,L,105,124,-1.000,-1.000
2026-06-25T03:08:38.047Z,Muirfield Village Golf Club,the Memorial Tournament presented by Workday,the Memorial Tournament presented by Workday,2026,1,Jason Day,Jason Day,Total score,72.5,74.469,1.969,under,-21.85,74,L,-105,115,-1.000,-1.000
2026-06-25T03:08:38.047Z,Muirfield Village Golf Club,the Memorial Tournament presented by Workday,the Memorial Tournament presented by Workday,2026,1,Jordan Spieth,Jordan Spieth,Total score,72.5,71.456,-1.044,under,2.98,71,W,-140,-112,0.714,0.893
2026-06-25T03:08:38.047Z,Muirfield Village Golf Club,the Memorial Tournament presented by Workday,the Memorial Tournament presented by Workday,2026,1,Justin Rose,Justin Rose,Total score,72.5,72.572,0.072,under,-3.17,69,W,-110,107,0.909,1.070
2026-06-25T03:08:38.047Z,Muirfield Village Golf Club,the Memorial Tournament presented by Workday,the Memorial Tournament presented by Workday,2026,1,Justin Thomas,Justin Thomas,Total score,72.5,71.586,-0.914,over,-8.73,74,W,105,125,1.050,1.250
2026-06-25T03:08:38.047Z,Muirfield Village Golf Club,the Memorial Tournament presented by Workday,the Memorial Tournament presented by Workday,2026,1,Justin Thomas,Justin Thomas,Total score,72.5,71.586,-0.914,under,-0.06,74,L,-150,-125,-1.000,-1.000
2026-06-25T03:08:38.047Z,Muirfield Village Golf Club,the Memorial Tournament presented by Workday,the Memorial Tournament presented by Workday,2026,1,Kurt Kitayama,Kurt Kitayama,Total score,72.5,74.061,1.561,under,-20.13,72,W,-115,104,0.870,1.040
2026-06-25T03:08:38.047Z,Muirfield Village Golf Club,the Memorial Tournament presented by Workday,the Memorial Tournament presented by Workday,2026,1,Matt Fitzpatrick,Matt Fitzpatrick,Total score,71.5,71.672,0.172,under,0.50,75,L,110,130,-1.000,-1.000
2026-06-25T03:08:38.047Z,Muirfield Village Golf Club,the Memorial Tournament presented by Workday,the Memorial Tournament presented by Workday,2026,1,Maverick McNealy,Maverick McNealy,Total score,72.5,72.652,0.152,over,-3.88,71,L,-125,-105,-1.000,-1.000
2026-06-25T03:08:38.047Z,Muirfield Village Golf Club,the Memorial Tournament presented by Workday,the Memorial Tournament presented by Workday,2026,1,Maverick McNealy,Maverick McNealy,Total score,72.5,72.652,0.152,under,-5.16,71,W,-115,105,0.870,1.050
2026-06-25T03:08:38.047Z,Muirfield Village Golf Club,the Memorial Tournament presented by Workday,the Memorial Tournament presented by Workday,2026,1,Min Woo Lee,Min Woo Lee,Total score,72.5,72.178,-0.322,over,-7.03,74,W,-115,104,0.870,1.040
2026-06-25T03:08:38.047Z,Muirfield Village Golf Club,the Memorial Tournament presented by Workday,the Memorial Tournament presented by Workday,2026,1,Min Woo Lee,Min Woo Lee,Total score,72.5,72.178,-0.322,under,-2.02,74,L,-125,-107,-1.000,-1.000
2026-06-25T03:08:38.047Z,Muirfield Village Golf Club,the Memorial Tournament presented by Workday,the Memorial Tournament presented by Workday,2026,1,Patrick Cantlay,Patrick Cantlay,Total score,72.5,71.443,-1.057,under,1.45,70,W,-150,-126,0.667,0.794
2026-06-25T03:08:38.047Z,Muirfield Village Golf Club,the Memorial Tournament presented by Workday,the Memorial Tournament presented by Workday,2026,1,Rickie Fowler,Rickie Fowler,Total score,72.5,73.391,0.891,over,6.21,79,W,-115,105,0.870,1.050
2026-06-25T03:08:38.047Z,Muirfield Village Golf Club,the Memorial Tournament presented by Workday,the Memorial Tournament presented by Workday,2026,1,Rickie Fowler,Rickie Fowler,Total score,72.5,73.391,0.891,under,-14.24,79,L,-120,-100,-1.000,-1.000
2026-06-25T03:08:38.047Z,Muirfield Village Golf Club,the Memorial Tournament presented by Workday,the Memorial Tournament presented by Workday,2026,1,Robert MacIntyre,Robert MacIntyre,Total score,72.5,73.882,1.382,over,11.34,77,W,-115,105,0.870,1.050
2026-06-25T03:08:38.047Z,Muirfield Village Golf Club,the Memorial Tournament presented by Workday,the Memorial Tournament presented by Workday,2026,1,Robert MacIntyre,Robert MacIntyre,Total score,72.5,73.882,1.382,under,-20.38,77,L,-125,-103,-1.000,-1.000
2026-06-25T03:08:38.047Z,Muirfield Village Golf Club,the Memorial Tournament presented by Workday,the Memorial Tournament presented by Workday,2026,1,Rory McIlroy,Rory McIlroy,Total score,71.5,71.792,0.292,over,3.20,71,L,100,119,-1.000,-1.000
2026-06-25T03:08:38.047Z,Muirfield Village Golf Club,the Memorial Tournament presented by Workday,the Memorial Tournament presented by Workday,2026,1,Rory McIlroy,Rory McIlroy,Total score,71.5,71.792,0.292,under,-13.20,71,W,-150,-126,0.667,0.794
2026-06-25T03:08:38.047Z,Muirfield Village Golf Club,the Memorial Tournament presented by Workday,the Memorial Tournament presented by Workday,2026,1,Russell Henley,Russell Henley,Total score,71.5,71.539,0.039,under,-3.92,72,L,-115,105,-1.000,-1.000
2026-06-25T03:08:38.047Z,Muirfield Village Golf Club,the Memorial Tournament presented by Workday,the Memorial Tournament presented by Workday,2026,1,Sam Burns,Sam Burns,Total score,72.5,72.608,0.108,over,-2.31,69,L,-115,104,-1.000,-1.000
2026-06-25T03:08:38.047Z,Muirfield Village Golf Club,the Memorial Tournament presented by Workday,the Memorial Tournament presented by Workday,2026,1,Sam Burns,Sam Burns,Total score,72.5,72.608,0.108,under,-6.74,69,W,-125,-104,0.800,0.962
2026-06-25T03:08:38.047Z,Muirfield Village Golf Club,the Memorial Tournament presented by Workday,the Memorial Tournament presented by Workday,2026,1,Scottie Scheffler,Scottie Scheffler,Total score,70.5,70.391,-0.109,under,-7.13,73,L,-140,-106,-1.000,-1.000
2026-06-25T03:08:38.047Z,Muirfield Village Golf Club,the Memorial Tournament presented by Workday,the Memorial Tournament presented by Workday,2026,1,Si Woo Kim,Si Woo Kim,Total score,71.5,71.524,0.024,under,-0.26,72,L,100,121,-1.000,-1.000
2026-06-25T03:08:38.047Z,Muirfield Village Golf Club,the Memorial Tournament presented by Workday,the Memorial Tournament presented by Workday,2026,1,Tommy Fleetwood,Tommy Fleetwood,Total score,71.5,71.977,0.477,over,-3.11,67,L,-140,-113,-1.000,-1.000
2026-06-25T03:08:38.047Z,Muirfield Village Golf Club,the Memorial Tournament presented by Workday,the Memorial Tournament presented by Workday,2026,1,Tommy Fleetwood,Tommy Fleetwood,Total score,71.5,71.977,0.477,under,-6.44,67,W,-105,113,0.952,1.130
2026-06-25T03:08:38.047Z,Muirfield Village Golf Club,the Memorial Tournament presented by Workday,the Memorial Tournament presented by Workday,2026,1,Xander Schauffele,Xander Schauffele,Total score,71.5,71.314,-0.186,under,2.04,72,L,100,119,-1.000,-1.000
