generated_at,competition,event,year,round,player,matched_player,market,model_mu,line,model_line_edge,model_pick,actual,result,opening_american,closing_american,pnl_open,pnl_close
2026-06-09T23:10:16.313Z,3M Open 2023,3M Open,2023,2,G. Woodland,Gary Woodland,Birdies,3.043,5,-1.957,under,4,W,105,118,1.050,1.180
2026-06-09T23:10:16.313Z,3M Open 2023,3M Open,2023,2,J. Dahmen,Joel Dahmen,Birdies,3.611,4.5,-0.889,under,3,W,115,128,1.150,1.280
2026-06-09T23:10:16.313Z,3M Open 2023,3M Open,2023,2,J. Thomas,Justin Thomas,Birdies,3.349,5.5,-2.151,under,6,L,-135,-115,-1.000,-1.000
2026-06-09T23:10:16.313Z,3M Open 2023,3M Open,2023,2,C. Young,Carson Young,Birdies,3.819,5.5,-1.681,under,5,W,-125,-108,0.800,0.926
2026-06-09T23:10:16.313Z,3M Open 2023,3M Open,2023,2,K.H. Lee,K.H. Lee,Birdies,3.841,4.5,-0.659,under,7,L,110,124,-1.000,-1.000
2026-06-09T23:10:16.313Z,3M Open 2023,3M Open,2023,2,M. Hughes,Mackenzie Hughes,Birdies,3.349,5,-1.651,under,4,W,-145,-127,0.690,0.787
2026-06-09T23:10:16.313Z,3M Open 2023,3M Open,2023,2,H. Matsuyama,Hideki Matsuyama,Birdies,5.463,5.5,-0.037,under,3,W,110,126,1.100,1.260
2026-06-09T23:10:16.313Z,3M Open 2023,3M Open,2023,2,S. Straka,Sepp Straka,Birdies,4.101,5.5,-1.399,under,5,W,-120,-106,0.833,0.943
2026-06-09T23:10:16.313Z,3M Open 2023,3M Open,2023,2,T. Finau,Tony Finau,Birdies,4.479,5.5,-1.021,under,8,L,110,126,-1.000,-1.000
2026-06-09T23:10:16.313Z,AT&T Byron Nelson 2023,AT&T Byron Nelson,2023,2,A. Scott,Adam Scott,Total score,67.406,68.5,-1.094,under,71,L,-105,109,-1.000,-1.000
2026-06-09T23:10:16.313Z,AT&T Byron Nelson 2023,AT&T Byron Nelson,2023,2,M. W. Lee,K.H. Lee,Birdies,3.771,4,-0.229,under,6,L,-120,-102,-1.000,-1.000
2026-06-09T23:10:16.313Z,AT&T Byron Nelson 2023,AT&T Byron Nelson,2023,4,S. Scheffler,Scottie Scheffler,Birdies,5.290,4.5,0.790,over,6,W,-120,-103,0.833,0.971
2026-06-09T23:10:16.313Z,AT&T Pebble Beach Pro-Am 2024,AT&T Pebble Beach Pro-Am,2024,3,A. Schenk,Adam Schenk,Birdies,3.515,4.5,-0.985,under,9,L,110,122,-1.000,-1.000
2026-06-09T23:10:16.313Z,AT&T Pebble Beach Pro-Am 2024,AT&T Pebble Beach Pro-Am,2024,3,X. Schauffele,Xander Schauffele,Birdies,3.591,5.5,-1.909,under,5,W,-145,-124,0.690,0.806
2026-06-09T23:10:16.313Z,AT&T Pebble Beach Pro-Am 2025,AT&T Pebble Beach Pro-Am,2025,1,R. Fowler,Rickie Fowler,Birdies,3.909,3.5,0.409,over,6,W,-145,-117,0.690,0.855
2026-06-09T23:10:16.313Z,AT&T Pebble Beach Pro-Am 2025,AT&T Pebble Beach Pro-Am,2025,1,V. Hovland,Viktor Hovland,Birdies,3.774,3.5,0.274,over,8,W,-165,-135,0.606,0.741
2026-06-09T23:10:16.313Z,AT&T Pebble Beach Pro-Am 2025,AT&T Pebble Beach Pro-Am,2025,1,T. Finau,Tony Finau,Birdies,3.751,3.5,0.251,over,7,W,-155,-129,0.645,0.775
2026-06-09T23:10:16.313Z,Arnold Palmer Invitational 2024,Arnold Palmer Invitational,2024,2,J. Spieth,Jordan Spieth,Birdies,5.710,4.5,1.210,over,4,L,-125,-113,-1.000,-1.000
2026-06-09T23:10:16.313Z,Arnold Palmer Invitational 2024,Arnold Palmer Invitational,2024,2,X. Schauffele,Xander Schauffele,Birdies,3.206,4.5,-1.294,under,4,W,105,117,1.050,1.170
2026-06-09T23:10:16.313Z,Arnold Palmer Invitational 2024,Arnold Palmer Invitational,2024,2,M. Fitzpatrick,Matt Fitzpatrick,Birdies,2.861,4.5,-1.639,under,2,W,-105,108,0.952,1.080
2026-06-09T23:10:16.313Z,Arnold Palmer Invitational 2024,Arnold Palmer Invitational,2024,2,P. Cantlay,Patrick Cantlay,Birdies,3.538,4.5,-0.962,under,4,W,110,123,1.100,1.230
2026-06-09T23:10:16.313Z,Arnold Palmer Invitational 2024,Arnold Palmer Invitational,2024,2,H. Matsuyama,Hideki Matsuyama,Birdies,4.859,4,0.859,over,5,W,-135,-119,0.741,0.840
2026-06-09T23:10:16.313Z,Arnold Palmer Invitational 2024,Arnold Palmer Invitational,2024,2,H. Matsuyama,Hideki Matsuyama,Birdies,4.859,4.5,0.359,over,5,W,-135,-120,0.741,0.833
2026-06-09T23:10:16.313Z,Arnold Palmer Invitational 2024,Arnold Palmer Invitational,2024,2,R. Henley,Russell Henley,Birdies,4.650,4.5,0.150,over,4,L,-125,-110,-1.000,-1.000
2026-06-09T23:10:16.313Z,Arnold Palmer Invitational 2024,Arnold Palmer Invitational,2024,2,S. Burns,Sam Burns,Birdies,5.941,4.5,1.441,over,4,L,-110,-101,-1.000,-1.000
2026-06-09T23:10:16.313Z,Arnold Palmer Invitational 2024,Arnold Palmer Invitational,2024,2,S. Scheffler,Scottie Scheffler,Birdies,3.506,5,-1.494,under,6,L,-145,-128,-1.000,-1.000
2026-06-09T23:10:16.313Z,Arnold Palmer Invitational 2025,Arnold Palmer Invitational,2025,1,H. Matsuyama,Hideki Matsuyama,Birdies,3.410,3.5,-0.090,under,2,W,-135,-106,0.741,0.943
2026-06-09T23:10:16.313Z,Arnold Palmer Invitational 2025,Arnold Palmer Invitational,2025,1,V. Hovland,Viktor Hovland,Birdies,3.400,3.5,-0.100,under,2,W,-155,-121,0.645,0.826
2026-06-09T23:10:16.313Z,Arnold Palmer Invitational 2025,Arnold Palmer Invitational,2025,1,J. Thomas,Justin Thomas,Birdies,3.685,3.5,0.185,over,6,W,-190,-152,0.526,0.658
2026-06-09T23:10:16.313Z,Arnold Palmer Invitational 2025,Arnold Palmer Invitational,2025,1,X. Schauffele,Xander Schauffele,Birdies,3.320,3.5,-0.180,under,1,W,130,158,1.300,1.580
2026-06-09T23:10:16.313Z,Arnold Palmer Invitational 2025,Arnold Palmer Invitational,2025,4,C. Conners,Corey Conners,Birdies,4.610,3.5,1.110,over,1,L,-120,129,-1.000,-1.000
2026-06-09T23:10:16.313Z,Arnold Palmer Invitational 2025,Arnold Palmer Invitational,2025,4,Jason Day,Jason Day,Birdies,5.236,3.5,1.736,over,3,L,-120,124,-1.000,-1.000
2026-06-09T23:10:16.313Z,Arnold Palmer Invitational 2025,Arnold Palmer Invitational,2025,4,C. Morikawa,Collin Morikawa,Birdies,4.530,3.5,1.030,over,3,L,-135,112,-1.000,-1.000
2026-06-09T23:10:16.313Z,Arnold Palmer Invitational 2025,Arnold Palmer Invitational,2025,4,R. Henley,Russell Henley,Birdies,4.790,3.5,1.290,over,4,W,-105,144,0.952,1.440
2026-06-09T23:10:16.313Z,Arnold Palmer Invitational 2025,Arnold Palmer Invitational,2025,1,S. Lowry,Shane Lowry,Birdies,3.609,3.5,0.109,over,4,W,-155,-129,0.645,0.775
2026-06-09T23:10:16.313Z,Arnold Palmer Invitational 2025,Arnold Palmer Invitational,2025,1,L. Aberg,Ludvig Aberg,Birdies,3.380,3.5,-0.120,under,3,W,100,125,1.000,1.250
2026-06-09T23:10:16.313Z,Arnold Palmer Invitational 2025,Arnold Palmer Invitational,2025,1,S. Scheffler,Scottie Scheffler,Birdies,3.821,4.5,-0.679,under,3,W,-165,-135,0.606,0.741
2026-06-09T23:10:16.313Z,Arnold Palmer Invitational 2025,Arnold Palmer Invitational,2025,2,L. Aberg,Ludvig Aberg,Birdies,2.760,3.5,-0.740,under,5,L,110,134,-1.000,-1.000
2026-06-09T23:10:16.313Z,Arnold Palmer Invitational 2025,Arnold Palmer Invitational,2025,2,S. Scheffler,Scottie Scheffler,Birdies,3.021,4.5,-1.479,under,4,W,-155,-124,0.645,0.806
2026-06-09T23:10:16.313Z,Arnold Palmer Invitational 2025,Arnold Palmer Invitational,2025,3,L. Aberg,Ludvig Aberg,Birdies,3.900,3.5,0.400,over,3,L,-135,-106,-1.000,-1.000
2026-06-09T23:10:16.313Z,BMW Championship 2024,BMW Championship,2024,3,A. Scott,Adam Scott,Birdies,6.111,4.5,1.611,over,3,L,-125,-101,-1.000,-1.000
2026-06-09T23:10:16.313Z,BMW Championship 2024,BMW Championship,2024,4,A. Scott,Adam Scott,Birdies,5.092,3.5,1.592,over,4,W,-165,-137,0.606,0.730
2026-06-09T23:10:16.313Z,BMW Championship 2024,BMW Championship,2024,4,A. Scott,Adam Scott,Birdies,5.092,4.5,0.592,over,4,L,-135,-110,-1.000,-1.000
2026-06-09T23:10:16.313Z,BMW Championship 2024,BMW Championship,2024,4,K. Bradley,Keegan Bradley,Birdies,5.885,3.5,2.385,over,2,L,-120,103,-1.000,-1.000
2026-06-09T23:10:16.313Z,BMW Championship 2024,BMW Championship,2024,4,K. Bradley,Keegan Bradley,Birdies,5.885,4.5,1.385,over,2,L,105,127,-1.000,-1.000
2026-06-09T23:10:16.313Z,BMW Championship 2024,BMW Championship,2024,4,C. Morikawa,Collin Morikawa,Birdies,3.510,4.5,-0.990,under,2,W,-155,-122,0.645,0.820
2026-06-09T23:10:16.313Z,BMW Championship 2024,BMW Championship,2024,3,W. Clark,Wyndham Clark,Birdies,4.891,4.5,0.391,over,4,L,-120,104,-1.000,-1.000
2026-06-09T23:10:16.313Z,BMW Championship 2024,BMW Championship,2024,4,W. Clark,Wyndham Clark,Birdies,4.639,3.5,1.139,over,3,L,-200,-159,-1.000,-1.000
2026-06-09T23:10:16.313Z,BMW Championship 2024,BMW Championship,2024,4,W. Clark,Wyndham Clark,Birdies,4.639,4.5,0.139,over,3,L,-155,-128,-1.000,-1.000
2026-06-09T23:10:16.313Z,BMW Championship 2024,BMW Championship,2024,4,X. Schauffele,Xander Schauffele,Birdies,5.062,4.5,0.562,over,2,L,-125,-102,-1.000,-1.000
2026-06-09T23:10:16.313Z,BMW Championship 2024,BMW Championship,2024,4,X. Schauffele,Xander Schauffele,Birdies,5.062,5.5,-0.438,under,2,W,-145,-116,0.690,0.862
2026-06-09T23:10:16.313Z,BMW PGA Championship 2024,BMW PGA Championship,2024,3,S. Jaeger,Stephan Jaeger,Birdies,4.559,4.5,0.059,over,5,W,-125,-102,0.800,0.980
2026-06-09T23:10:16.313Z,British Masters 2024,British Masters,2024,2,A. Scott,Adam Scott,Birdies,2.069,4.5,-2.431,under,4,W,-165,-137,0.606,0.730
2026-06-09T23:10:16.313Z,British Masters 2024,British Masters,2024,1,N. Hojgaard,Nicolai Hojgaard,Birdies,3.350,4.5,-1.150,under,7,L,-155,-129,-1.000,-1.000
2026-06-09T23:10:16.313Z,British Masters 2024,British Masters,2024,1,D. Willett,Danny Willett,Birdies,3.172,3.5,-0.328,under,7,L,-120,101,-1.000,-1.000
2026-06-09T23:10:16.313Z,British Masters 2024,British Masters,2024,2,M. Fitzpatrick,Matt Fitzpatrick,Birdies,3.718,5.5,-1.782,under,1,W,-155,-130,0.645,0.769
2026-06-09T23:10:16.313Z,British Masters 2024,British Masters,2024,2,N. Hojgaard,Nicolai Hojgaard,Birdies,5.120,4.5,0.620,over,4,L,-145,-114,-1.000,-1.000
2026-06-09T23:10:16.313Z,Butterfield Bermuda Championship 2023,Butterfield Bermuda Championship,2023,2,A. Bhatia,Akshay Bhatia,Birdies,6.592,6,0.592,over,7,W,-120,-104,0.833,0.962
2026-06-09T23:10:16.313Z,Butterfield Bermuda Championship 2023,Butterfield Bermuda Championship,2023,2,C. Villegas,Camilo Villegas,Birdies,5.429,5.5,-0.071,under,8,L,-110,103,-1.000,-1.000
2026-06-09T23:10:16.313Z,Butterfield Bermuda Championship 2024,Butterfield Bermuda Championship,2024,1,C. Villegas,Camilo Villegas,Birdies,4.740,4.5,0.240,over,5,W,105,128,1.050,1.280
2026-06-09T23:10:16.313Z,Butterfield Bermuda Championship 2024,Butterfield Bermuda Championship,2024,1,M. Hughes,Mackenzie Hughes,Birdies,4.761,4.5,0.261,over,5,W,-145,-119,0.690,0.840
2026-06-09T23:10:16.313Z,Butterfield Bermuda Championship 2024,Butterfield Bermuda Championship,2024,1,S. Power,Seamus Power,Birdies,4.759,4.5,0.259,over,2,L,-175,-142,-1.000,-1.000
2026-06-09T23:10:16.313Z,Cadillac Championship,Cadillac Championship,2026,1,Adam Scott,Adam Scott,Total score,72.122,70.5,1.622,over,76,W,-125,-133,0.800,0.752
2026-06-09T23:10:16.313Z,Cadillac Championship,Cadillac Championship,2026,1,Akshay Bhatia,Akshay Bhatia,Total score,72.276,71.5,0.776,over,70,L,-115,104,-1.000,-1.000
2026-06-09T23:10:16.313Z,Cadillac Championship,Cadillac Championship,2026,1,Ben Griffin,Ben Griffin,Total score,72.018,71.5,0.518,over,70,L,-105,114,-1.000,-1.000
2026-06-09T23:10:16.313Z,Cadillac Championship,Cadillac Championship,2026,1,Chris Gotterup,Chris Gotterup,Total score,72.196,70.5,1.696,over,73,W,-140,-112,0.714,0.893
2026-06-09T23:10:16.313Z,Cadillac Championship,Cadillac Championship,2026,1,Collin Morikawa,Collin Morikawa,Total score,71.724,70.5,1.224,over,75,W,-120,100,0.833,1.000
2026-06-09T23:10:16.313Z,Cadillac Championship,Cadillac Championship,2026,1,Hideki Matsuyama,Hideki Matsuyama,Total score,71.785,70.5,1.285,over,70,L,-150,-126,-1.000,-1.000
2026-06-09T23:10:16.313Z,Cadillac Championship,Cadillac Championship,2026,1,Jason Day,Jason Day,Total score,72.081,71.5,0.581,over,77,W,-115,-116,0.870,0.862
2026-06-09T23:10:16.313Z,Cadillac Championship,Cadillac Championship,2026,1,Jordan Spieth,Jordan Spieth,Total score,71.884,70.5,1.384,over,65,L,-150,-122,-1.000,-1.000
2026-06-09T23:10:16.313Z,Cadillac Championship,Cadillac Championship,2026,1,Jordan Spieth,Jordan Spieth,Total score,71.884,71.5,0.384,over,65,L,-115,104,-1.000,-1.000
2026-06-09T23:10:16.313Z,Cadillac Championship,Cadillac Championship,2026,1,Justin Rose,Justin Rose,Total score,71.724,70.5,1.224,over,74,W,-150,-123,0.667,0.813
2026-06-09T23:10:16.313Z,Cadillac Championship,Cadillac Championship,2026,1,Maverick McNealy,Maverick McNealy,Total score,71.789,70.5,1.289,over,71,W,-165,-133,0.606,0.752
2026-06-09T23:10:16.313Z,Cadillac Championship,Cadillac Championship,2026,1,Min Woo Lee,Min Woo Lee,Total score,72.276,70.5,1.776,over,70,L,-115,104,-1.000,-1.000
2026-06-09T23:10:16.313Z,Cadillac Championship,Cadillac Championship,2026,1,Rickie Fowler,Rickie Fowler,Total score,72.260,71.5,0.760,over,69,L,100,120,-1.000,-1.000
2026-06-09T23:10:16.313Z,Cadillac Championship,Cadillac Championship,2026,1,Russell Henley,Russell Henley,Total score,71.724,70.5,1.224,over,72,W,-125,-108,0.800,0.926
2026-06-09T23:10:16.313Z,Cadillac Championship,Cadillac Championship,2026,1,Sam Burns,Sam Burns,Total score,72.018,70.5,1.518,over,76,W,-140,-115,0.714,0.870
2026-06-09T23:10:16.313Z,Cadillac Championship,Cadillac Championship,2026,1,Scottie Scheffler,Scottie Scheffler,Total score,71.724,69.5,2.224,over,71,W,100,116,1.000,1.160
2026-06-09T23:10:16.313Z,Cadillac Championship,Cadillac Championship,2026,1,Shane Lowry,Shane Lowry,Total score,72.262,71.5,0.762,over,72,W,100,-106,1.000,0.943
2026-06-09T23:10:16.313Z,Cadillac Championship,Cadillac Championship,2026,1,Si Woo Kim,Si Woo Kim,Total score,71.822,70.5,1.322,over,70,L,-150,-125,-1.000,-1.000
2026-06-09T23:10:16.313Z,Cadillac Championship,Cadillac Championship,2026,1,Tommy Fleetwood,Tommy Fleetwood,Total score,72.276,70.5,1.776,over,70,L,-125,-108,-1.000,-1.000
2026-06-09T23:10:16.313Z,Cadillac Championship,Cadillac Championship,2026,1,Viktor Hovland,Viktor Hovland,Total score,71.851,70.5,1.351,over,75,W,-150,-124,0.667,0.806
2026-06-09T23:10:16.313Z,Canadian Open 2025,Canadian Open,2025,2,M. Homa,Max Homa,Birdies,4.061,3.5,0.561,over,4,W,-135,-112,0.741,0.893
2026-06-09T23:10:16.313Z,Canadian Open 2025,Canadian Open,2025,2,S. Burns,Sam Burns,Birdies,4.991,3.5,1.491,over,5,W,-190,-155,0.526,0.645
2026-06-09T23:10:16.313Z,Canadian Open 2025,Canadian Open,2025,3,N. Taylor,Nick Taylor,Birdies,5.571,4.5,1.071,over,1,L,-105,106,-1.000,-1.000
2026-06-09T23:10:16.313Z,Canadian Open 2025,Canadian Open,2025,2,L. Aberg,Ludvig Aberg,Birdies,3.853,4.5,-0.647,under,6,L,-135,-110,-1.000,-1.000
2026-06-09T23:10:16.313Z,Canadian Open 2025,Canadian Open,2025,2,L. Clanton,Luke Clanton,Birdies,2.855,4.5,-1.645,under,4,W,-180,-150,0.556,0.667
2026-06-09T23:10:16.313Z,Canadian Open 2025,Canadian Open,2025,3,Cam. Young,Cameron Young,Birdies,4.411,4.5,-0.089,under,5,L,-175,-140,-1.000,-1.000
2026-06-09T23:10:16.313Z,Canadian Open 2025,Canadian Open,2025,3,T. Pendrith,Taylor Pendrith,Birdies,4.921,4.5,0.421,over,4,L,-105,114,-1.000,-1.000
2026-06-09T23:10:16.313Z,Charles Schwab Challenge,Charles Schwab Challenge,2026,1,Alex Smalley,Alex Smalley,Total score,70.464,68.5,1.964,over,65,L,-140,-118,-1.000,-1.000
2026-06-09T23:10:16.313Z,Charles Schwab Challenge,Charles Schwab Challenge,2026,1,Brandt Snedeker,Brandt Snedeker,Total score,70.505,69.5,1.005,over,70,W,-125,-109,0.800,0.917
2026-06-09T23:10:16.313Z,Charles Schwab Challenge,Charles Schwab Challenge,2026,1,J.J. Spaun,J.J. Spaun,Total score,70.412,68.5,1.912,over,64,L,-120,-101,-1.000,-1.000
2026-06-09T23:10:16.313Z,Charles Schwab Challenge,Charles Schwab Challenge,2026,1,Justin Thomas,Justin Thomas,Total score,70.204,68.5,1.704,over,69,W,-140,-111,0.714,0.901
2026-06-09T23:10:16.313Z,Charles Schwab Challenge,Charles Schwab Challenge,2026,1,Michael Thorbjornsen,Michael Thorbjornsen,Total score,70.756,69.5,1.256,over,66,L,-110,108,-1.000,-1.000
2026-06-09T23:10:16.313Z,Charles Schwab Challenge,Charles Schwab Challenge,2026,1,Robert MacIntyre,Robert MacIntyre,Total score,70.546,68.5,2.046,over,68,L,-120,101,-1.000,-1.000
2026-06-09T23:10:16.313Z,Charles Schwab Challenge 2023,Charles Schwab Challenge,2023,4,V. Hovland,Viktor Hovland,Birdies,3.621,3,0.621,over,2,L,-145,-123,-1.000,-1.000
2026-06-09T23:10:16.313Z,Charles Schwab Challenge 2024,Charles Schwab Challenge,2024,2,A. Svensson,Adam Svensson,Birdies,2.650,3.5,-0.850,under,3,W,-110,107,0.909,1.070
2026-06-09T23:10:16.313Z,Charles Schwab Challenge 2024,Charles Schwab Challenge,2024,2,G. Woodland,Gary Woodland,Birdies,2.630,3.5,-0.870,under,8,L,-145,-114,-1.000,-1.000
2026-06-09T23:10:16.313Z,Charles Schwab Challenge 2024,Charles Schwab Challenge,2024,4,K. Bradley,Keegan Bradley,Birdies,3.920,3.5,0.420,over,5,W,-110,112,0.909,1.120
2026-06-09T23:10:16.313Z,Charles Schwab Challenge 2024,Charles Schwab Challenge,2024,3,K. Bradley,Keegan Bradley,Birdies,4.201,3.5,0.701,over,3,L,100,125,-1.000,-1.000
2026-06-09T23:10:16.313Z,Charles Schwab Challenge 2024,Charles Schwab Challenge,2024,3,S. Straka,Sepp Straka,Birdies,4.360,3.5,0.860,over,2,L,100,125,-1.000,-1.000
2026-06-09T23:10:16.313Z,Charles Schwab Challenge 2024,Charles Schwab Challenge,2024,3,C. Davis,Cam Davis,Birdies,3.656,3.5,0.156,over,4,W,105,128,1.050,1.280
2026-06-09T23:10:16.313Z,Charles Schwab Challenge 2024,Charles Schwab Challenge,2024,4,D. Riley,Davis Riley,Birdies,5.260,3,2.260,over,4,W,105,128,1.050,1.280
2026-06-09T23:10:16.313Z,Charles Schwab Challenge 2024,Charles Schwab Challenge,2024,4,D. Riley,Davis Riley,Birdies,5.260,3.5,1.760,over,4,W,-105,118,0.952,1.180
2026-06-09T23:10:16.313Z,Charles Schwab Challenge 2024,Charles Schwab Challenge,2024,4,S. Scheffler,Scottie Scheffler,Birdies,4.585,4,0.585,over,2,L,-135,-108,-1.000,-1.000
2026-06-09T23:10:16.313Z,Charles Schwab Challenge 2024,Charles Schwab Challenge,2024,4,S. Scheffler,Scottie Scheffler,Birdies,4.585,4.5,0.085,over,2,L,-155,-124,-1.000,-1.000
2026-06-09T23:10:16.313Z,Charles Schwab Challenge 2024,Charles Schwab Challenge,2024,4,S. Scheffler,Scottie Scheffler,Birdies,4.585,5,-0.415,under,2,W,-155,-126,0.645,0.794
2026-06-09T23:10:16.313Z,Charles Schwab Challenge 2024,Charles Schwab Challenge,2024,3,S. Scheffler,Scottie Scheffler,Birdies,3.659,3.5,0.159,over,7,W,-145,-120,0.690,0.833
2026-06-09T23:10:16.313Z,Charles Schwab Challenge 2025,Charles Schwab Challenge,2025,2,C. Kirk,Chris Kirk,Birdies,3.651,2.5,1.151,over,1,L,-190,-152,-1.000,-1.000
2026-06-09T23:10:16.313Z,Charles Schwab Challenge 2025,Charles Schwab Challenge,2025,2,J. Spieth,Jordan Spieth,Birdies,3.119,3.5,-0.381,under,2,W,-145,-118,0.690,0.847
2026-06-09T23:10:16.313Z,Charles Schwab Challenge 2025,Charles Schwab Challenge,2025,2,T. Fleetwood,Tommy Fleetwood,Birdies,3.717,3.5,0.217,over,3,L,-120,105,-1.000,-1.000
2026-06-09T23:10:16.313Z,Charles Schwab Challenge 2025,Charles Schwab Challenge,2025,2,B. Harman,Brian Harman,Birdies,3.549,3.5,0.049,over,1,L,115,143,-1.000,-1.000
2026-06-09T23:10:16.313Z,Charles Schwab Challenge 2025,Charles Schwab Challenge,2025,2,M. McNealy,Maverick McNealy,Birdies,3.569,3.5,0.069,over,1,L,110,133,-1.000,-1.000
2026-06-09T23:10:16.313Z,Charles Schwab Challenge 2025,Charles Schwab Challenge,2025,1,K. Mitchell,Keith Mitchell,Birdies,3.161,3.5,-0.339,under,3,W,-155,-129,0.645,0.775
2026-06-09T23:10:16.313Z,Charles Schwab Challenge 2025,Charles Schwab Challenge,2025,1,T. Kim,Tom Kim,Birdies,3.110,3.5,-0.390,under,2,W,-180,-151,0.556,0.662
2026-06-09T23:10:16.313Z,Charles Schwab Challenge 2025,Charles Schwab Challenge,2025,3,A. Bhatia,Akshay Bhatia,Birdies,3.799,3.5,0.299,over,5,W,125,153,1.250,1.530
2026-06-09T23:10:16.313Z,Charles Schwab Challenge 2025,Charles Schwab Challenge,2025,3,C. Gotterup,Chris Gotterup,Birdies,4.331,2.5,1.831,over,1,L,-180,-147,-1.000,-1.000
2026-06-09T23:10:16.313Z,Charles Schwab Challenge 2025,Charles Schwab Challenge,2025,3,R. Hisatsune,Ryo Hisatsune,Birdies,4.262,2.5,1.762,over,2,L,-190,-157,-1.000,-1.000
2026-06-09T23:10:16.313Z,Charles Schwab Challenge 2025,Charles Schwab Challenge,2025,3,J.J. Spaun,J.J. Spaun,Birdies,4.362,3.5,0.862,over,2,L,-125,-100,-1.000,-1.000
2026-06-09T23:10:16.313Z,Cognizant Classic in The Palm Beaches 2024,Cognizant Classic in The Palm Beaches,2024,1,Cam. Young,Cameron Young,Birdies,3.311,4.5,-1.189,under,9,L,100,112,-1.000,-1.000
2026-06-09T23:10:16.313Z,Cognizant Classic in The Palm Beaches 2024,Cognizant Classic in The Palm Beaches,2024,2,A. Bhatia,Akshay Bhatia,Birdies,4.099,4.5,-0.401,under,2,W,-120,-105,0.833,0.952
2026-06-09T23:10:16.313Z,Cognizant Classic in The Palm Beaches 2024,Cognizant Classic in The Palm Beaches,2024,2,Cam. Young,Cameron Young,Birdies,6.751,5,1.751,over,4,L,-105,108,-1.000,-1.000
2026-06-09T23:10:16.313Z,Cognizant Classic in The Palm Beaches 2024,Cognizant Classic in The Palm Beaches,2024,2,N. Dunlap,Nick Dunlap,Birdies,4.229,4.5,-0.271,under,4,W,-135,-120,0.741,0.833
2026-06-09T23:10:16.313Z,Cognizant Classic in The Palm Beaches 2024,Cognizant Classic in The Palm Beaches,2024,4,A. Eckroat,Austin Eckroat,Birdies,5.240,4,1.240,over,5,W,-110,-101,0.909,0.990
2026-06-09T23:10:16.313Z,Cognizant Classic in The Palm Beaches 2024,Cognizant Classic in The Palm Beaches,2024,3,A. Eckroat,Austin Eckroat,Birdies,5.059,4.5,0.559,over,5,W,-110,103,0.909,1.030
2026-06-09T23:10:16.313Z,Cognizant Classic in The Palm Beaches 2024,Cognizant Classic in The Palm Beaches,2024,1,M. Fitzpatrick,Matt Fitzpatrick,Birdies,3.049,4.5,-1.451,under,3,W,-125,-110,0.800,0.909
2026-06-09T23:10:16.313Z,Cognizant Classic in The Palm Beaches 2024,Cognizant Classic in The Palm Beaches,2024,1,T. Kim,S.H. Kim,Birdies,3.018,4.5,-1.482,under,6,L,-125,-110,-1.000,-1.000
2026-06-09T23:10:16.313Z,Cognizant Classic in The Palm Beaches 2024,Cognizant Classic in The Palm Beaches,2024,2,J. Rose,Justin Rose,Birdies,4.169,4.5,-0.331,under,4,W,-120,-103,0.833,0.971
2026-06-09T23:10:16.313Z,Cognizant Classic in The Palm Beaches 2024,Cognizant Classic in The Palm Beaches,2024,2,M. Fitzpatrick,Matt Fitzpatrick,Birdies,3.499,4.5,-1.001,under,6,L,-105,106,-1.000,-1.000
2026-06-09T23:10:16.313Z,Cognizant Classic in The Palm Beaches 2024,Cognizant Classic in The Palm Beaches,2024,2,T. Kim,S.H. Kim,Birdies,4.048,4.5,-0.452,under,2,W,105,116,1.050,1.160
2026-06-09T23:10:16.313Z,Cognizant Classic in The Palm Beaches 2024,Cognizant Classic in The Palm Beaches,2024,3,R. Fowler,Rickie Fowler,Birdies,3.817,4.5,-0.683,under,6,L,-125,-108,-1.000,-1.000
2026-06-09T23:10:16.313Z,Cognizant Classic in The Palm Beaches 2024,Cognizant Classic in The Palm Beaches,2024,3,T. Alexander,Tyson Alexander,Birdies,4.409,4,0.409,over,3,L,-105,108,-1.000,-1.000
2026-06-09T23:10:16.313Z,Cognizant Classic in The Palm Beaches 2024,Cognizant Classic in The Palm Beaches,2024,1,R. Fowler,Rickie Fowler,Birdies,3.187,4,-0.813,under,2,W,115,131,1.150,1.310
2026-06-09T23:10:16.313Z,Cognizant Classic in The Palm Beaches 2024,Cognizant Classic in The Palm Beaches,2024,2,R. Fowler,Rickie Fowler,Birdies,3.177,4.5,-1.323,under,5,L,-125,-109,-1.000,-1.000
2026-06-09T23:10:16.313Z,Cognizant Classic in The Palm Beaches 2024,Cognizant Classic in The Palm Beaches,2024,2,S. Straka,Sepp Straka,Birdies,4.491,4.5,-0.009,under,3,W,105,116,1.050,1.160
2026-06-09T23:10:16.313Z,Cognizant Classic in The Palm Beaches 2024,Cognizant Classic in The Palm Beaches,2024,1,C. Kirk,Chris Kirk,Birdies,3.591,4.5,-0.909,under,7,L,110,126,-1.000,-1.000
2026-06-09T23:10:16.313Z,Cognizant Classic in The Palm Beaches 2024,Cognizant Classic in The Palm Beaches,2024,1,J. Knapp,Jake Knapp,Birdies,3.311,4.5,-1.189,under,5,L,-105,106,-1.000,-1.000
2026-06-09T23:10:16.313Z,Cognizant Classic in The Palm Beaches 2024,Cognizant Classic in The Palm Beaches,2024,2,C. Kirk,Chris Kirk,Birdies,4.611,4.5,0.111,over,6,W,-105,107,0.952,1.070
2026-06-09T23:10:16.313Z,Cognizant Classic in The Palm Beaches 2024,Cognizant Classic in The Palm Beaches,2024,2,J. Knapp,Jake Knapp,Birdies,4.771,4.5,0.271,over,5,W,110,121,1.100,1.210
2026-06-09T23:10:16.313Z,Cognizant Classic in The Palm Beaches 2024,Cognizant Classic in The Palm Beaches,2024,3,Cam. Young,Cameron Young,Birdies,5.411,4.5,0.911,over,2,L,105,118,-1.000,-1.000
2026-06-09T23:10:16.313Z,Cognizant Classic in The Palm Beaches 2025,Cognizant Classic in The Palm Beaches,2025,2,Cam. Young,Cameron Young,Birdies,5.041,5.5,-0.459,under,6,L,-180,-148,-1.000,-1.000
2026-06-09T23:10:16.313Z,Cognizant Classic in The Palm Beaches 2025,Cognizant Classic in The Palm Beaches,2025,3,J. Knapp,Jake Knapp,Birdies,6.539,4.5,2.039,over,5,W,-120,106,0.833,1.060
2026-06-09T23:10:16.313Z,Cognizant Classic in The Palm Beaches 2025,Cognizant Classic in The Palm Beaches,2025,3,M. Pavon,Matthieu Pavon,Birdies,5.120,4.5,0.620,over,3,L,100,124,-1.000,-1.000
2026-06-09T23:10:16.313Z,Cognizant Classic in The Palm Beaches 2025,Cognizant Classic in The Palm Beaches,2025,3,R. Fowler,Rickie Fowler,Birdies,4.691,4.5,0.191,over,5,W,-180,-145,0.556,0.690
2026-06-09T23:10:16.313Z,Cognizant Classic in The Palm Beaches 2025,Cognizant Classic in The Palm Beaches,2025,3,B. Harman,Brian Harman,Birdies,5.631,4.5,1.131,over,6,W,-175,-140,0.571,0.714
2026-06-09T23:10:16.313Z,Farmers Insurance Open 2024,Farmers Insurance Open,2024,1,J. Day,Jason Day,Birdies,4.140,3.5,0.640,over,2,L,-135,-116,-1.000,-1.000
2026-06-09T23:10:16.313Z,Farmers Insurance Open 2024,Farmers Insurance Open,2024,1,K. Bradley,Keegan Bradley,Birdies,4.140,3.5,0.640,over,3,L,-125,-114,-1.000,-1.000
2026-06-09T23:10:16.313Z,Farmers Insurance Open 2024,Farmers Insurance Open,2024,1,M. W. Lee,K.H. Lee,Birdies,4.061,3.5,0.561,over,4,W,-135,-118,0.741,0.847
2026-06-09T23:10:16.313Z,Farmers Insurance Open 2024,Farmers Insurance Open,2024,2,J. Day,Jason Day,Birdies,3.120,5.5,-2.380,under,3,W,-125,-112,0.800,0.893
2026-06-09T23:10:16.313Z,Farmers Insurance Open 2024,Farmers Insurance Open,2024,2,K. Bradley,Keegan Bradley,Birdies,3.550,5.5,-1.950,under,6,L,-125,-112,-1.000,-1.000
2026-06-09T23:10:16.313Z,Farmers Insurance Open 2024,Farmers Insurance Open,2024,2,M. W. Lee,K.H. Lee,Birdies,3.821,5.5,-1.679,under,3,W,-110,103,0.909,1.030
2026-06-09T23:10:16.313Z,Farmers Insurance Open 2024,Farmers Insurance Open,2024,2,C. Morikawa,Collin Morikawa,Birdies,5.461,5,0.461,over,4,L,110,123,-1.000,-1.000
2026-06-09T23:10:16.313Z,Farmers Insurance Open 2024,Farmers Insurance Open,2024,2,P. Cantlay,Patrick Cantlay,Birdies,5.359,5,0.359,over,3,L,105,116,-1.000,-1.000
2026-06-09T23:10:16.313Z,Farmers Insurance Open 2024,Farmers Insurance Open,2024,2,S. Theegala,Sahith Theegala,Birdies,3.933,4.5,-0.567,under,6,L,-135,-120,-1.000,-1.000
2026-06-09T23:10:16.313Z,Farmers Insurance Open 2024,Farmers Insurance Open,2024,3,N. Hojgaard,Nicolai Hojgaard,Birdies,5.099,4,1.099,over,2,L,-110,103,-1.000,-1.000
2026-06-09T23:10:16.313Z,Farmers Insurance Open 2024,Farmers Insurance Open,2024,3,T. Detry,Thomas Detry,Birdies,4.430,3.5,0.930,over,5,W,-145,-122,0.690,0.820
2026-06-09T23:10:16.313Z,Farmers Insurance Open 2024,Farmers Insurance Open,2024,1,M. Homa,Max Homa,Birdies,4.021,3.5,0.521,over,5,W,-145,-123,0.690,0.813
2026-06-09T23:10:16.313Z,Farmers Insurance Open 2024,Farmers Insurance Open,2024,1,T. Finau,Tony Finau,Birdies,4.180,3.5,0.680,over,4,W,-110,102,0.909,1.020
2026-06-09T23:10:16.313Z,Farmers Insurance Open 2024,Farmers Insurance Open,2024,1,X. Schauffele,Xander Schauffele,Birdies,4.080,3.5,0.580,over,4,W,-145,-129,0.690,0.775
2026-06-09T23:10:16.313Z,Farmers Insurance Open 2024,Farmers Insurance Open,2024,2,M. Homa,Max Homa,Birdies,4.391,6,-1.609,under,3,W,-110,101,0.909,1.010
2026-06-09T23:10:16.313Z,Farmers Insurance Open 2024,Farmers Insurance Open,2024,2,T. Finau,Tony Finau,Birdies,4.080,6,-1.920,under,7,L,-125,-113,-1.000,-1.000
2026-06-09T23:10:16.313Z,Farmers Insurance Open 2024,Farmers Insurance Open,2024,3,M. Pavon,Matthieu Pavon,Birdies,5.901,3.5,2.401,over,3,L,-135,-120,-1.000,-1.000
2026-06-09T23:10:16.313Z,Farmers Insurance Open 2024,Farmers Insurance Open,2024,3,T. Finau,Tony Finau,Birdies,5.420,4,1.420,over,2,L,-125,-109,-1.000,-1.000
2026-06-09T23:10:16.313Z,Farmers Insurance Open 2025,Farmers Insurance Open,2025,2,K. Bradley,Keegan Bradley,Birdies,4.611,3.5,1.111,over,2,L,-120,104,-1.000,-1.000
2026-06-09T23:10:16.313Z,Farmers Insurance Open 2025,Farmers Insurance Open,2025,2,L. Aberg,Ludvig Aberg,Birdies,6.690,3.5,3.190,over,2,L,-180,-150,-1.000,-1.000
2026-06-09T23:10:16.313Z,Farmers Insurance Open 2025,Farmers Insurance Open,2025,2,S. Theegala,Sahith Theegala,Birdies,4.945,3.5,1.445,over,4,W,100,124,1.000,1.240
2026-06-09T23:10:16.313Z,FedEx St Jude Championship 2024,FedEx St Jude Championship,2024,4,C. Morikawa,Collin Morikawa,Birdies,3.540,3.5,0.040,over,4,W,-190,-154,0.526,0.649
2026-06-09T23:10:16.313Z,FedEx St Jude Championship 2024,FedEx St Jude Championship,2024,2,H. Matsuyama,Hideki Matsuyama,Birdies,5.354,4.5,0.854,over,7,W,110,136,1.100,1.360
2026-06-09T23:10:16.313Z,FedEx St Jude Championship 2024,FedEx St Jude Championship,2024,2,S. Theegala,Sahith Theegala,Birdies,4.254,3.5,0.754,over,4,W,-180,-148,0.556,0.676
2026-06-09T23:10:16.313Z,FedEx St Jude Championship 2024,FedEx St Jude Championship,2024,2,C. Morikawa,Collin Morikawa,Birdies,3.739,4.5,-0.761,under,2,W,-190,-129,0.526,0.775
2026-06-09T23:10:16.313Z,FedEx St Jude Championship 2024,FedEx St Jude Championship,2024,4,S. Burns,Sam Burns,Birdies,5.760,3.5,2.260,over,4,W,-175,-143,0.571,0.699
2026-06-09T23:10:16.313Z,FedEx St Jude Championship 2024,FedEx St Jude Championship,2024,4,W. Zalatoris,Will Zalatoris,Birdies,3.840,3.5,0.340,over,4,W,-165,-135,0.606,0.741
2026-06-09T23:10:16.313Z,FedEx St Jude Championship 2024,FedEx St Jude Championship,2024,4,S. Scheffler,Scottie Scheffler,Birdies,4.179,4.5,-0.321,under,5,L,100,122,-1.000,-1.000
2026-06-09T23:10:16.313Z,FedEx St Jude Championship 2024,FedEx St Jude Championship,2024,4,V. Hovland,Viktor Hovland,Birdies,4.880,4.5,0.380,over,6,W,110,135,1.100,1.350
2026-06-09T23:10:16.313Z,FedEx St Jude Championship 2024,FedEx St Jude Championship,2024,2,S. Scheffler,Scottie Scheffler,Birdies,4.296,4.5,-0.204,under,5,L,105,128,-1.000,-1.000
2026-06-09T23:10:16.313Z,FedEx St. Jude Championship 2023,FedEx St. Jude Championship,2023,1,B. Harman,Brian Harman,Birdies,3.901,4.5,-0.599,under,4,W,-125,-110,0.800,0.909
2026-06-09T23:10:16.313Z,FedEx St. Jude Championship 2023,FedEx St. Jude Championship,2023,1,M. Homa,Max Homa,Birdies,3.781,4.5,-0.719,under,3,W,-120,-104,0.833,0.962
2026-06-09T23:10:16.313Z,FedEx St. Jude Championship 2023,FedEx St. Jude Championship,2023,1,W. Clark,Wyndham Clark,Birdies,3.689,4.5,-0.811,under,6,L,-120,-104,-1.000,-1.000
2026-06-09T23:10:16.313Z,FedEx St. Jude Championship 2023,FedEx St. Jude Championship,2023,4,J. Rahm,Jon Rahm,Birdies,4.420,5.5,-1.080,under,5,W,-110,100,0.909,1.000
2026-06-09T23:10:16.313Z,FedEx St. Jude Championship 2023,FedEx St. Jude Championship,2023,3,S. Stevens,Sam Stevens,Birdies,4.016,4,0.016,over,3,L,100,111,-1.000,-1.000
2026-06-09T23:10:16.313Z,FedEx St. Jude Championship 2023,FedEx St. Jude Championship,2023,3,V. Hovland,Viktor Hovland,Birdies,5.373,4.5,0.873,over,7,W,-120,-104,0.833,0.962
2026-06-09T23:10:16.313Z,FedEx St. Jude Championship 2023,FedEx St. Jude Championship,2023,4,J. Day,Jason Day,Birdies,2.359,5,-2.641,under,6,L,-145,-124,-1.000,-1.000
2026-06-09T23:10:16.313Z,FedEx St. Jude Championship 2023,FedEx St. Jude Championship,2023,4,M. Kuchar,Matt Kuchar,Birdies,2.995,4.5,-1.505,under,3,W,-125,-114,0.800,0.877
2026-06-09T23:10:16.313Z,FedEx St. Jude Championship 2023,FedEx St. Jude Championship,2023,1,J. Day,Jason Day,Birdies,3.819,4.5,-0.681,under,3,W,100,110,1.000,1.100
2026-06-09T23:10:16.313Z,FedEx St. Jude Championship 2023,FedEx St. Jude Championship,2023,1,N. Taylor,Nick Taylor,Birdies,3.646,4,-0.354,under,3,W,105,120,1.050,1.200
2026-06-09T23:10:16.313Z,FedEx St. Jude Championship 2023,FedEx St. Jude Championship,2023,1,T. Finau,Tony Finau,Birdies,3.890,4.5,-0.610,under,4,W,-105,107,0.952,1.070
2026-06-09T23:10:16.313Z,FedEx St. Jude Championship 2023,FedEx St. Jude Championship,2023,1,J. Rose,Justin Rose,Birdies,3.600,4.5,-0.900,under,3,W,-135,-118,0.741,0.847
2026-06-09T23:10:16.313Z,FedEx St. Jude Championship 2023,FedEx St. Jude Championship,2023,1,J. Spieth,Jordan Spieth,Birdies,3.600,4.5,-0.900,under,6,L,-105,106,-1.000,-1.000
2026-06-09T23:10:16.313Z,FedEx St. Jude Championship 2023,FedEx St. Jude Championship,2023,3,J. Spieth,Jordan Spieth,Birdies,5.040,4.5,0.540,over,3,L,110,125,-1.000,-1.000
2026-06-09T23:10:16.313Z,FedEx St. Jude Championship 2023,FedEx St. Jude Championship,2023,1,E. Grillo,Emiliano Grillo,Birdies,3.891,4.5,-0.609,under,8,L,-135,-115,-1.000,-1.000
2026-06-09T23:10:16.313Z,FedEx St. Jude Championship 2023,FedEx St. Jude Championship,2023,1,R. Henley,Russell Henley,Birdies,3.788,4.5,-0.712,under,5,L,-120,-106,-1.000,-1.000
2026-06-09T23:10:16.313Z,FedEx St. Jude Championship 2023,FedEx St. Jude Championship,2023,1,S. Burns,Sam Burns,Birdies,3.624,4.5,-0.876,under,1,W,-110,104,0.909,1.040
2026-06-09T23:10:16.313Z,FedEx St. Jude Championship 2023,FedEx St. Jude Championship,2023,4,P. Cantlay,Patrick Cantlay,Birdies,4.328,5,-0.672,under,6,L,-110,104,-1.000,-1.000
2026-06-09T23:10:16.313Z,FedEx St. Jude Championship 2023,FedEx St. Jude Championship,2023,3,S. Scheffler,Scottie Scheffler,Birdies,5.049,4.5,0.549,over,1,L,-110,102,-1.000,-1.000
2026-06-09T23:10:16.313Z,FedEx St. Jude Championship 2023,FedEx St. Jude Championship,2023,1,T. Hatton,Tyrrell Hatton,Birdies,3.690,4.5,-0.810,under,3,W,-110,100,0.909,1.000
2026-06-09T23:10:16.313Z,FedEx St. Jude Championship 2023,FedEx St. Jude Championship,2023,1,X. Schauffele,Xander Schauffele,Birdies,3.470,4.5,-1.030,under,7,L,100,111,-1.000,-1.000
2026-06-09T23:10:16.313Z,FedEx St. Jude Championship 2023,FedEx St. Jude Championship,2023,4,T. Fleetwood,Tommy Fleetwood,Birdies,5.340,4.5,0.840,over,4,L,-120,-107,-1.000,-1.000
2026-06-09T23:10:16.313Z,Genesis Scottish Open 2025,Genesis Scottish Open,2025,2,C. Morikawa,Collin Morikawa,Birdies,3.974,3.5,0.474,over,1,L,-200,-160,-1.000,-1.000
2026-06-09T23:10:16.313Z,Genesis Scottish Open 2025,Genesis Scottish Open,2025,2,L. Aberg,Ludvig Aberg,Birdies,3.973,3.5,0.473,over,8,W,-190,-156,0.526,0.641
2026-06-09T23:10:16.313Z,Genesis Scottish Open 2025,Genesis Scottish Open,2025,4,J. Knapp,Jake Knapp,Birdies,4.479,3.5,0.979,over,3,L,-135,-112,-1.000,-1.000
2026-06-09T23:10:16.313Z,Genesis Scottish Open 2025,Genesis Scottish Open,2025,4,M. Fitzpatrick,Matt Fitzpatrick,Birdies,4.100,3.5,0.600,over,4,W,-175,-140,0.571,0.714
2026-06-09T23:10:16.313Z,Hero World Challenge 2023,Hero World Challenge,2023,1,M. Homa,Max Homa,Birdies,3.455,5.5,-2.045,under,6,L,100,112,-1.000,-1.000
2026-06-09T23:10:16.313Z,Hero World Challenge 2023,Hero World Challenge,2023,1,V. Hovland,Viktor Hovland,Birdies,4.270,6,-1.730,under,4,W,-135,-115,0.741,0.870
2026-06-09T23:10:16.313Z,Hero World Challenge 2023,Hero World Challenge,2023,2,C. Morikawa,Collin Morikawa,Birdies,4.985,6,-1.015,under,5,W,-135,-119,0.741,0.840
2026-06-09T23:10:16.313Z,John Deere Classic 2025,John Deere Classic,2025,1,A. Potgieter,Aldrich Potgieter,Birdies,4.111,4.5,-0.389,under,4,W,-120,101,0.833,1.010
2026-06-09T23:10:16.313Z,John Deere Classic 2025,John Deere Classic,2025,1,B. Griffin,Ben Griffin,Birdies,4.277,5.5,-1.223,under,2,W,-180,-149,0.556,0.671
2026-06-09T23:10:16.313Z,John Deere Classic 2025,John Deere Classic,2025,1,M. Thorbjornsen,Michael Thorbjornsen,Birdies,4.690,4.5,0.190,over,3,L,-155,-125,-1.000,-1.000
2026-06-09T23:10:16.313Z,John Deere Classic 2025,John Deere Classic,2025,2,C. Kirk,Chris Kirk,Birdies,4.851,4.5,0.351,over,4,L,-125,100,-1.000,-1.000
2026-06-09T23:10:16.313Z,John Deere Classic 2025,John Deere Classic,2025,1,D. Thompson,Davis Thompson,Birdies,4.761,4.5,0.261,over,5,W,-155,-127,0.645,0.787
2026-06-09T23:10:16.313Z,John Deere Classic 2025,John Deere Classic,2025,1,L. Glover,Lucas Glover,Birdies,4.129,4.5,-0.371,under,4,W,100,120,1.000,1.200
2026-06-09T23:10:16.313Z,John Deere Classic 2025,John Deere Classic,2025,2,J. Knapp,Jake Knapp,Birdies,5.259,4.5,0.759,over,5,W,-135,-106,0.741,0.943
2026-06-09T23:10:16.313Z,John Deere Classic 2025,John Deere Classic,2025,2,M. Homa,Max Homa,Birdies,4.815,4.5,0.315,over,5,W,-110,111,0.909,1.110
2026-06-09T23:10:16.313Z,John Deere Classic 2025,John Deere Classic,2025,2,R. Fowler,Rickie Fowler,Birdies,4.657,4.5,0.157,over,3,L,-135,-106,-1.000,-1.000
2026-06-09T23:10:16.313Z,Memorial Tournament 2024,Memorial Tournament,2024,3,C. Bezuidenhout,Christiaan Bezuidenhout,Birdies,3.829,3.5,0.329,over,3,L,-145,-119,-1.000,-1.000
2026-06-09T23:10:16.313Z,Memorial Tournament 2024,Memorial Tournament,2024,3,V. Hovland,Viktor Hovland,Birdies,4.360,4,0.360,over,3,L,-135,-112,-1.000,-1.000
2026-06-09T23:10:16.313Z,Memorial Tournament 2024,Memorial Tournament,2024,4,M. Fitzpatrick,Matt Fitzpatrick,Birdies,3.650,4,-0.350,under,6,L,-145,-127,-1.000,-1.000
2026-06-09T23:10:16.313Z,Memorial Tournament 2024,Memorial Tournament,2024,4,M. Homa,Max Homa,Birdies,3.011,3.5,-0.489,under,2,W,105,115,1.050,1.150
2026-06-09T23:10:16.313Z,Memorial Tournament 2024,Memorial Tournament,2024,4,V. Hovland,Viktor Hovland,Birdies,3.840,4,-0.160,under,2,W,-125,-108,0.800,0.926
2026-06-09T23:10:16.313Z,Memorial Tournament 2024,Memorial Tournament,2024,4,S. Lowry,Shane Lowry,Birdies,3.420,3.5,-0.080,under,1,W,-105,106,0.952,1.060
2026-06-09T23:10:16.313Z,Memorial Tournament 2024,Memorial Tournament,2024,3,T. Finau,Tony Finau,Birdies,4.776,3.5,1.276,over,4,W,-145,-120,0.690,0.833
2026-06-09T23:10:16.313Z,Memorial Tournament 2024,Memorial Tournament,2024,3,S. Lowry,Shane Lowry,Birdies,2.830,4,-1.170,under,6,L,-155,-124,-1.000,-1.000
2026-06-09T23:10:16.313Z,Memorial Tournament 2024,Memorial Tournament,2024,4,C. Morikawa,Collin Morikawa,Birdies,3.620,4.5,-0.880,under,4,W,-155,-137,0.645,0.730
2026-06-09T23:10:16.313Z,Memorial Tournament 2024,Memorial Tournament,2024,4,S. Scheffler,Scottie Scheffler,Birdies,4.801,4.5,0.301,over,1,L,-145,-102,-1.000,-1.000
2026-06-09T23:10:16.313Z,Memorial Tournament 2025,Memorial Tournament,2025,2,C. Morikawa,Collin Morikawa,Birdies,4.431,3.5,0.931,over,3,L,-155,-140,-1.000,-1.000
2026-06-09T23:10:16.313Z,Memorial Tournament 2025,Memorial Tournament,2025,2,H. Matsuyama,Hideki Matsuyama,Birdies,3.642,3.5,0.142,over,3,L,100,112,-1.000,-1.000
2026-06-09T23:10:16.313Z,Memorial Tournament 2025,Memorial Tournament,2025,4,J. Spieth,Jordan Spieth,Birdies,4.520,3.5,1.020,over,2,L,120,151,-1.000,-1.000
2026-06-09T23:10:16.313Z,Memorial Tournament 2025,Memorial Tournament,2025,4,K. Bradley,Keegan Bradley,Birdies,3.960,3.5,0.460,over,3,L,120,151,-1.000,-1.000
2026-06-09T23:10:16.313Z,Memorial Tournament 2025,Memorial Tournament,2025,1,J. Thomas,Justin Thomas,Birdies,3.181,3.5,-0.319,under,1,W,-120,-101,0.833,0.990
2026-06-09T23:10:16.313Z,Memorial Tournament 2025,Memorial Tournament,2025,1,P. Cantlay,Patrick Cantlay,Birdies,3.094,3.5,-0.406,under,4,L,-125,-101,-1.000,-1.000
2026-06-09T23:10:16.313Z,Memorial Tournament 2025,Memorial Tournament,2025,2,B. Griffin,Ben Griffin,Birdies,5.601,3.5,2.101,over,1,L,-120,-104,-1.000,-1.000
2026-06-09T23:10:16.313Z,Memorial Tournament 2025,Memorial Tournament,2025,2,S. Lowry,Shane Lowry,Birdies,3.589,3.5,0.089,over,2,L,-135,-120,-1.000,-1.000
2026-06-09T23:10:16.313Z,Memorial Tournament 2025,Memorial Tournament,2025,1,A. Rai,Aaron Rai,Birdies,3.350,3.5,-0.150,under,3,W,-135,-114,0.741,0.877
2026-06-09T23:10:16.313Z,Memorial Tournament 2025,Memorial Tournament,2025,1,T. Fleetwood,Tommy Fleetwood,Birdies,3.198,3.5,-0.302,under,5,L,-110,111,-1.000,-1.000
2026-06-09T23:10:16.313Z,Memorial Tournament 2025,Memorial Tournament,2025,4,C. Morikawa,Collin Morikawa,Birdies,3.131,3.5,-0.369,under,2,W,-105,115,0.952,1.150
2026-06-09T23:10:16.313Z,Memorial Tournament 2025,Memorial Tournament,2025,4,T. Fleetwood,Tommy Fleetwood,Birdies,3.515,3.5,0.015,over,6,W,-135,-111,0.741,0.901
2026-06-09T23:10:16.313Z,Mexico Open 2023,Mexico Open,2023,1,T. Finau,Tony Finau,Total score,69.666,68.5,1.166,over,65,L,100,114,-1.000,-1.000
2026-06-09T23:10:16.313Z,ONEflight Myrtle Beach Classic,ONEflight Myrtle Beach Classic,2026,1,Kevin Yu,Kevin Yu,Total score,68.776,70.5,-1.724,under,70,W,-150,-125,0.667,0.800
2026-06-09T23:10:16.313Z,PGA Championship,PGA Championship,2026,1,Adam Scott,Adam Scott,Total score,71.906,69.5,2.406,over,72,W,-125,-107,0.800,0.935
2026-06-09T23:10:16.313Z,PGA Championship,PGA Championship,2026,1,Brooks Koepka,Brooks Koepka,Total score,71.724,69.5,2.224,over,69,L,-140,108,-1.000,-1.000
2026-06-09T23:10:16.313Z,PGA Championship,PGA Championship,2026,1,Bryson DeChambeau,Bryson DeChambeau,Total score,72.162,68.5,3.662,over,76,W,-150,-124,0.667,0.806
2026-06-09T23:10:16.313Z,PGA Championship,PGA Championship,2026,1,Cameron Young,Cameron Young,Total score,72.018,68.5,3.518,over,71,W,-125,-105,0.800,0.952
2026-06-09T23:10:16.313Z,PGA Championship,PGA Championship,2026,1,Chris Gotterup,Chris Gotterup,Total score,71.973,69.5,2.473,over,72,W,-125,-106,0.800,0.943
2026-06-09T23:10:16.313Z,PGA Championship,PGA Championship,2026,1,Collin Morikawa,Collin Morikawa,Total score,72.276,69.5,2.776,over,69,L,-120,108,-1.000,-1.000
2026-06-09T23:10:16.313Z,PGA Championship,PGA Championship,2026,1,Hideki Matsuyama,Hideki Matsuyama,Total score,72.276,69.5,2.776,over,70,W,-150,-125,0.667,0.800
2026-06-09T23:10:16.313Z,PGA Championship,PGA Championship,2026,1,Hideki Matsuyama,Hideki Matsuyama,Total score,72.276,70.5,1.776,over,70,L,105,131,-1.000,-1.000
2026-06-09T23:10:16.313Z,PGA Championship,PGA Championship,2026,1,Jordan Spieth,Jordan Spieth,Total score,72.276,69.5,2.776,over,69,L,-125,-106,-1.000,-1.000
2026-06-09T23:10:16.313Z,PGA Championship,PGA Championship,2026,1,Justin Rose,Justin Rose,Total score,72.276,69.5,2.776,over,70,W,-140,-107,0.714,0.935
2026-06-09T23:10:16.313Z,PGA Championship,PGA Championship,2026,1,Justin Thomas,Justin Thomas,Total score,71.724,69.5,2.224,over,69,L,-125,-107,-1.000,-1.000
2026-06-09T23:10:16.313Z,PGA Championship,PGA Championship,2026,1,Min Woo Lee,Min Woo Lee,Total score,71.898,69.5,2.398,over,67,L,-115,102,-1.000,-1.000
2026-06-09T23:10:16.313Z,PGA Championship,PGA Championship,2026,1,Patrick Cantlay,Patrick Cantlay,Total score,71.975,69.5,2.475,over,70,W,-110,107,0.909,1.070
2026-06-09T23:10:16.313Z,PGA Championship,PGA Championship,2026,1,Robert MacIntyre,Robert MacIntyre,Total score,72.276,69.5,2.776,over,70,W,-125,-107,0.800,0.935
2026-06-09T23:10:16.313Z,PGA Championship,PGA Championship,2026,1,Rory McIlroy,Rory McIlroy,Total score,72.018,68.5,3.518,over,74,W,-125,-105,0.800,0.952
2026-06-09T23:10:16.313Z,PGA Championship,PGA Championship,2026,1,Scottie Scheffler,Scottie Scheffler,Total score,71.724,67.5,4.224,over,67,L,-165,-125,-1.000,-1.000
2026-06-09T23:10:16.313Z,PGA Championship,PGA Championship,2026,1,Scottie Scheffler,Scottie Scheffler,Total score,71.724,68.5,3.224,over,67,L,100,119,-1.000,-1.000
2026-06-09T23:10:16.313Z,PGA Championship,PGA Championship,2026,1,Tommy Fleetwood,Tommy Fleetwood,Total score,71.855,69.5,2.355,over,72,W,105,124,1.050,1.240
2026-06-09T23:10:16.313Z,PGA Championship,PGA Championship,2026,1,Tyrrell Hatton,Tyrrell Hatton,Total score,71.911,69.5,2.411,over,72,W,-125,-105,0.800,0.952
2026-06-09T23:10:16.313Z,PGA Championship,PGA Championship,2026,1,Viktor Hovland,Viktor Hovland,Total score,72.194,69.5,2.694,over,74,W,-125,-104,0.800,0.962
2026-06-09T23:10:16.313Z,PGA Championship 2023,PGA Championship,2023,3,C. Morikawa,Collin Morikawa,Total score,72.276,71,1.276,over,74,W,-105,108,0.952,1.080
2026-06-09T23:10:16.313Z,PGA Championship 2023,PGA Championship,2023,4,B. Koepka,Brooks Koepka,Birdies,3.691,3,0.691,over,7,W,115,131,1.150,1.310
2026-06-09T23:10:16.313Z,PGA Championship 2023,PGA Championship,2023,4,V. Hovland,Viktor Hovland,Birdies,3.691,2.5,1.191,over,5,W,-135,-119,0.741,0.840
2026-06-09T23:10:16.313Z,PGA Championship 2023,PGA Championship,2023,4,B. Dechambeau,Bryson DeChambeau,Total score,71.724,72.5,-0.776,under,70,W,-110,103,0.909,1.030
2026-06-09T23:10:16.313Z,PGA Championship 2023,PGA Championship,2023,4,B. Dechambeau,Bryson DeChambeau,Birdies,3.691,2.5,1.191,over,3,W,120,133,1.200,1.330
2026-06-09T23:10:16.313Z,PGA Championship 2023,PGA Championship,2023,4,C. Conners,Corey Conners,Total score,71.724,72.5,-0.776,under,75,L,-110,103,-1.000,-1.000
2026-06-09T23:10:16.313Z,PGA Championship 2023,PGA Championship,2023,4,C. Conners,Corey Conners,Birdies,3.691,2.5,1.191,over,2,L,120,133,-1.000,-1.000
2026-06-09T23:10:16.313Z,PGA Championship 2023,PGA Championship,2023,1,D. Johnson,Dustin Johnson,Total score,71.724,70.5,1.224,over,67,L,-135,-117,-1.000,-1.000
2026-06-09T23:10:16.313Z,PGA Championship 2023,PGA Championship,2023,1,G. Woodland,Gary Woodland,Total score,71.724,71.5,0.224,over,73,W,-110,-100,0.909,1.000
2026-06-09T23:10:16.313Z,PGA Championship 2023,PGA Championship,2023,4,J. Rose,Justin Rose,Birdies,3.683,2.5,1.183,over,3,W,-110,101,0.909,1.010
2026-06-09T23:10:16.313Z,PGA Championship 2023,PGA Championship,2023,4,S. Scheffler,Scottie Scheffler,Total score,71.981,70.5,1.481,over,65,L,-110,103,-1.000,-1.000
2026-06-09T23:10:16.313Z,PGA Championship 2023,PGA Championship,2023,4,S. Scheffler,Scottie Scheffler,Birdies,3.569,3,0.569,over,6,W,-110,103,0.909,1.030
2026-06-09T23:10:16.313Z,PGA Championship 2023,PGA Championship,2023,3,V. Hovland,Viktor Hovland,Total score,72.276,70.5,1.776,over,70,L,100,113,-1.000,-1.000
2026-06-09T23:10:16.313Z,PGA Championship 2023,PGA Championship,2023,4,P. Cantlay,Patrick Cantlay,Birdies,3.541,3,0.541,over,5,W,100,111,1.000,1.110
2026-06-09T23:10:16.313Z,PGA Championship 2023,PGA Championship,2023,4,J. Thomas,Justin Thomas,Birdies,3.438,2.5,0.938,over,2,L,100,111,-1.000,-1.000
2026-06-09T23:10:16.313Z,PGA Championship 2023,PGA Championship,2023,4,P. Reed,Patrick Reed,Birdies,3.640,2.5,1.140,over,4,W,110,125,1.100,1.250
2026-06-09T23:10:16.313Z,PGA Championship 2023,PGA Championship,2023,3,S. Lowry,Shane Lowry,Birdies,3.429,2.5,0.929,over,1,L,-135,-117,-1.000,-1.000
2026-06-09T23:10:16.313Z,PGA Championship 2023,PGA Championship,2023,3,C. Conners,Corey Conners,Total score,71.724,72,-0.276,under,70,W,-125,-109,0.800,0.917
2026-06-09T23:10:16.313Z,PGA Championship 2023,PGA Championship,2023,4,J. Suh,Justin Suh,Birdies,3.569,2,1.569,over,1,L,-135,-118,-1.000,-1.000
2026-06-09T23:10:16.313Z,PGA Championship 2023,PGA Championship,2023,4,T. Fleetwood,Tommy Fleetwood,Birdies,3.671,2.5,1.171,over,4,W,100,111,1.000,1.110
2026-06-09T23:10:16.313Z,PGA Championship 2024,PGA Championship,2024,1,A. Scott,Adam Scott,Birdies,3.456,3,0.456,over,0,L,-145,-122,-1.000,-1.000
2026-06-09T23:10:16.313Z,PGA Championship 2024,PGA Championship,2024,1,T. Woods,Tiger Woods,Birdies,3.429,2.5,0.929,over,3,W,-145,-149,0.690,0.671
2026-06-09T23:10:16.313Z,PGA Championship 2024,PGA Championship,2024,4,B. Dechambeau,Bryson DeChambeau,Birdies,3.668,4.5,-0.832,under,7,L,100,123,-1.000,-1.000
2026-06-09T23:10:16.313Z,PGA Championship 2024,PGA Championship,2024,4,B. Dechambeau,Bryson DeChambeau,Birdies,3.668,5,-1.332,under,7,L,-155,-108,-1.000,-1.000
2026-06-09T23:10:16.313Z,PGA Championship 2024,PGA Championship,2024,4,V. Hovland,Viktor Hovland,Birdies,3.691,4.5,-0.809,under,6,L,-105,121,-1.000,-1.000
2026-06-09T23:10:16.313Z,PGA Championship 2024,PGA Championship,2024,4,V. Hovland,Viktor Hovland,Birdies,3.691,5,-1.309,under,6,L,-145,-119,-1.000,-1.000
2026-06-09T23:10:16.313Z,PGA Championship 2024,PGA Championship,2024,1,W. Clark,Wyndham Clark,Birdies,3.429,3.5,-0.071,under,3,W,-135,126,0.741,1.260
2026-06-09T23:10:16.313Z,PGA Championship 2024,PGA Championship,2024,1,C. Smith,Cameron Smith,Birdies,3.691,3.5,0.191,over,4,W,-110,103,0.909,1.030
2026-06-09T23:10:16.313Z,PGA Championship 2024,PGA Championship,2024,1,V. Hovland,Viktor Hovland,Birdies,3.508,3.5,0.008,over,5,W,-120,-103,0.833,0.971
2026-06-09T23:10:16.313Z,PGA Championship 2024,PGA Championship,2024,4,J. Rose,Justin Rose,Birdies,3.691,4,-0.309,under,5,L,-105,127,-1.000,-1.000
2026-06-09T23:10:16.313Z,PGA Championship 2024,PGA Championship,2024,4,R. MacIntyre,Robert Macintyre,Birdies,3.691,4,-0.309,under,2,W,-110,111,0.909,1.110
2026-06-09T23:10:16.313Z,PGA Championship 2024,PGA Championship,2024,1,D. Johnson,Dustin Johnson,Birdies,3.569,3.5,0.069,over,2,L,110,126,-1.000,-1.000
2026-06-09T23:10:16.313Z,PGA Championship 2024,PGA Championship,2024,1,B. Koepka,Brooks Koepka,Birdies,3.690,3.5,0.190,over,4,W,-125,-109,0.800,0.917
2026-06-09T23:10:16.313Z,PGA Championship 2024,PGA Championship,2024,1,J. Spieth,Jordan Spieth,Birdies,3.506,3.5,0.006,over,5,W,105,102,1.050,1.020
2026-06-09T23:10:16.313Z,PGA Championship 2024,PGA Championship,2024,1,M. Homa,Max Homa,Birdies,3.504,3.5,0.004,over,7,W,-105,106,0.952,1.060
2026-06-09T23:10:16.313Z,PGA Championship 2024,PGA Championship,2024,4,J. Spieth,Jordan Spieth,Birdies,3.657,4.5,-0.843,under,2,W,-155,-129,0.645,0.775
2026-06-09T23:10:16.313Z,PGA Championship 2024,PGA Championship,2024,4,R. Henley,Russell Henley,Birdies,3.691,4,-0.309,under,5,L,-120,107,-1.000,-1.000
2026-06-09T23:10:16.313Z,PGA Championship 2024,PGA Championship,2024,1,J. Thomas,Justin Thomas,Birdies,3.691,3.5,0.191,over,5,W,115,129,1.150,1.290
2026-06-09T23:10:16.313Z,PGA Championship 2024,PGA Championship,2024,1,L. Aberg,Ludvig Aberg,Birdies,3.691,3.5,0.191,over,3,L,-110,-101,-1.000,-1.000
2026-06-09T23:10:16.313Z,PGA Championship 2024,PGA Championship,2024,1,X. Schauffele,Xander Schauffele,Birdies,3.665,3.5,0.165,over,9,W,-125,-113,0.800,0.885
2026-06-09T23:10:16.313Z,PGA Championship 2024,PGA Championship,2024,1,Jason Day,Jason Day,Birdies,3.658,3,0.658,over,4,W,-120,-140,0.833,0.714
2026-06-09T23:10:16.313Z,PGA Championship 2024,PGA Championship,2024,1,N. Hojgaard,Nicolai Hojgaard,Birdies,3.595,3.5,0.095,over,3,L,-145,-120,-1.000,-1.000
2026-06-09T23:10:16.313Z,PGA Championship 2024,PGA Championship,2024,1,N. Hojgaard,Nicolai Hojgaard,Birdies,3.595,4,-0.405,under,3,W,-135,-111,0.741,0.901
2026-06-09T23:10:16.313Z,PGA Championship 2024,PGA Championship,2024,1,S. Lowry,Shane Lowry,Birdies,3.429,3,0.429,over,5,W,-105,100,0.952,1.000
2026-06-09T23:10:16.313Z,PGA Championship 2024,PGA Championship,2024,1,S. Lowry,Shane Lowry,Birdies,3.429,4,-0.571,under,5,L,-110,109,-1.000,-1.000
2026-06-09T23:10:16.313Z,PGA Championship 2024,PGA Championship,2024,1,C. Morikawa,Collin Morikawa,Birdies,3.592,3,0.592,over,7,W,-155,-155,0.645,0.645
2026-06-09T23:10:16.313Z,PGA Championship 2024,PGA Championship,2024,1,C. Morikawa,Collin Morikawa,Birdies,3.592,3.5,0.092,over,7,W,115,116,1.150,1.160
2026-06-09T23:10:16.313Z,PGA Championship 2024,PGA Championship,2024,1,M. Fitzpatrick,Matt Fitzpatrick,Birdies,3.429,3,0.429,over,4,W,-120,-119,0.833,0.840
2026-06-09T23:10:16.313Z,PGA Championship 2024,PGA Championship,2024,1,P. Mickelson,Phil Mickelson,Birdies,3.691,2.5,1.191,over,4,W,-125,-121,0.800,0.826
2026-06-09T23:10:16.313Z,PGA Championship 2024,PGA Championship,2024,1,J. Rahm,Jon Rahm,Birdies,3.646,3.5,0.146,over,6,W,-145,-142,0.690,0.704
2026-06-09T23:10:16.313Z,PGA Championship 2024,PGA Championship,2024,1,J. Rahm,Jon Rahm,Birdies,3.646,4.5,-0.854,under,6,L,-110,108,-1.000,-1.000
2026-06-09T23:10:16.313Z,PGA Championship 2024,PGA Championship,2024,1,R. Fowler,Rickie Fowler,Birdies,3.679,3,0.679,over,4,W,-145,-154,0.690,0.649
2026-06-09T23:10:16.313Z,PGA Championship 2024,PGA Championship,2024,1,R. Fowler,Rickie Fowler,Birdies,3.679,3.5,0.179,over,4,W,100,-107,1.000,0.935
2026-06-09T23:10:16.313Z,PGA Championship 2024,PGA Championship,2024,4,S. Lowry,Shane Lowry,Birdies,3.663,4,-0.337,under,3,W,-120,125,0.833,1.250
2026-06-09T23:10:16.313Z,PGA Championship 2024,PGA Championship,2024,4,S. Theegala,Sahith Theegala,Birdies,3.429,4,-0.571,under,3,W,105,126,1.050,1.260
2026-06-09T23:10:16.313Z,PGA Championship 2024,PGA Championship,2024,4,S. Theegala,Sahith Theegala,Birdies,3.429,4.5,-1.071,under,3,W,-155,-114,0.645,0.877
2026-06-09T23:10:16.313Z,PGA Championship 2024,PGA Championship,2024,4,J. Thomas,Justin Thomas,Birdies,3.691,5,-1.309,under,3,W,-155,-119,0.645,0.840
2026-06-09T23:10:16.313Z,PGA Championship 2024,PGA Championship,2024,4,T. Finau,Tony Finau,Birdies,3.614,4.5,-0.886,under,5,L,-110,115,-1.000,-1.000
2026-06-09T23:10:16.313Z,PGA Championship 2024,PGA Championship,2024,1,S. Theegala,Sahith Theegala,Birdies,3.429,3.5,-0.071,under,7,L,-120,-104,-1.000,-1.000
2026-06-09T23:10:16.313Z,PGA Championship 2024,PGA Championship,2024,1,T. Hatton,Tyrrell Hatton,Birdies,3.615,3.5,0.115,over,4,W,-110,100,0.909,1.000
2026-06-09T23:10:16.313Z,PGA Championship 2024,PGA Championship,2024,1,A. Bhatia,Akshay Bhatia,Birdies,3.429,3.5,-0.071,under,3,W,-155,-132,0.645,0.758
2026-06-09T23:10:16.313Z,PGA Championship 2024,PGA Championship,2024,1,T. Fleetwood,Tommy Fleetwood,Birdies,3.575,3.5,0.075,over,2,L,-120,-105,-1.000,-1.000
2026-06-09T23:10:16.313Z,PGA Championship 2024,PGA Championship,2024,4,C. Morikawa,Collin Morikawa,Birdies,3.691,4.5,-0.809,under,1,W,-110,119,0.909,1.190
2026-06-09T23:10:16.313Z,PGA Championship 2024,PGA Championship,2024,4,C. Morikawa,Collin Morikawa,Birdies,3.691,5,-1.309,under,1,W,-145,-121,0.690,0.826
2026-06-09T23:10:16.313Z,PGA Championship 2024,PGA Championship,2024,4,X. Schauffele,Xander Schauffele,Birdies,3.691,4.5,-0.809,under,7,L,100,106,-1.000,-1.000
2026-06-09T23:10:16.313Z,PGA Championship 2024,PGA Championship,2024,4,X. Schauffele,Xander Schauffele,Birdies,3.691,5,-1.309,under,7,L,-155,-107,-1.000,-1.000
2026-06-09T23:10:16.313Z,PGA Championship 2025,PGA Championship,2025,1,D. Johnson,Dustin Johnson,Birdies,3.691,2.5,1.191,over,1,L,-180,-150,-1.000,-1.000
2026-06-09T23:10:16.313Z,PGA Championship 2025,PGA Championship,2025,1,J. Thomas,Justin Thomas,Birdies,3.691,3.5,0.191,over,5,W,-105,106,0.952,1.060
2026-06-09T23:10:16.313Z,PGA Championship 2025,PGA Championship,2025,1,J. Spieth,Jordan Spieth,Birdies,3.635,3.5,0.135,over,2,L,115,144,-1.000,-1.000
2026-06-09T23:10:16.313Z,PGA Championship 2025,PGA Championship,2025,1,L. Aberg,Ludvig Aberg,Birdies,3.429,3.5,-0.071,under,4,L,-130,-109,-1.000,-1.000
2026-06-09T23:10:16.313Z,PGA Championship 2025,PGA Championship,2025,1,P. Reed,Patrick Reed,Birdies,3.691,3.5,0.191,over,4,W,125,157,1.250,1.570
2026-06-09T23:10:16.313Z,PGA Championship 2025,PGA Championship,2025,2,J. Rahm,Jon Rahm,Birdies,3.691,3.5,0.191,over,2,L,-175,-141,-1.000,-1.000
2026-06-09T23:10:16.313Z,PGA Championship 2025,PGA Championship,2025,2,M. Fitzpatrick,Matt Fitzpatrick,Birdies,3.691,3.5,0.191,over,5,W,100,123,1.000,1.230
2026-06-09T23:10:16.313Z,PGA Championship 2025,PGA Championship,2025,2,P. Cantlay,Patrick Cantlay,Birdies,3.691,3.5,0.191,over,1,L,-135,-112,-1.000,-1.000
2026-06-09T23:10:16.313Z,PGA Championship 2025,PGA Championship,2025,1,S. Scheffler,Scottie Scheffler,Birdies,3.691,3.5,0.191,over,5,W,-165,-139,0.606,0.719
2026-06-09T23:10:16.313Z,PGA Championship 2025,PGA Championship,2025,2,X. Schauffele,Xander Schauffele,Birdies,3.691,3.5,0.191,over,3,L,-165,-134,-1.000,-1.000
2026-06-09T23:10:16.313Z,PGA Tour 2024,PGA Tour,2024,1,X. Schauffele,Xander Schauffele,Birdies,4.401,4,0.401,over,3,L,-145,-125,-1.000,-1.000
2026-06-09T23:10:16.313Z,PGA Tour 2024,PGA Tour,2024,1,V. Hovland,Viktor Hovland,Birdies,4.271,4.5,-0.229,under,7,L,-125,-112,-1.000,-1.000
2026-06-09T23:10:16.313Z,PGA Tour 2024,PGA Tour,2024,1,C. Morikawa,Collin Morikawa,Birdies,3.890,4,-0.110,under,7,L,-110,103,-1.000,-1.000
2026-06-09T23:10:16.313Z,PGA Tour 2024,PGA Tour,2024,1,S. Burns,Sam Burns,Birdies,4.109,4,0.109,over,6,W,-105,110,0.952,1.100
2026-06-09T23:10:16.313Z,Procore Championship 2024,Procore Championship,2024,2,S. Theegala,Sahith Theegala,Birdies,5.065,4.5,0.565,over,7,W,-135,-108,0.741,0.926
2026-06-09T23:10:16.313Z,Procore Championship 2024,Procore Championship,2024,3,M. Hughes,Mackenzie Hughes,Birdies,3.739,4.5,-0.761,under,6,L,-125,-104,-1.000,-1.000
2026-06-09T23:10:16.313Z,Procore Championship 2024,Procore Championship,2024,3,M. Kuchar,Matt Kuchar,Birdies,5.970,4.5,1.470,over,4,L,-105,116,-1.000,-1.000
2026-06-09T23:10:16.313Z,Procore Championship 2024,Procore Championship,2024,3,S. Theegala,Sahith Theegala,Birdies,5.845,4.5,1.345,over,4,L,-165,-135,-1.000,-1.000
2026-06-09T23:10:16.313Z,RBC Heritage,RBC Heritage,2026,1,Cameron Young,Cameron Young,Total score,69.894,68.5,1.394,over,71,W,-150,-125,0.667,0.800
2026-06-09T23:10:16.313Z,RBC Heritage,RBC Heritage,2026,1,Harris English,Harris English,Total score,70.125,69.5,0.625,over,64,L,-140,-113,-1.000,-1.000
2026-06-09T23:10:16.313Z,RBC Heritage,RBC Heritage,2026,1,Jacob Bridgeman,Jacob Bridgeman,Total score,70.746,69.5,1.246,over,75,W,-110,106,0.909,1.060
2026-06-09T23:10:16.313Z,RBC Heritage,RBC Heritage,2026,1,Justin Thomas,Justin Thomas,Total score,69.676,69.5,0.176,over,76,W,-120,-101,0.833,0.990
2026-06-09T23:10:16.313Z,RBC Heritage,RBC Heritage,2026,1,Robert MacIntyre,Robert MacIntyre,Total score,70.244,69.5,0.744,over,66,L,-105,118,-1.000,-1.000
2026-06-09T23:10:16.313Z,RBC Heritage,RBC Heritage,2026,1,Sam Burns,Sam Burns,Total score,69.944,69.5,0.444,over,70,W,-110,108,0.909,1.080
2026-06-09T23:10:16.313Z,RBC Heritage,RBC Heritage,2026,1,Scottie Scheffler,Scottie Scheffler,Total score,69.623,67.5,2.123,over,68,W,-165,-135,0.606,0.741
2026-06-09T23:10:16.313Z,RBC Heritage,RBC Heritage,2026,1,Viktor Hovland,Viktor Hovland,Total score,70.202,69.5,0.702,over,64,L,-105,118,-1.000,-1.000
2026-06-09T23:10:16.313Z,RBC Heritage 2023,RBC Heritage,2023,3,J. Rahm,Jon Rahm,Birdies,4.888,4,0.888,over,5,W,-135,-120,0.741,0.833
2026-06-09T23:10:16.313Z,RBC Heritage 2023,RBC Heritage,2023,4,J. Spieth,Jordan Spieth,Total score,69.506,70,-0.494,under,66,W,-135,-133,0.741,0.752
2026-06-09T23:10:16.313Z,RBC Heritage 2023,RBC Heritage,2023,4,P. Cantlay,Patrick Cantlay,Total score,69.466,69.5,-0.034,under,68,W,-125,-108,0.800,0.926
2026-06-09T23:10:16.313Z,RBC Heritage 2023,RBC Heritage,2023,3,S. Scheffler,Scottie Scheffler,Birdies,5.431,4.5,0.931,over,4,L,110,123,-1.000,-1.000
2026-06-09T23:10:16.313Z,RBC Heritage 2023,RBC Heritage,2023,1,X. Schauffele,Xander Schauffele,Birdies,3.681,3.5,0.181,over,5,W,-145,-127,0.690,0.787
2026-06-09T23:10:16.313Z,RBC Heritage 2023,RBC Heritage,2023,3,V. Hovland,Viktor Hovland,Total score,69.064,69.5,-0.436,under,78,L,-120,-107,-1.000,-1.000
2026-06-09T23:10:16.313Z,RBC Heritage 2024,RBC Heritage,2024,2,J. Spieth,Jordan Spieth,Birdies,4.026,4,0.026,over,5,W,-145,-125,0.690,0.800
2026-06-09T23:10:16.313Z,RBC Heritage 2024,RBC Heritage,2024,2,J. Spieth,Jordan Spieth,Birdies,4.026,4.5,-0.474,under,5,L,-145,-120,-1.000,-1.000
2026-06-09T23:10:16.313Z,RBC Heritage 2024,RBC Heritage,2024,2,S. Scheffler,Scottie Scheffler,Birdies,4.091,5,-0.909,under,6,L,-135,104,-1.000,-1.000
2026-06-09T23:10:16.313Z,RBC Heritage 2024,RBC Heritage,2024,2,S. Power,Seamus Power,Birdies,3.893,3.5,0.393,over,3,L,-125,-114,-1.000,-1.000
2026-06-09T23:10:16.313Z,RBC Heritage 2024,RBC Heritage,2024,3,H. English,Harris English,Birdies,3.970,5,-1.030,under,6,L,-135,-115,-1.000,-1.000
2026-06-09T23:10:16.313Z,RBC Heritage 2024,RBC Heritage,2024,3,R. Fowler,Rickie Fowler,Birdies,3.576,4.5,-0.924,under,5,L,-105,110,-1.000,-1.000
2026-06-09T23:10:16.313Z,RBC Heritage 2024,RBC Heritage,2024,2,S. Theegala,Sahith Theegala,Birdies,4.269,4.5,-0.231,under,5,L,-105,127,-1.000,-1.000
2026-06-09T23:10:16.313Z,RBC Heritage 2024,RBC Heritage,2024,2,W. Clark,Wyndham Clark,Birdies,2.860,4.5,-1.640,under,4,W,-120,112,0.833,1.120
2026-06-09T23:10:16.313Z,RBC Heritage 2024,RBC Heritage,2024,2,C. Morikawa,Collin Morikawa,Birdies,5.668,4.5,1.168,over,5,W,-110,-101,0.909,0.990
2026-06-09T23:10:16.313Z,RBC Heritage 2025,RBC Heritage,2025,3,B. Harman,Brian Harman,Birdies,4.023,3.5,0.523,over,6,W,-180,-150,0.556,0.667
2026-06-09T23:10:16.313Z,RBC Heritage 2025,RBC Heritage,2025,3,J.T. Poston,J.T. Poston,Birdies,4.654,3.5,1.154,over,3,L,-180,-150,-1.000,-1.000
2026-06-09T23:10:16.313Z,RBC Heritage 2025,RBC Heritage,2025,3,J. Thomas,Justin Thomas,Birdies,6.069,4.5,1.569,over,4,L,120,147,-1.000,-1.000
2026-06-09T23:10:16.313Z,RBC Heritage 2025,RBC Heritage,2025,2,S. Scheffler,Scottie Scheffler,Birdies,5.710,4.5,1.210,over,3,L,-165,-135,-1.000,-1.000
2026-06-09T23:10:16.313Z,RBC Heritage 2025,RBC Heritage,2025,2,S. Scheffler,Scottie Scheffler,Birdies,5.710,5.5,0.210,over,3,L,120,147,-1.000,-1.000
2026-06-09T23:10:16.313Z,RBC Heritage 2025,RBC Heritage,2025,2,V. Hovland,Viktor Hovland,Birdies,4.511,4.5,0.011,over,4,L,125,125,-1.000,-1.000
2026-06-09T23:10:16.313Z,RBC Heritage 2025,RBC Heritage,2025,2,W. Clark,Wyndham Clark,Birdies,5.040,4.5,0.540,over,4,L,-125,-100,-1.000,-1.000
2026-06-09T23:10:16.313Z,RBC Heritage 2025,RBC Heritage,2025,1,X. Schauffele,Xander Schauffele,Birdies,3.898,4.5,-0.602,under,3,W,-155,-121,0.645,0.826
2026-06-09T23:10:16.313Z,RBC Heritage 2025,RBC Heritage,2025,2,L. Aberg,Ludvig Aberg,Birdies,3.481,4.5,-1.019,under,3,W,-125,-105,0.800,0.952
2026-06-09T23:10:16.313Z,RBC Heritage 2025,RBC Heritage,2025,2,X. Schauffele,Xander Schauffele,Birdies,3.588,4.5,-0.912,under,4,W,-135,-110,0.741,0.909
2026-06-09T23:10:16.313Z,Rocket Mortgage Classic 2025,Rocket Mortgage Classic,2025,4,C. Morikawa,Collin Morikawa,Birdies,5.214,4.5,0.714,over,6,W,-145,-132,0.690,0.758
2026-06-09T23:10:16.313Z,Rocket Mortgage Classic 2025,Rocket Mortgage Classic,2025,4,H. Hall,Harry Hall,Birdies,5.230,4.5,0.730,over,4,L,-120,-108,-1.000,-1.000
2026-06-09T23:10:16.313Z,Rocket Mortgage Classic 2025,Rocket Mortgage Classic,2025,3,B. Griffin,Ben Griffin,Birdies,4.833,5.5,-0.667,under,3,W,-155,-135,0.645,0.741
2026-06-09T23:10:16.313Z,Rocket Mortgage Classic 2025,Rocket Mortgage Classic,2025,3,H. Matsuyama,Hideki Matsuyama,Birdies,6.158,5.5,0.658,over,4,L,105,150,-1.000,-1.000
2026-06-09T23:10:16.313Z,Rocket Mortgage Classic 2025,Rocket Mortgage Classic,2025,3,M. Fitzpatrick,Matt Fitzpatrick,Birdies,5.654,4.5,1.154,over,4,L,-135,-118,-1.000,-1.000
2026-06-09T23:10:16.313Z,Rocket Mortgage Classic 2025,Rocket Mortgage Classic,2025,3,R. Gerard,Ryan Gerard,Birdies,4.399,4.5,-0.101,under,5,L,-125,-101,-1.000,-1.000
2026-06-09T23:10:16.313Z,Rocket Mortgage Classic 2025,Rocket Mortgage Classic,2025,4,A. Potgieter,Aldrich Potgieter,Birdies,5.720,4.5,1.220,over,6,W,-110,-101,0.909,0.990
2026-06-09T23:10:16.313Z,Rocket Mortgage Classic 2025,Rocket Mortgage Classic,2025,4,M. Greyserman,Max Greyserman,Birdies,5.970,4.5,1.470,over,5,W,-155,-134,0.645,0.746
2026-06-09T23:10:16.313Z,Rocket Mortgage Classic 2025,Rocket Mortgage Classic,2025,3,A. Potgieter,Aldrich Potgieter,Birdies,5.604,4.5,1.104,over,7,W,-135,110,0.741,1.100
2026-06-09T23:10:16.313Z,Rocket Mortgage Classic 2025,Rocket Mortgage Classic,2025,3,M. Hubbard,Mark Hubbard,Birdies,5.679,4.5,1.179,over,9,W,-135,-100,0.741,1.000
2026-06-09T23:10:16.313Z,Shriners Childrens Open 2023,Shriners Childrens Open,2023,2,J.T. Poston,J.T. Poston,Birdies,5.639,5,0.639,over,6,W,-125,-114,0.800,0.877
2026-06-09T23:10:16.313Z,Sony Open in Hawaii 2024,Sony Open in Hawaii,2024,4,C. Kirk,Chris Kirk,Birdies,5.080,4.5,0.580,over,4,L,105,119,-1.000,-1.000
2026-06-09T23:10:16.313Z,Sony Open in Hawaii 2024,Sony Open in Hawaii,2024,2,C. Kirk,Chris Kirk,Birdies,3.900,4,-0.100,under,6,L,-105,106,-1.000,-1.000
2026-06-09T23:10:16.313Z,Sony Open in Hawaii 2024,Sony Open in Hawaii,2024,2,H. Matsuyama,Hideki Matsuyama,Birdies,3.711,3.5,0.211,over,5,W,-145,-129,0.690,0.775
2026-06-09T23:10:16.313Z,Sony Open in Hawaii 2024,Sony Open in Hawaii,2024,4,G. Murray,Grayson Murray,Birdies,5.352,4,1.352,over,3,L,-125,-110,-1.000,-1.000
2026-06-09T23:10:16.313Z,Sony Open in Hawaii 2024,Sony Open in Hawaii,2024,4,K. Bradley,Keegan Bradley,Birdies,5.820,4.5,1.320,over,3,L,-110,100,-1.000,-1.000
2026-06-09T23:10:16.313Z,Sony Open in Hawaii 2024,Sony Open in Hawaii,2024,1,E. Cole,Eric Cole,Birdies,3.676,4.5,-0.824,under,4,W,-105,106,0.952,1.060
2026-06-09T23:10:16.313Z,Sony Open in Hawaii 2024,Sony Open in Hawaii,2024,1,W. Zalatoris,Will Zalatoris,Birdies,3.739,4.5,-0.761,under,1,W,-135,-116,0.741,0.862
2026-06-09T23:10:16.313Z,THE CJ CUP Byron Nelson,THE CJ CUP Byron Nelson,2026,1,Blades Brown,Blades Brown,Total score,68.435,68.5,-0.065,under,66,W,-120,-102,0.833,0.980
2026-06-09T23:10:16.313Z,THE CJ CUP Byron Nelson,THE CJ CUP Byron Nelson,2026,1,Christiaan Bezuidenhout,Christiaan Bezuidenhout,Total score,67.964,68.5,-0.536,under,68,W,-125,-102,0.800,0.980
2026-06-09T23:10:16.313Z,THE CJ CUP Byron Nelson,THE CJ CUP Byron Nelson,2026,1,Doug Ghim,Doug Ghim,Total score,68.184,68.5,-0.316,under,65,W,-115,103,0.870,1.030
2026-06-09T23:10:16.313Z,THE CJ CUP Byron Nelson,THE CJ CUP Byron Nelson,2026,1,Eric Cole,Eric Cole,Total score,67.934,68.5,-0.566,under,68,W,-115,-106,0.870,0.943
2026-06-09T23:10:16.313Z,THE CJ CUP Byron Nelson,THE CJ CUP Byron Nelson,2026,1,Jhonattan Vegas,Jhonattan Vegas,Total score,68.294,68.5,-0.206,under,74,L,105,123,-1.000,-1.000
2026-06-09T23:10:16.313Z,THE CJ CUP Byron Nelson,THE CJ CUP Byron Nelson,2026,1,Max Greyserman,Max Greyserman,Total score,68.384,68.5,-0.116,under,71,L,-125,-104,-1.000,-1.000
2026-06-09T23:10:16.313Z,THE CJ CUP Byron Nelson,THE CJ CUP Byron Nelson,2026,1,Pierceson Coody,Pierceson Coody,Total score,68.404,68.5,-0.096,under,68,W,-140,-113,0.714,0.885
2026-06-09T23:10:16.313Z,THE CJ CUP Byron Nelson,THE CJ CUP Byron Nelson,2026,1,Ryo Hisatsune,Ryo Hisatsune,Total score,68.432,68.5,-0.068,under,67,W,-150,-125,0.667,0.800
2026-06-09T23:10:16.313Z,THE CJ CUP Byron Nelson,THE CJ CUP Byron Nelson,2026,1,Scottie Scheffler,Scottie Scheffler,Total score,68.055,65.5,2.555,over,66,W,-165,-135,0.606,0.741
2026-06-09T23:10:16.313Z,THE CJ CUP Byron Nelson,THE CJ CUP Byron Nelson,2026,1,Scottie Scheffler,Scottie Scheffler,Total score,68.055,66.5,1.555,over,66,L,100,128,-1.000,-1.000
2026-06-09T23:10:16.313Z,THE CJ CUP Byron Nelson,THE CJ CUP Byron Nelson,2026,1,Sungjae Im,Sungjae Im,Total score,68.264,68.5,-0.236,under,68,W,-125,-107,0.800,0.935
2026-06-09T23:10:16.313Z,THE CJ CUP Byron Nelson,THE CJ CUP Byron Nelson,2026,1,Taylor Pendrith,Taylor Pendrith,Total score,67.934,68.5,-0.566,under,67,W,-140,-117,0.714,0.855
2026-06-09T23:10:16.313Z,THE CJ CUP Byron Nelson,THE CJ CUP Byron Nelson,2026,1,Thorbjørn Olesen,Thorbjorn Olesen,Total score,68.226,68.5,-0.274,under,71,L,-110,106,-1.000,-1.000
2026-06-09T23:10:16.313Z,THE CJ CUP Byron Nelson,THE CJ CUP Byron Nelson,2026,1,Wyndham Clark,Wyndham Clark,Total score,68.432,68.5,-0.068,under,66,W,-140,-124,0.714,0.806
2026-06-09T23:10:16.313Z,THE CJ CUP Byron Nelson 2025,THE CJ CUP Byron Nelson,2025,1,J. Spieth,Jordan Spieth,Birdies,4.527,5.5,-0.973,under,4,W,-165,-122,0.606,0.820
2026-06-09T23:10:16.313Z,THE CJ CUP Byron Nelson 2025,THE CJ CUP Byron Nelson,2025,1,S. Scheffler,Scottie Scheffler,Birdies,4.643,5.5,-0.857,under,9,L,115,141,-1.000,-1.000
2026-06-09T23:10:16.313Z,THE CJ CUP Byron Nelson 2025,THE CJ CUP Byron Nelson,2025,2,M. Kuchar,Matt Kuchar,Birdies,3.663,4.5,-0.837,under,5,L,-110,109,-1.000,-1.000
2026-06-09T23:10:16.313Z,THE PLAYERS Championship 2024,THE PLAYERS Championship,2024,1,A. Scott,Adam Scott,Birdies,3.220,4.5,-1.280,under,4,W,-125,-109,0.800,0.917
2026-06-09T23:10:16.313Z,THE PLAYERS Championship 2024,THE PLAYERS Championship,2024,1,L. Aberg,Ludvig Aberg,Birdies,3.409,4.5,-1.091,under,4,W,100,112,1.000,1.120
2026-06-09T23:10:16.313Z,THE PLAYERS Championship 2024,THE PLAYERS Championship,2024,1,P. Cantlay,Patrick Cantlay,Birdies,3.734,4.5,-0.766,under,4,W,105,119,1.050,1.190
2026-06-09T23:10:16.313Z,THE PLAYERS Championship 2024,THE PLAYERS Championship,2024,2,A. Scott,Adam Scott,Birdies,3.410,4.5,-1.090,under,4,W,-125,-129,0.800,0.775
2026-06-09T23:10:16.313Z,THE PLAYERS Championship 2024,THE PLAYERS Championship,2024,2,P. Cantlay,Patrick Cantlay,Birdies,3.834,4.5,-0.666,under,3,W,105,117,1.050,1.170
2026-06-09T23:10:16.313Z,THE PLAYERS Championship 2024,THE PLAYERS Championship,2024,3,A. Scott,Adam Scott,Birdies,3.770,3.5,0.270,over,4,W,-125,-113,0.800,0.885
2026-06-09T23:10:16.313Z,THE PLAYERS Championship 2024,THE PLAYERS Championship,2024,2,B. Harman,Brian Harman,Birdies,2.671,4.5,-1.829,under,9,L,-125,-109,-1.000,-1.000
2026-06-09T23:10:16.313Z,THE PLAYERS Championship 2024,THE PLAYERS Championship,2024,2,C. Morikawa,Collin Morikawa,Birdies,2.711,4.5,-1.789,under,5,L,105,119,-1.000,-1.000
2026-06-09T23:10:16.313Z,THE PLAYERS Championship 2024,THE PLAYERS Championship,2024,2,W. Clark,Wyndham Clark,Birdies,5.957,4.5,1.457,over,8,W,-125,-112,0.800,0.893
2026-06-09T23:10:16.313Z,THE PLAYERS Championship 2024,THE PLAYERS Championship,2024,4,B. Harman,Brian Harman,Birdies,6.650,4.5,2.150,over,5,W,115,129,1.150,1.290
2026-06-09T23:10:16.313Z,THE PLAYERS Championship 2024,THE PLAYERS Championship,2024,4,M. McNealy,Maverick McNealy,Birdies,5.090,4,1.090,over,1,L,100,113,-1.000,-1.000
2026-06-09T23:10:16.313Z,THE PLAYERS Championship 2024,THE PLAYERS Championship,2024,3,B. Harman,Brian Harman,Birdies,4.471,3.5,0.971,over,9,W,-125,-111,0.800,0.901
2026-06-09T23:10:16.313Z,THE PLAYERS Championship 2024,THE PLAYERS Championship,2024,3,S. Theegala,Sahith Theegala,Birdies,5.454,3.5,1.954,over,5,W,-135,-116,0.741,0.862
2026-06-09T23:10:16.313Z,THE PLAYERS Championship 2024,THE PLAYERS Championship,2024,1,H. Matsuyama,Hideki Matsuyama,Birdies,4.050,4.5,-0.450,under,5,L,-105,109,-1.000,-1.000
2026-06-09T23:10:16.313Z,THE PLAYERS Championship 2024,THE PLAYERS Championship,2024,1,M. Fitzpatrick,Matt Fitzpatrick,Birdies,3.249,4.5,-1.251,under,7,L,-125,-109,-1.000,-1.000
2026-06-09T23:10:16.313Z,THE PLAYERS Championship 2024,THE PLAYERS Championship,2024,1,M. Homa,Max Homa,Birdies,3.890,4.5,-0.610,under,7,L,110,123,-1.000,-1.000
2026-06-09T23:10:16.313Z,THE PLAYERS Championship 2024,THE PLAYERS Championship,2024,2,H. Matsuyama,Hideki Matsuyama,Birdies,4.590,4.5,0.090,over,5,W,-120,-107,0.833,0.935
2026-06-09T23:10:16.313Z,THE PLAYERS Championship 2024,THE PLAYERS Championship,2024,2,M. Fitzpatrick,Matt Fitzpatrick,Birdies,3.619,4.5,-0.881,under,6,L,-110,-101,-1.000,-1.000
2026-06-09T23:10:16.313Z,THE PLAYERS Championship 2024,THE PLAYERS Championship,2024,2,M. Homa,Max Homa,Birdies,5.600,4.5,1.100,over,4,L,-135,-117,-1.000,-1.000
2026-06-09T23:10:16.313Z,THE PLAYERS Championship 2024,THE PLAYERS Championship,2024,4,M. Fitzpatrick,Matt Fitzpatrick,Birdies,6.220,4,2.220,over,7,W,-110,103,0.909,1.030
2026-06-09T23:10:16.313Z,THE PLAYERS Championship 2024,THE PLAYERS Championship,2024,4,S. Theegala,Sahith Theegala,Birdies,5.590,4,1.590,over,3,L,-120,-102,-1.000,-1.000
2026-06-09T23:10:16.313Z,THE PLAYERS Championship 2024,THE PLAYERS Championship,2024,3,P. Cantlay,Patrick Cantlay,Birdies,3.704,3.5,0.204,over,3,L,-125,-111,-1.000,-1.000
2026-06-09T23:10:16.313Z,THE PLAYERS Championship 2024,THE PLAYERS Championship,2024,3,V. Hovland,Viktor Hovland,Birdies,4.151,3.5,0.651,over,4,W,-135,-131,0.741,0.763
2026-06-09T23:10:16.313Z,THE PLAYERS Championship 2024,THE PLAYERS Championship,2024,1,J. Thomas,Justin Thomas,Birdies,3.350,5,-1.650,under,7,L,110,123,-1.000,-1.000
2026-06-09T23:10:16.313Z,THE PLAYERS Championship 2024,THE PLAYERS Championship,2024,1,R. Fowler,Rickie Fowler,Birdies,3.981,4.5,-0.519,under,2,W,100,113,1.000,1.130
2026-06-09T23:10:16.313Z,THE PLAYERS Championship 2024,THE PLAYERS Championship,2024,1,S. Scheffler,Scottie Scheffler,Birdies,4.001,5.5,-1.499,under,6,L,100,111,-1.000,-1.000
2026-06-09T23:10:16.313Z,THE PLAYERS Championship 2024,THE PLAYERS Championship,2024,2,R. Fowler,Rickie Fowler,Birdies,3.061,4.5,-1.439,under,5,L,-125,-108,-1.000,-1.000
2026-06-09T23:10:16.313Z,THE PLAYERS Championship 2024,THE PLAYERS Championship,2024,2,S. Scheffler,Scottie Scheffler,Birdies,4.981,6,-1.019,under,5,W,-145,-126,0.690,0.794
2026-06-09T23:10:16.313Z,THE PLAYERS Championship 2024,THE PLAYERS Championship,2024,1,J. Spieth,Jordan Spieth,Birdies,3.575,5,-1.425,under,4,W,-110,103,0.909,1.030
2026-06-09T23:10:16.313Z,THE PLAYERS Championship 2024,THE PLAYERS Championship,2024,1,V. Hovland,Viktor Hovland,Birdies,3.861,5,-1.139,under,3,W,100,111,1.000,1.110
2026-06-09T23:10:16.313Z,THE PLAYERS Championship 2024,THE PLAYERS Championship,2024,3,S. Straka,Sepp Straka,Birdies,4.041,3.5,0.541,over,5,W,100,113,1.000,1.130
2026-06-09T23:10:16.313Z,THE PLAYERS Championship 2024,THE PLAYERS Championship,2024,3,C. Conners,Corey Conners,Birdies,5.301,3.5,1.801,over,3,L,105,102,-1.000,-1.000
2026-06-09T23:10:16.313Z,THE PLAYERS Championship 2024,THE PLAYERS Championship,2024,3,S. Scheffler,Scottie Scheffler,Birdies,5.071,4,1.071,over,5,W,-105,-105,0.952,0.952
2026-06-09T23:10:16.313Z,THE PLAYERS Championship 2024,THE PLAYERS Championship,2024,1,S. Lowry,Shane Lowry,Birdies,3.974,4.5,-0.526,under,4,W,-105,109,0.952,1.090
2026-06-09T23:10:16.313Z,THE PLAYERS Championship 2024,THE PLAYERS Championship,2024,1,T. Finau,Tony Finau,Birdies,3.828,4.5,-0.672,under,5,L,-120,-103,-1.000,-1.000
2026-06-09T23:10:16.313Z,THE PLAYERS Championship 2024,THE PLAYERS Championship,2024,1,W. Zalatoris,Will Zalatoris,Birdies,3.559,4.5,-0.941,under,2,W,105,116,1.050,1.160
2026-06-09T23:10:16.313Z,THE PLAYERS Championship 2024,THE PLAYERS Championship,2024,2,S. Burns,Sam Burns,Birdies,3.219,4.5,-1.281,under,5,L,-110,-100,-1.000,-1.000
2026-06-09T23:10:16.313Z,THE PLAYERS Championship 2024,THE PLAYERS Championship,2024,2,T. Fleetwood,Tommy Fleetwood,Birdies,4.091,4.5,-0.409,under,4,W,-120,-126,0.833,0.794
2026-06-09T23:10:16.313Z,THE PLAYERS Championship 2024,THE PLAYERS Championship,2024,2,X. Schauffele,Xander Schauffele,Birdies,5.318,4.5,0.818,over,4,L,-145,-127,-1.000,-1.000
2026-06-09T23:10:16.313Z,THE PLAYERS Championship 2024,THE PLAYERS Championship,2024,3,W. Clark,Wyndham Clark,Birdies,6.667,3.5,3.167,over,4,W,-120,-124,0.833,0.806
2026-06-09T23:10:16.313Z,THE PLAYERS Championship 2024,THE PLAYERS Championship,2024,3,X. Schauffele,Xander Schauffele,Birdies,4.768,3.5,1.268,over,7,W,-145,-142,0.690,0.704
2026-06-09T23:10:16.313Z,THE PLAYERS Championship 2024,THE PLAYERS Championship,2024,4,W. Clark,Wyndham Clark,Birdies,5.880,4.5,1.380,over,5,W,-105,101,0.952,1.010
2026-06-09T23:10:16.313Z,THE PLAYERS Championship 2024,THE PLAYERS Championship,2024,4,X. Schauffele,Xander Schauffele,Birdies,5.760,4.5,1.260,over,5,W,-135,-124,0.741,0.806
2026-06-09T23:10:16.313Z,TOUR Championship 2024,TOUR Championship,2024,2,A. Scott,Adam Scott,Birdies,4.744,4.5,0.244,over,5,W,105,127,1.050,1.270
2026-06-09T23:10:16.313Z,TOUR Championship 2024,TOUR Championship,2024,2,R. MacIntyre,Robert MacIntyre,Birdies,4.116,4.5,-0.384,under,4,W,-155,-122,0.645,0.820
2026-06-09T23:10:16.313Z,TOUR Championship 2024,TOUR Championship,2024,2,V. Hovland,Viktor Hovland,Birdies,5.980,4.5,1.480,over,3,L,-145,-121,-1.000,-1.000
2026-06-09T23:10:16.313Z,TOUR Championship 2024,TOUR Championship,2024,2,J. Thomas,Justin Thomas,Birdies,4.779,4.5,0.279,over,3,L,-110,111,-1.000,-1.000
2026-06-09T23:10:16.313Z,TOUR Championship 2024,TOUR Championship,2024,4,L. Aberg,Ludvig Aberg,Birdies,3.580,4.5,-0.920,under,4,W,-125,-101,0.800,0.990
2026-06-09T23:10:16.313Z,TOUR Championship 2024,TOUR Championship,2024,2,C. Morikawa,Collin Morikawa,Birdies,4.549,4.5,0.049,over,9,W,105,127,1.050,1.270
2026-06-09T23:10:16.313Z,TOUR Championship 2024,TOUR Championship,2024,2,S. Scheffler,Scottie Scheffler,Birdies,5.599,4.5,1.099,over,6,W,-155,-135,0.645,0.741
2026-06-09T23:10:16.313Z,TOUR Championship 2024,TOUR Championship,2024,3,C. Morikawa,Collin Morikawa,Birdies,4.949,4.5,0.449,over,5,W,-145,-121,0.690,0.826
2026-06-09T23:10:16.313Z,TOUR Championship 2024,TOUR Championship,2024,3,S. Scheffler,Scottie Scheffler,Birdies,5.619,5.5,0.119,over,6,W,115,139,1.150,1.390
2026-06-09T23:10:16.313Z,TOUR Championship 2024,TOUR Championship,2024,4,C. Morikawa,Collin Morikawa,Birdies,6.027,4.5,1.527,over,6,W,100,120,1.000,1.200
2026-06-09T23:10:16.313Z,TOUR Championship 2024,TOUR Championship,2024,4,S. Scheffler,Scottie Scheffler,Birdies,5.451,4.5,0.951,over,6,W,-155,-128,0.645,0.781
2026-06-09T23:10:16.313Z,TOUR Championship 2024,TOUR Championship,2024,1,S. Scheffler,Scottie Scheffler,Birdies,3.769,4.5,-0.731,under,7,L,110,133,-1.000,-1.000
2026-06-09T23:10:16.313Z,TOUR Championship 2024,TOUR Championship,2024,1,X. Schauffele,Xander Schauffele,Birdies,4.344,4.5,-0.156,under,3,W,110,133,1.100,1.330
2026-06-09T23:10:16.313Z,TOUR Championship 2024,TOUR Championship,2024,3,S. Theegala,Sahith Theegala,Birdies,4.369,3.5,0.869,over,8,W,-190,-154,0.526,0.649
2026-06-09T23:10:16.313Z,TOUR Championship 2024,TOUR Championship,2024,3,X. Schauffele,Xander Schauffele,Birdies,5.104,4.5,0.604,over,2,L,-155,-124,-1.000,-1.000
2026-06-09T23:10:16.313Z,Texas Children's Houston Open,Texas Children's Houston Open,2026,1,Adam Scott,Adam Scott,Total score,70.423,68.5,1.923,over,67,L,-165,-137,-1.000,-1.000
2026-06-09T23:10:16.313Z,Texas Children's Houston Open,Texas Children's Houston Open,2026,1,Adam Scott,Adam Scott,Total score,70.423,69.5,0.923,over,67,L,110,129,-1.000,-1.000
2026-06-09T23:10:16.313Z,Texas Children's Houston Open,Texas Children's Houston Open,2026,1,Ben Griffin,Ben Griffin,Total score,70.216,68.5,1.716,over,70,W,-140,-116,0.714,0.862
2026-06-09T23:10:16.313Z,Texas Children's Houston Open,Texas Children's Houston Open,2026,1,Billy Horschel,Billy Horschel,Total score,69.394,69.5,-0.106,under,70,L,-105,113,-1.000,-1.000
2026-06-09T23:10:16.313Z,Texas Children's Houston Open,Texas Children's Houston Open,2026,1,Brooks Koepka,Brooks Koepka,Total score,69.874,68.5,1.374,over,75,W,-140,-114,0.714,0.877
2026-06-09T23:10:16.313Z,Texas Children's Houston Open,Texas Children's Houston Open,2026,1,Chris Gotterup,Chris Gotterup,Total score,70.038,68.5,1.538,over,68,L,-110,108,-1.000,-1.000
2026-06-09T23:10:16.313Z,Texas Children's Houston Open,Texas Children's Houston Open,2026,1,Harris English,Harris English,Total score,70.046,68.5,1.546,over,71,W,-150,-132,0.667,0.758
2026-06-09T23:10:16.313Z,Texas Children's Houston Open,Texas Children's Houston Open,2026,1,Harry Hall,Harry Hall,Total score,69.972,68.5,1.472,over,69,W,-150,-124,0.667,0.806
2026-06-09T23:10:16.313Z,Texas Children's Houston Open,Texas Children's Houston Open,2026,1,Jake Knapp,Jake Knapp,Total score,70.274,68.5,1.774,over,69,W,-140,-104,0.714,0.962
2026-06-09T23:10:16.313Z,Texas Children's Houston Open,Texas Children's Houston Open,2026,1,Jason Day,Jason Day,Total score,70.195,68.5,1.695,over,68,L,-150,-126,-1.000,-1.000
2026-06-09T23:10:16.313Z,Texas Children's Houston Open,Texas Children's Houston Open,2026,1,Keith Mitchell,Keith Mitchell,Total score,70.046,68.5,1.546,over,68,L,-150,-121,-1.000,-1.000
2026-06-09T23:10:16.313Z,Texas Children's Houston Open,Texas Children's Houston Open,2026,1,Kurt Kitayama,Kurt Kitayama,Total score,70.040,68.5,1.540,over,66,L,-125,-105,-1.000,-1.000
2026-06-09T23:10:16.313Z,Texas Children's Houston Open,Texas Children's Houston Open,2026,1,Marco Penge,Marco Penge,Total score,70.025,68.5,1.525,over,66,L,-125,-107,-1.000,-1.000
2026-06-09T23:10:16.313Z,Texas Children's Houston Open,Texas Children's Houston Open,2026,1,Michael Thorbjornsen,Michael Thorbjornsen,Total score,69.534,68.5,1.034,over,68,L,-150,-121,-1.000,-1.000
2026-06-09T23:10:16.313Z,Texas Children's Houston Open,Texas Children's Houston Open,2026,1,Min Woo Lee,Min Woo Lee,Total score,69.038,68.5,0.538,over,68,L,-105,113,-1.000,-1.000
2026-06-09T23:10:16.313Z,Texas Children's Houston Open,Texas Children's Houston Open,2026,1,Nico Echavarria,Nico Echavarria,Total score,70.256,68.5,1.756,over,72,W,-165,-137,0.606,0.730
2026-06-09T23:10:16.313Z,Texas Children's Houston Open,Texas Children's Houston Open,2026,1,Patrick Rodgers,Patrick Rodgers,Total score,69.664,69.5,0.164,over,72,W,110,130,1.100,1.300
2026-06-09T23:10:16.313Z,Texas Children's Houston Open,Texas Children's Houston Open,2026,1,Pierceson Coody,Pierceson Coody,Total score,70.117,68.5,1.617,over,70,W,-165,-137,0.606,0.730
2026-06-09T23:10:16.313Z,Texas Children's Houston Open,Texas Children's Houston Open,2026,1,Pierceson Coody,Pierceson Coody,Total score,70.117,69.5,0.617,over,70,W,110,132,1.100,1.320
2026-06-09T23:10:16.313Z,Texas Children's Houston Open,Texas Children's Houston Open,2026,1,Rickie Fowler,Rickie Fowler,Total score,70.194,68.5,1.694,over,67,L,-125,-116,-1.000,-1.000
2026-06-09T23:10:16.313Z,Texas Children's Houston Open,Texas Children's Houston Open,2026,1,Ryan Gerard,Ryan Gerard,Total score,69.766,68.5,1.266,over,74,W,-125,-106,0.800,0.943
2026-06-09T23:10:16.313Z,Texas Children's Houston Open,Texas Children's Houston Open,2026,1,Sam Burns,Sam Burns,Total score,70.263,68.5,1.763,over,65,L,-120,100,-1.000,-1.000
2026-06-09T23:10:16.313Z,Texas Children's Houston Open,Texas Children's Houston Open,2026,1,Samuel Stevens,Sam Stevens,Total score,70.466,68.5,1.966,over,67,L,-150,-125,-1.000,-1.000
2026-06-09T23:10:16.313Z,Texas Children's Houston Open,Texas Children's Houston Open,2026,1,Shane Lowry,Shane Lowry,Total score,70.179,68.5,1.679,over,69,W,-150,-137,0.667,0.730
2026-06-09T23:10:16.313Z,Texas Children's Houston Open,Texas Children's Houston Open,2026,1,Stephan Jaeger,Stephan Jaeger,Total score,69.546,68.5,1.046,over,66,L,-165,-137,-1.000,-1.000
2026-06-09T23:10:16.313Z,Texas Children's Houston Open,Texas Children's Houston Open,2026,1,Sungjae Im,Sungjae Im,Total score,69.775,69.5,0.275,over,67,L,105,117,-1.000,-1.000
2026-06-09T23:10:16.313Z,Texas Children's Houston Open,Texas Children's Houston Open,2026,1,Taylor Pendrith,Taylor Pendrith,Total score,69.915,68.5,1.415,over,75,W,-165,-136,0.606,0.735
2026-06-09T23:10:16.313Z,Texas Children's Houston Open,Texas Children's Houston Open,2026,1,Taylor Pendrith,Taylor Pendrith,Total score,69.915,69.5,0.415,over,75,W,105,124,1.050,1.240
2026-06-09T23:10:16.313Z,Texas Children's Houston Open,Texas Children's Houston Open,2026,1,Tony Finau,Tony Finau,Total score,69.661,69.5,0.161,over,67,L,110,131,-1.000,-1.000
2026-06-09T23:10:16.313Z,Texas Children's Houston Open,Texas Children's Houston Open,2026,1,Wyndham Clark,Wyndham Clark,Total score,69.772,68.5,1.272,over,74,W,-140,-116,0.714,0.862
2026-06-09T23:10:16.313Z,Texas Childrens Houston Open,Texas Childrens Houston Open,2024,4,S. Jaeger,Stephan Jaeger,Birdies,5.009,3.5,1.509,over,4,W,-105,106,0.952,1.060
2026-06-09T23:10:16.313Z,Texas Childrens Houston Open,Texas Childrens Houston Open,2024,4,S. Scheffler,Scottie Scheffler,Birdies,5.579,4.5,1.079,over,4,L,105,102,-1.000,-1.000
2026-06-09T23:10:16.313Z,Texas Childrens Houston Open,Texas Childrens Houston Open,2024,2,A. Bhatia,Akshay Bhatia,Birdies,3.709,3.5,0.209,over,2,L,-120,-102,-1.000,-1.000
2026-06-09T23:10:16.313Z,Texas Childrens Houston Open,Texas Childrens Houston Open,2024,2,A. Svensson,Adam Svensson,Birdies,3.749,3.5,0.249,over,2,L,100,111,-1.000,-1.000
2026-06-09T23:10:16.313Z,Texas Childrens Houston Open,Texas Childrens Houston Open,2024,2,J. Knapp,Jake Knapp,Birdies,3.079,3.5,-0.421,under,3,W,-110,104,0.909,1.040
2026-06-09T23:10:16.313Z,Texas Childrens Houston Open,Texas Childrens Houston Open,2024,2,S. Theegala,Sahith Theegala,Birdies,3.351,4.5,-1.149,under,4,W,-125,-110,0.800,0.909
2026-06-09T23:10:16.313Z,Texas Childrens Houston Open,Texas Childrens Houston Open,2024,2,P. Malnati,Peter Malnati,Birdies,3.311,3.5,-0.189,under,1,W,-105,105,0.952,1.050
2026-06-09T23:10:16.313Z,Texas Childrens Houston Open,Texas Childrens Houston Open,2024,2,S. Scheffler,Scottie Scheffler,Birdies,4.331,4.5,-0.169,under,5,L,110,122,-1.000,-1.000
2026-06-09T23:10:16.313Z,Texas Childrens Houston Open,Texas Childrens Houston Open,2024,2,W. Zalatoris,Will Zalatoris,Birdies,2.951,4,-1.049,under,5,L,-120,-107,-1.000,-1.000
2026-06-09T23:10:16.313Z,Texas Childrens Houston Open,Texas Childrens Houston Open,2024,4,A. Tosti,Alejandro Tosti,Birdies,4.850,3.5,1.350,over,4,W,100,110,1.000,1.100
2026-06-09T23:10:16.313Z,Texas Childrens Houston Open,Texas Childrens Houston Open,2024,4,N. Dunlap,Nick Dunlap,Birdies,5.830,3.5,2.330,over,3,L,-125,-109,-1.000,-1.000
2026-06-09T23:10:16.313Z,Texas Childrens Houston Open,Texas Childrens Houston Open,2024,4,T. Detry,Thomas Detry,Birdies,4.550,3.5,1.050,over,3,L,-145,-123,-1.000,-1.000
2026-06-09T23:10:16.313Z,The American Express 2024,The American Express,2024,2,J. Day,Jason Day,Birdies,5.621,5.5,0.121,over,6,W,-105,-108,0.952,0.926
2026-06-09T23:10:16.313Z,The American Express 2024,The American Express,2024,2,S. Lowry,Shane Lowry,Birdies,6.059,5.5,0.559,over,5,L,105,-108,-1.000,-1.000
2026-06-09T23:10:16.313Z,The American Express 2024,The American Express,2024,4,"Dunlap, Nick",Nick Dunlap,Birdies,8.221,6.5,1.721,over,4,L,100,113,-1.000,-1.000
2026-06-09T23:10:16.313Z,The American Express 2024,The American Express,2024,4,J. Thomas,Justin Thomas,Birdies,6.561,7,-0.439,under,5,W,-110,-101,0.909,0.990
2026-06-09T23:10:16.313Z,The American Express 2024,The American Express,2024,4,S. Burns,Sam Burns,Birdies,6.140,7,-0.860,under,5,W,-145,-122,0.690,0.820
2026-06-09T23:10:16.313Z,The American Express 2024,The American Express,2024,1,P. Cantlay,Patrick Cantlay,Birdies,4.481,6,-1.519,under,8,L,100,112,-1.000,-1.000
2026-06-09T23:10:16.313Z,The American Express 2024,The American Express,2024,3,P. Cantlay,Patrick Cantlay,Birdies,6.601,6.5,0.101,over,6,L,-120,-102,-1.000,-1.000
2026-06-09T23:10:16.313Z,The American Express 2024,The American Express,2024,1,J. Thomas,Justin Thomas,Birdies,4.641,5.5,-0.859,under,8,L,100,112,-1.000,-1.000
2026-06-09T23:10:16.313Z,The American Express 2024,The American Express,2024,1,R. Fowler,Rickie Fowler,Birdies,4.379,5.5,-1.121,under,5,W,-120,-102,0.833,0.980
2026-06-09T23:10:16.313Z,The American Express 2024,The American Express,2024,2,J. Thomas,Justin Thomas,Birdies,6.981,5.5,1.481,over,7,W,-120,-122,0.833,0.820
2026-06-09T23:10:16.313Z,The American Express 2024,The American Express,2024,2,R. Fowler,Rickie Fowler,Birdies,5.139,5,0.139,over,6,W,-135,-133,0.741,0.752
2026-06-09T23:10:16.313Z,The American Express 2024,The American Express,2024,4,E. Cole,Eric Cole,Birdies,6.501,6,0.501,over,4,L,-145,-124,-1.000,-1.000
2026-06-09T23:10:16.313Z,The American Express 2024,The American Express,2024,2,X. Schauffele,Xander Schauffele,Birdies,6.239,5.5,0.739,over,5,L,-120,-117,-1.000,-1.000
2026-06-09T23:10:16.313Z,The CJ CUP Byron Nelson 2024,The CJ CUP Byron Nelson,2024,4,K. Kraft,Kelly Kraft,Birdies,4.757,4.5,0.257,over,5,W,-135,-117,0.741,0.855
2026-06-09T23:10:16.313Z,The CJ CUP Byron Nelson 2024,The CJ CUP Byron Nelson,2024,3,T. Pendrith,Taylor Pendrith,Birdies,5.801,5,0.801,over,6,W,-110,-101,0.909,0.990
2026-06-09T23:10:16.313Z,The CJ CUP Byron Nelson 2024,The CJ CUP Byron Nelson,2024,4,A. Rai,Aaron Rai,Birdies,4.428,5,-0.572,under,7,L,105,118,-1.000,-1.000
2026-06-09T23:10:16.313Z,The Genesis Invitational 2024,The Genesis Invitational,2024,4,A. Scott,Adam Scott,Birdies,5.907,4.5,1.407,over,4,L,-105,105,-1.000,-1.000
2026-06-09T23:10:16.313Z,The Genesis Invitational 2024,The Genesis Invitational,2024,4,L. Aberg,Ludvig Aberg,Birdies,5.656,4.5,1.156,over,6,W,-125,-113,0.800,0.885
2026-06-09T23:10:16.313Z,The Genesis Invitational 2024,The Genesis Invitational,2024,1,E. Grillo,Emiliano Grillo,Birdies,3.001,5,-1.999,under,3,W,-125,-109,0.800,0.917
2026-06-09T23:10:16.313Z,The Genesis Invitational 2024,The Genesis Invitational,2024,1,J. Spieth,Jordan Spieth,Birdies,3.359,4,-0.641,under,6,L,-120,-107,-1.000,-1.000
2026-06-09T23:10:16.313Z,The Genesis Invitational 2024,The Genesis Invitational,2024,1,T. Kim,Tom Kim,Birdies,3.540,3.5,0.040,over,3,L,-155,-132,-1.000,-1.000
2026-06-09T23:10:16.313Z,The Genesis Invitational 2024,The Genesis Invitational,2024,2,P. Cantlay,Patrick Cantlay,Birdies,3.540,4.5,-0.960,under,5,L,105,116,-1.000,-1.000
2026-06-09T23:10:16.313Z,The Genesis Invitational 2024,The Genesis Invitational,2024,3,P. Cantlay,Patrick Cantlay,Birdies,3.780,4.5,-0.720,under,3,W,100,113,1.000,1.130
2026-06-09T23:10:16.313Z,The Genesis Invitational 2024,The Genesis Invitational,2024,4,L. List,Luke List,Birdies,4.494,4.5,-0.006,under,5,L,-135,-120,-1.000,-1.000
2026-06-09T23:10:16.313Z,The Genesis Invitational 2024,The Genesis Invitational,2024,4,W. Zalatoris,Will Zalatoris,Birdies,3.429,4.5,-1.071,under,4,W,-105,106,0.952,1.060
2026-06-09T23:10:16.313Z,The Genesis Invitational 2024,The Genesis Invitational,2024,1,C. Morikawa,Collin Morikawa,Birdies,2.949,4,-1.051,under,2,W,-125,-113,0.800,0.885
2026-06-09T23:10:16.313Z,The Genesis Invitational 2024,The Genesis Invitational,2024,1,M. Fitzpatrick,Matt Fitzpatrick,Birdies,3.100,3.5,-0.400,under,3,W,110,124,1.100,1.240
2026-06-09T23:10:16.313Z,The Genesis Invitational 2024,The Genesis Invitational,2024,1,S. Scheffler,Scottie Scheffler,Birdies,3.520,4,-0.480,under,5,L,110,123,-1.000,-1.000
2026-06-09T23:10:16.313Z,The Genesis Invitational 2024,The Genesis Invitational,2024,2,C. Morikawa,Collin Morikawa,Birdies,5.429,4.5,0.929,over,4,L,-105,107,-1.000,-1.000
2026-06-09T23:10:16.313Z,The Genesis Invitational 2024,The Genesis Invitational,2024,2,S. Scheffler,Scottie Scheffler,Birdies,3.910,5,-1.090,under,3,W,-145,-127,0.690,0.787
2026-06-09T23:10:16.313Z,The Genesis Invitational 2024,The Genesis Invitational,2024,4,S. Scheffler,Scottie Scheffler,Birdies,3.778,4.5,-0.722,under,5,L,-105,108,-1.000,-1.000
2026-06-09T23:10:16.313Z,The Genesis Invitational 2024,The Genesis Invitational,2024,1,N. Taylor,Nick Taylor,Birdies,3.340,3.5,-0.160,under,2,W,105,120,1.050,1.200
2026-06-09T23:10:16.313Z,The Genesis Invitational 2024,The Genesis Invitational,2024,2,S. Burns,Sam Burns,Birdies,3.589,5,-1.411,under,3,W,-105,106,0.952,1.060
2026-06-09T23:10:16.313Z,The Genesis Invitational 2024,The Genesis Invitational,2024,2,V. Hovland,Viktor Hovland,Birdies,4.191,5,-0.809,under,4,W,105,119,1.050,1.190
2026-06-09T23:10:16.313Z,The Genesis Invitational 2024,The Genesis Invitational,2024,3,V. Hovland,Viktor Hovland,Birdies,4.611,4.5,0.111,over,3,L,-125,-109,-1.000,-1.000
2026-06-09T23:10:16.313Z,The Genesis Invitational 2024,The Genesis Invitational,2024,4,P. Cantlay,Patrick Cantlay,Birdies,3.573,4.5,-0.927,under,2,W,-125,-108,0.800,0.926
2026-06-09T23:10:16.313Z,The Genesis Invitational 2024,The Genesis Invitational,2024,4,X. Schauffele,Xander Schauffele,Birdies,3.666,4.5,-0.834,under,4,W,-120,-105,0.833,0.952
2026-06-09T23:10:16.313Z,The Genesis Invitational 2024,The Genesis Invitational,2024,2,M. Homa,Max Homa,Birdies,3.861,4.5,-0.639,under,8,L,-120,-106,-1.000,-1.000
2026-06-09T23:10:16.313Z,The Genesis Invitational 2024,The Genesis Invitational,2024,2,W. Clark,Wyndham Clark,Birdies,3.700,4.5,-0.800,under,3,W,-125,-113,0.800,0.885
2026-06-09T23:10:16.313Z,The Genesis Invitational 2024,The Genesis Invitational,2024,3,S. Scheffler,Scottie Scheffler,Birdies,4.160,4.5,-0.340,under,4,W,-105,108,0.952,1.080
2026-06-09T23:10:16.313Z,The Genesis Invitational 2024,The Genesis Invitational,2024,3,T. Fleetwood,Tommy Fleetwood,Birdies,4.571,4,0.571,over,3,L,-145,-130,-1.000,-1.000
2026-06-09T23:10:16.313Z,The Genesis Invitational 2024,The Genesis Invitational,2024,1,S. Theegala,Sahith Theegala,Birdies,3.126,4,-0.874,under,3,W,-135,-120,0.741,0.833
2026-06-09T23:10:16.313Z,The Genesis Invitational 2024,The Genesis Invitational,2024,1,X. Schauffele,Xander Schauffele,Birdies,3.360,4,-0.640,under,5,L,-105,110,-1.000,-1.000
2026-06-09T23:10:16.313Z,The Genesis Invitational 2024,The Genesis Invitational,2024,1,G. Woodland,Gary Woodland,Birdies,3.231,3,0.231,over,5,W,-135,-120,0.741,0.833
2026-06-09T23:10:16.313Z,The Genesis Invitational 2024,The Genesis Invitational,2024,1,J. Thomas,Justin Thomas,Birdies,3.095,4,-0.905,under,3,W,-135,-116,0.741,0.862
2026-06-09T23:10:16.313Z,The Genesis Invitational 2024,The Genesis Invitational,2024,1,T. Woods,Tiger Woods,Birdies,3.095,3.5,-0.405,under,5,L,-145,-129,-1.000,-1.000
2026-06-09T23:10:16.313Z,The Genesis Invitational 2024,The Genesis Invitational,2024,2,G. Woodland,Gary Woodland,Birdies,4.181,4.5,-0.319,under,2,W,-145,-125,0.690,0.800
2026-06-09T23:10:16.313Z,The Genesis Invitational 2024,The Genesis Invitational,2024,2,J. Thomas,Justin Thomas,Birdies,5.975,5,0.975,over,4,L,105,116,-1.000,-1.000
2026-06-09T23:10:16.313Z,The Open Championship 2023,The Open Championship,2023,4,C. Young,Cameron Young,Birdies,3.691,3.5,0.191,over,2,L,105,118,-1.000,-1.000
2026-06-09T23:10:16.313Z,The Open Championship 2023,The Open Championship,2023,2,E. Grillo,Emiliano Grillo,Birdies,3.507,3,0.507,over,2,L,-125,-112,-1.000,-1.000
2026-06-09T23:10:16.313Z,The Open Championship 2023,The Open Championship,2023,4,J. Rahm,Jon Rahm,Birdies,3.589,4,-0.411,under,3,W,-145,-129,0.690,0.775
2026-06-09T23:10:16.313Z,The Open Championship 2023,The Open Championship,2023,4,V. Hovland,Viktor Hovland,Birdies,3.473,3.5,-0.027,under,3,W,-105,106,0.952,1.060
2026-06-09T23:10:16.313Z,The Open Championship 2023,The Open Championship,2023,2,T. Finau,Tony Finau,Birdies,3.429,3,0.429,over,1,L,-125,-113,-1.000,-1.000
2026-06-09T23:10:16.313Z,The Open Championship 2023,The Open Championship,2023,3,B. Harman,Brian Harman,Birdies,3.691,3,0.691,over,4,W,100,113,1.000,1.130
2026-06-09T23:10:16.313Z,The Open Championship 2023,The Open Championship,2023,3,T. Fleetwood,Tommy Fleetwood,Birdies,3.549,3,0.549,over,1,L,-155,-134,-1.000,-1.000
2026-06-09T23:10:16.313Z,The Open Championship 2023,The Open Championship,2023,4,S. Straka,Sepp Straka,Birdies,3.691,3,0.691,over,5,W,-110,100,0.909,1.000
2026-06-09T23:10:16.313Z,The Open Championship 2025,The Open Championship,2025,2,H. Matsuyama,Hideki Matsuyama,Birdies,3.691,2.5,1.191,over,5,W,-210,-168,0.476,0.595
2026-06-09T23:10:16.313Z,The Open Championship 2025,The Open Championship,2025,2,M. Fitzpatrick,Matt Fitzpatrick,Birdies,3.691,3.5,0.191,over,8,W,105,129,1.050,1.290
2026-06-09T23:10:16.313Z,The Open Championship 2025,The Open Championship,2025,2,J. Rahm,Jon Rahm,Birdies,3.615,3.5,0.115,over,3,L,-175,-141,-1.000,-1.000
2026-06-09T23:10:16.313Z,The Open Championship 2025,The Open Championship,2025,2,J.J. Spaun,J.J. Spaun,Birdies,3.496,3.5,-0.004,under,6,L,-165,-132,-1.000,-1.000
2026-06-09T23:10:16.313Z,The Open Championship 2025,The Open Championship,2025,2,X. Schauffele,Xander Schauffele,Birdies,3.429,3.5,-0.071,under,5,L,-105,115,-1.000,-1.000
2026-06-09T23:10:16.313Z,The Open Championship 2025,The Open Championship,2025,1,J. Spieth,Jordan Spieth,Birdies,3.634,3.5,0.134,over,2,L,105,132,-1.000,-1.000
2026-06-09T23:10:16.313Z,The Open Championship 2025,The Open Championship,2025,1,L. Aberg,Ludvig Aberg,Birdies,3.691,3.5,0.191,over,2,L,-120,105,-1.000,-1.000
2026-06-09T23:10:16.313Z,The Open Championship 2025,The Open Championship,2025,1,V. Hovland,Viktor Hovland,Birdies,3.656,3.5,0.156,over,2,L,-110,108,-1.000,-1.000
2026-06-09T23:10:16.313Z,The Open Championship 2025,The Open Championship,2025,3,M. Fitzpatrick,Matt Fitzpatrick,Birdies,3.691,3.5,0.191,over,3,L,-155,-132,-1.000,-1.000
2026-06-09T23:10:16.313Z,The Open Championship 2025,The Open Championship,2025,3,S. Scheffler,Scottie Scheffler,Birdies,3.429,4.5,-1.071,under,3,W,-165,-104,0.606,0.962
2026-06-09T23:10:16.313Z,The Open Championship 2025,The Open Championship,2025,4,N. Hojgaard,Nicolai Hojgaard,Birdies,3.691,3.5,0.191,over,4,W,-120,101,0.833,1.010
2026-06-09T23:10:16.313Z,The Open Championship 2025,The Open Championship,2025,4,R. Henley,Russell Henley,Birdies,3.691,3.5,0.191,over,3,L,-135,-110,-1.000,-1.000
2026-06-09T23:10:16.313Z,The Open Championship 2025,The Open Championship,2025,1,J. Thomas,Justin Thomas,Birdies,3.501,3.5,0.001,over,4,W,120,148,1.200,1.480
2026-06-09T23:10:16.313Z,The Open Championship 2025,The Open Championship,2025,1,T. Fleetwood,Tommy Fleetwood,Birdies,3.551,3.5,0.051,over,2,L,-105,115,-1.000,-1.000
2026-06-09T23:10:16.313Z,The Open Championship 2025,The Open Championship,2025,2,C. Morikawa,Collin Morikawa,Birdies,3.581,3.5,0.081,over,3,L,-105,119,-1.000,-1.000
2026-06-09T23:10:16.313Z,The Open Championship 2025,The Open Championship,2025,2,S. Lowry,Shane Lowry,Birdies,3.429,3.5,-0.071,under,2,W,-135,-110,0.741,0.909
2026-06-09T23:10:16.313Z,The Open Championship 2025,The Open Championship,2025,2,S. Scheffler,Scottie Scheffler,Birdies,3.429,3.5,-0.071,under,8,L,130,159,-1.000,-1.000
2026-06-09T23:10:16.313Z,The Open Championship 2025,The Open Championship,2025,3,J. Thomas,Justin Thomas,Birdies,3.501,3.5,0.001,over,4,W,-180,-150,0.556,0.667
2026-06-09T23:10:16.313Z,The Open Championship 2025,The Open Championship,2025,4,T. Hatton,Tyrrell Hatton,Birdies,3.429,4.5,-1.071,under,2,W,-190,-153,0.526,0.654
2026-06-09T23:10:16.313Z,The Open Championship 2025,The Open Championship,2025,4,X. Schauffele,Xander Schauffele,Birdies,3.691,4.5,-0.809,under,3,W,-175,-143,0.571,0.699
2026-06-09T23:10:16.313Z,The Players Championship 2025,The Players Championship,2025,4,D. Berger,Daniel Berger,Birdies,3.945,3.5,0.445,over,6,W,100,126,1.000,1.260
2026-06-09T23:10:16.313Z,The Players Championship 2025,The Players Championship,2025,2,H. Matsuyama,Hideki Matsuyama,Birdies,4.413,4.5,-0.087,under,5,L,-190,-152,-1.000,-1.000
2026-06-09T23:10:16.313Z,The Players Championship 2025,The Players Championship,2025,2,L. Aberg,Ludvig Aberg,Birdies,4.840,4.5,0.340,over,3,L,100,121,-1.000,-1.000
2026-06-09T23:10:16.313Z,The Players Championship 2025,The Players Championship,2025,4,"Cauley, Bud",Bud Cauley,Birdies,5.636,3.5,2.136,over,3,L,120,145,-1.000,-1.000
2026-06-09T23:10:16.313Z,The Players Championship 2025,The Players Championship,2025,4,J.J. Spaun,J.J. Spaun,Birdies,4.740,3.5,1.240,over,3,L,110,134,-1.000,-1.000
2026-06-09T23:10:16.313Z,The Players Championship 2025,The Players Championship,2025,4,L. Glover,Lucas Glover,Birdies,4.810,3.5,1.310,over,4,W,100,125,1.000,1.250
2026-06-09T23:10:16.313Z,The Players Championship 2025,The Players Championship,2025,3,L. Glover,Lucas Glover,Birdies,4.539,3.5,1.039,over,5,W,135,165,1.350,1.650
2026-06-09T23:10:16.313Z,The Players Championship 2025,The Players Championship,2025,3,W. Zalatoris,Will Zalatoris,Birdies,4.740,3.5,1.240,over,4,W,120,146,1.200,1.460
2026-06-09T23:10:16.313Z,The Players Championship 2025,The Players Championship,2025,4,M. McGreevy,Max McGreevy,Birdies,4.130,2.5,1.630,over,1,L,-200,-165,-1.000,-1.000
2026-06-09T23:10:16.313Z,The Players Championship 2025,The Players Championship,2025,4,P. Cantlay,Patrick Cantlay,Birdies,3.544,3.5,0.044,over,5,W,-105,119,0.952,1.190
2026-06-09T23:10:16.313Z,The Players Championship 2025,The Players Championship,2025,4,S. Straka,Sepp Straka,Birdies,3.790,3.5,0.290,over,4,W,100,122,1.000,1.220
2026-06-09T23:10:16.313Z,The Players Championship 2025,The Players Championship,2025,2,K. Bradley,Keegan Bradley,Birdies,3.191,4.5,-1.309,under,5,L,-180,-147,-1.000,-1.000
2026-06-09T23:10:16.313Z,The Players Championship 2025,The Players Championship,2025,2,R. Fowler,Rickie Fowler,Birdies,3.990,3.5,0.490,over,4,W,-180,-145,0.556,0.690
2026-06-09T23:10:16.313Z,The Players Championship 2025,The Players Championship,2025,4,A. Smalley,Alex Smalley,Birdies,3.715,3.5,0.215,over,3,L,135,168,-1.000,-1.000
2026-06-09T23:10:16.313Z,The Players Championship 2025,The Players Championship,2025,4,C. Conners,Corey Conners,Birdies,4.840,3.5,1.340,over,3,L,115,141,-1.000,-1.000
2026-06-09T23:10:16.313Z,The Players Championship 2025,The Players Championship,2025,3,J.J. Spaun,J.J. Spaun,Birdies,5.411,2.5,2.911,over,5,W,-180,-150,0.556,0.667
2026-06-09T23:10:16.313Z,The Players Championship 2025,The Players Championship,2025,2,S. Scheffler,Scottie Scheffler,Birdies,3.677,5.5,-1.823,under,5,W,-180,-150,0.556,0.667
2026-06-09T23:10:16.313Z,The Players Championship 2025,The Players Championship,2025,2,X. Schauffele,Xander Schauffele,Birdies,3.491,4.5,-1.009,under,3,W,-155,-123,0.645,0.813
2026-06-09T23:10:16.313Z,The Players Championship 2025,The Players Championship,2025,4,A. Bhatia,Akshay Bhatia,Birdies,4.706,3.5,1.206,over,4,W,-110,109,0.909,1.090
2026-06-09T23:10:16.313Z,The Players Championship 2025,The Players Championship,2025,4,S. Jaeger,Stephan Jaeger,Birdies,4.415,3.5,0.915,over,3,L,105,128,-1.000,-1.000
2026-06-09T23:10:16.313Z,The Players Championship 2025,The Players Championship,2025,2,R. Henley,Russell Henley,Birdies,3.189,4.5,-1.311,under,4,W,-145,-118,0.690,0.847
2026-06-09T23:10:16.313Z,The Players Championship 2025,The Players Championship,2025,2,S. Lowry,Shane Lowry,Birdies,3.360,4.5,-1.140,under,3,W,-165,-130,0.606,0.769
2026-06-09T23:10:16.313Z,The Players Championship 2025,The Players Championship,2025,2,V. Hovland,Viktor Hovland,Birdies,2.610,3.5,-0.890,under,7,L,105,128,-1.000,-1.000
2026-06-09T23:10:16.313Z,The RSM Classic,The RSM Classic,2024,2,A. Eckroat,Austin Eckroat,Birdies,4.511,3.5,1.011,over,4,W,115,144,1.150,1.440
2026-06-09T23:10:16.313Z,The RSM Classic,The RSM Classic,2024,4,T. Kim,S.H. Kim,Birdies,3.940,4.5,-0.560,under,5,L,-135,-107,-1.000,-1.000
2026-06-09T23:10:16.313Z,The Sentry 2024,The Sentry,2024,1,J. Spieth,Jordan Spieth,Birdies,4.828,6.5,-1.672,under,9,L,110,123,-1.000,-1.000
2026-06-09T23:10:16.313Z,The Sentry 2024,The Sentry,2024,1,V. Hovland,Viktor Hovland,Birdies,4.845,7,-2.155,under,9,L,-120,-105,-1.000,-1.000
2026-06-09T23:10:16.313Z,The Sentry 2024,The Sentry,2024,1,K. Bradley,Keegan Bradley,Birdies,4.250,6.5,-2.250,under,6,W,-145,-126,0.690,0.794
2026-06-09T23:10:16.313Z,The Sentry 2024,The Sentry,2024,1,M. Fitzpatrick,Matt Fitzpatrick,Birdies,4.840,6.5,-1.660,under,6,W,-125,-108,0.800,0.926
2026-06-09T23:10:16.313Z,The Sentry 2024,The Sentry,2024,1,T. Hatton,Tyrrell Hatton,Birdies,4.669,6.5,-1.831,under,5,W,-125,-108,0.800,0.926
2026-06-09T23:10:16.313Z,The Sentry 2024,The Sentry,2024,1,L. Aberg,Ludvig Aberg,Birdies,4.931,6.5,-1.569,under,5,W,-120,-106,0.833,0.943
2026-06-09T23:10:16.313Z,The Sentry 2024,The Sentry,2024,1,M. Homa,Max Homa,Birdies,4.911,6.5,-1.589,under,7,L,-120,-106,-1.000,-1.000
2026-06-09T23:10:16.313Z,The Sentry 2024,The Sentry,2024,1,R. Fowler,Rickie Fowler,Birdies,4.669,6,-1.331,under,8,L,110,127,-1.000,-1.000
2026-06-09T23:10:16.313Z,The Sentry 2024,The Sentry,2024,1,S. Theegala,Sahith Theegala,Birdies,4.390,5.5,-1.110,under,10,L,105,121,-1.000,-1.000
2026-06-09T23:10:16.313Z,The Sentry 2024,The Sentry,2024,1,W. Clark,Wyndham Clark,Birdies,4.669,5.5,-0.831,under,4,W,110,123,1.100,1.230
2026-06-09T23:10:16.313Z,The US Open 2024,The US Open,2024,1,N. Dunlap,Nick Dunlap,Birdies,3.490,2,1.490,over,7,W,-145,-112,0.690,0.893
2026-06-09T23:10:16.313Z,The US Open 2024,The US Open,2024,1,N. Dunlap,Nick Dunlap,Birdies,3.490,2.5,0.990,over,7,W,-125,-100,0.800,1.000
2026-06-09T23:10:16.313Z,The US Open 2024,The US Open,2024,1,W. Clark,Wyndham Clark,Birdies,3.301,2.5,0.801,over,4,W,110,-123,1.100,0.813
2026-06-09T23:10:16.313Z,The US Open 2024,The US Open,2024,1,S. Scheffler,Scottie Scheffler,Birdies,3.518,3.5,0.018,over,5,W,105,126,1.050,1.260
2026-06-09T23:10:16.313Z,The US Open 2024,The US Open,2024,1,Tom Hoge,Tom Hoge,Birdies,3.271,2,1.271,over,5,W,-125,-103,0.800,0.971
2026-06-09T23:10:16.313Z,Travelers Championship 2023,Travelers Championship,2023,4,J. Thomas,Justin Thomas,Total score,69.585,66.5,3.085,over,67,W,100,113,1.000,1.130
2026-06-09T23:10:16.313Z,Travelers Championship 2023,Travelers Championship,2023,4,P. Cantlay,Patrick Cantlay,Total score,69.065,65.5,3.565,over,67,W,-105,105,0.952,1.050
2026-06-09T23:10:16.313Z,Travelers Championship 2023,Travelers Championship,2023,4,R. Fowler,Rickie Fowler,Total score,69.810,66,3.810,over,69,W,-120,-104,0.833,0.962
2026-06-09T23:10:16.313Z,Travelers Championship 2025,Travelers Championship,2025,1,J. Thomas,Justin Thomas,Birdies,4.049,4.5,-0.451,under,4,W,-145,-114,0.690,0.877
2026-06-09T23:10:16.313Z,Travelers Championship 2025,Travelers Championship,2025,2,K. Bradley,Keegan Bradley,Birdies,5.521,3.5,2.021,over,3,L,-180,-143,-1.000,-1.000
2026-06-09T23:10:16.313Z,Travelers Championship 2025,Travelers Championship,2025,2,K. Bradley,Keegan Bradley,Birdies,5.521,4.5,1.021,over,3,L,125,155,-1.000,-1.000
2026-06-09T23:10:16.313Z,Travelers Championship 2025,Travelers Championship,2025,1,C. Morikawa,Collin Morikawa,Birdies,3.976,4.5,-0.524,under,4,W,120,149,1.200,1.490
2026-06-09T23:10:16.313Z,Travelers Championship 2025,Travelers Championship,2025,1,X. Schauffele,Xander Schauffele,Birdies,3.973,4.5,-0.527,under,5,L,115,140,-1.000,-1.000
2026-06-09T23:10:16.313Z,Travelers Championship 2025,Travelers Championship,2025,2,C. Morikawa,Collin Morikawa,Birdies,3.936,4.5,-0.564,under,3,W,-155,-127,0.645,0.787
2026-06-09T23:10:16.313Z,Travelers Championship 2025,Travelers Championship,2025,2,X. Schauffele,Xander Schauffele,Birdies,4.403,3.5,0.903,over,2,L,-190,-142,-1.000,-1.000
2026-06-09T23:10:16.313Z,Truist Championship,Truist Championship,2026,1,Akshay Bhatia,Akshay Bhatia,Total score,71.946,70.5,1.446,over,68,L,-140,-119,-1.000,-1.000
2026-06-09T23:10:16.313Z,Truist Championship,Truist Championship,2026,1,Akshay Bhatia,Akshay Bhatia,Total score,71.946,71.5,0.446,over,68,L,100,120,-1.000,-1.000
2026-06-09T23:10:16.313Z,Truist Championship,Truist Championship,2026,1,Alex Fitzpatrick,Alex Fitzpatrick,Total score,71.845,71.5,0.345,over,67,L,-110,133,-1.000,-1.000
2026-06-09T23:10:16.313Z,Truist Championship,Truist Championship,2026,1,Alex Smalley,Alex Smalley,Total score,71.195,71.5,-0.305,under,75,L,-140,-126,-1.000,-1.000
2026-06-09T23:10:16.313Z,Truist Championship,Truist Championship,2026,1,Ben Griffin,Ben Griffin,Total score,71.464,70.5,0.964,over,69,L,-150,-100,-1.000,-1.000
2026-06-09T23:10:16.313Z,Truist Championship,Truist Championship,2026,1,Cameron Young,Cameron Young,Total score,71.617,69.5,2.117,over,68,L,-140,-116,-1.000,-1.000
2026-06-09T23:10:16.313Z,Truist Championship,Truist Championship,2026,1,Harris English,Harris English,Total score,71.407,71.5,-0.093,under,68,W,-150,-125,0.667,0.800
2026-06-09T23:10:16.313Z,Truist Championship,Truist Championship,2026,1,Hideki Matsuyama,Hideki Matsuyama,Total score,72.016,70.5,1.516,over,72,W,-120,-100,0.833,1.000
2026-06-09T23:10:16.313Z,Truist Championship,Truist Championship,2026,1,J.J. Spaun,J.J. Spaun,Total score,71.144,70.5,0.644,over,69,L,-150,-124,-1.000,-1.000
2026-06-09T23:10:16.313Z,Truist Championship,Truist Championship,2026,1,J.J. Spaun,J.J. Spaun,Total score,71.144,71.5,-0.356,under,69,W,-165,-130,0.606,0.769
2026-06-09T23:10:16.313Z,Truist Championship,Truist Championship,2026,1,Jordan Spieth,Jordan Spieth,Total score,71.941,70.5,1.441,over,71,W,-140,-112,0.714,0.893
2026-06-09T23:10:16.313Z,Truist Championship,Truist Championship,2026,1,Jordan Spieth,Jordan Spieth,Total score,71.941,71.5,0.441,over,71,L,110,131,-1.000,-1.000
2026-06-09T23:10:16.313Z,Truist Championship,Truist Championship,2026,1,Justin Rose,Justin Rose,Total score,72.191,71.5,0.691,over,71,L,105,122,-1.000,-1.000
2026-06-09T23:10:16.313Z,Truist Championship,Truist Championship,2026,1,Justin Thomas,Justin Thomas,Total score,71.252,70.5,0.752,over,67,L,-125,-108,-1.000,-1.000
2026-06-09T23:10:16.313Z,Truist Championship,Truist Championship,2026,1,Min Woo Lee,Min Woo Lee,Total score,72.016,70.5,1.516,over,72,W,-105,112,0.952,1.120
2026-06-09T23:10:16.313Z,Truist Championship,Truist Championship,2026,1,Rickie Fowler,Rickie Fowler,Total score,71.284,70.5,0.784,over,74,W,-120,-102,0.833,0.980
2026-06-09T23:10:16.313Z,Truist Championship,Truist Championship,2026,1,Rory McIlroy,Rory McIlroy,Total score,70.751,69.5,1.251,over,70,W,110,133,1.100,1.330
2026-06-09T23:10:16.313Z,Truist Championship,Truist Championship,2026,1,Sepp Straka,Sepp Straka,Total score,71.620,70.5,1.120,over,66,L,-125,-106,-1.000,-1.000
2026-06-09T23:10:16.313Z,Truist Championship,Truist Championship,2026,1,Si Woo Kim,Si Woo Kim,Total score,71.194,70.5,0.694,over,70,L,100,120,-1.000,-1.000
2026-06-09T23:10:16.313Z,Truist Championship,Truist Championship,2026,1,Tommy Fleetwood,Tommy Fleetwood,Total score,71.113,70.5,0.613,over,67,L,110,131,-1.000,-1.000
2026-06-09T23:10:16.313Z,Truist Championship,Truist Championship,2026,1,Viktor Hovland,Viktor Hovland,Total score,71.816,70.5,1.316,over,69,L,-115,103,-1.000,-1.000
2026-06-09T23:10:16.313Z,Truist Championship,Truist Championship,2026,1,Xander Schauffele,Xander Schauffele,Total score,70.701,69.5,1.201,over,69,L,-120,-102,-1.000,-1.000
2026-06-09T23:10:16.313Z,Truist Championship 2025,Truist Championship,2025,3,C. Morikawa,Collin Morikawa,Birdies,4.509,4.5,0.009,over,3,L,-135,-107,-1.000,-1.000
2026-06-09T23:10:16.313Z,Truist Championship 2025,Truist Championship,2025,3,K. Mitchell,Keith Mitchell,Birdies,5.691,3.5,2.191,over,4,W,-110,109,0.909,1.090
2026-06-09T23:10:16.313Z,Truist Championship 2025,Truist Championship,2025,3,S. Lowry,Shane Lowry,Birdies,4.969,3.5,1.469,over,5,W,-145,-114,0.690,0.877
2026-06-09T23:10:16.313Z,US Masters 2023,US Masters,2023,4,B. Koepka,Brooks Koepka,Birdies,3.880,4,-0.120,under,3,W,-145,-123,0.690,0.813
2026-06-09T23:10:16.313Z,US Masters 2023,US Masters,2023,4,J. Rahm,Jon Rahm,Total score,72.669,70,2.669,over,69,L,-120,-103,-1.000,-1.000
2026-06-09T23:10:16.313Z,US Masters 2023,US Masters,2023,3,B. Koepka,Brooks Koepka,Birdies,4.749,3.5,1.249,over,2,L,-105,109,-1.000,-1.000
2026-06-09T23:10:16.313Z,US Masters 2023,US Masters,2023,3,J. Rahm,Jon Rahm,Birdies,4.900,4,0.900,over,3,L,115,129,-1.000,-1.000
2026-06-09T23:10:16.313Z,US Masters 2023,US Masters,2023,3,V. Hovland,Viktor Hovland,Total score,74.725,72.5,2.225,over,70,L,105,117,-1.000,-1.000
2026-06-09T23:10:16.313Z,US Masters 2023,US Masters,2023,2,J. Rahm,Jon Rahm,Total score,75.034,69.5,5.534,over,69,L,-120,-105,-1.000,-1.000
2026-06-09T23:10:16.313Z,US Masters 2023,US Masters,2023,2,J. Rahm,Jon Rahm,Birdies,5.550,4.5,1.050,over,5,W,115,128,1.150,1.280
2026-06-09T23:10:16.313Z,US Masters 2023,US Masters,2023,1,S. Scheffler,Scottie Scheffler,Total score,73.305,70,3.305,over,68,L,-120,-102,-1.000,-1.000
2026-06-09T23:10:16.313Z,US Masters 2023,US Masters,2023,2,S. Bennett,Sam Bennett,Total score,74.854,71.5,3.354,over,68,L,-120,-107,-1.000,-1.000
2026-06-09T23:10:16.313Z,US Masters 2023,US Masters,2023,4,V. Hovland,Viktor Hovland,Birdies,4.138,4,0.138,over,2,L,-135,-117,-1.000,-1.000
2026-06-09T23:10:16.313Z,US Masters 2023,US Masters,2023,4,P. Reed,Patrick Reed,Total score,72.656,72,0.656,over,68,L,-125,-111,-1.000,-1.000
2026-06-09T23:10:16.313Z,US Masters 2023,US Masters,2023,1,T. Woods,Tiger Woods,Total score,74.575,72,2.575,over,74,W,105,116,1.050,1.160
2026-06-09T23:10:16.313Z,US Masters 2023,US Masters,2023,2,T. Woods,Tiger Woods,Total score,75.225,72,3.225,over,73,W,-110,101,0.909,1.010
2026-06-09T23:10:16.313Z,US Masters 2024,US Masters,2024,3,A. Scott,Adam Scott,Birdies,2.485,3.5,-1.015,under,6,L,110,125,-1.000,-1.000
2026-06-09T23:10:16.313Z,US Masters 2024,US Masters,2024,4,B. Dechambeau,Bryson DeChambeau,Birdies,4.094,4,0.094,over,2,L,110,124,-1.000,-1.000
2026-06-09T23:10:16.313Z,US Masters 2024,US Masters,2024,3,C. Smith,Cameron Smith,Birdies,2.730,3.5,-0.770,under,1,W,110,123,1.100,1.230
2026-06-09T23:10:16.313Z,US Masters 2024,US Masters,2024,3,C. Smith,Cameron Smith,Birdies,2.730,4,-1.270,under,1,W,-125,-116,0.800,0.862
2026-06-09T23:10:16.313Z,US Masters 2024,US Masters,2024,1,V. Hovland,Viktor Hovland,Birdies,3.321,3.5,-0.179,under,5,L,-120,-102,-1.000,-1.000
2026-06-09T23:10:16.313Z,US Masters 2024,US Masters,2024,2,C. Smith,Cameron Smith,Birdies,3.030,3.5,-0.470,under,3,W,100,111,1.000,1.110
2026-06-09T23:10:16.313Z,US Masters 2024,US Masters,2024,2,V. Hovland,Viktor Hovland,Birdies,3.711,3.5,0.211,over,1,L,-145,126,-1.000,-1.000
2026-06-09T23:10:16.313Z,US Masters 2024,US Masters,2024,2,W. Clark,Wyndham Clark,Birdies,2.961,3.5,-0.539,under,1,W,110,-130,1.100,0.769
2026-06-09T23:10:16.313Z,US Masters 2024,US Masters,2024,1,C. Morikawa,Collin Morikawa,Birdies,3.341,3.5,-0.159,under,3,W,-120,130,0.833,1.300
2026-06-09T23:10:16.313Z,US Masters 2024,US Masters,2024,1,D. Johnson,Dustin Johnson,Birdies,3.130,3.5,-0.370,under,0,W,-120,130,0.833,1.300
2026-06-09T23:10:16.313Z,US Masters 2024,US Masters,2024,1,T. Fleetwood,Tommy Fleetwood,Birdies,3.249,4,-0.751,under,3,W,-145,-131,0.690,0.763
2026-06-09T23:10:16.313Z,US Masters 2024,US Masters,2024,2,C. Morikawa,Collin Morikawa,Birdies,3.061,3.5,-0.439,under,5,L,100,115,-1.000,-1.000
2026-06-09T23:10:16.313Z,US Masters 2024,US Masters,2024,2,D. Johnson,Dustin Johnson,Birdies,2.100,3.5,-1.400,under,1,W,105,120,1.050,1.200
2026-06-09T23:10:16.313Z,US Masters 2024,US Masters,2024,2,T. Fleetwood,Tommy Fleetwood,Birdies,3.089,3.5,-0.411,under,3,W,115,130,1.150,1.300
2026-06-09T23:10:16.313Z,US Masters 2024,US Masters,2024,1,B. Dechambeau,Bryson DeChambeau,Birdies,3.006,3.5,-0.494,under,8,L,110,125,-1.000,-1.000
2026-06-09T23:10:16.313Z,US Masters 2024,US Masters,2024,1,G. Woodland,Gary Woodland,Birdies,3.340,3.5,-0.160,under,3,W,-145,-125,0.690,0.800
2026-06-09T23:10:16.313Z,US Masters 2024,US Masters,2024,1,T. Olesen,Thorbjorn Olesen,Birdies,3.149,3.5,-0.351,under,6,L,-135,-118,-1.000,-1.000
2026-06-09T23:10:16.313Z,US Masters 2024,US Masters,2024,2,B. Dechambeau,Bryson DeChambeau,Birdies,5.476,3.5,1.976,over,3,L,-120,-105,-1.000,-1.000
2026-06-09T23:10:16.313Z,US Masters 2024,US Masters,2024,2,G. Woodland,Gary Woodland,Birdies,3.160,2.5,0.660,over,2,L,-110,100,-1.000,-1.000
2026-06-09T23:10:16.313Z,US Masters 2024,US Masters,2024,2,T. Olesen,Thorbjorn Olesen,Birdies,3.389,3,0.389,over,2,L,-125,-113,-1.000,-1.000
2026-06-09T23:10:16.313Z,US Masters 2024,US Masters,2024,2,H. Matsuyama,Hideki Matsuyama,Birdies,2.589,3.5,-0.911,under,3,W,-135,-120,0.741,0.833
2026-06-09T23:10:16.313Z,US Masters 2024,US Masters,2024,2,H. Matsuyama,Hideki Matsuyama,Birdies,2.589,4,-1.411,under,3,W,-145,-128,0.690,0.781
2026-06-09T23:10:16.313Z,US Masters 2024,US Masters,2024,2,J. Thomas,Justin Thomas,Birdies,2.980,3,-0.020,under,2,W,110,127,1.100,1.270
2026-06-09T23:10:16.313Z,US Masters 2024,US Masters,2024,2,J. Thomas,Justin Thomas,Birdies,2.980,3.5,-0.520,under,2,W,100,115,1.000,1.150
2026-06-09T23:10:16.313Z,US Masters 2024,US Masters,2024,2,W. Zalatoris,Will Zalatoris,Birdies,3.521,3,0.521,over,2,L,-145,-131,-1.000,-1.000
2026-06-09T23:10:16.313Z,US Masters 2024,US Masters,2024,2,W. Zalatoris,Will Zalatoris,Birdies,3.521,3.5,0.021,over,2,L,-135,-115,-1.000,-1.000
2026-06-09T23:10:16.313Z,US Masters 2024,US Masters,2024,1,J. Spieth,Jordan Spieth,Birdies,3.517,3.5,0.017,over,2,L,-120,-103,-1.000,-1.000
2026-06-09T23:10:16.313Z,US Masters 2024,US Masters,2024,1,J. Spieth,Jordan Spieth,Birdies,3.517,4,-0.483,under,2,W,-145,-127,0.690,0.787
2026-06-09T23:10:16.313Z,US Masters 2024,US Masters,2024,1,L. Aberg,Ludvig Aberg,Birdies,3.291,3.5,-0.209,under,2,W,-120,-104,0.833,0.962
2026-06-09T23:10:16.313Z,US Masters 2024,US Masters,2024,1,S. Theegala,Sahith Theegala,Birdies,3.540,3.5,0.040,over,1,L,105,-119,-1.000,-1.000
2026-06-09T23:10:16.313Z,US Masters 2024,US Masters,2024,2,J. Spieth,Jordan Spieth,Birdies,2.777,3.5,-0.723,under,2,W,110,125,1.100,1.250
2026-06-09T23:10:16.313Z,US Masters 2024,US Masters,2024,1,J. Rahm,Jon Rahm,Birdies,3.600,3.5,0.100,over,4,W,-145,-131,0.690,0.763
2026-06-09T23:10:16.313Z,US Masters 2024,US Masters,2024,1,M. Fitzpatrick,Matt Fitzpatrick,Birdies,3.300,3.5,-0.200,under,5,L,-110,102,-1.000,-1.000
2026-06-09T23:10:16.313Z,US Masters 2024,US Masters,2024,2,J. Rahm,Jon Rahm,Birdies,3.800,3.5,0.300,over,2,L,-125,-115,-1.000,-1.000
2026-06-09T23:10:16.313Z,US Masters 2024,US Masters,2024,2,J. Rahm,Jon Rahm,Birdies,3.800,4,-0.200,under,2,W,100,114,1.000,1.140
2026-06-09T23:10:16.313Z,US Masters 2024,US Masters,2024,2,M. Fitzpatrick,Matt Fitzpatrick,Birdies,4.180,3.5,0.680,over,1,L,100,115,-1.000,-1.000
2026-06-09T23:10:16.313Z,US Masters 2024,US Masters,2024,2,M. Fitzpatrick,Matt Fitzpatrick,Birdies,4.180,4,0.180,over,1,L,110,122,-1.000,-1.000
2026-06-09T23:10:16.313Z,US Masters 2024,US Masters,2024,2,N. Dunlap,Nick Dunlap,Birdies,3.101,2.5,0.601,over,5,W,-145,-126,0.690,0.794
2026-06-09T23:10:16.313Z,US Masters 2024,US Masters,2024,3,B. Dechambeau,Bryson DeChambeau,Birdies,4.006,4.5,-0.494,under,4,W,-125,-135,0.800,0.741
2026-06-09T23:10:16.313Z,US Masters 2024,US Masters,2024,3,M. Homa,Max Homa,Birdies,3.298,4,-0.702,under,0,W,115,111,1.150,1.110
2026-06-09T23:10:16.313Z,US Masters 2024,US Masters,2024,3,M. Homa,Max Homa,Birdies,3.298,4.5,-1.202,under,0,W,-145,-117,0.690,0.855
2026-06-09T23:10:16.313Z,US Masters 2024,US Masters,2024,4,L. Aberg,Ludvig Aberg,Birdies,3.940,4,-0.060,under,5,L,-110,101,-1.000,-1.000
2026-06-09T23:10:16.313Z,US Masters 2024,US Masters,2024,4,M. Homa,Max Homa,Birdies,2.660,4,-1.340,under,3,W,-135,-121,0.741,0.826
2026-06-09T23:10:16.313Z,US Masters 2024,US Masters,2024,3,J. Niemann,Joaquin Niemann,Birdies,2.978,4,-1.022,under,5,L,-120,-103,-1.000,-1.000
2026-06-09T23:10:16.313Z,US Masters 2024,US Masters,2024,1,J. Niemann,Joaquin Niemann,Birdies,3.328,3,0.328,over,5,W,-145,-129,0.690,0.775
2026-06-09T23:10:16.313Z,US Masters 2024,US Masters,2024,1,N. Taylor,Nick Taylor,Birdies,3.060,3,0.060,over,4,W,110,125,1.100,1.250
2026-06-09T23:10:16.313Z,US Masters 2024,US Masters,2024,1,P. Cantlay,Patrick Cantlay,Birdies,3.181,3.5,-0.319,under,4,L,100,113,-1.000,-1.000
2026-06-09T23:10:16.313Z,US Masters 2024,US Masters,2024,1,R. Fowler,Rickie Fowler,Birdies,3.180,3.5,-0.320,under,1,W,-135,-118,0.741,0.847
2026-06-09T23:10:16.313Z,US Masters 2024,US Masters,2024,1,X. Schauffele,Xander Schauffele,Birdies,3.261,3.5,-0.239,under,2,W,115,129,1.150,1.290
2026-06-09T23:10:16.313Z,US Masters 2024,US Masters,2024,2,S. Scheffler,Scottie Scheffler,Birdies,4.751,4,0.751,over,3,L,-120,-102,-1.000,-1.000
2026-06-09T23:10:16.313Z,US Masters 2024,US Masters,2024,2,S. Scheffler,Scottie Scheffler,Birdies,4.751,4.5,0.251,over,3,L,-110,101,-1.000,-1.000
2026-06-09T23:10:16.313Z,US Masters 2024,US Masters,2024,2,X. Schauffele,Xander Schauffele,Birdies,2.681,3.5,-0.819,under,2,W,-105,106,0.952,1.060
2026-06-09T23:10:16.313Z,US Masters 2024,US Masters,2024,2,X. Schauffele,Xander Schauffele,Birdies,2.681,4,-1.319,under,2,W,-105,105,0.952,1.050
2026-06-09T23:10:16.313Z,US Masters 2024,US Masters,2024,3,A. Bhatia,Akshay Bhatia,Birdies,2.301,3.5,-1.199,under,3,W,100,124,1.000,1.240
2026-06-09T23:10:16.313Z,US Masters 2024,US Masters,2024,3,S. Lowry,Shane Lowry,Birdies,2.639,4,-1.361,under,2,W,-135,-104,0.741,0.962
2026-06-09T23:10:16.313Z,US Masters 2024,US Masters,2024,4,C. Morikawa,Collin Morikawa,Birdies,3.949,4,-0.051,under,3,W,105,118,1.050,1.180
2026-06-09T23:10:16.313Z,US Masters 2024,US Masters,2024,4,S. Scheffler,Scottie Scheffler,Birdies,4.260,4.5,-0.240,under,7,L,105,117,-1.000,-1.000
2026-06-09T23:10:16.313Z,US Masters 2024,US Masters,2024,3,C. Kirk,Chris Kirk,Birdies,3.736,3.5,0.236,over,5,W,-125,-114,0.800,0.877
2026-06-09T23:10:16.313Z,US Masters 2024,US Masters,2024,3,T. Finau,Tony Finau,Birdies,2.787,4,-1.213,under,3,W,-135,-115,0.741,0.870
2026-06-09T23:10:16.313Z,US Masters 2024,US Masters,2024,3,Cam. Young,Cameron Young,Birdies,4.345,3.5,0.845,over,5,W,-145,-111,0.690,0.901
2026-06-09T23:10:16.313Z,US Masters 2024,US Masters,2024,3,Cam. Young,Cameron Young,Birdies,4.345,4.5,-0.155,under,5,L,-135,-127,-1.000,-1.000
2026-06-09T23:10:16.313Z,US Masters 2024,US Masters,2024,3,T. Fleetwood,Tommy Fleetwood,Birdies,2.829,3.5,-0.671,under,2,W,110,-105,1.100,0.952
2026-06-09T23:10:16.313Z,US Masters 2024,US Masters,2024,3,T. Fleetwood,Tommy Fleetwood,Birdies,2.829,4.5,-1.671,under,2,W,-135,-127,0.741,0.787
2026-06-09T23:10:16.313Z,US Masters 2024,US Masters,2024,1,M. Homa,Max Homa,Birdies,3.058,3,0.058,over,7,W,-125,-113,0.800,0.885
2026-06-09T23:10:16.313Z,US Masters 2024,US Masters,2024,1,T. Woods,Tiger Woods,Birdies,3.023,3,0.023,over,2,L,105,-130,-1.000,-1.000
2026-06-09T23:10:16.313Z,US Masters 2024,US Masters,2024,3,T. Hatton,Tyrrell Hatton,Birdies,3.252,4,-0.748,under,5,L,-110,-116,-1.000,-1.000
2026-06-09T23:10:16.313Z,US Masters 2024,US Masters,2024,3,T. Woods,Tiger Woods,Birdies,2.733,3.5,-0.767,under,2,W,105,106,1.050,1.060
2026-06-09T23:10:16.313Z,US Masters 2025,US Masters,2025,2,X. Schauffele,Xander Schauffele,Birdies,3.241,3.5,-0.259,under,3,W,105,131,1.050,1.310
2026-06-09T23:10:16.313Z,US Masters 2025,US Masters,2025,2,B. Harman,Brian Harman,Birdies,3.512,2.5,1.012,over,4,W,-210,-170,0.476,0.588
2026-06-09T23:10:16.313Z,US Masters 2025,US Masters,2025,2,B. Harman,Brian Harman,Birdies,3.512,3.5,0.012,over,4,W,125,166,1.250,1.660
2026-06-09T23:10:16.313Z,US Masters 2025,US Masters,2025,2,C. Conners,Corey Conners,Birdies,4.081,3.5,0.581,over,4,W,-105,124,0.952,1.240
2026-06-09T23:10:16.313Z,US Masters 2025,US Masters,2025,2,S. Jaeger,Stephan Jaeger,Birdies,3.522,2.5,1.022,over,3,W,-200,-155,0.500,0.645
2026-06-09T23:10:16.313Z,US Masters 2025,US Masters,2025,2,C. Morikawa,Collin Morikawa,Birdies,2.760,3.5,-0.740,under,6,L,115,133,-1.000,-1.000
2026-06-09T23:10:16.313Z,US Masters 2025,US Masters,2025,2,J. Niemann,Joaquin Niemann,Birdies,3.045,3.5,-0.455,under,3,W,-110,101,0.909,1.010
2026-06-09T23:10:16.313Z,US Masters 2025,US Masters,2025,3,B. Dechambeau,Bryson DeChambeau,Birdies,4.993,4.5,0.493,over,6,W,125,157,1.250,1.570
2026-06-09T23:10:16.313Z,US Masters 2025,US Masters,2025,3,J. Rose,Justin Rose,Birdies,4.510,3.5,1.010,over,2,L,-125,-100,-1.000,-1.000
2026-06-09T23:10:16.313Z,US Masters 2025,US Masters,2025,2,J. Spieth,Jordan Spieth,Birdies,4.059,3.5,0.559,over,3,L,-155,-115,-1.000,-1.000
2026-06-09T23:10:16.313Z,US Masters 2025,US Masters,2025,2,T. Hatton,Tyrrell Hatton,Birdies,3.341,3.5,-0.159,under,6,L,-105,127,-1.000,-1.000
2026-06-09T23:10:16.313Z,US Masters 2025,US Masters,2025,2,T. Kim,Tom Kim,Birdies,2.033,3.5,-1.467,under,1,W,-125,-109,0.800,0.917
2026-06-09T23:10:16.313Z,US Masters 2025,US Masters,2025,3,C. Conners,Corey Conners,Birdies,4.171,3.5,0.671,over,4,W,-125,-104,0.800,0.962
2026-06-09T23:10:16.313Z,US Masters 2025,US Masters,2025,2,A. Bhatia,Akshay Bhatia,Birdies,5.031,3.5,1.531,over,1,L,100,120,-1.000,-1.000
2026-06-09T23:10:16.313Z,US Masters 2025,US Masters,2025,2,L. Aberg,Ludvig Aberg,Birdies,3.571,3.5,0.071,over,3,L,-135,-110,-1.000,-1.000
2026-06-09T23:10:16.313Z,US Masters 2025,US Masters,2025,2,B. Dechambeau,Bryson DeChambeau,Birdies,5.073,3.5,1.573,over,5,W,-155,-122,0.645,0.820
2026-06-09T23:10:16.313Z,US Masters 2025,US Masters,2025,2,H. Matsuyama,Hideki Matsuyama,Birdies,2.360,3.5,-1.140,under,5,L,-120,101,-1.000,-1.000
2026-06-09T23:10:16.313Z,US Masters 2025,US Masters,2025,2,S. Lowry,Shane Lowry,Birdies,3.559,3.5,0.059,over,5,W,-120,102,0.833,1.020
2026-06-09T23:10:16.313Z,US Masters 2025,US Masters,2025,3,S. Scheffler,Scottie Scheffler,Birdies,4.660,4.5,0.160,over,2,L,120,149,-1.000,-1.000
2026-06-09T23:10:16.313Z,US Masters 2025,US Masters,2025,3,T. Hatton,Tyrrell Hatton,Birdies,4.281,3.5,0.781,over,1,L,-120,105,-1.000,-1.000
2026-06-09T23:10:16.313Z,US Open 2025,US Open,2025,1,S. Scheffler,Scottie Scheffler,Birdies,3.799,2.5,1.299,over,3,W,-155,-128,0.645,0.781
2026-06-09T23:10:16.313Z,Valero Texas Open,Valero Texas Open,2026,1,Alex Noren,Alex Noren,Total score,72.167,70.5,1.667,over,70,L,-150,-134,-1.000,-1.000
2026-06-09T23:10:16.313Z,Valero Texas Open,Valero Texas Open,2026,1,Davis Thompson,Davis Thompson,Total score,72.203,71.5,0.703,over,66,L,105,126,-1.000,-1.000
2026-06-09T23:10:16.313Z,Valero Texas Open,Valero Texas Open,2026,1,Denny McCarthy,Denny McCarthy,Total score,71.724,70.5,1.224,over,73,W,-150,-121,0.667,0.826
2026-06-09T23:10:16.313Z,Valero Texas Open,Valero Texas Open,2026,1,J.J. Spaun,J.J. Spaun,Total score,72.030,70.5,1.530,over,69,L,-150,-121,-1.000,-1.000
2026-06-09T23:10:16.313Z,Valero Texas Open,Valero Texas Open,2026,1,J.J. Spaun,J.J. Spaun,Total score,72.030,71.5,0.530,over,69,L,110,130,-1.000,-1.000
2026-06-09T23:10:16.313Z,Valero Texas Open,Valero Texas Open,2026,1,Johnny Keefer,Johnny Keefer,Total score,72.218,71.5,0.718,over,76,W,105,125,1.050,1.250
2026-06-09T23:10:16.313Z,Valero Texas Open,Valero Texas Open,2026,1,Jordan Smith,Jordan Smith,Total score,71.747,71.5,0.247,over,76,W,-110,125,0.909,1.250
2026-06-09T23:10:16.313Z,Valero Texas Open,Valero Texas Open,2026,1,Jordan Spieth,Jordan Spieth,Total score,71.706,70.5,1.206,over,71,W,-105,103,0.952,1.030
2026-06-09T23:10:16.313Z,Valero Texas Open,Valero Texas Open,2026,1,Keith Mitchell,Keith Mitchell,Total score,72.000,70.5,1.500,over,74,W,-165,-134,0.606,0.746
2026-06-09T23:10:16.313Z,Valero Texas Open,Valero Texas Open,2026,1,Marco Penge,Marco Penge,Total score,71.724,71.5,0.224,over,68,L,110,116,-1.000,-1.000
2026-06-09T23:10:16.313Z,Valero Texas Open,Valero Texas Open,2026,1,Michael Thorbjornsen,Michael Thorbjornsen,Total score,71.724,70.5,1.224,over,70,L,-125,-122,-1.000,-1.000
2026-06-09T23:10:16.313Z,Valero Texas Open,Valero Texas Open,2026,1,Nick Taylor,Nick Taylor,Total score,72.276,71.5,0.776,over,70,L,100,136,-1.000,-1.000
2026-06-09T23:10:16.313Z,Valero Texas Open,Valero Texas Open,2026,1,Rickie Fowler,Rickie Fowler,Total score,72.166,70.5,1.666,over,70,L,-150,-122,-1.000,-1.000
2026-06-09T23:10:16.313Z,Valero Texas Open,Valero Texas Open,2026,1,Robert MacIntyre,Robert MacIntyre,Total score,71.724,70.5,1.224,over,66,L,-125,108,-1.000,-1.000
2026-06-09T23:10:16.313Z,Valero Texas Open,Valero Texas Open,2026,1,Russell Henley,Russell Henley,Total score,71.724,70.5,1.224,over,72,W,-125,113,0.800,1.130
2026-06-09T23:10:16.313Z,Valero Texas Open,Valero Texas Open,2026,1,Sepp Straka,Sepp Straka,Total score,71.724,70.5,1.224,over,72,W,-125,-119,0.800,0.840
2026-06-09T23:10:16.313Z,Valero Texas Open,Valero Texas Open,2026,1,Will Zalatoris,Will Zalatoris,Total score,71.724,71.5,0.224,over,67,L,-115,107,-1.000,-1.000
2026-06-09T23:10:16.313Z,Valero Texas Open 2024,Valero Texas Open,2024,2,A. Scott,Adam Scott,Birdies,2.499,4,-1.501,under,3,W,-125,-111,0.800,0.901
2026-06-09T23:10:16.313Z,Valero Texas Open 2024,Valero Texas Open,2024,2,B. Harman,Brian Harman,Birdies,3.191,4,-0.809,under,2,W,-105,105,0.952,1.050
2026-06-09T23:10:16.313Z,Valero Texas Open 2024,Valero Texas Open,2024,2,M. Fitzpatrick,Matt Fitzpatrick,Birdies,3.721,4,-0.279,under,1,W,105,116,1.050,1.160
2026-06-09T23:10:16.313Z,Valero Texas Open 2024,Valero Texas Open,2024,4,A. Bhatia,Akshay Bhatia,Birdies,5.280,4.5,0.780,over,6,W,115,-117,1.150,0.855
2026-06-09T23:10:16.313Z,Valero Texas Open 2024,Valero Texas Open,2024,4,B. Todd,Brendon Todd,Birdies,4.800,4.5,0.300,over,1,L,-110,103,-1.000,-1.000
2026-06-09T23:10:16.313Z,Valero Texas Open 2024,Valero Texas Open,2024,4,D. McCarthy,Denny McCarthy,Birdies,4.710,4,0.710,over,9,W,-135,-115,0.741,0.870
2026-06-09T23:10:16.313Z,Valero Texas Open 2024,Valero Texas Open,2024,4,D. McCarthy,Denny McCarthy,Birdies,4.710,4.5,0.210,over,9,W,-120,-106,0.833,0.943
2026-06-09T23:10:16.313Z,Valero Texas Open 2024,Valero Texas Open,2024,1,H. Matsuyama,Hideki Matsuyama,Birdies,3.688,4.5,-0.812,under,3,W,-145,-125,0.690,0.800
2026-06-09T23:10:16.313Z,Valero Texas Open 2024,Valero Texas Open,2024,1,J. Spieth,Jordan Spieth,Birdies,3.439,4.5,-1.061,under,5,L,-145,-125,-1.000,-1.000
2026-06-09T23:10:16.313Z,Valero Texas Open 2024,Valero Texas Open,2024,1,L. Glover,Lucas Glover,Birdies,3.801,4,-0.199,under,5,L,-125,-108,-1.000,-1.000
2026-06-09T23:10:16.313Z,Valero Texas Open 2024,Valero Texas Open,2024,2,C. Conners,Corey Conners,Birdies,3.921,3.5,0.421,over,5,W,-135,-121,0.741,0.826
2026-06-09T23:10:16.313Z,Valero Texas Open 2024,Valero Texas Open,2024,2,C. Morikawa,Collin Morikawa,Birdies,3.429,3.5,-0.071,under,1,W,105,121,1.050,1.210
2026-06-09T23:10:16.313Z,Valero Texas Open 2024,Valero Texas Open,2024,2,M. Homa,Max Homa,Birdies,3.726,3.5,0.226,over,2,L,-145,-128,-1.000,-1.000
2026-06-09T23:10:16.313Z,Valero Texas Open 2024,Valero Texas Open,2024,4,H. Matsuyama,Hideki Matsuyama,Birdies,4.400,4.5,-0.100,under,4,W,-105,109,0.952,1.090
2026-06-09T23:10:16.313Z,Valero Texas Open 2024,Valero Texas Open,2024,4,L. Aberg,Ludvig Aberg,Birdies,4.164,4.5,-0.336,under,3,W,110,124,1.100,1.240
2026-06-09T23:10:16.313Z,Valero Texas Open 2024,Valero Texas Open,2024,4,R. Henley,Russell Henley,Birdies,4.370,4.5,-0.130,under,4,W,-125,-111,0.800,0.901
2026-06-09T23:10:16.313Z,Valero Texas Open 2024,Valero Texas Open,2024,1,R. Fowler,Rickie Fowler,Birdies,3.811,4.5,-0.689,under,3,W,-125,-110,0.800,0.909
2026-06-09T23:10:16.313Z,Valero Texas Open 2024,Valero Texas Open,2024,1,T. Fleetwood,Tommy Fleetwood,Birdies,3.419,4.5,-1.081,under,3,W,110,124,1.100,1.240
2026-06-09T23:10:16.313Z,Valspar Championship,Valspar Championship,2025,1,S. Straka,Sepp Straka,Birdies,3.531,3.5,0.031,over,4,W,-105,118,0.952,1.180
2026-06-09T23:10:16.313Z,Valspar Championship,Valspar Championship,2025,1,X. Schauffele,Xander Schauffele,Birdies,3.701,3.5,0.201,over,4,W,105,129,1.050,1.290
2026-06-09T23:10:16.313Z,Valspar Championship,Valspar Championship,2025,1,B. Horschel,Billy Horschel,Birdies,3.364,2.5,0.864,over,3,W,-190,-157,0.526,0.637
2026-06-09T23:10:16.313Z,Valspar Championship,Valspar Championship,2025,1,T. Detry,Thomas Detry,Birdies,3.481,3.5,-0.019,under,3,W,-200,-164,0.500,0.610
2026-06-09T23:10:16.313Z,Valspar Championship,Valspar Championship,2025,1,T. Fleetwood,Tommy Fleetwood,Birdies,3.696,3.5,0.196,over,4,W,-145,-118,0.690,0.847
2026-06-09T23:10:16.313Z,Valspar Championship,Valspar Championship,2026,1,Alex Smalley,Alex Smalley,Total score,70.858,71.5,-0.642,under,68,W,-150,-123,0.667,0.813
2026-06-09T23:10:16.313Z,Valspar Championship,Valspar Championship,2026,1,Ben Griffin,Ben Griffin,Total score,71.276,70.5,0.776,over,70,L,-150,-116,-1.000,-1.000
2026-06-09T23:10:16.313Z,Valspar Championship,Valspar Championship,2026,1,Brooks Koepka,Brooks Koepka,Total score,70.724,70.5,0.224,over,71,W,-140,-116,0.714,0.862
2026-06-09T23:10:16.313Z,Valspar Championship,Valspar Championship,2026,1,Christiaan Bezuidenhout,Christiaan Bezuidenhout,Total score,71.294,71.5,-0.206,under,70,W,-165,-128,0.606,0.781
2026-06-09T23:10:16.313Z,Valspar Championship,Valspar Championship,2026,1,Corey Conners,Corey Conners,Total score,70.706,70.5,0.206,over,69,L,-140,-125,-1.000,-1.000
2026-06-09T23:10:16.313Z,Valspar Championship,Valspar Championship,2026,1,Davis Thompson,Davis Thompson,Total score,70.874,71.5,-0.626,under,66,W,-150,-126,0.667,0.794
2026-06-09T23:10:16.313Z,Valspar Championship,Valspar Championship,2026,1,J.J. Spaun,J.J. Spaun,Total score,71.148,70.5,0.648,over,77,W,-140,-116,0.714,0.862
2026-06-09T23:10:16.313Z,Valspar Championship,Valspar Championship,2026,1,Jacob Bridgeman,Jacob Bridgeman,Total score,70.897,70.5,0.397,over,68,L,-110,109,-1.000,-1.000
2026-06-09T23:10:16.313Z,Valspar Championship,Valspar Championship,2026,1,Jordan Spieth,Jordan Spieth,Total score,70.706,70.5,0.206,over,69,L,-140,-118,-1.000,-1.000
2026-06-09T23:10:16.313Z,Valspar Championship,Valspar Championship,2026,1,Justin Thomas,Justin Thomas,Total score,71.165,70.5,0.665,over,72,W,-125,104,0.800,1.040
2026-06-09T23:10:16.313Z,Valspar Championship,Valspar Championship,2026,1,Keegan Bradley,Keegan Bradley,Total score,71.276,70.5,0.776,over,73,W,-165,-130,0.606,0.769
2026-06-09T23:10:16.313Z,Valspar Championship,Valspar Championship,2026,1,Keegan Bradley,Keegan Bradley,Total score,71.276,71.5,-0.224,under,73,L,-165,-137,-1.000,-1.000
2026-06-09T23:10:16.313Z,Valspar Championship,Valspar Championship,2026,1,Matt Fitzpatrick,Matt Fitzpatrick,Total score,70.724,70.5,0.224,over,68,L,-105,119,-1.000,-1.000
2026-06-09T23:10:16.313Z,Valspar Championship,Valspar Championship,2026,1,Max Homa,Max Homa,Total score,70.724,71.5,-0.776,under,78,L,-150,-116,-1.000,-1.000
2026-06-09T23:10:16.313Z,Valspar Championship,Valspar Championship,2026,1,Nick Taylor,Nick Taylor,Total score,71.276,70.5,0.776,over,72,W,-150,-125,0.667,0.800
2026-06-09T23:10:16.313Z,Valspar Championship,Valspar Championship,2026,1,Patrick Cantlay,Patrick Cantlay,Total score,71.276,70.5,0.776,over,70,L,-120,-103,-1.000,-1.000
2026-06-09T23:10:16.313Z,Valspar Championship,Valspar Championship,2026,1,Ricky Castillo,Ricky Castillo,Total score,71.276,71.5,-0.224,under,68,W,-140,-119,0.714,0.840
2026-06-09T23:10:16.313Z,Valspar Championship,Valspar Championship,2026,1,Ryo Hisatsune,Ryo Hisatsune,Total score,71.146,70.5,0.646,over,71,W,-140,-107,0.714,0.935
2026-06-09T23:10:16.313Z,Valspar Championship,Valspar Championship,2026,1,Sahith Theegala,Sahith Theegala,Total score,71.042,70.5,0.542,over,77,W,-150,-125,0.667,0.800
2026-06-09T23:10:16.313Z,Valspar Championship,Valspar Championship,2026,1,Taylor Pendrith,Taylor Pendrith,Total score,71.065,70.5,0.565,over,76,W,-165,-134,0.606,0.746
2026-06-09T23:10:16.313Z,Valspar Championship,Valspar Championship,2026,1,Taylor Pendrith,Taylor Pendrith,Total score,71.065,71.5,-0.435,under,76,L,-165,-131,-1.000,-1.000
2026-06-09T23:10:16.313Z,Valspar Championship,Valspar Championship,2026,1,Thorbjørn Olesen,Thorbjorn Olesen,Total score,71.165,71.5,-0.335,under,73,L,-140,-113,-1.000,-1.000
2026-06-09T23:10:16.313Z,Valspar Championship,Valspar Championship,2026,1,Viktor Hovland,Viktor Hovland,Total score,70.706,70.5,0.206,over,70,L,-105,104,-1.000,-1.000
2026-06-09T23:10:16.313Z,Valspar Championship,Valspar Championship,2026,1,Wyndham Clark,Wyndham Clark,Total score,71.150,71.5,-0.350,under,70,W,-150,-123,0.667,0.813
2026-06-09T23:10:16.313Z,Valspar Championship,Valspar Championship,2026,1,Xander Schauffele,Xander Schauffele,Total score,70.861,69.5,1.361,over,68,L,-165,-138,-1.000,-1.000
2026-06-09T23:10:16.313Z,Valspar Championship,Valspar Championship,2026,1,Xander Schauffele,Xander Schauffele,Total score,70.861,70.5,0.361,over,68,L,105,134,-1.000,-1.000
2026-06-09T23:10:16.313Z,WM Phoenix Open 2024,WM Phoenix Open,2024,1,A. Scott,Adam Scott,Birdies,3.481,3.5,-0.019,under,2,W,100,112,1.000,1.120
2026-06-09T23:10:16.313Z,WM Phoenix Open 2024,WM Phoenix Open,2024,1,C. Young,Carson Young,Birdies,3.371,3.5,-0.129,under,2,W,105,120,1.050,1.200
2026-06-09T23:10:16.313Z,WM Phoenix Open 2024,WM Phoenix Open,2024,1,H. Matsuyama,Hideki Matsuyama,Birdies,3.674,3.5,0.174,over,7,W,-120,-104,0.833,0.962
2026-06-09T23:10:16.313Z,WM Phoenix Open 2024,WM Phoenix Open,2024,1,S. Scheffler,Scottie Scheffler,Birdies,4.106,4,0.106,over,5,W,-145,-129,0.690,0.775
2026-06-09T23:10:16.313Z,WM Phoenix Open 2024,WM Phoenix Open,2024,1,W. Clark,Wyndham Clark,Birdies,3.771,3.5,0.271,over,3,L,-135,-118,-1.000,-1.000
2026-06-09T23:10:16.313Z,WM Phoenix Open 2025,WM Phoenix Open,2025,2,S. Scheffler,Scottie Scheffler,Birdies,4.520,4.5,0.020,over,5,W,-165,-137,0.606,0.730
2026-06-09T23:10:16.313Z,WM Phoenix Open 2025,WM Phoenix Open,2025,2,S. Burns,Sam Burns,Birdies,3.703,4.5,-0.797,under,3,W,-165,-133,0.606,0.752
2026-06-09T23:10:16.313Z,Wells Fargo Championship 2023,Wells Fargo Championship,2023,4,W. Clark,Wyndham Clark,Total score,70.426,71,-0.574,under,68,W,-110,104,0.909,1.040
2026-06-09T23:10:16.313Z,Wells Fargo Championship 2023,Wells Fargo Championship,2023,4,W. Clark,Wyndham Clark,Birdies,5.700,3.5,2.200,over,5,W,-110,101,0.909,1.010
2026-06-09T23:10:16.313Z,Wells Fargo Championship 2024,Wells Fargo Championship,2024,1,S. Theegala,Sahith Theegala,Birdies,3.357,4,-0.643,under,1,W,105,120,1.050,1.200
2026-06-09T23:10:16.313Z,Wells Fargo Championship 2024,Wells Fargo Championship,2024,1,V. Hovland,Viktor Hovland,Birdies,3.444,4,-0.556,under,5,L,105,120,-1.000,-1.000
2026-06-09T23:10:16.313Z,Wells Fargo Championship 2024,Wells Fargo Championship,2024,1,B. Harman,Brian Harman,Birdies,3.194,4,-0.806,under,1,W,-105,107,0.952,1.070
2026-06-09T23:10:16.313Z,Wells Fargo Championship 2024,Wells Fargo Championship,2024,1,P. Cantlay,Patrick Cantlay,Birdies,3.630,4.5,-0.870,under,3,W,-135,-122,0.741,0.820
2026-06-09T23:10:16.313Z,Wells Fargo Championship 2024,Wells Fargo Championship,2024,1,J. Spieth,Jordan Spieth,Birdies,3.150,4,-0.850,under,3,W,105,118,1.050,1.180
2026-06-09T23:10:16.313Z,Wells Fargo Championship 2024,Wells Fargo Championship,2024,1,R. Fowler,Rickie Fowler,Birdies,3.491,4,-0.509,under,5,L,-110,101,-1.000,-1.000
2026-06-09T23:10:16.313Z,Wells Fargo Championship 2024,Wells Fargo Championship,2024,1,M. Homa,Max Homa,Birdies,3.490,4,-0.510,under,6,L,105,119,-1.000,-1.000
2026-06-09T23:10:16.313Z,Wells Fargo Championship 2024,Wells Fargo Championship,2024,1,T. Kim,Tom Kim,Birdies,3.550,4,-0.450,under,5,L,-145,-123,-1.000,-1.000
2026-06-09T23:10:16.313Z,Wells Fargo Championship 2024,Wells Fargo Championship,2024,1,S. Lowry,Shane Lowry,Birdies,3.150,4,-0.850,under,1,W,-135,-117,0.741,0.855
2026-06-09T23:10:16.313Z,Wells Fargo Championship 2024,Wells Fargo Championship,2024,1,W. Clark,Wyndham Clark,Birdies,3.711,4,-0.289,under,5,L,115,129,-1.000,-1.000
2026-06-09T23:10:16.313Z,Wells Fargo Championship 2024,Wells Fargo Championship,2024,1,X. Schauffele,Xander Schauffele,Birdies,3.579,4.5,-0.921,under,7,L,-135,-118,-1.000,-1.000
2026-06-09T23:10:16.313Z,World Wide Technology Championship 2024,World Wide Technology Championship,2024,1,D. Berger,Daniel Berger,Birdies,4.711,5.5,-0.789,under,4,W,-135,-110,0.741,0.909
2026-06-09T23:10:16.313Z,World Wide Technology Championship 2024,World Wide Technology Championship,2024,1,H. English,Harris English,Birdies,4.711,5.5,-0.789,under,5,W,-125,100,0.800,1.000
2026-06-09T23:10:16.313Z,World Wide Technology Championship 2024,World Wide Technology Championship,2024,1,Tom Hoge,Tom Hoge,Birdies,4.468,5.5,-1.032,under,5,W,-125,-105,0.800,0.952
2026-06-09T23:10:16.313Z,World Wide Technology Championship 2024,World Wide Technology Championship,2024,1,A. Smalley,Alex Smalley,Birdies,4.449,5.5,-1.051,under,2,W,-125,-101,0.800,0.990
2026-06-09T23:10:16.313Z,World Wide Technology Championship 2024,World Wide Technology Championship,2024,1,K. Kraft,Kelly Kraft,Birdies,4.331,5.5,-1.169,under,4,W,-180,-146,0.556,0.685
2026-06-09T23:10:16.313Z,World Wide Technology Championship 2024,World Wide Technology Championship,2024,1,M. McNealy,Maverick McNealy,Birdies,4.589,5.5,-0.911,under,6,L,105,128,-1.000,-1.000
2026-06-09T23:10:16.313Z,Wyndham Championship 2023,Wyndham Championship,2023,1,A. Scott,Adam Scott,Birdies,3.480,5,-1.520,under,7,L,-135,-118,-1.000,-1.000
2026-06-09T23:10:16.313Z,Wyndham Championship 2023,Wyndham Championship,2023,1,J. Thomas,Justin Thomas,Birdies,3.599,5,-1.401,under,2,W,-135,-118,0.741,0.847
2026-06-09T23:10:16.313Z,Wyndham Championship 2023,Wyndham Championship,2023,1,S. Lowry,Shane Lowry,Birdies,3.480,5,-1.520,under,3,W,-135,-115,0.741,0.870
2026-06-09T23:10:16.313Z,Wyndham Championship 2023,Wyndham Championship,2023,3,B. Horschel,Billy Horschel,Birdies,5.400,4,1.400,over,7,W,-110,103,0.909,1.030
2026-06-09T23:10:16.313Z,Wyndham Championship 2023,Wyndham Championship,2023,3,B. Horschel,Billy Horschel,Birdies,5.400,4.5,0.900,over,7,W,-110,100,0.909,1.000
2026-06-09T23:10:16.313Z,Wyndham Championship 2023,Wyndham Championship,2023,3,R. Henley,Russell Henley,Birdies,5.001,4,1.001,over,6,W,-145,-126,0.690,0.794
2026-06-09T23:10:16.313Z,Wyndham Championship 2023,Wyndham Championship,2023,3,R. Henley,Russell Henley,Birdies,5.001,4.5,0.501,over,6,W,-145,-123,0.690,0.813
2026-06-09T23:10:16.313Z,Wyndham Championship 2023,Wyndham Championship,2023,3,M. Wallace,Matt Wallace,Birdies,4.477,4,0.477,over,2,L,100,114,-1.000,-1.000
2026-06-09T23:10:16.313Z,Wyndham Championship 2023,Wyndham Championship,2023,4,J. Thomas,Justin Thomas,Birdies,4.950,5,-0.050,under,2,W,-110,-101,0.909,0.990
2026-06-09T23:10:16.313Z,Wyndham Championship 2023,Wyndham Championship,2023,1,B. Horschel,Billy Horschel,Birdies,3.920,5,-1.080,under,4,W,-125,-110,0.800,0.909
2026-06-09T23:10:16.313Z,Wyndham Championship 2023,Wyndham Championship,2023,1,K. Streelman,Kevin Streelman,Birdies,3.805,5,-1.195,under,4,W,-145,-124,0.690,0.806
2026-06-09T23:10:16.313Z,Wyndham Championship 2023,Wyndham Championship,2023,3,A. Svensson,Adam Svensson,Birdies,5.151,4,1.151,over,5,W,-135,-114,0.741,0.877
2026-06-09T23:10:16.313Z,Wyndham Championship 2023,Wyndham Championship,2023,3,A. Svensson,Adam Svensson,Birdies,5.151,4.5,0.651,over,5,W,-125,-114,0.800,0.877
2026-06-09T23:10:16.313Z,Wyndham Championship 2023,Wyndham Championship,2023,3,L. Glover,Lucas Glover,Birdies,5.451,4,1.451,over,9,W,-120,-107,0.833,0.935
2026-06-09T23:10:16.313Z,Wyndham Championship 2023,Wyndham Championship,2023,4,B. Horschel,Billy Horschel,Birdies,6.090,5,1.090,over,1,L,100,115,-1.000,-1.000
2026-06-09T23:10:16.313Z,Wyndham Championship 2023,Wyndham Championship,2023,4,L. Glover,Lucas Glover,Birdies,6.540,5,1.540,over,3,L,110,123,-1.000,-1.000
2026-06-09T23:10:16.313Z,Wyndham Championship 2023,Wyndham Championship,2023,1,C. Davis,Cam Davis,Birdies,3.839,4.5,-0.661,under,4,W,105,120,1.050,1.200
2026-06-09T23:10:16.313Z,Wyndham Championship 2023,Wyndham Championship,2023,1,H. Matsuyama,Hideki Matsuyama,Birdies,3.828,5,-1.172,under,3,W,-120,-104,0.833,0.962
2026-06-09T23:10:16.313Z,Wyndham Championship 2023,Wyndham Championship,2023,1,R. Henley,Russell Henley,Birdies,3.791,5,-1.209,under,7,L,-125,-111,-1.000,-1.000
2026-06-09T23:10:16.313Z,Wyndham Championship 2023,Wyndham Championship,2023,1,A. Bhatia,Akshay Bhatia,Birdies,3.861,5,-1.139,under,3,W,-135,-121,0.741,0.826
2026-06-09T23:10:16.313Z,Wyndham Championship 2023,Wyndham Championship,2023,1,S. Cink,Stewart Cink,Birdies,3.960,4.5,-0.540,under,4,W,100,113,1.000,1.130
2026-06-09T23:10:16.313Z,Wyndham Championship 2023,Wyndham Championship,2023,1,J.T. Poston,J.T. Poston,Birdies,3.911,5,-1.089,under,7,L,-125,-110,-1.000,-1.000
2026-06-09T23:10:16.313Z,Wyndham Championship 2023,Wyndham Championship,2023,1,S.W. Kim,S.H. Kim,Birdies,3.861,5,-1.139,under,2,W,-105,107,0.952,1.070
2026-06-09T23:10:16.313Z,Wyndham Championship 2023,Wyndham Championship,2023,1,W. Simpson,Webb Simpson,Birdies,3.651,4.5,-0.849,under,5,L,-105,109,-1.000,-1.000
2026-06-09T23:10:16.313Z,the Memorial Tournament presented by Workday,the Memorial Tournament presented by Workday,2026,1,Ben Griffin,Ben Griffin,Total score,73.344,72.5,0.844,over,74,W,105,122,1.050,1.220
2026-06-09T23:10:16.313Z,the Memorial Tournament presented by Workday,the Memorial Tournament presented by Workday,2026,1,Cameron Young,Cameron Young,Total score,74.266,71.5,2.766,over,73,W,-120,-103,0.833,0.971
2026-06-09T23:10:16.313Z,the Memorial Tournament presented by Workday,the Memorial Tournament presented by Workday,2026,1,Chris Gotterup,Chris Gotterup,Total score,73.884,72.5,1.384,over,74,W,-110,106,0.909,1.060
2026-06-09T23:10:16.313Z,the Memorial Tournament presented by Workday,the Memorial Tournament presented by Workday,2026,1,J.J. Spaun,J.J. Spaun,Total score,73.733,72.5,1.233,over,67,L,105,124,-1.000,-1.000
2026-06-09T23:10:16.313Z,the Memorial Tournament presented by Workday,the Memorial Tournament presented by Workday,2026,1,Justin Thomas,Justin Thomas,Total score,73.935,72.5,1.435,over,74,W,105,125,1.050,1.250
2026-06-09T23:10:16.313Z,the Memorial Tournament presented by Workday,the Memorial Tournament presented by Workday,2026,1,Maverick McNealy,Maverick McNealy,Total score,73.476,72.5,0.976,over,71,L,-125,-105,-1.000,-1.000
2026-06-09T23:10:16.313Z,the Memorial Tournament presented by Workday,the Memorial Tournament presented by Workday,2026,1,Min Woo Lee,Min Woo Lee,Total score,73.965,72.5,1.465,over,74,W,-115,104,0.870,1.040
2026-06-09T23:10:16.313Z,the Memorial Tournament presented by Workday,the Memorial Tournament presented by Workday,2026,1,Rickie Fowler,Rickie Fowler,Total score,73.986,72.5,1.486,over,79,W,-115,105,0.870,1.050
2026-06-09T23:10:16.313Z,the Memorial Tournament presented by Workday,the Memorial Tournament presented by Workday,2026,1,Robert MacIntyre,Robert MacIntyre,Total score,74.026,72.5,1.526,over,77,W,-115,105,0.870,1.050
2026-06-09T23:10:16.313Z,the Memorial Tournament presented by Workday,the Memorial Tournament presented by Workday,2026,1,Rory McIlroy,Rory McIlroy,Total score,73.690,71.5,2.190,over,71,L,100,119,-1.000,-1.000
2026-06-09T23:10:16.313Z,the Memorial Tournament presented by Workday,the Memorial Tournament presented by Workday,2026,1,Sam Burns,Sam Burns,Total score,73.728,72.5,1.228,over,69,L,-115,104,-1.000,-1.000
2026-06-09T23:10:16.313Z,the Memorial Tournament presented by Workday,the Memorial Tournament presented by Workday,2026,1,Tommy Fleetwood,Tommy Fleetwood,Total score,73.316,71.5,1.816,over,67,L,-140,-113,-1.000,-1.000
