captured_at,pp_round_props_refreshed_at,projections_updated_at,event_name,course_used,display_round,round_num,dg_id,player_name,market,pp_line,over_odds,under_odds,p_over_implied,p_under_implied,pp_odds_method,model_total_score,model_birdies,model_pars,model_bogeys,model_gir,model_fairways,model_putts
2026-07-09T05:07:25Z,2026-07-08T15:56:57Z,2026-07-09T03:33:48Z,Genesis Scottish Open,The Renaissance Club,1,1,11889,"Fox, Ryan",Total Score,69.5,-136,-136,0.576271186440678,0.576271186440678,prizepicks_fixed,69.19,3.82,10.25,3.53,12.28,7.68,29.4
2026-07-09T05:07:25Z,2026-07-08T15:56:57Z,2026-07-09T03:33:48Z,Genesis Scottish Open,The Renaissance Club,1,1,24766,"Kim, Tom",Total Score,69,-136,-136,0.576271186440678,0.576271186440678,prizepicks_fixed,68.23,3.86,10.65,3.1,12.92,8.77,29.4
2026-07-09T05:07:25Z,2026-07-08T15:56:57Z,2026-07-09T03:33:48Z,Genesis Scottish Open,The Renaissance Club,1,1,24766,"Kim, Tom",Pars,11.5,-136,-136,0.576271186440678,0.576271186440678,prizepicks_fixed,68.23,3.86,10.65,3.1,12.92,8.77,29.4
2026-07-09T05:07:25Z,2026-07-08T15:56:57Z,2026-07-09T03:33:48Z,Genesis Scottish Open,The Renaissance Club,1,1,11889,"Fox, Ryan",Birdies,4,-136,-136,0.576271186440678,0.576271186440678,prizepicks_fixed,69.19,3.82,10.25,3.53,12.28,7.68,29.4
2026-07-09T05:07:25Z,2026-07-08T15:56:57Z,2026-07-09T03:33:48Z,Genesis Scottish Open,The Renaissance Club,1,1,19895,"Schauffele, Xander",Birdies,4.5,-136,-136,0.576271186440678,0.576271186440678,prizepicks_fixed,67.5,3.89,10.84,2.83,13.11,8.59,29.1
2026-07-09T05:07:25Z,2026-07-08T15:56:57Z,2026-07-09T03:33:48Z,Genesis Scottish Open,The Renaissance Club,1,1,20706,"Wallace, Matt",Total Score,69.5,-136,-136,0.576271186440678,0.576271186440678,prizepicks_fixed,69.67,3.73,10.23,3.61,12.55,8.35,29.4
2026-07-09T05:07:25Z,2026-07-08T15:56:57Z,2026-07-09T03:33:48Z,Genesis Scottish Open,The Renaissance Club,1,1,14502,"Cauley, Bud",Total Score,69,-136,-136,0.576271186440678,0.576271186440678,prizepicks_fixed,69.05,3.79,10.46,3.36,12.92,8.8,29.6
2026-07-09T05:07:25Z,2026-07-08T15:56:57Z,2026-07-09T03:33:48Z,Genesis Scottish Open,The Renaissance Club,1,1,22465,"Penge, Marco",Total Score,69,-136,-136,0.576271186440678,0.576271186440678,prizepicks_fixed,68.34,3.93,10.28,3.36,11.57,7.68,29.8
2026-07-09T05:07:25Z,2026-07-08T15:56:57Z,2026-07-09T03:33:48Z,Genesis Scottish Open,The Renaissance Club,1,1,14502,"Cauley, Bud",Pars,11.5,-136,-136,0.576271186440678,0.576271186440678,prizepicks_fixed,69.05,3.79,10.46,3.36,12.92,8.8,29.6
2026-07-09T05:07:25Z,2026-07-08T15:56:57Z,2026-07-09T03:33:48Z,Genesis Scottish Open,The Renaissance Club,1,1,22465,"Penge, Marco",Birdies,4,-136,-136,0.576271186440678,0.576271186440678,prizepicks_fixed,68.34,3.93,10.28,3.36,11.57,7.68,29.8
2026-07-09T05:07:25Z,2026-07-08T15:56:57Z,2026-07-09T03:33:48Z,Genesis Scottish Open,The Renaissance Club,1,1,14502,"Cauley, Bud",Bogeys,2.5,-136,-136,0.576271186440678,0.576271186440678,prizepicks_fixed,69.05,3.79,10.46,3.36,12.92,8.8,29.6
2026-07-09T05:07:25Z,2026-07-08T15:56:57Z,2026-07-09T03:33:48Z,Genesis Scottish Open,The Renaissance Club,1,1,18474,"Smalley, Alex",Total Score,69.5,-136,-136,0.576271186440678,0.576271186440678,prizepicks_fixed,69.47,3.88,10.14,3.51,12.56,8.64,29
2026-07-09T05:07:25Z,2026-07-08T15:56:57Z,2026-07-09T03:33:48Z,Genesis Scottish Open,The Renaissance Club,1,1,17543,"Kim, Michael",Total Score,69.5,-136,-136,0.576271186440678,0.576271186440678,prizepicks_fixed,69.49,3.73,10.13,3.68,11.99,7.94,28.8
2026-07-09T05:07:25Z,2026-07-08T15:56:57Z,2026-07-09T03:33:48Z,Genesis Scottish Open,The Renaissance Club,1,1,17543,"Kim, Michael",Pars,11.5,-136,-136,0.576271186440678,0.576271186440678,prizepicks_fixed,69.49,3.73,10.13,3.68,11.99,7.94,28.8
2026-07-09T05:07:25Z,2026-07-08T15:56:57Z,2026-07-09T03:33:48Z,Genesis Scottish Open,The Renaissance Club,1,1,17543,"Kim, Michael",Birdies,3.5,-136,-136,0.576271186440678,0.576271186440678,prizepicks_fixed,69.49,3.73,10.13,3.68,11.99,7.94,28.8
2026-07-09T05:07:25Z,2026-07-08T15:56:57Z,2026-07-09T03:33:48Z,Genesis Scottish Open,The Renaissance Club,1,1,16841,"Lee, Min Woo",Birdies,4,-136,-136,0.576271186440678,0.576271186440678,prizepicks_fixed,69.38,3.89,10.26,3.36,12.67,8.47,29.4
2026-07-09T05:07:25Z,2026-07-08T15:56:57Z,2026-07-09T03:33:48Z,Genesis Scottish Open,The Renaissance Club,1,1,16243,"Koepka, Brooks",Birdies,4,-136,-136,0.576271186440678,0.576271186440678,prizepicks_fixed,69.64,3.79,10.13,3.64,12.02,8.11,29.7
2026-07-09T05:07:25Z,2026-07-08T15:56:57Z,2026-07-09T03:33:48Z,Genesis Scottish Open,The Renaissance Club,1,1,28635,"McCarty, Matt",Total Score,69.5,-136,-136,0.576271186440678,0.576271186440678,prizepicks_fixed,69.34,3.87,10.2,3.56,12.44,8.65,29.2
2026-07-09T05:07:25Z,2026-07-08T15:56:57Z,2026-07-09T03:33:48Z,Genesis Scottish Open,The Renaissance Club,1,1,16243,"Koepka, Brooks",Total Score,69,-136,-136,0.576271186440678,0.576271186440678,prizepicks_fixed,69.64,3.79,10.13,3.64,12.02,8.11,29.7
2026-07-09T05:07:25Z,2026-07-08T15:56:57Z,2026-07-09T03:33:48Z,Genesis Scottish Open,The Renaissance Club,1,1,16841,"Lee, Min Woo",Total Score,69,-136,-136,0.576271186440678,0.576271186440678,prizepicks_fixed,69.38,3.89,10.26,3.36,12.67,8.47,29.4
2026-07-09T05:07:25Z,2026-07-08T15:56:57Z,2026-07-09T03:33:48Z,Genesis Scottish Open,The Renaissance Club,1,1,16243,"Koepka, Brooks",Pars,11,-136,-136,0.576271186440678,0.576271186440678,prizepicks_fixed,69.64,3.79,10.13,3.64,12.02,8.11,29.7
2026-07-09T05:07:25Z,2026-07-08T15:56:57Z,2026-07-09T03:33:48Z,Genesis Scottish Open,The Renaissance Club,1,1,28635,"McCarty, Matt",Birdies,3.5,-136,-136,0.576271186440678,0.576271186440678,prizepicks_fixed,69.34,3.87,10.2,3.56,12.44,8.65,29.2
2026-07-09T05:07:25Z,2026-07-08T15:56:57Z,2026-07-09T03:33:48Z,Genesis Scottish Open,The Renaissance Club,1,1,16841,"Lee, Min Woo",Bogeys,2.5,-136,-136,0.576271186440678,0.576271186440678,prizepicks_fixed,69.38,3.89,10.26,3.36,12.67,8.47,29.4
2026-07-09T05:07:25Z,2026-07-08T15:56:57Z,2026-07-09T03:33:48Z,Genesis Scottish Open,The Renaissance Club,1,1,16243,"Koepka, Brooks",Bogeys,2.5,-136,-136,0.576271186440678,0.576271186440678,prizepicks_fixed,69.64,3.79,10.13,3.64,12.02,8.11,29.7
2026-07-09T05:07:25Z,2026-07-08T15:56:57Z,2026-07-09T03:33:48Z,Genesis Scottish Open,The Renaissance Club,1,1,15466,"Cantlay, Patrick",Birdies,4,-136,-136,0.576271186440678,0.576271186440678,prizepicks_fixed,68.51,3.87,10.56,3.13,13.09,8.72,29.2
2026-07-09T05:07:25Z,2026-07-08T15:56:57Z,2026-07-09T03:33:48Z,Genesis Scottish Open,The Renaissance Club,1,1,23602,"Hojgaard, Nicolai",Birdies,4,-136,-136,0.576271186440678,0.576271186440678,prizepicks_fixed,68.7,3.85,10.31,3.28,12.76,7.63,29.2
2026-07-09T05:07:25Z,2026-07-08T15:56:57Z,2026-07-09T03:33:48Z,Genesis Scottish Open,The Renaissance Club,1,1,23602,"Hojgaard, Nicolai",Total Score,69,-136,-136,0.576271186440678,0.576271186440678,prizepicks_fixed,68.7,3.85,10.31,3.28,12.76,7.63,29.2
2026-07-09T05:07:25Z,2026-07-08T15:56:57Z,2026-07-09T03:33:48Z,Genesis Scottish Open,The Renaissance Club,1,1,15466,"Cantlay, Patrick",Total Score,68.5,-136,-136,0.576271186440678,0.576271186440678,prizepicks_fixed,68.51,3.87,10.56,3.13,13.09,8.72,29.2
2026-07-09T05:07:25Z,2026-07-08T15:56:57Z,2026-07-09T03:33:48Z,Genesis Scottish Open,The Renaissance Club,1,1,15466,"Cantlay, Patrick",Pars,11.5,-136,-136,0.576271186440678,0.576271186440678,prizepicks_fixed,68.51,3.87,10.56,3.13,13.09,8.72,29.2
2026-07-09T05:07:25Z,2026-07-08T15:56:57Z,2026-07-09T03:33:48Z,Genesis Scottish Open,The Renaissance Club,1,1,23602,"Hojgaard, Nicolai",Pars,11,-136,-136,0.576271186440678,0.576271186440678,prizepicks_fixed,68.7,3.85,10.31,3.28,12.76,7.63,29.2
2026-07-09T05:07:25Z,2026-07-08T15:56:57Z,2026-07-09T03:33:48Z,Genesis Scottish Open,The Renaissance Club,1,1,15466,"Cantlay, Patrick",Bogeys,2.5,-136,-136,0.576271186440678,0.576271186440678,prizepicks_fixed,68.51,3.87,10.56,3.13,13.09,8.72,29.2
2026-07-09T05:07:25Z,2026-07-08T15:56:57Z,2026-07-09T03:33:48Z,Genesis Scottish Open,The Renaissance Club,1,1,6430,"Scott, Adam",Birdies,4,-136,-136,0.576271186440678,0.576271186440678,prizepicks_fixed,68.3,3.87,10.44,3.19,12.93,8.33,30.1
2026-07-09T05:07:25Z,2026-07-08T15:56:57Z,2026-07-09T03:33:48Z,Genesis Scottish Open,The Renaissance Club,1,1,6430,"Scott, Adam",Total Score,69,-136,-136,0.576271186440678,0.576271186440678,prizepicks_fixed,68.3,3.87,10.44,3.19,12.93,8.33,30.1
2026-07-09T05:07:25Z,2026-07-08T15:56:57Z,2026-07-09T03:33:48Z,Genesis Scottish Open,The Renaissance Club,1,1,21407,"Reitan, Kristoffer",Total Score,69,-136,-136,0.576271186440678,0.576271186440678,prizepicks_fixed,68.7,3.86,10.24,3.35,12.34,8.54,29.1
2026-07-09T05:07:25Z,2026-07-08T15:56:57Z,2026-07-09T03:33:48Z,Genesis Scottish Open,The Renaissance Club,1,1,21891,"Kitayama, Kurt",Total Score,69,-136,-136,0.576271186440678,0.576271186440678,prizepicks_fixed,68.4,3.89,10.46,3.12,13.09,8.67,29.9
2026-07-09T05:07:25Z,2026-07-08T15:56:57Z,2026-07-09T03:33:48Z,Genesis Scottish Open,The Renaissance Club,1,1,19895,"Schauffele, Xander",Total Score,68,-136,-136,0.576271186440678,0.576271186440678,prizepicks_fixed,67.5,3.89,10.84,2.83,13.11,8.59,29.1
2026-07-09T05:07:25Z,2026-07-08T15:56:57Z,2026-07-09T03:33:48Z,Genesis Scottish Open,The Renaissance Club,1,1,21891,"Kitayama, Kurt",Pars,11.5,-136,-136,0.576271186440678,0.576271186440678,prizepicks_fixed,68.4,3.89,10.46,3.12,13.09,8.67,29.9
2026-07-09T05:07:25Z,2026-07-08T15:56:57Z,2026-07-09T03:33:48Z,Genesis Scottish Open,The Renaissance Club,1,1,6430,"Scott, Adam",Pars,11.5,-136,-136,0.576271186440678,0.576271186440678,prizepicks_fixed,68.3,3.87,10.44,3.19,12.93,8.33,30.1
2026-07-09T05:07:25Z,2026-07-08T15:56:57Z,2026-07-09T03:33:48Z,Genesis Scottish Open,The Renaissance Club,1,1,21407,"Reitan, Kristoffer",Birdies,4,-136,-136,0.576271186440678,0.576271186440678,prizepicks_fixed,68.7,3.86,10.24,3.35,12.34,8.54,29.1
2026-07-09T05:07:25Z,2026-07-08T15:56:57Z,2026-07-09T03:33:48Z,Genesis Scottish Open,The Renaissance Club,1,1,21891,"Kitayama, Kurt",Birdies,4,-136,-136,0.576271186440678,0.576271186440678,prizepicks_fixed,68.4,3.89,10.46,3.12,13.09,8.67,29.9
2026-07-09T05:07:25Z,2026-07-08T15:56:57Z,2026-07-09T03:33:48Z,Genesis Scottish Open,The Renaissance Club,1,1,21891,"Kitayama, Kurt",Bogeys,2.5,-136,-136,0.576271186440678,0.576271186440678,prizepicks_fixed,68.4,3.89,10.46,3.12,13.09,8.67,29.9
2026-07-09T05:07:25Z,2026-07-08T15:56:57Z,2026-07-09T03:33:48Z,Genesis Scottish Open,The Renaissance Club,1,1,6430,"Scott, Adam",Bogeys,2.5,-136,-136,0.576271186440678,0.576271186440678,prizepicks_fixed,68.3,3.87,10.44,3.19,12.93,8.33,30.1
2026-07-09T05:07:25Z,2026-07-08T15:56:57Z,2026-07-09T03:33:48Z,Genesis Scottish Open,The Renaissance Club,1,1,23323,"MacIntyre, Robert",Birdies,4,-136,-136,0.576271186440678,0.576271186440678,prizepicks_fixed,68.21,4.1,10.33,3.13,12.15,8.64,28.6
2026-07-09T05:07:25Z,2026-07-08T15:56:57Z,2026-07-09T03:33:48Z,Genesis Scottish Open,The Renaissance Club,1,1,13900,"Lowry, Shane",Birdies,3.5,-136,-136,0.576271186440678,0.576271186440678,prizepicks_fixed,68.47,3.79,10.5,3.19,12.98,9.04,29.7
2026-07-09T05:07:25Z,2026-07-08T15:56:57Z,2026-07-09T03:33:48Z,Genesis Scottish Open,The Renaissance Club,1,1,18554,"Rai, Aaron",Total Score,69,-136,-136,0.576271186440678,0.576271186440678,prizepicks_fixed,68.96,3.8,10.4,3.34,12.98,10.04,29.7
2026-07-09T05:07:25Z,2026-07-08T15:56:57Z,2026-07-09T03:33:48Z,Genesis Scottish Open,The Renaissance Club,1,1,17536,"Spaun, J.J.",Total Score,69,-136,-136,0.576271186440678,0.576271186440678,prizepicks_fixed,69.55,3.91,10.17,3.48,13.04,9.22,29.8
2026-07-09T05:07:25Z,2026-07-08T15:56:57Z,2026-07-09T03:33:48Z,Genesis Scottish Open,The Renaissance Club,1,1,13900,"Lowry, Shane",Total Score,69,-136,-136,0.576271186440678,0.576271186440678,prizepicks_fixed,68.47,3.79,10.5,3.19,12.98,9.04,29.7
2026-07-09T05:07:25Z,2026-07-08T15:56:57Z,2026-07-09T03:33:48Z,Genesis Scottish Open,The Renaissance Club,1,1,18554,"Rai, Aaron",Pars,11.5,-136,-136,0.576271186440678,0.576271186440678,prizepicks_fixed,68.96,3.8,10.4,3.34,12.98,10.04,29.7
2026-07-09T05:07:25Z,2026-07-08T15:56:57Z,2026-07-09T03:33:48Z,Genesis Scottish Open,The Renaissance Club,1,1,17536,"Spaun, J.J.",Pars,11.5,-136,-136,0.576271186440678,0.576271186440678,prizepicks_fixed,69.55,3.91,10.17,3.48,13.04,9.22,29.8
2026-07-09T05:07:25Z,2026-07-08T15:56:57Z,2026-07-09T03:33:48Z,Genesis Scottish Open,The Renaissance Club,1,1,13900,"Lowry, Shane",Pars,11.5,-136,-136,0.576271186440678,0.576271186440678,prizepicks_fixed,68.47,3.79,10.5,3.19,12.98,9.04,29.7
2026-07-09T05:07:25Z,2026-07-08T15:56:57Z,2026-07-09T03:33:48Z,Genesis Scottish Open,The Renaissance Club,1,1,17536,"Spaun, J.J.",Birdies,4,-136,-136,0.576271186440678,0.576271186440678,prizepicks_fixed,69.55,3.91,10.17,3.48,13.04,9.22,29.8
2026-07-09T05:07:25Z,2026-07-08T15:56:57Z,2026-07-09T03:33:48Z,Genesis Scottish Open,The Renaissance Club,1,1,18554,"Rai, Aaron",Bogeys,2.5,-136,-136,0.576271186440678,0.576271186440678,prizepicks_fixed,68.96,3.8,10.4,3.34,12.98,10.04,29.7
2026-07-09T05:07:25Z,2026-07-08T15:56:57Z,2026-07-09T03:33:48Z,Genesis Scottish Open,The Renaissance Club,1,1,17536,"Spaun, J.J.",Bogeys,2.5,-136,-136,0.576271186440678,0.576271186440678,prizepicks_fixed,69.55,3.91,10.17,3.48,13.04,9.22,29.8
2026-07-09T05:07:25Z,2026-07-08T15:56:57Z,2026-07-09T03:33:48Z,Genesis Scottish Open,The Renaissance Club,1,1,13900,"Lowry, Shane",Bogeys,2.5,-136,-136,0.576271186440678,0.576271186440678,prizepicks_fixed,68.47,3.79,10.5,3.19,12.98,9.04,29.7
2026-07-09T05:07:25Z,2026-07-08T15:56:57Z,2026-07-09T03:33:48Z,Genesis Scottish Open,The Renaissance Club,1,1,10091,"McIlroy, Rory",Birdies,4.5,-136,-136,0.576271186440678,0.576271186440678,prizepicks_fixed,66.72,4.14,10.63,2.69,13.07,8.27,28.8
2026-07-09T05:07:25Z,2026-07-08T15:56:57Z,2026-07-09T03:33:48Z,Genesis Scottish Open,The Renaissance Club,1,1,27774,"Gotterup, Chris",Birdies,4.5,-136,-136,0.576271186440678,0.576271186440678,prizepicks_fixed,68.23,3.87,10.41,3.22,12.89,7.94,28.6
2026-07-09T05:07:25Z,2026-07-08T15:56:57Z,2026-07-09T03:33:48Z,Genesis Scottish Open,The Renaissance Club,1,1,27900,"Potgieter, Aldrich",Total Score,69.5,-136,-136,0.576271186440678,0.576271186440678,prizepicks_fixed,69.74,3.75,10.13,3.59,11.27,7.6,30
2026-07-09T05:07:25Z,2026-07-08T15:56:57Z,2026-07-09T03:33:48Z,Genesis Scottish Open,The Renaissance Club,1,1,27774,"Gotterup, Chris",Total Score,68.5,-136,-136,0.576271186440678,0.576271186440678,prizepicks_fixed,68.23,3.87,10.41,3.22,12.89,7.94,28.6
2026-07-09T05:07:25Z,2026-07-08T15:56:57Z,2026-07-09T03:33:48Z,Genesis Scottish Open,The Renaissance Club,1,1,23323,"MacIntyre, Robert",Total Score,68.5,-136,-136,0.576271186440678,0.576271186440678,prizepicks_fixed,68.21,4.1,10.33,3.13,12.15,8.64,28.6
2026-07-09T05:07:25Z,2026-07-08T15:56:57Z,2026-07-09T03:33:48Z,Genesis Scottish Open,The Renaissance Club,1,1,10091,"McIlroy, Rory",Total Score,68,-136,-136,0.576271186440678,0.576271186440678,prizepicks_fixed,66.72,4.14,10.63,2.69,13.07,8.27,28.8
2026-07-09T05:07:25Z,2026-07-08T15:56:57Z,2026-07-09T03:33:48Z,Genesis Scottish Open,The Renaissance Club,1,1,27774,"Gotterup, Chris",Pars,11,-136,-136,0.576271186440678,0.576271186440678,prizepicks_fixed,68.23,3.87,10.41,3.22,12.89,7.94,28.6
2026-07-09T05:07:25Z,2026-07-08T15:56:57Z,2026-07-09T03:33:48Z,Genesis Scottish Open,The Renaissance Club,1,1,10091,"McIlroy, Rory",Pars,11,-136,-136,0.576271186440678,0.576271186440678,prizepicks_fixed,66.72,4.14,10.63,2.69,13.07,8.27,28.8
2026-07-09T05:07:25Z,2026-07-08T15:56:57Z,2026-07-09T03:33:48Z,Genesis Scottish Open,The Renaissance Club,1,1,27900,"Potgieter, Aldrich",Pars,10.5,-136,-136,0.576271186440678,0.576271186440678,prizepicks_fixed,69.74,3.75,10.13,3.59,11.27,7.6,30
2026-07-09T05:07:25Z,2026-07-08T15:56:57Z,2026-07-09T03:33:48Z,Genesis Scottish Open,The Renaissance Club,1,1,27900,"Potgieter, Aldrich",Birdies,4,-136,-136,0.576271186440678,0.576271186440678,prizepicks_fixed,69.74,3.75,10.13,3.59,11.27,7.6,30
2026-07-09T05:07:25Z,2026-07-08T15:56:57Z,2026-07-09T03:33:48Z,Genesis Scottish Open,The Renaissance Club,1,1,27774,"Gotterup, Chris",Bogeys,2.5,-136,-136,0.576271186440678,0.576271186440678,prizepicks_fixed,68.23,3.87,10.41,3.22,12.89,7.94,28.6
2026-07-09T05:07:25Z,2026-07-08T15:56:57Z,2026-07-09T03:33:48Z,Genesis Scottish Open,The Renaissance Club,1,1,23323,"MacIntyre, Robert",Bogeys,2.5,-136,-136,0.576271186440678,0.576271186440678,prizepicks_fixed,68.21,4.1,10.33,3.13,12.15,8.64,28.6
2026-07-09T05:07:25Z,2026-07-08T15:56:57Z,2026-07-09T03:33:48Z,Genesis Scottish Open,The Renaissance Club,1,1,23604,"Clark, Wyndham",Birdies,4,-136,-136,0.576271186440678,0.576271186440678,prizepicks_fixed,67.89,4.19,10.46,2.92,12.88,7.97,28.2
2026-07-09T05:07:25Z,2026-07-08T15:56:57Z,2026-07-09T03:33:48Z,Genesis Scottish Open,The Renaissance Club,1,1,18841,"Hovland, Viktor",Birdies,4,-136,-136,0.576271186440678,0.576271186440678,prizepicks_fixed,68.41,4.12,10.27,3.12,13.01,9.15,29.1
2026-07-09T05:07:25Z,2026-07-08T15:56:57Z,2026-07-09T03:33:48Z,Genesis Scottish Open,The Renaissance Club,1,1,26745,"Chacarra, Eugenio",Total Score,69.5,-136,-136,0.576271186440678,0.576271186440678,prizepicks_fixed,69.02,3.75,10.31,3.48,12.15,8.68,29.3
2026-07-09T05:07:25Z,2026-07-08T15:56:57Z,2026-07-09T03:33:48Z,Genesis Scottish Open,The Renaissance Club,1,1,18841,"Hovland, Viktor",Total Score,68.5,-136,-136,0.576271186440678,0.576271186440678,prizepicks_fixed,68.41,4.12,10.27,3.12,13.01,9.15,29.1
2026-07-09T05:07:25Z,2026-07-08T15:56:57Z,2026-07-09T03:33:48Z,Genesis Scottish Open,The Renaissance Club,1,1,23604,"Clark, Wyndham",Total Score,68.5,-136,-136,0.576271186440678,0.576271186440678,prizepicks_fixed,67.89,4.19,10.46,2.92,12.88,7.97,28.2
2026-07-09T05:07:25Z,2026-07-08T15:56:57Z,2026-07-09T03:33:48Z,Genesis Scottish Open,The Renaissance Club,1,1,18841,"Hovland, Viktor",Pars,11,-136,-136,0.576271186440678,0.576271186440678,prizepicks_fixed,68.41,4.12,10.27,3.12,13.01,9.15,29.1
2026-07-09T05:07:25Z,2026-07-08T15:56:57Z,2026-07-09T03:33:48Z,Genesis Scottish Open,The Renaissance Club,1,1,23604,"Clark, Wyndham",Pars,11,-136,-136,0.576271186440678,0.576271186440678,prizepicks_fixed,67.89,4.19,10.46,2.92,12.88,7.97,28.2
2026-07-09T05:07:25Z,2026-07-08T15:56:57Z,2026-07-09T03:33:48Z,Genesis Scottish Open,The Renaissance Club,1,1,18841,"Hovland, Viktor",Bogeys,2.5,-136,-136,0.576271186440678,0.576271186440678,prizepicks_fixed,68.41,4.12,10.27,3.12,13.01,9.15,29.1
2026-07-09T05:07:25Z,2026-07-08T15:56:57Z,2026-07-09T03:33:48Z,Genesis Scottish Open,The Renaissance Club,1,1,23604,"Clark, Wyndham",Bogeys,2.5,-136,-136,0.576271186440678,0.576271186440678,prizepicks_fixed,67.89,4.19,10.46,2.92,12.88,7.97,28.2
2026-07-09T05:07:25Z,2026-07-08T15:56:57Z,2026-07-09T03:33:48Z,Genesis Scottish Open,The Renaissance Club,1,1,14796,"Hatton, Tyrrell",Birdies,4,-136,-136,0.576271186440678,0.576271186440678,prizepicks_fixed,68.58,4.13,10.21,3.16,13.05,8.21,29.3
2026-07-09T05:07:25Z,2026-07-08T15:56:57Z,2026-07-09T03:33:48Z,Genesis Scottish Open,The Renaissance Club,1,1,10419,"Noren, Alex",Total Score,69.5,-136,-136,0.576271186440678,0.576271186440678,prizepicks_fixed,69.13,3.86,10.33,3.49,11.65,9.1,28.7
2026-07-09T05:07:25Z,2026-07-08T15:56:57Z,2026-07-09T03:33:48Z,Genesis Scottish Open,The Renaissance Club,1,1,20085,"Lindell, Oliver",Total Score,69.5,-136,-136,0.576271186440678,0.576271186440678,prizepicks_fixed,69.59,3.7,10.32,3.63,12.21,8.28,29.1
2026-07-09T05:07:25Z,2026-07-08T15:56:57Z,2026-07-09T03:33:48Z,Genesis Scottish Open,The Renaissance Club,1,1,14796,"Hatton, Tyrrell",Total Score,68.5,-136,-136,0.576271186440678,0.576271186440678,prizepicks_fixed,68.58,4.13,10.21,3.16,13.05,8.21,29.3
2026-07-09T05:07:25Z,2026-07-08T15:56:57Z,2026-07-09T03:33:48Z,Genesis Scottish Open,The Renaissance Club,1,1,10419,"Noren, Alex",Pars,11.5,-136,-136,0.576271186440678,0.576271186440678,prizepicks_fixed,69.13,3.86,10.33,3.49,11.65,9.1,28.7
2026-07-09T05:07:25Z,2026-07-08T15:56:57Z,2026-07-09T03:33:48Z,Genesis Scottish Open,The Renaissance Club,1,1,10419,"Noren, Alex",Birdies,3.5,-136,-136,0.576271186440678,0.576271186440678,prizepicks_fixed,69.13,3.86,10.33,3.49,11.65,9.1,28.7
2026-07-09T05:07:25Z,2026-07-08T15:56:57Z,2026-07-09T03:33:48Z,Genesis Scottish Open,The Renaissance Club,1,1,14796,"Hatton, Tyrrell",Bogeys,2.5,-136,-136,0.576271186440678,0.576271186440678,prizepicks_fixed,68.58,4.13,10.21,3.16,13.05,8.21,29.3
2026-07-09T05:07:25Z,2026-07-08T15:56:57Z,2026-07-09T03:33:48Z,Genesis Scottish Open,The Renaissance Club,1,1,20722,"Schmid, Matti",Total Score,70,-136,-136,0.576271186440678,0.576271186440678,prizepicks_fixed,69.44,3.72,10.11,3.71,11.33,7.68,29.4
2026-07-09T05:07:25Z,2026-07-08T15:56:57Z,2026-07-09T03:33:48Z,Genesis Scottish Open,The Renaissance Club,1,1,28309,"Coody, Pierceson",Total Score,69.5,-136,-136,0.576271186440678,0.576271186440678,prizepicks_fixed,69.2,3.98,10.25,3.36,12.4,8.31,29.1
2026-07-09T05:07:25Z,2026-07-08T15:56:57Z,2026-07-09T03:33:48Z,Genesis Scottish Open,The Renaissance Club,1,1,28309,"Coody, Pierceson",Birdies,4,-136,-136,0.576271186440678,0.576271186440678,prizepicks_fixed,69.2,3.98,10.25,3.36,12.4,8.31,29.1
2026-07-09T05:07:25Z,2026-07-08T15:56:57Z,2026-07-09T03:33:48Z,Genesis Scottish Open,The Renaissance Club,1,1,29197,"Brennan, Michael",Total Score,69.5,-136,-136,0.576271186440678,0.576271186440678,prizepicks_fixed,69.07,3.79,10.17,3.57,11.87,8.55,30
2026-07-09T05:07:25Z,2026-07-08T15:56:57Z,2026-07-09T03:33:48Z,Genesis Scottish Open,The Renaissance Club,1,1,28984,"Puig, David",Total Score,69,-136,-136,0.576271186440678,0.576271186440678,prizepicks_fixed,69.21,3.88,10.19,3.47,11.34,8,28.6
2026-07-09T05:07:25Z,2026-07-08T15:56:57Z,2026-07-09T03:33:48Z,Genesis Scottish Open,The Renaissance Club,1,1,28984,"Puig, David",Birdies,4,-136,-136,0.576271186440678,0.576271186440678,prizepicks_fixed,69.21,3.88,10.19,3.47,11.34,8,28.6
2026-07-09T05:07:25Z,2026-07-08T15:56:57Z,2026-07-09T03:33:48Z,Genesis Scottish Open,The Renaissance Club,1,1,29197,"Brennan, Michael",Birdies,4,-136,-136,0.576271186440678,0.576271186440678,prizepicks_fixed,69.07,3.79,10.17,3.57,11.87,8.55,30
2026-07-09T05:07:25Z,2026-07-08T15:56:57Z,2026-07-09T03:33:48Z,Genesis Scottish Open,The Renaissance Club,1,1,23475,"Novak, Andrew",Total Score,69.5,-136,-136,0.576271186440678,0.576271186440678,prizepicks_fixed,69.77,3.83,10,3.72,12.27,7.14,29.9
2026-07-09T05:07:25Z,2026-07-08T15:56:57Z,2026-07-09T03:33:48Z,Genesis Scottish Open,The Renaissance Club,1,1,23475,"Novak, Andrew",Birdies,3.5,-136,-136,0.576271186440678,0.576271186440678,prizepicks_fixed,69.77,3.83,10,3.72,12.27,7.14,29.9
2026-07-09T05:07:25Z,2026-07-08T15:56:57Z,2026-07-09T03:33:48Z,Genesis Scottish Open,The Renaissance Club,1,1,25569,"Stevens, Sam",Total Score,69.5,-136,-136,0.576271186440678,0.576271186440678,prizepicks_fixed,69.32,3.87,10.25,3.48,12.47,8.49,29.7
2026-07-09T05:07:25Z,2026-07-08T15:56:57Z,2026-07-09T03:33:48Z,Genesis Scottish Open,The Renaissance Club,1,1,13126,"Taylor, Nick",Total Score,69.5,-136,-136,0.576271186440678,0.576271186440678,prizepicks_fixed,69.24,3.79,10.27,3.5,12.24,8.88,29
2026-07-09T05:07:25Z,2026-07-08T15:56:57Z,2026-07-09T03:33:48Z,Genesis Scottish Open,The Renaissance Club,1,1,23014,"Theegala, Sahith",Total Score,69.5,-136,-136,0.576271186440678,0.576271186440678,prizepicks_fixed,68.19,3.86,10.43,3.24,12.56,7.91,29.3
2026-07-09T05:07:25Z,2026-07-08T15:56:57Z,2026-07-09T03:33:48Z,Genesis Scottish Open,The Renaissance Club,1,1,15326,"Sullivan, Andy",Total Score,69.5,-136,-136,0.576271186440678,0.576271186440678,prizepicks_fixed,69.96,3.75,10.22,3.69,10.85,8.81,29.9
2026-07-09T05:07:25Z,2026-07-08T15:56:57Z,2026-07-09T03:33:48Z,Genesis Scottish Open,The Renaissance Club,1,1,14577,"English, Harris",Total Score,69,-136,-136,0.576271186440678,0.576271186440678,prizepicks_fixed,68.6,3.97,10.44,3.21,12.03,8.87,28.3
2026-07-09T05:07:25Z,2026-07-08T15:56:57Z,2026-07-09T03:33:48Z,Genesis Scottish Open,The Renaissance Club,1,1,14577,"English, Harris",Pars,11.5,-136,-136,0.576271186440678,0.576271186440678,prizepicks_fixed,68.6,3.97,10.44,3.21,12.03,8.87,28.3
2026-07-09T05:07:25Z,2026-07-08T15:56:57Z,2026-07-09T03:33:48Z,Genesis Scottish Open,The Renaissance Club,1,1,14577,"English, Harris",Birdies,4,-136,-136,0.576271186440678,0.576271186440678,prizepicks_fixed,68.6,3.97,10.44,3.21,12.03,8.87,28.3
2026-07-09T05:07:25Z,2026-07-08T15:56:57Z,2026-07-09T03:33:48Z,Genesis Scottish Open,The Renaissance Club,1,1,13126,"Taylor, Nick",Birdies,3.5,-136,-136,0.576271186440678,0.576271186440678,prizepicks_fixed,69.24,3.79,10.27,3.5,12.24,8.88,29
2026-07-09T05:07:25Z,2026-07-08T15:56:57Z,2026-07-09T03:33:48Z,Genesis Scottish Open,The Renaissance Club,1,1,14577,"English, Harris",Bogeys,2.5,-136,-136,0.576271186440678,0.576271186440678,prizepicks_fixed,68.6,3.97,10.44,3.21,12.03,8.87,28.3
2026-07-09T05:07:25Z,2026-07-08T15:56:57Z,2026-07-09T03:33:48Z,Genesis Scottish Open,The Renaissance Club,1,1,17576,"Conners, Corey",Total Score,69.5,-136,-136,0.576271186440678,0.576271186440678,prizepicks_fixed,69.16,3.75,10.16,3.62,12.86,9.29,29.8
2026-07-09T05:07:25Z,2026-07-08T15:56:57Z,2026-07-09T03:33:48Z,Genesis Scottish Open,The Renaissance Club,1,1,17488,"Im, Sungjae",Total Score,69.5,-136,-136,0.576271186440678,0.576271186440678,prizepicks_fixed,69.44,3.84,10.1,3.71,10.72,8.68,29.1
2026-07-09T05:07:25Z,2026-07-08T15:56:57Z,2026-07-09T03:33:48Z,Genesis Scottish Open,The Renaissance Club,1,1,17576,"Conners, Corey",Pars,11.5,-136,-136,0.576271186440678,0.576271186440678,prizepicks_fixed,69.16,3.75,10.16,3.62,12.86,9.29,29.8
2026-07-09T05:07:25Z,2026-07-08T15:56:57Z,2026-07-09T03:33:48Z,Genesis Scottish Open,The Renaissance Club,1,1,17488,"Im, Sungjae",Birdies,3.5,-136,-136,0.576271186440678,0.576271186440678,prizepicks_fixed,69.44,3.84,10.1,3.71,10.72,8.68,29.1
2026-07-09T05:07:25Z,2026-07-08T15:56:57Z,2026-07-09T03:33:48Z,Genesis Scottish Open,The Renaissance Club,1,1,17576,"Conners, Corey",Bogeys,2.5,-136,-136,0.576271186440678,0.576271186440678,prizepicks_fixed,69.16,3.75,10.16,3.62,12.86,9.29,29.8
2026-07-09T05:07:25Z,2026-07-08T15:56:57Z,2026-07-09T03:33:48Z,Genesis Scottish Open,The Renaissance Club,1,1,12294,"Fleetwood, Tommy",Birdies,4,-136,-136,0.576271186440678,0.576271186440678,prizepicks_fixed,67.53,3.85,10.87,2.81,13.02,9.63,28.5
2026-07-09T05:07:25Z,2026-07-08T15:56:57Z,2026-07-09T03:33:48Z,Genesis Scottish Open,The Renaissance Club,1,1,14609,"Kim, Si Woo",Birdies,4,-136,-136,0.576271186440678,0.576271186440678,prizepicks_fixed,68.16,4.15,10.36,3.01,13.13,9.72,29.3
2026-07-09T05:07:25Z,2026-07-08T15:56:57Z,2026-07-09T03:33:48Z,Genesis Scottish Open,The Renaissance Club,1,1,8825,"Harman, Brian",Total Score,69.5,-136,-136,0.576271186440678,0.576271186440678,prizepicks_fixed,69.33,3.86,10.02,3.58,12.36,8.97,29.1
2026-07-09T05:07:25Z,2026-07-08T15:56:57Z,2026-07-09T03:33:48Z,Genesis Scottish Open,The Renaissance Club,1,1,29767,"Gerard, Ryan",Total Score,69.5,-136,-136,0.576271186440678,0.576271186440678,prizepicks_fixed,69.36,4.01,10.11,3.38,12.92,8.85,28.8
2026-07-09T05:07:25Z,2026-07-08T15:56:57Z,2026-07-09T03:33:48Z,Genesis Scottish Open,The Renaissance Club,1,1,27194,"Hall, Harry",Total Score,69.5,-136,-136,0.576271186440678,0.576271186440678,prizepicks_fixed,69.09,3.86,10.11,3.6,11.75,7.9,28.4
2026-07-09T05:07:25Z,2026-07-08T15:56:57Z,2026-07-09T03:33:48Z,Genesis Scottish Open,The Renaissance Club,1,1,29767,"Gerard, Ryan",Pars,11.5,-136,-136,0.576271186440678,0.576271186440678,prizepicks_fixed,69.36,4.01,10.11,3.38,12.92,8.85,28.8
2026-07-09T05:07:25Z,2026-07-08T15:56:57Z,2026-07-09T03:33:48Z,Genesis Scottish Open,The Renaissance Club,1,1,8825,"Harman, Brian",Pars,11.5,-136,-136,0.576271186440678,0.576271186440678,prizepicks_fixed,69.33,3.86,10.02,3.58,12.36,8.97,29.1
2026-07-09T05:07:25Z,2026-07-08T15:56:57Z,2026-07-09T03:33:48Z,Genesis Scottish Open,The Renaissance Club,1,1,27194,"Hall, Harry",Pars,11.5,-136,-136,0.576271186440678,0.576271186440678,prizepicks_fixed,69.09,3.86,10.11,3.6,11.75,7.9,28.4
2026-07-09T05:07:25Z,2026-07-08T15:56:57Z,2026-07-09T03:33:48Z,Genesis Scottish Open,The Renaissance Club,1,1,8825,"Harman, Brian",Birdies,3.5,-136,-136,0.576271186440678,0.576271186440678,prizepicks_fixed,69.33,3.86,10.02,3.58,12.36,8.97,29.1
2026-07-09T05:07:25Z,2026-07-08T15:56:57Z,2026-07-09T03:33:48Z,Genesis Scottish Open,The Renaissance Club,1,1,8825,"Harman, Brian",Bogeys,2.5,-136,-136,0.576271186440678,0.576271186440678,prizepicks_fixed,69.33,3.86,10.02,3.58,12.36,8.97,29.1
2026-07-09T05:07:25Z,2026-07-08T15:56:57Z,2026-07-09T03:33:48Z,Genesis Scottish Open,The Renaissance Club,1,1,27194,"Hall, Harry",Bogeys,2.5,-136,-136,0.576271186440678,0.576271186440678,prizepicks_fixed,69.09,3.86,10.11,3.6,11.75,7.9,28.4
2026-07-09T05:07:25Z,2026-07-08T15:56:57Z,2026-07-09T03:33:48Z,Genesis Scottish Open,The Renaissance Club,1,1,17646,"Fitzpatrick, Matt",Birdies,4,-136,-136,0.576271186440678,0.576271186440678,prizepicks_fixed,67.73,4.05,10.68,2.85,13.24,9.14,28.8
2026-07-09T05:07:25Z,2026-07-08T15:56:57Z,2026-07-09T03:33:48Z,Genesis Scottish Open,The Renaissance Club,1,1,21756,"Cole, Eric",Total Score,69.5,-136,-136,0.576271186440678,0.576271186440678,prizepicks_fixed,68.86,4.1,10.14,3.36,12.3,7.74,28.4
2026-07-09T05:07:25Z,2026-07-08T15:56:57Z,2026-07-09T03:33:48Z,Genesis Scottish Open,The Renaissance Club,1,1,17511,"Straka, Sepp",Total Score,69.5,-136,-136,0.576271186440678,0.576271186440678,prizepicks_fixed,69.78,3.68,10.06,3.81,11.98,8.74,29.6
2026-07-09T05:07:25Z,2026-07-08T15:56:57Z,2026-07-09T03:33:48Z,Genesis Scottish Open,The Renaissance Club,1,1,26991,"Schaper, Jayden",Total Score,69.5,-136,-136,0.576271186440678,0.576271186440678,prizepicks_fixed,70.13,3.82,9.89,3.91,11.31,9.31,29.6
2026-07-09T05:07:25Z,2026-07-08T15:56:57Z,2026-07-09T03:33:48Z,Genesis Scottish Open,The Renaissance Club,1,1,14609,"Kim, Si Woo",Total Score,69,-136,-136,0.576271186440678,0.576271186440678,prizepicks_fixed,68.16,4.15,10.36,3.01,13.13,9.72,29.3
2026-07-09T05:07:25Z,2026-07-08T15:56:57Z,2026-07-09T03:33:48Z,Genesis Scottish Open,The Renaissance Club,1,1,14609,"Kim, Si Woo",Pars,11.5,-136,-136,0.576271186440678,0.576271186440678,prizepicks_fixed,68.16,4.15,10.36,3.01,13.13,9.72,29.3
2026-07-09T05:07:25Z,2026-07-08T15:56:57Z,2026-07-09T03:33:48Z,Genesis Scottish Open,The Renaissance Club,1,1,26991,"Schaper, Jayden",Birdies,3.5,-136,-136,0.576271186440678,0.576271186440678,prizepicks_fixed,70.13,3.82,9.89,3.91,11.31,9.31,29.6
2026-07-09T05:07:25Z,2026-07-08T15:56:57Z,2026-07-09T03:33:48Z,Genesis Scottish Open,The Renaissance Club,1,1,14609,"Kim, Si Woo",Bogeys,2.5,-136,-136,0.576271186440678,0.576271186440678,prizepicks_fixed,68.16,4.15,10.36,3.01,13.13,9.72,29.3
2026-07-09T05:07:25Z,2026-07-08T15:56:57Z,2026-07-09T03:33:48Z,Genesis Scottish Open,The Renaissance Club,1,1,18417,"Scheffler, Scottie",Birdies,4.5,-136,-136,0.576271186440678,0.576271186440678,prizepicks_fixed,67.05,4.23,10.74,2.53,13.42,9.4,28
2026-07-09T05:07:25Z,2026-07-08T15:56:57Z,2026-07-09T03:33:48Z,Genesis Scottish Open,The Renaissance Club,1,1,23465,"Greyserman, Max",Total Score,69.5,-136,-136,0.576271186440678,0.576271186440678,prizepicks_fixed,68.93,3.79,10.23,3.5,11.61,7.86,29.2
2026-07-09T05:07:25Z,2026-07-08T15:56:57Z,2026-07-09T03:33:48Z,Genesis Scottish Open,The Renaissance Club,1,1,17646,"Fitzpatrick, Matt",Total Score,68.5,-136,-136,0.576271186440678,0.576271186440678,prizepicks_fixed,67.73,4.05,10.68,2.85,13.24,9.14,28.8
2026-07-09T05:07:25Z,2026-07-08T15:56:57Z,2026-07-09T03:33:48Z,Genesis Scottish Open,The Renaissance Club,1,1,12294,"Fleetwood, Tommy",Total Score,68.5,-136,-136,0.576271186440678,0.576271186440678,prizepicks_fixed,67.53,3.85,10.87,2.81,13.02,9.63,28.5
2026-07-09T05:07:25Z,2026-07-08T15:56:57Z,2026-07-09T03:33:48Z,Genesis Scottish Open,The Renaissance Club,1,1,18417,"Scheffler, Scottie",Total Score,67.5,-136,-136,0.576271186440678,0.576271186440678,prizepicks_fixed,67.05,4.23,10.74,2.53,13.42,9.4,28
2026-07-09T05:07:25Z,2026-07-08T15:56:57Z,2026-07-09T03:33:48Z,Genesis Scottish Open,The Renaissance Club,1,1,17646,"Fitzpatrick, Matt",Pars,11.5,-136,-136,0.576271186440678,0.576271186440678,prizepicks_fixed,67.73,4.05,10.68,2.85,13.24,9.14,28.8
2026-07-09T05:07:25Z,2026-07-08T15:56:57Z,2026-07-09T03:33:48Z,Genesis Scottish Open,The Renaissance Club,1,1,18417,"Scheffler, Scottie",Pars,11.5,-136,-136,0.576271186440678,0.576271186440678,prizepicks_fixed,67.05,4.23,10.74,2.53,13.42,9.4,28
2026-07-09T05:07:25Z,2026-07-08T15:56:57Z,2026-07-09T03:33:48Z,Genesis Scottish Open,The Renaissance Club,1,1,12294,"Fleetwood, Tommy",Pars,11.5,-136,-136,0.576271186440678,0.576271186440678,prizepicks_fixed,67.53,3.85,10.87,2.81,13.02,9.63,28.5
2026-07-09T05:07:25Z,2026-07-08T15:56:57Z,2026-07-09T03:33:48Z,Genesis Scottish Open,The Renaissance Club,1,1,18417,"Scheffler, Scottie",Bogeys,2,-136,-136,0.576271186440678,0.576271186440678,prizepicks_fixed,67.05,4.23,10.74,2.53,13.42,9.4,28
2026-07-09T05:07:25Z,2026-07-08T15:56:57Z,2026-07-09T03:33:48Z,Genesis Scottish Open,The Renaissance Club,1,1,12294,"Fleetwood, Tommy",Bogeys,2,-136,-136,0.576271186440678,0.576271186440678,prizepicks_fixed,67.53,3.85,10.87,2.81,13.02,9.63,28.5
2026-07-09T05:07:25Z,2026-07-08T15:56:57Z,2026-07-09T03:33:48Z,Genesis Scottish Open,The Renaissance Club,1,1,19195,"Rahm, Jon",Birdies,4.5,-136,-136,0.576271186440678,0.576271186440678,prizepicks_fixed,69.1,4.28,10.18,3.07,13.26,8.79,29
2026-07-09T05:07:25Z,2026-07-08T15:56:57Z,2026-07-09T03:33:48Z,Genesis Scottish Open,The Renaissance Club,1,1,23950,"Aberg, Ludvig",Birdies,4.5,-136,-136,0.576271186440678,0.576271186440678,prizepicks_fixed,67.83,4,10.45,3.06,13.17,8.79,28.8
2026-07-09T05:07:25Z,2026-07-08T15:56:57Z,2026-07-09T03:33:48Z,Genesis Scottish Open,The Renaissance Club,1,1,14139,"Thomas, Justin",Birdies,4,-136,-136,0.576271186440678,0.576271186440678,prizepicks_fixed,68.59,3.92,10.51,3.2,12.88,8.39,28.7
2026-07-09T05:07:25Z,2026-07-08T15:56:57Z,2026-07-09T03:33:48Z,Genesis Scottish Open,The Renaissance Club,1,1,14838,"Reed, Patrick",Birdies,4,-136,-136,0.576271186440678,0.576271186440678,prizepicks_fixed,68.98,3.64,10.44,3.51,12.35,8.34,29.3
2026-07-09T05:07:25Z,2026-07-08T15:56:57Z,2026-07-09T03:33:48Z,Genesis Scottish Open,The Renaissance Club,1,1,14838,"Reed, Patrick",Total Score,69,-136,-136,0.576271186440678,0.576271186440678,prizepicks_fixed,68.98,3.64,10.44,3.51,12.35,8.34,29.3
2026-07-09T05:07:25Z,2026-07-08T15:56:57Z,2026-07-09T03:33:48Z,Genesis Scottish Open,The Renaissance Club,1,1,14139,"Thomas, Justin",Total Score,68.5,-136,-136,0.576271186440678,0.576271186440678,prizepicks_fixed,68.59,3.92,10.51,3.2,12.88,8.39,28.7
2026-07-09T05:07:25Z,2026-07-08T15:56:57Z,2026-07-09T03:33:48Z,Genesis Scottish Open,The Renaissance Club,1,1,23950,"Aberg, Ludvig",Total Score,68.5,-136,-136,0.576271186440678,0.576271186440678,prizepicks_fixed,67.83,4,10.45,3.06,13.17,8.79,28.8
2026-07-09T05:07:25Z,2026-07-08T15:56:57Z,2026-07-09T03:33:48Z,Genesis Scottish Open,The Renaissance Club,1,1,14838,"Reed, Patrick",Pars,11.5,-136,-136,0.576271186440678,0.576271186440678,prizepicks_fixed,68.98,3.64,10.44,3.51,12.35,8.34,29.3
2026-07-09T05:07:25Z,2026-07-08T15:56:57Z,2026-07-09T03:33:48Z,Genesis Scottish Open,The Renaissance Club,1,1,14139,"Thomas, Justin",Pars,11.5,-136,-136,0.576271186440678,0.576271186440678,prizepicks_fixed,68.59,3.92,10.51,3.2,12.88,8.39,28.7
2026-07-09T05:07:25Z,2026-07-08T15:56:57Z,2026-07-09T03:33:48Z,Genesis Scottish Open,The Renaissance Club,1,1,23950,"Aberg, Ludvig",Pars,11,-136,-136,0.576271186440678,0.576271186440678,prizepicks_fixed,67.83,4,10.45,3.06,13.17,8.79,28.8
2026-07-09T05:07:25Z,2026-07-08T15:56:57Z,2026-07-09T03:33:48Z,Genesis Scottish Open,The Renaissance Club,1,1,14139,"Thomas, Justin",Bogeys,2.5,-136,-136,0.576271186440678,0.576271186440678,prizepicks_fixed,68.59,3.92,10.51,3.2,12.88,8.39,28.7
2026-07-09T05:07:25Z,2026-07-08T15:56:57Z,2026-07-09T03:33:48Z,Genesis Scottish Open,The Renaissance Club,1,1,14838,"Reed, Patrick",Bogeys,2.5,-136,-136,0.576271186440678,0.576271186440678,prizepicks_fixed,68.98,3.64,10.44,3.51,12.35,8.34,29.3
2026-07-09T05:07:25Z,2026-07-08T15:56:57Z,2026-07-09T03:33:48Z,Genesis Scottish Open,The Renaissance Club,1,1,23950,"Aberg, Ludvig",Bogeys,2.5,-136,-136,0.576271186440678,0.576271186440678,prizepicks_fixed,67.83,4,10.45,3.06,13.17,8.79,28.8
2026-07-09T05:07:25Z,2026-07-08T15:56:57Z,2026-07-09T03:33:48Z,Genesis Scottish Open,The Renaissance Club,1,1,25362,"Fitzpatrick, Alex",Total Score,69,-136,-136,0.576271186440678,0.576271186440678,prizepicks_fixed,69.02,4.05,10.19,3.24,13.07,9.38,29.4
2026-07-09T05:07:25Z,2026-07-08T15:56:57Z,2026-07-09T03:33:48Z,Genesis Scottish Open,The Renaissance Club,1,1,25362,"Fitzpatrick, Alex",Pars,11.5,-136,-136,0.576271186440678,0.576271186440678,prizepicks_fixed,69.02,4.05,10.19,3.24,13.07,9.38,29.4
2026-07-09T05:07:25Z,2026-07-08T15:56:57Z,2026-07-09T03:33:48Z,Genesis Scottish Open,The Renaissance Club,1,1,25362,"Fitzpatrick, Alex",Birdies,4,-136,-136,0.576271186440678,0.576271186440678,prizepicks_fixed,69.02,4.05,10.19,3.24,13.07,9.38,29.4
2026-07-09T05:07:25Z,2026-07-08T15:56:57Z,2026-07-09T03:33:48Z,Genesis Scottish Open,The Renaissance Club,1,1,19195,"Rahm, Jon",Total Score,68,-136,-136,0.576271186440678,0.576271186440678,prizepicks_fixed,69.1,4.28,10.18,3.07,13.26,8.79,29
2026-07-09T05:07:25Z,2026-07-08T15:56:57Z,2026-07-09T03:33:48Z,Genesis Scottish Open,The Renaissance Club,1,1,19195,"Rahm, Jon",Bogeys,2,-136,-136,0.576271186440678,0.576271186440678,prizepicks_fixed,69.1,4.28,10.18,3.07,13.26,8.79,29
2026-07-09T05:07:25Z,2026-07-08T15:56:57Z,2026-07-09T03:33:48Z,Genesis Scottish Open,The Renaissance Club,1,1,22833,"Echavarria, Nico",Total Score,70,-136,-136,0.576271186440678,0.576271186440678,prizepicks_fixed,69.32,3.78,10.08,3.68,11.88,8.66,29.2
2026-07-09T05:07:25Z,2026-07-08T15:56:57Z,2026-07-09T03:33:48Z,Genesis Scottish Open,The Renaissance Club,1,1,22833,"Echavarria, Nico",Birdies,3.5,-136,-136,0.576271186440678,0.576271186440678,prizepicks_fixed,69.32,3.78,10.08,3.68,11.88,8.66,29.2
2026-07-10T02:25:26Z,2026-07-10T02:24:48Z,2026-07-10T02:24:48Z,Genesis Scottish Open,The Renaissance Club,2,2,29197,"Brennan, Michael",Total Score,69,-136,-136,0.576271186440678,0.576271186440678,prizepicks_fixed,69.35,4.4,9.48,3.63,12.44,7.95,29.28
2026-07-10T02:25:26Z,2026-07-10T02:24:48Z,2026-07-10T02:24:48Z,Genesis Scottish Open,The Renaissance Club,2,2,29197,"Brennan, Michael",Birdies,4,-136,-136,0.576271186440678,0.576271186440678,prizepicks_fixed,69.35,4.4,9.48,3.63,12.44,7.95,29.28
2026-07-10T02:25:26Z,2026-07-10T02:24:48Z,2026-07-10T02:24:48Z,Genesis Scottish Open,The Renaissance Club,2,2,12920,"Willett, Danny",Total Score,70,-136,-136,0.576271186440678,0.576271186440678,prizepicks_fixed,72.52,3.94,9.06,4.53,10.5,7.2,28.76
2026-07-10T02:25:26Z,2026-07-10T02:24:48Z,2026-07-10T02:24:48Z,Genesis Scottish Open,The Renaissance Club,2,2,23475,"Novak, Andrew",Total Score,69,-136,-136,0.576271186440678,0.576271186440678,prizepicks_fixed,70.09,4.37,9.33,3.77,11.8,6.63,29.37
2026-07-10T02:25:26Z,2026-07-10T02:24:48Z,2026-07-10T02:24:48Z,Genesis Scottish Open,The Renaissance Club,2,2,12920,"Willett, Danny",Birdies,3.5,-136,-136,0.576271186440678,0.576271186440678,prizepicks_fixed,72.52,3.94,9.06,4.53,10.5,7.2,28.76
2026-07-10T02:25:26Z,2026-07-10T02:24:48Z,2026-07-10T02:24:48Z,Genesis Scottish Open,The Renaissance Club,2,2,25569,"Stevens, Sam",Total Score,69,-136,-136,0.576271186440678,0.576271186440678,prizepicks_fixed,69.4,4.37,9.77,3.46,11.44,7.89,29.16
2026-07-10T02:25:26Z,2026-07-10T02:24:48Z,2026-07-10T02:24:48Z,Genesis Scottish Open,The Renaissance Club,2,2,22322,"McKibbin, Tom",Total Score,69,-136,-136,0.576271186440678,0.576271186440678,prizepicks_fixed,69.36,4.42,9.75,3.37,12.21,8.53,29.49
2026-07-10T02:25:26Z,2026-07-10T02:24:48Z,2026-07-10T02:24:48Z,Genesis Scottish Open,The Renaissance Club,2,2,22322,"McKibbin, Tom",Birdies,3.5,-136,-136,0.576271186440678,0.576271186440678,prizepicks_fixed,69.36,4.42,9.75,3.37,12.21,8.53,29.49
2026-07-10T02:25:26Z,2026-07-10T02:24:48Z,2026-07-10T02:24:48Z,Genesis Scottish Open,The Renaissance Club,2,2,25569,"Stevens, Sam",Birdies,3.5,-136,-136,0.576271186440678,0.576271186440678,prizepicks_fixed,69.4,4.37,9.77,3.46,11.44,7.89,29.16
2026-07-10T02:25:26Z,2026-07-10T02:24:48Z,2026-07-10T02:24:48Z,Genesis Scottish Open,The Renaissance Club,2,2,13126,"Taylor, Nick",Total Score,69.5,-136,-136,0.576271186440678,0.576271186440678,prizepicks_fixed,69.52,4.21,9.94,3.46,10.76,8.25,28.57
2026-07-10T02:25:26Z,2026-07-10T02:24:48Z,2026-07-10T02:24:48Z,Genesis Scottish Open,The Renaissance Club,2,2,14577,"English, Harris",Total Score,69,-136,-136,0.576271186440678,0.576271186440678,prizepicks_fixed,68.89,4.48,9.94,3.19,12.13,8.24,27.6
2026-07-10T02:25:26Z,2026-07-10T02:24:48Z,2026-07-10T02:24:48Z,Genesis Scottish Open,The Renaissance Club,2,2,23014,"Theegala, Sahith",Total Score,69,-136,-136,0.576271186440678,0.576271186440678,prizepicks_fixed,68.68,4.36,9.95,3.22,11.62,7.35,28.77
2026-07-10T02:25:26Z,2026-07-10T02:24:48Z,2026-07-10T02:24:48Z,Genesis Scottish Open,The Renaissance Club,2,2,14577,"English, Harris",GIR,12.5,-136,-136,0.576271186440678,0.576271186440678,prizepicks_fixed,68.89,4.48,9.94,3.19,12.13,8.24,27.6
2026-07-10T02:25:26Z,2026-07-10T02:24:48Z,2026-07-10T02:24:48Z,Genesis Scottish Open,The Renaissance Club,2,2,14577,"English, Harris",Pars,11.5,-136,-136,0.576271186440678,0.576271186440678,prizepicks_fixed,68.89,4.48,9.94,3.19,12.13,8.24,27.6
2026-07-10T02:25:26Z,2026-07-10T02:24:48Z,2026-07-10T02:24:48Z,Genesis Scottish Open,The Renaissance Club,2,2,13126,"Taylor, Nick",Birdies,3.5,-136,-136,0.576271186440678,0.576271186440678,prizepicks_fixed,69.52,4.21,9.94,3.46,10.76,8.25,28.57
2026-07-10T02:25:26Z,2026-07-10T02:24:48Z,2026-07-10T02:24:48Z,Genesis Scottish Open,The Renaissance Club,2,2,14577,"English, Harris",Bogeys,2.5,-136,-136,0.576271186440678,0.576271186440678,prizepicks_fixed,68.89,4.48,9.94,3.19,12.13,8.24,27.6
2026-07-10T02:25:26Z,2026-07-10T02:24:48Z,2026-07-10T02:24:48Z,Genesis Scottish Open,The Renaissance Club,2,2,17488,"Im, Sungjae",Total Score,69.5,-136,-136,0.576271186440678,0.576271186440678,prizepicks_fixed,69.68,4.39,9.55,3.73,11.52,8.06,28.33
2026-07-10T02:25:26Z,2026-07-10T02:24:48Z,2026-07-10T02:24:48Z,Genesis Scottish Open,The Renaissance Club,2,2,17576,"Conners, Corey",Total Score,69.5,-136,-136,0.576271186440678,0.576271186440678,prizepicks_fixed,69.49,4.27,9.63,3.62,12.66,8.63,29.17
2026-07-10T02:25:26Z,2026-07-10T02:24:48Z,2026-07-10T02:24:48Z,Genesis Scottish Open,The Renaissance Club,2,2,17576,"Conners, Corey",Pars,11.5,-136,-136,0.576271186440678,0.576271186440678,prizepicks_fixed,69.49,4.27,9.63,3.62,12.66,8.63,29.17
2026-07-10T02:25:26Z,2026-07-10T02:24:48Z,2026-07-10T02:24:48Z,Genesis Scottish Open,The Renaissance Club,2,2,17576,"Conners, Corey",Birdies,3.5,-136,-136,0.576271186440678,0.576271186440678,prizepicks_fixed,69.49,4.27,9.63,3.62,12.66,8.63,29.17
2026-07-10T02:25:26Z,2026-07-10T02:24:48Z,2026-07-10T02:24:48Z,Genesis Scottish Open,The Renaissance Club,2,2,17488,"Im, Sungjae",Birdies,3.5,-136,-136,0.576271186440678,0.576271186440678,prizepicks_fixed,69.68,4.39,9.55,3.73,11.52,8.06,28.33
2026-07-10T02:25:26Z,2026-07-10T02:24:48Z,2026-07-10T02:24:48Z,Genesis Scottish Open,The Renaissance Club,2,2,12294,"Fleetwood, Tommy",Birdies,4.5,-136,-136,0.576271186440678,0.576271186440678,prizepicks_fixed,67.86,4.38,10.34,2.8,12.11,8.95,27.96
2026-07-10T02:25:26Z,2026-07-10T02:24:48Z,2026-07-10T02:24:48Z,Genesis Scottish Open,The Renaissance Club,2,2,14609,"Kim, Si Woo",Birdies,4,-136,-136,0.576271186440678,0.576271186440678,prizepicks_fixed,68.55,4.61,9.91,3,11.95,9.04,28.83
2026-07-10T02:25:26Z,2026-07-10T02:24:48Z,2026-07-10T02:24:48Z,Genesis Scottish Open,The Renaissance Club,2,2,27194,"Hall, Harry",Total Score,69,-136,-136,0.576271186440678,0.576271186440678,prizepicks_fixed,69.57,4.34,9.65,3.58,10.48,7.33,27.9
2026-07-10T02:25:26Z,2026-07-10T02:24:48Z,2026-07-10T02:24:48Z,Genesis Scottish Open,The Renaissance Club,2,2,8825,"Harman, Brian",Total Score,69,-136,-136,0.576271186440678,0.576271186440678,prizepicks_fixed,69.81,4.38,9.59,3.54,12.14,8.32,28.48
2026-07-10T02:25:26Z,2026-07-10T02:24:48Z,2026-07-10T02:24:48Z,Genesis Scottish Open,The Renaissance Club,2,2,29767,"Gerard, Ryan",Total Score,69,-136,-136,0.576271186440678,0.576271186440678,prizepicks_fixed,69.32,4.48,9.66,3.36,12.03,8.22,28.25
2026-07-10T02:25:26Z,2026-07-10T02:24:48Z,2026-07-10T02:24:48Z,Genesis Scottish Open,The Renaissance Club,2,2,29767,"Gerard, Ryan",Pars,11.5,-136,-136,0.576271186440678,0.576271186440678,prizepicks_fixed,69.32,4.48,9.66,3.36,12.03,8.22,28.25
2026-07-10T02:25:26Z,2026-07-10T02:24:48Z,2026-07-10T02:24:48Z,Genesis Scottish Open,The Renaissance Club,2,2,8825,"Harman, Brian",Pars,11.5,-136,-136,0.576271186440678,0.576271186440678,prizepicks_fixed,69.81,4.38,9.59,3.54,12.14,8.32,28.48
2026-07-10T02:25:26Z,2026-07-10T02:24:48Z,2026-07-10T02:24:48Z,Genesis Scottish Open,The Renaissance Club,2,2,8825,"Harman, Brian",Birdies,3.5,-136,-136,0.576271186440678,0.576271186440678,prizepicks_fixed,69.81,4.38,9.59,3.54,12.14,8.32,28.48
2026-07-10T02:25:26Z,2026-07-10T02:24:48Z,2026-07-10T02:24:48Z,Genesis Scottish Open,The Renaissance Club,2,2,17646,"Fitzpatrick, Matt",Birdies,4,-136,-136,0.576271186440678,0.576271186440678,prizepicks_fixed,68.15,4.56,10.18,2.84,13.59,8.49,28.15
2026-07-10T02:25:26Z,2026-07-10T02:24:48Z,2026-07-10T02:24:48Z,Genesis Scottish Open,The Renaissance Club,2,2,17511,"Straka, Sepp",Total Score,69.5,-136,-136,0.576271186440678,0.576271186440678,prizepicks_fixed,70.36,4.13,9.48,3.85,11.27,8.12,29.08
2026-07-10T02:25:26Z,2026-07-10T02:24:48Z,2026-07-10T02:24:48Z,Genesis Scottish Open,The Renaissance Club,2,2,26991,"Schaper, Jayden",Total Score,69.5,-136,-136,0.576271186440678,0.576271186440678,prizepicks_fixed,70.32,4.34,9.34,3.92,11.44,8.65,28.92
2026-07-10T02:25:26Z,2026-07-10T02:24:48Z,2026-07-10T02:24:48Z,Genesis Scottish Open,The Renaissance Club,2,2,21756,"Cole, Eric",Total Score,69,-136,-136,0.576271186440678,0.576271186440678,prizepicks_fixed,69.13,4.53,9.55,3.52,11.48,7.17,27.81
2026-07-10T02:25:26Z,2026-07-10T02:24:48Z,2026-07-10T02:24:48Z,Genesis Scottish Open,The Renaissance Club,2,2,14609,"Kim, Si Woo",Total Score,68.5,-136,-136,0.576271186440678,0.576271186440678,prizepicks_fixed,68.55,4.61,9.91,3,11.95,9.04,28.83
2026-07-10T02:25:26Z,2026-07-10T02:24:48Z,2026-07-10T02:24:48Z,Genesis Scottish Open,The Renaissance Club,2,2,17511,"Straka, Sepp",GIR,12.5,-136,-136,0.576271186440678,0.576271186440678,prizepicks_fixed,70.36,4.13,9.48,3.85,11.27,8.12,29.08
2026-07-10T02:25:26Z,2026-07-10T02:24:48Z,2026-07-10T02:24:48Z,Genesis Scottish Open,The Renaissance Club,2,2,14609,"Kim, Si Woo",GIR,12.5,-136,-136,0.576271186440678,0.576271186440678,prizepicks_fixed,68.55,4.61,9.91,3,11.95,9.04,28.83
2026-07-10T02:25:26Z,2026-07-10T02:24:48Z,2026-07-10T02:24:48Z,Genesis Scottish Open,The Renaissance Club,2,2,14609,"Kim, Si Woo",Pars,11.5,-136,-136,0.576271186440678,0.576271186440678,prizepicks_fixed,68.55,4.61,9.91,3,11.95,9.04,28.83
2026-07-10T02:25:26Z,2026-07-10T02:24:48Z,2026-07-10T02:24:48Z,Genesis Scottish Open,The Renaissance Club,2,2,26991,"Schaper, Jayden",Birdies,3.5,-136,-136,0.576271186440678,0.576271186440678,prizepicks_fixed,70.32,4.34,9.34,3.92,11.44,8.65,28.92
2026-07-10T02:25:26Z,2026-07-10T02:24:48Z,2026-07-10T02:24:48Z,Genesis Scottish Open,The Renaissance Club,2,2,17511,"Straka, Sepp",Birdies,3.5,-136,-136,0.576271186440678,0.576271186440678,prizepicks_fixed,70.36,4.13,9.48,3.85,11.27,8.12,29.08
2026-07-10T02:25:26Z,2026-07-10T02:24:48Z,2026-07-10T02:24:48Z,Genesis Scottish Open,The Renaissance Club,2,2,14609,"Kim, Si Woo",Bogeys,2.5,-136,-136,0.576271186440678,0.576271186440678,prizepicks_fixed,68.55,4.61,9.91,3,11.95,9.04,28.83
2026-07-10T02:25:26Z,2026-07-10T02:24:48Z,2026-07-10T02:24:48Z,Genesis Scottish Open,The Renaissance Club,2,2,18417,"Scheffler, Scottie",Birdies,4.5,-136,-136,0.576271186440678,0.576271186440678,prizepicks_fixed,67.42,4.73,10.26,2.52,12.82,8.75,27.46
2026-07-10T02:25:26Z,2026-07-10T02:24:48Z,2026-07-10T02:24:48Z,Genesis Scottish Open,The Renaissance Club,2,2,23465,"Greyserman, Max",Total Score,69,-136,-136,0.576271186440678,0.576271186440678,prizepicks_fixed,69.33,4.25,9.75,3.5,11.48,7.3,28.58
2026-07-10T02:25:26Z,2026-07-10T02:24:48Z,2026-07-10T02:24:48Z,Genesis Scottish Open,The Renaissance Club,2,2,17646,"Fitzpatrick, Matt",Total Score,67.5,-136,-136,0.576271186440678,0.576271186440678,prizepicks_fixed,68.15,4.56,10.18,2.84,13.59,8.49,28.15
2026-07-10T02:25:26Z,2026-07-10T02:24:48Z,2026-07-10T02:24:48Z,Genesis Scottish Open,The Renaissance Club,2,2,12294,"Fleetwood, Tommy",Total Score,67.5,-136,-136,0.576271186440678,0.576271186440678,prizepicks_fixed,67.86,4.38,10.34,2.8,12.11,8.95,27.96
2026-07-10T02:25:26Z,2026-07-10T02:24:48Z,2026-07-10T02:24:48Z,Genesis Scottish Open,The Renaissance Club,2,2,18417,"Scheffler, Scottie",Total Score,66.5,-136,-136,0.576271186440678,0.576271186440678,prizepicks_fixed,67.42,4.73,10.26,2.52,12.82,8.75,27.46
2026-07-10T02:25:26Z,2026-07-10T02:24:48Z,2026-07-10T02:24:48Z,Genesis Scottish Open,The Renaissance Club,2,2,18417,"Scheffler, Scottie",GIR,13.5,-136,-136,0.576271186440678,0.576271186440678,prizepicks_fixed,67.42,4.73,10.26,2.52,12.82,8.75,27.46
2026-07-10T02:25:26Z,2026-07-10T02:24:48Z,2026-07-10T02:24:48Z,Genesis Scottish Open,The Renaissance Club,2,2,12294,"Fleetwood, Tommy",GIR,12.5,-136,-136,0.576271186440678,0.576271186440678,prizepicks_fixed,67.86,4.38,10.34,2.8,12.11,8.95,27.96
2026-07-10T02:25:26Z,2026-07-10T02:24:48Z,2026-07-10T02:24:48Z,Genesis Scottish Open,The Renaissance Club,2,2,18417,"Scheffler, Scottie",Pars,11.5,-136,-136,0.576271186440678,0.576271186440678,prizepicks_fixed,67.42,4.73,10.26,2.52,12.82,8.75,27.46
2026-07-10T02:25:26Z,2026-07-10T02:24:48Z,2026-07-10T02:24:48Z,Genesis Scottish Open,The Renaissance Club,2,2,17646,"Fitzpatrick, Matt",Pars,11.5,-136,-136,0.576271186440678,0.576271186440678,prizepicks_fixed,68.15,4.56,10.18,2.84,13.59,8.49,28.15
2026-07-10T02:25:26Z,2026-07-10T02:24:48Z,2026-07-10T02:24:48Z,Genesis Scottish Open,The Renaissance Club,2,2,12294,"Fleetwood, Tommy",Pars,11.5,-136,-136,0.576271186440678,0.576271186440678,prizepicks_fixed,67.86,4.38,10.34,2.8,12.11,8.95,27.96
2026-07-10T02:25:26Z,2026-07-10T02:24:48Z,2026-07-10T02:24:48Z,Genesis Scottish Open,The Renaissance Club,2,2,17646,"Fitzpatrick, Matt",Fairways hit,7.5,-136,-136,0.576271186440678,0.576271186440678,prizepicks_fixed,68.15,4.56,10.18,2.84,13.59,8.49,28.15
2026-07-10T02:25:26Z,2026-07-10T02:24:48Z,2026-07-10T02:24:48Z,Genesis Scottish Open,The Renaissance Club,2,2,18417,"Scheffler, Scottie",Fairways hit,7.5,-136,-136,0.576271186440678,0.576271186440678,prizepicks_fixed,67.42,4.73,10.26,2.52,12.82,8.75,27.46
2026-07-10T02:25:26Z,2026-07-10T02:24:48Z,2026-07-10T02:24:48Z,Genesis Scottish Open,The Renaissance Club,2,2,12294,"Fleetwood, Tommy",Bogeys,2,-136,-136,0.576271186440678,0.576271186440678,prizepicks_fixed,67.86,4.38,10.34,2.8,12.11,8.95,27.96
2026-07-10T02:25:26Z,2026-07-10T02:24:48Z,2026-07-10T02:24:48Z,Genesis Scottish Open,The Renaissance Club,2,2,17646,"Fitzpatrick, Matt",Bogeys,2,-136,-136,0.576271186440678,0.576271186440678,prizepicks_fixed,68.15,4.56,10.18,2.84,13.59,8.49,28.15
2026-07-10T02:25:26Z,2026-07-10T02:24:48Z,2026-07-10T02:24:48Z,Genesis Scottish Open,The Renaissance Club,2,2,19195,"Rahm, Jon",Birdies,4.5,-136,-136,0.576271186440678,0.576271186440678,prizepicks_fixed,69.37,4.73,9.75,3.05,11.11,8.17,28.53
2026-07-10T02:25:26Z,2026-07-10T02:24:48Z,2026-07-10T02:24:48Z,Genesis Scottish Open,The Renaissance Club,2,2,23950,"Aberg, Ludvig",Birdies,4.5,-136,-136,0.576271186440678,0.576271186440678,prizepicks_fixed,68.14,4.5,9.97,3.04,13.24,8.17,28.17
2026-07-10T02:25:26Z,2026-07-10T02:24:48Z,2026-07-10T02:24:48Z,Genesis Scottish Open,The Renaissance Club,2,2,14139,"Thomas, Justin",Birdies,4,-136,-136,0.576271186440678,0.576271186440678,prizepicks_fixed,68.92,4.38,10.04,3.19,12.27,7.79,28.09
2026-07-10T02:25:26Z,2026-07-10T02:24:48Z,2026-07-10T02:24:48Z,Genesis Scottish Open,The Renaissance Club,2,2,14838,"Reed, Patrick",Birdies,3.5,-136,-136,0.576271186440678,0.576271186440678,prizepicks_fixed,69.26,4.16,9.89,3.52,11.62,7.74,28.84
2026-07-10T02:25:26Z,2026-07-10T02:24:48Z,2026-07-10T02:24:48Z,Genesis Scottish Open,The Renaissance Club,2,2,14838,"Reed, Patrick",Total Score,68.5,-136,-136,0.576271186440678,0.576271186440678,prizepicks_fixed,69.26,4.16,9.89,3.52,11.62,7.74,28.84
2026-07-10T02:25:26Z,2026-07-10T02:24:48Z,2026-07-10T02:24:48Z,Genesis Scottish Open,The Renaissance Club,2,2,14139,"Thomas, Justin",Total Score,68.5,-136,-136,0.576271186440678,0.576271186440678,prizepicks_fixed,68.92,4.38,10.04,3.19,12.27,7.79,28.09
2026-07-10T02:25:26Z,2026-07-10T02:24:48Z,2026-07-10T02:24:48Z,Genesis Scottish Open,The Renaissance Club,2,2,23950,"Aberg, Ludvig",Total Score,67.5,-136,-136,0.576271186440678,0.576271186440678,prizepicks_fixed,68.14,4.5,9.97,3.04,13.24,8.17,28.17
2026-07-10T02:25:26Z,2026-07-10T02:24:48Z,2026-07-10T02:24:48Z,Genesis Scottish Open,The Renaissance Club,2,2,14838,"Reed, Patrick",Pars,11.5,-136,-136,0.576271186440678,0.576271186440678,prizepicks_fixed,69.26,4.16,9.89,3.52,11.62,7.74,28.84
2026-07-10T02:25:26Z,2026-07-10T02:24:48Z,2026-07-10T02:24:48Z,Genesis Scottish Open,The Renaissance Club,2,2,14139,"Thomas, Justin",Pars,11.5,-136,-136,0.576271186440678,0.576271186440678,prizepicks_fixed,68.92,4.38,10.04,3.19,12.27,7.79,28.09
2026-07-10T02:25:26Z,2026-07-10T02:24:48Z,2026-07-10T02:24:48Z,Genesis Scottish Open,The Renaissance Club,2,2,14139,"Thomas, Justin",Fairways hit,6.5,-136,-136,0.576271186440678,0.576271186440678,prizepicks_fixed,68.92,4.38,10.04,3.19,12.27,7.79,28.09
2026-07-10T02:25:26Z,2026-07-10T02:24:48Z,2026-07-10T02:24:48Z,Genesis Scottish Open,The Renaissance Club,2,2,14139,"Thomas, Justin",Bogeys,2.5,-136,-136,0.576271186440678,0.576271186440678,prizepicks_fixed,68.92,4.38,10.04,3.19,12.27,7.79,28.09
2026-07-10T02:25:26Z,2026-07-10T02:24:48Z,2026-07-10T02:24:48Z,Genesis Scottish Open,The Renaissance Club,2,2,14838,"Reed, Patrick",Bogeys,2.5,-136,-136,0.576271186440678,0.576271186440678,prizepicks_fixed,69.26,4.16,9.89,3.52,11.62,7.74,28.84
2026-07-10T02:25:26Z,2026-07-10T02:24:48Z,2026-07-10T02:24:48Z,Genesis Scottish Open,The Renaissance Club,2,2,23950,"Aberg, Ludvig",Bogeys,2.5,-136,-136,0.576271186440678,0.576271186440678,prizepicks_fixed,68.14,4.5,9.97,3.04,13.24,8.17,28.17
2026-07-10T02:25:26Z,2026-07-10T02:24:48Z,2026-07-10T02:24:48Z,Genesis Scottish Open,The Renaissance Club,2,2,23838,"Hojgaard, Rasmus",Total Score,69.5,-136,-136,0.576271186440678,0.576271186440678,prizepicks_fixed,69.97,4.35,9.54,3.77,12.08,7,28.55
2026-07-10T02:25:26Z,2026-07-10T02:24:48Z,2026-07-10T02:24:48Z,Genesis Scottish Open,The Renaissance Club,2,2,25362,"Fitzpatrick, Alex",Total Score,68,-136,-136,0.576271186440678,0.576271186440678,prizepicks_fixed,69.29,4.52,9.74,3.23,12.17,8.72,28.71
2026-07-10T02:25:26Z,2026-07-10T02:24:48Z,2026-07-10T02:24:48Z,Genesis Scottish Open,The Renaissance Club,2,2,19195,"Rahm, Jon",Total Score,67.5,-136,-136,0.576271186440678,0.576271186440678,prizepicks_fixed,69.37,4.73,9.75,3.05,11.11,8.17,28.53
2026-07-10T02:25:26Z,2026-07-10T02:24:48Z,2026-07-10T02:24:48Z,Genesis Scottish Open,The Renaissance Club,2,2,25362,"Fitzpatrick, Alex",Pars,11.5,-136,-136,0.576271186440678,0.576271186440678,prizepicks_fixed,69.29,4.52,9.74,3.23,12.17,8.72,28.71
2026-07-10T02:25:26Z,2026-07-10T02:24:48Z,2026-07-10T02:24:48Z,Genesis Scottish Open,The Renaissance Club,2,2,19195,"Rahm, Jon",Pars,11.5,-136,-136,0.576271186440678,0.576271186440678,prizepicks_fixed,69.37,4.73,9.75,3.05,11.11,8.17,28.53
2026-07-10T02:25:26Z,2026-07-10T02:24:48Z,2026-07-10T02:24:48Z,Genesis Scottish Open,The Renaissance Club,2,2,25362,"Fitzpatrick, Alex",Birdies,4,-136,-136,0.576271186440678,0.576271186440678,prizepicks_fixed,69.29,4.52,9.74,3.23,12.17,8.72,28.71
2026-07-10T02:25:26Z,2026-07-10T02:24:48Z,2026-07-10T02:24:48Z,Genesis Scottish Open,The Renaissance Club,2,2,22833,"Echavarria, Nico",Total Score,70,-136,-136,0.576271186440678,0.576271186440678,prizepicks_fixed,69.73,4.24,9.63,3.67,11.57,8.04,28.51
2026-07-10T02:25:26Z,2026-07-10T02:24:48Z,2026-07-10T02:24:48Z,Genesis Scottish Open,The Renaissance Club,2,2,22833,"Echavarria, Nico",Birdies,3.5,-136,-136,0.576271186440678,0.576271186440678,prizepicks_fixed,69.73,4.24,9.63,3.67,11.57,8.04,28.51
2026-07-10T02:25:26Z,2026-07-10T02:24:48Z,2026-07-10T02:24:48Z,Genesis Scottish Open,The Renaissance Club,2,2,11889,"Fox, Ryan",Total Score,69.5,-136,-136,0.576271186440678,0.576271186440678,prizepicks_fixed,69.24,4.29,9.81,3.51,12.17,7.13,28.63
2026-07-10T02:25:26Z,2026-07-10T02:24:48Z,2026-07-10T02:24:48Z,Genesis Scottish Open,The Renaissance Club,2,2,24766,"Kim, Tom",Pars,11.5,-136,-136,0.576271186440678,0.576271186440678,prizepicks_fixed,68.57,4.42,9.95,3.21,12.9,8.14,28.64
2026-07-10T02:25:26Z,2026-07-10T02:24:48Z,2026-07-10T02:24:48Z,Genesis Scottish Open,The Renaissance Club,2,2,24766,"Kim, Tom",Birdies,3.5,-136,-136,0.576271186440678,0.576271186440678,prizepicks_fixed,68.57,4.42,9.95,3.21,12.9,8.14,28.64
2026-07-10T02:25:26Z,2026-07-10T02:24:48Z,2026-07-10T02:24:48Z,Genesis Scottish Open,The Renaissance Club,2,2,24766,"Kim, Tom",Bogeys,2.5,-136,-136,0.576271186440678,0.576271186440678,prizepicks_fixed,68.57,4.42,9.95,3.21,12.9,8.14,28.64
2026-07-10T02:25:26Z,2026-07-10T02:24:48Z,2026-07-10T02:24:48Z,Genesis Scottish Open,The Renaissance Club,2,2,19895,"Schauffele, Xander",Birdies,4,-136,-136,0.576271186440678,0.576271186440678,prizepicks_fixed,67.7,4.39,10.37,2.8,11.79,7.99,28.42
2026-07-10T02:25:26Z,2026-07-10T02:24:48Z,2026-07-10T02:24:48Z,Genesis Scottish Open,The Renaissance Club,2,2,14502,"Cauley, Bud",Total Score,69.5,-136,-136,0.576271186440678,0.576271186440678,prizepicks_fixed,69.63,4.25,10.02,3.34,12.03,8.18,28.94
2026-07-10T02:25:26Z,2026-07-10T02:24:48Z,2026-07-10T02:24:48Z,Genesis Scottish Open,The Renaissance Club,2,2,20706,"Wallace, Matt",Total Score,69.5,-136,-136,0.576271186440678,0.576271186440678,prizepicks_fixed,69.84,4.31,9.6,3.64,12.78,7.75,28.59
2026-07-10T02:25:26Z,2026-07-10T02:24:48Z,2026-07-10T02:24:48Z,Genesis Scottish Open,The Renaissance Club,2,2,22465,"Penge, Marco",Total Score,69.5,-136,-136,0.576271186440678,0.576271186440678,prizepicks_fixed,68.83,4.4,9.82,3.35,11.23,7.14,29.15
2026-07-10T02:25:26Z,2026-07-10T02:24:48Z,2026-07-10T02:24:48Z,Genesis Scottish Open,The Renaissance Club,2,2,22465,"Penge, Marco",Birdies,4,-136,-136,0.576271186440678,0.576271186440678,prizepicks_fixed,68.83,4.4,9.82,3.35,11.23,7.14,29.15
2026-07-10T02:25:26Z,2026-07-10T02:24:48Z,2026-07-10T02:24:48Z,Genesis Scottish Open,The Renaissance Club,2,2,20706,"Wallace, Matt",Birdies,3.5,-136,-136,0.576271186440678,0.576271186440678,prizepicks_fixed,69.84,4.31,9.6,3.64,12.78,7.75,28.59
2026-07-10T02:25:26Z,2026-07-10T02:24:48Z,2026-07-10T02:24:48Z,Genesis Scottish Open,The Renaissance Club,2,2,14502,"Cauley, Bud",Birdies,3.5,-136,-136,0.576271186440678,0.576271186440678,prizepicks_fixed,69.63,4.25,10.02,3.34,12.03,8.18,28.94
2026-07-10T02:25:26Z,2026-07-10T02:24:48Z,2026-07-10T02:24:48Z,Genesis Scottish Open,The Renaissance Club,2,2,17543,"Kim, Michael",Total Score,69.5,-136,-136,0.576271186440678,0.576271186440678,prizepicks_fixed,69.98,4.32,9.48,3.74,11.73,7.37,28.09
2026-07-10T02:25:26Z,2026-07-10T02:24:48Z,2026-07-10T02:24:48Z,Genesis Scottish Open,The Renaissance Club,2,2,9531,"Wiesberger, Bernd",Total Score,69.5,-136,-136,0.576271186440678,0.576271186440678,prizepicks_fixed,70.38,3.97,9.74,3.96,11.5,8.38,29.66
2026-07-10T02:25:26Z,2026-07-10T02:24:48Z,2026-07-10T02:24:48Z,Genesis Scottish Open,The Renaissance Club,2,2,17543,"Kim, Michael",Birdies,3.5,-136,-136,0.576271186440678,0.576271186440678,prizepicks_fixed,69.98,4.32,9.48,3.74,11.73,7.37,28.09
2026-07-10T02:25:26Z,2026-07-10T02:24:48Z,2026-07-10T02:24:48Z,Genesis Scottish Open,The Renaissance Club,2,2,9531,"Wiesberger, Bernd",Birdies,3.5,-136,-136,0.576271186440678,0.576271186440678,prizepicks_fixed,70.38,3.97,9.74,3.96,11.5,8.38,29.66
2026-07-10T02:25:26Z,2026-07-10T02:24:48Z,2026-07-10T02:24:48Z,Genesis Scottish Open,The Renaissance Club,2,2,18474,"Smalley, Alex",Birdies,3.5,-136,-136,0.576271186440678,0.576271186440678,prizepicks_fixed,69.63,4.32,9.7,3.49,12.33,8.02,28.3
2026-07-10T02:25:26Z,2026-07-10T02:24:48Z,2026-07-10T02:24:48Z,Genesis Scottish Open,The Renaissance Club,2,2,16841,"Lee, Min Woo",Birdies,4,-136,-136,0.576271186440678,0.576271186440678,prizepicks_fixed,69.29,4.36,9.81,3.34,13.16,7.88,28.56
2026-07-10T02:25:26Z,2026-07-10T02:24:48Z,2026-07-10T02:24:48Z,Genesis Scottish Open,The Renaissance Club,2,2,16243,"Koepka, Brooks",Birdies,4,-136,-136,0.576271186440678,0.576271186440678,prizepicks_fixed,69.78,4.32,9.55,3.66,12.26,7.54,28.96
2026-07-10T02:25:26Z,2026-07-10T02:24:48Z,2026-07-10T02:24:48Z,Genesis Scottish Open,The Renaissance Club,2,2,16243,"Koepka, Brooks",Total Score,69.5,-136,-136,0.576271186440678,0.576271186440678,prizepicks_fixed,69.78,4.32,9.55,3.66,12.26,7.54,28.96
2026-07-10T02:25:26Z,2026-07-10T02:24:48Z,2026-07-10T02:24:48Z,Genesis Scottish Open,The Renaissance Club,2,2,28635,"McCarty, Matt",Total Score,69.5,-136,-136,0.576271186440678,0.576271186440678,prizepicks_fixed,69.58,4.35,9.73,3.55,12.21,8.03,28.46
2026-07-10T02:25:26Z,2026-07-10T02:24:48Z,2026-07-10T02:24:48Z,Genesis Scottish Open,The Renaissance Club,2,2,16841,"Lee, Min Woo",Total Score,69,-136,-136,0.576271186440678,0.576271186440678,prizepicks_fixed,69.29,4.36,9.81,3.34,13.16,7.88,28.56
2026-07-10T02:25:26Z,2026-07-10T02:24:48Z,2026-07-10T02:24:48Z,Genesis Scottish Open,The Renaissance Club,2,2,16243,"Koepka, Brooks",GIR,12.5,-136,-136,0.576271186440678,0.576271186440678,prizepicks_fixed,69.78,4.32,9.55,3.66,12.26,7.54,28.96
2026-07-10T02:25:26Z,2026-07-10T02:24:48Z,2026-07-10T02:24:48Z,Genesis Scottish Open,The Renaissance Club,2,2,16243,"Koepka, Brooks",Pars,11,-136,-136,0.576271186440678,0.576271186440678,prizepicks_fixed,69.78,4.32,9.55,3.66,12.26,7.54,28.96
2026-07-10T02:25:26Z,2026-07-10T02:24:48Z,2026-07-10T02:24:48Z,Genesis Scottish Open,The Renaissance Club,2,2,16841,"Lee, Min Woo",Pars,11,-136,-136,0.576271186440678,0.576271186440678,prizepicks_fixed,69.29,4.36,9.81,3.34,13.16,7.88,28.56
2026-07-10T02:25:26Z,2026-07-10T02:24:48Z,2026-07-10T02:24:48Z,Genesis Scottish Open,The Renaissance Club,2,2,16841,"Lee, Min Woo",Fairways hit,6.5,-136,-136,0.576271186440678,0.576271186440678,prizepicks_fixed,69.29,4.36,9.81,3.34,13.16,7.88,28.56
2026-07-10T02:25:26Z,2026-07-10T02:24:48Z,2026-07-10T02:24:48Z,Genesis Scottish Open,The Renaissance Club,2,2,28635,"McCarty, Matt",Birdies,3.5,-136,-136,0.576271186440678,0.576271186440678,prizepicks_fixed,69.58,4.35,9.73,3.55,12.21,8.03,28.46
2026-07-10T02:25:26Z,2026-07-10T02:24:48Z,2026-07-10T02:24:48Z,Genesis Scottish Open,The Renaissance Club,2,2,16841,"Lee, Min Woo",Bogeys,2.5,-136,-136,0.576271186440678,0.576271186440678,prizepicks_fixed,69.29,4.36,9.81,3.34,13.16,7.88,28.56
2026-07-10T02:25:26Z,2026-07-10T02:24:48Z,2026-07-10T02:24:48Z,Genesis Scottish Open,The Renaissance Club,2,2,26649,"Thorbjornsen, Michael",Total Score,69.5,-136,-136,0.576271186440678,0.576271186440678,prizepicks_fixed,69.47,4.37,9.65,3.56,11.99,6.67,29.05
2026-07-10T02:25:26Z,2026-07-10T02:24:48Z,2026-07-10T02:24:48Z,Genesis Scottish Open,The Renaissance Club,2,2,23602,"Hojgaard, Nicolai",Total Score,69,-136,-136,0.576271186440678,0.576271186440678,prizepicks_fixed,68.88,4.34,9.8,3.28,13.22,7.09,28.41
2026-07-10T02:25:26Z,2026-07-10T02:24:48Z,2026-07-10T02:24:48Z,Genesis Scottish Open,The Renaissance Club,2,2,15466,"Cantlay, Patrick",Total Score,69,-136,-136,0.576271186440678,0.576271186440678,prizepicks_fixed,68.86,4.33,10.11,3.12,11.95,8.1,28.63
2026-07-10T02:25:26Z,2026-07-10T02:24:48Z,2026-07-10T02:24:48Z,Genesis Scottish Open,The Renaissance Club,2,2,23602,"Hojgaard, Nicolai",GIR,12.5,-136,-136,0.576271186440678,0.576271186440678,prizepicks_fixed,68.88,4.34,9.8,3.28,13.22,7.09,28.41
2026-07-10T02:25:26Z,2026-07-10T02:24:48Z,2026-07-10T02:24:48Z,Genesis Scottish Open,The Renaissance Club,2,2,15466,"Cantlay, Patrick",Pars,11.5,-136,-136,0.576271186440678,0.576271186440678,prizepicks_fixed,68.86,4.33,10.11,3.12,11.95,8.1,28.63
2026-07-10T02:25:26Z,2026-07-10T02:24:48Z,2026-07-10T02:24:48Z,Genesis Scottish Open,The Renaissance Club,2,2,23602,"Hojgaard, Nicolai",Pars,11,-136,-136,0.576271186440678,0.576271186440678,prizepicks_fixed,68.88,4.34,9.8,3.28,13.22,7.09,28.41
2026-07-10T02:25:26Z,2026-07-10T02:24:48Z,2026-07-10T02:24:48Z,Genesis Scottish Open,The Renaissance Club,2,2,23602,"Hojgaard, Nicolai",Birdies,4,-136,-136,0.576271186440678,0.576271186440678,prizepicks_fixed,68.88,4.34,9.8,3.28,13.22,7.09,28.41
2026-07-10T02:25:26Z,2026-07-10T02:24:48Z,2026-07-10T02:24:48Z,Genesis Scottish Open,The Renaissance Club,2,2,15466,"Cantlay, Patrick",Birdies,4,-136,-136,0.576271186440678,0.576271186440678,prizepicks_fixed,68.86,4.33,10.11,3.12,11.95,8.1,28.63
2026-07-10T02:25:26Z,2026-07-10T02:24:48Z,2026-07-10T02:24:48Z,Genesis Scottish Open,The Renaissance Club,2,2,26649,"Thorbjornsen, Michael",Birdies,3.5,-136,-136,0.576271186440678,0.576271186440678,prizepicks_fixed,69.47,4.37,9.65,3.56,11.99,6.67,29.05
2026-07-10T02:25:26Z,2026-07-10T02:24:48Z,2026-07-10T02:24:48Z,Genesis Scottish Open,The Renaissance Club,2,2,15466,"Cantlay, Patrick",Bogeys,2.5,-136,-136,0.576271186440678,0.576271186440678,prizepicks_fixed,68.86,4.33,10.11,3.12,11.95,8.1,28.63
2026-07-10T02:25:26Z,2026-07-10T02:24:48Z,2026-07-10T02:24:48Z,Genesis Scottish Open,The Renaissance Club,2,2,6430,"Scott, Adam",Birdies,3.5,-136,-136,0.576271186440678,0.576271186440678,prizepicks_fixed,68.35,4.36,9.98,3.16,12.75,7.74,29.26
2026-07-10T02:25:26Z,2026-07-10T02:24:48Z,2026-07-10T02:24:48Z,Genesis Scottish Open,The Renaissance Club,2,2,6430,"Scott, Adam",Total Score,69.5,-136,-136,0.576271186440678,0.576271186440678,prizepicks_fixed,68.35,4.36,9.98,3.16,12.75,7.74,29.26
2026-07-10T02:25:26Z,2026-07-10T02:24:48Z,2026-07-10T02:24:48Z,Genesis Scottish Open,The Renaissance Club,2,2,21407,"Reitan, Kristoffer",Total Score,69,-136,-136,0.576271186440678,0.576271186440678,prizepicks_fixed,68.8,4.34,9.77,3.34,12.28,7.94,28.27
2026-07-10T02:25:26Z,2026-07-10T02:24:48Z,2026-07-10T02:24:48Z,Genesis Scottish Open,The Renaissance Club,2,2,21891,"Kitayama, Kurt",Total Score,69,-136,-136,0.576271186440678,0.576271186440678,prizepicks_fixed,68.36,4.35,10.01,3.11,11.61,8.06,29.22
2026-07-10T02:25:26Z,2026-07-10T02:24:48Z,2026-07-10T02:24:48Z,Genesis Scottish Open,The Renaissance Club,2,2,19895,"Schauffele, Xander",Total Score,68.5,-136,-136,0.576271186440678,0.576271186440678,prizepicks_fixed,67.7,4.39,10.37,2.8,11.79,7.99,28.42
2026-07-10T02:25:26Z,2026-07-10T02:24:48Z,2026-07-10T02:24:48Z,Genesis Scottish Open,The Renaissance Club,2,2,21891,"Kitayama, Kurt",GIR,12.5,-136,-136,0.576271186440678,0.576271186440678,prizepicks_fixed,68.36,4.35,10.01,3.11,11.61,8.06,29.22
2026-07-10T02:25:26Z,2026-07-10T02:24:48Z,2026-07-10T02:24:48Z,Genesis Scottish Open,The Renaissance Club,2,2,21891,"Kitayama, Kurt",Pars,11.5,-136,-136,0.576271186440678,0.576271186440678,prizepicks_fixed,68.36,4.35,10.01,3.11,11.61,8.06,29.22
2026-07-10T02:25:26Z,2026-07-10T02:24:48Z,2026-07-10T02:24:48Z,Genesis Scottish Open,The Renaissance Club,2,2,19895,"Schauffele, Xander",Pars,11.5,-136,-136,0.576271186440678,0.576271186440678,prizepicks_fixed,67.7,4.39,10.37,2.8,11.79,7.99,28.42
2026-07-10T02:25:26Z,2026-07-10T02:24:48Z,2026-07-10T02:24:48Z,Genesis Scottish Open,The Renaissance Club,2,2,21891,"Kitayama, Kurt",Fairways hit,6.5,-136,-136,0.576271186440678,0.576271186440678,prizepicks_fixed,68.36,4.35,10.01,3.11,11.61,8.06,29.22
2026-07-10T02:25:26Z,2026-07-10T02:24:48Z,2026-07-10T02:24:48Z,Genesis Scottish Open,The Renaissance Club,2,2,19895,"Schauffele, Xander",Fairways hit,6.5,-136,-136,0.576271186440678,0.576271186440678,prizepicks_fixed,67.7,4.39,10.37,2.8,11.79,7.99,28.42
2026-07-10T02:25:26Z,2026-07-10T02:24:48Z,2026-07-10T02:24:48Z,Genesis Scottish Open,The Renaissance Club,2,2,21407,"Reitan, Kristoffer",Birdies,4,-136,-136,0.576271186440678,0.576271186440678,prizepicks_fixed,68.8,4.34,9.77,3.34,12.28,7.94,28.27
2026-07-10T02:25:26Z,2026-07-10T02:24:48Z,2026-07-10T02:24:48Z,Genesis Scottish Open,The Renaissance Club,2,2,21891,"Kitayama, Kurt",Birdies,4,-136,-136,0.576271186440678,0.576271186440678,prizepicks_fixed,68.36,4.35,10.01,3.11,11.61,8.06,29.22
2026-07-10T02:25:26Z,2026-07-10T02:24:48Z,2026-07-10T02:24:48Z,Genesis Scottish Open,The Renaissance Club,2,2,6430,"Scott, Adam",Bogeys,2.5,-136,-136,0.576271186440678,0.576271186440678,prizepicks_fixed,68.35,4.36,9.98,3.16,12.75,7.74,29.26
2026-07-10T02:25:26Z,2026-07-10T02:24:48Z,2026-07-10T02:24:48Z,Genesis Scottish Open,The Renaissance Club,2,2,19895,"Schauffele, Xander",Bogeys,2.5,-136,-136,0.576271186440678,0.576271186440678,prizepicks_fixed,67.7,4.39,10.37,2.8,11.79,7.99,28.42
2026-07-10T02:25:26Z,2026-07-10T02:24:48Z,2026-07-10T02:24:48Z,Genesis Scottish Open,The Renaissance Club,2,2,23323,"MacIntyre, Robert",Birdies,4,-136,-136,0.576271186440678,0.576271186440678,prizepicks_fixed,68.4,4.59,9.84,3.11,12.76,8.03,27.61
2026-07-10T02:25:26Z,2026-07-10T02:24:48Z,2026-07-10T02:24:48Z,Genesis Scottish Open,The Renaissance Club,2,2,13900,"Lowry, Shane",Birdies,3.5,-136,-136,0.576271186440678,0.576271186440678,prizepicks_fixed,68.78,4.26,10.05,3.17,12.13,8.4,28.94
2026-07-10T02:25:26Z,2026-07-10T02:24:48Z,2026-07-10T02:24:48Z,Genesis Scottish Open,The Renaissance Club,2,2,18554,"Rai, Aaron",Total Score,69,-136,-136,0.576271186440678,0.576271186440678,prizepicks_fixed,69.11,4.27,9.96,3.32,12.12,9.33,28.93
2026-07-10T02:25:26Z,2026-07-10T02:24:48Z,2026-07-10T02:24:48Z,Genesis Scottish Open,The Renaissance Club,2,2,17536,"Spaun, J.J.",Total Score,69,-136,-136,0.576271186440678,0.576271186440678,prizepicks_fixed,69.84,4.38,9.71,3.46,13.14,8.57,28.9
2026-07-10T02:25:26Z,2026-07-10T02:24:48Z,2026-07-10T02:24:48Z,Genesis Scottish Open,The Renaissance Club,2,2,13900,"Lowry, Shane",Total Score,69,-136,-136,0.576271186440678,0.576271186440678,prizepicks_fixed,68.78,4.26,10.05,3.17,12.13,8.4,28.94
2026-07-10T02:25:26Z,2026-07-10T02:24:48Z,2026-07-10T02:24:48Z,Genesis Scottish Open,The Renaissance Club,2,2,17536,"Spaun, J.J.",Pars,11.5,-136,-136,0.576271186440678,0.576271186440678,prizepicks_fixed,69.84,4.38,9.71,3.46,13.14,8.57,28.9
2026-07-10T02:25:26Z,2026-07-10T02:24:48Z,2026-07-10T02:24:48Z,Genesis Scottish Open,The Renaissance Club,2,2,18554,"Rai, Aaron",Pars,11.5,-136,-136,0.576271186440678,0.576271186440678,prizepicks_fixed,69.11,4.27,9.96,3.32,12.12,9.33,28.93
2026-07-10T02:25:26Z,2026-07-10T02:24:48Z,2026-07-10T02:24:48Z,Genesis Scottish Open,The Renaissance Club,2,2,17536,"Spaun, J.J.",Fairways hit,7.5,-136,-136,0.576271186440678,0.576271186440678,prizepicks_fixed,69.84,4.38,9.71,3.46,13.14,8.57,28.9
2026-07-10T02:25:26Z,2026-07-10T02:24:48Z,2026-07-10T02:24:48Z,Genesis Scottish Open,The Renaissance Club,2,2,17536,"Spaun, J.J.",Birdies,4,-136,-136,0.576271186440678,0.576271186440678,prizepicks_fixed,69.84,4.38,9.71,3.46,13.14,8.57,28.9
2026-07-10T02:25:26Z,2026-07-10T02:24:48Z,2026-07-10T02:24:48Z,Genesis Scottish Open,The Renaissance Club,2,2,18554,"Rai, Aaron",Birdies,3.5,-136,-136,0.576271186440678,0.576271186440678,prizepicks_fixed,69.11,4.27,9.96,3.32,12.12,9.33,28.93
2026-07-10T02:25:26Z,2026-07-10T02:24:48Z,2026-07-10T02:24:48Z,Genesis Scottish Open,The Renaissance Club,2,2,18554,"Rai, Aaron",Bogeys,2.5,-136,-136,0.576271186440678,0.576271186440678,prizepicks_fixed,69.11,4.27,9.96,3.32,12.12,9.33,28.93
2026-07-10T02:25:26Z,2026-07-10T02:24:48Z,2026-07-10T02:24:48Z,Genesis Scottish Open,The Renaissance Club,2,2,10091,"McIlroy, Rory",Birdies,4.5,-136,-136,0.576271186440678,0.576271186440678,prizepicks_fixed,66.96,4.6,10.2,2.66,11.95,7.69,28.05
2026-07-10T02:25:26Z,2026-07-10T02:24:48Z,2026-07-10T02:24:48Z,Genesis Scottish Open,The Renaissance Club,2,2,27774,"Gotterup, Chris",Birdies,4,-136,-136,0.576271186440678,0.576271186440678,prizepicks_fixed,68.78,4.45,9.73,3.31,12.1,7.38,27.87
2026-07-10T02:25:26Z,2026-07-10T02:24:48Z,2026-07-10T02:24:48Z,Genesis Scottish Open,The Renaissance Club,2,2,27900,"Potgieter, Aldrich",Total Score,69.5,-136,-136,0.576271186440678,0.576271186440678,prizepicks_fixed,69.3,4.25,9.54,3.68,10.66,7.07,29.17
2026-07-10T02:25:26Z,2026-07-10T02:24:48Z,2026-07-10T02:24:48Z,Genesis Scottish Open,The Renaissance Club,2,2,27774,"Gotterup, Chris",Total Score,68.5,-136,-136,0.576271186440678,0.576271186440678,prizepicks_fixed,68.78,4.45,9.73,3.31,12.1,7.38,27.87
2026-07-10T02:25:26Z,2026-07-10T02:24:48Z,2026-07-10T02:24:48Z,Genesis Scottish Open,The Renaissance Club,2,2,23323,"MacIntyre, Robert",Total Score,68.5,-136,-136,0.576271186440678,0.576271186440678,prizepicks_fixed,68.4,4.59,9.84,3.11,12.76,8.03,27.61
2026-07-10T02:25:26Z,2026-07-10T02:24:48Z,2026-07-10T02:24:48Z,Genesis Scottish Open,The Renaissance Club,2,2,10091,"McIlroy, Rory",Total Score,67,-136,-136,0.576271186440678,0.576271186440678,prizepicks_fixed,66.96,4.6,10.2,2.66,11.95,7.69,28.05
2026-07-10T02:25:26Z,2026-07-10T02:24:48Z,2026-07-10T02:24:48Z,Genesis Scottish Open,The Renaissance Club,2,2,27774,"Gotterup, Chris",GIR,12.5,-136,-136,0.576271186440678,0.576271186440678,prizepicks_fixed,68.78,4.45,9.73,3.31,12.1,7.38,27.87
2026-07-10T02:25:26Z,2026-07-10T02:24:48Z,2026-07-10T02:24:48Z,Genesis Scottish Open,The Renaissance Club,2,2,27774,"Gotterup, Chris",Pars,11,-136,-136,0.576271186440678,0.576271186440678,prizepicks_fixed,68.78,4.45,9.73,3.31,12.1,7.38,27.87
2026-07-10T02:25:26Z,2026-07-10T02:24:48Z,2026-07-10T02:24:48Z,Genesis Scottish Open,The Renaissance Club,2,2,10091,"McIlroy, Rory",Pars,11,-136,-136,0.576271186440678,0.576271186440678,prizepicks_fixed,66.96,4.6,10.2,2.66,11.95,7.69,28.05
2026-07-10T02:25:26Z,2026-07-10T02:24:48Z,2026-07-10T02:24:48Z,Genesis Scottish Open,The Renaissance Club,2,2,27900,"Potgieter, Aldrich",Pars,10.5,-136,-136,0.576271186440678,0.576271186440678,prizepicks_fixed,69.3,4.25,9.54,3.68,10.66,7.07,29.17
2026-07-10T02:25:26Z,2026-07-10T02:24:48Z,2026-07-10T02:24:48Z,Genesis Scottish Open,The Renaissance Club,2,2,27900,"Potgieter, Aldrich",Birdies,4,-136,-136,0.576271186440678,0.576271186440678,prizepicks_fixed,69.3,4.25,9.54,3.68,10.66,7.07,29.17
2026-07-10T02:25:26Z,2026-07-10T02:24:48Z,2026-07-10T02:24:48Z,Genesis Scottish Open,The Renaissance Club,2,2,23604,"Clark, Wyndham",Birdies,4,-136,-136,0.576271186440678,0.576271186440678,prizepicks_fixed,68.21,4.68,9.99,2.9,12.67,7.4,27.37
2026-07-10T02:25:26Z,2026-07-10T02:24:48Z,2026-07-10T02:24:48Z,Genesis Scottish Open,The Renaissance Club,2,2,18841,"Hovland, Viktor",Birdies,4,-136,-136,0.576271186440678,0.576271186440678,prizepicks_fixed,68.66,4.6,9.81,3.1,13.74,8.5,28.13
2026-07-10T02:25:26Z,2026-07-10T02:24:48Z,2026-07-10T02:24:48Z,Genesis Scottish Open,The Renaissance Club,2,2,26745,"Chacarra, Eugenio",Total Score,69,-136,-136,0.576271186440678,0.576271186440678,prizepicks_fixed,69.13,4.27,9.75,3.5,12.05,8.07,28.47
2026-07-10T02:25:26Z,2026-07-10T02:24:48Z,2026-07-10T02:24:48Z,Genesis Scottish Open,The Renaissance Club,2,2,23604,"Clark, Wyndham",Total Score,68.5,-136,-136,0.576271186440678,0.576271186440678,prizepicks_fixed,68.21,4.68,9.99,2.9,12.67,7.4,27.37
2026-07-10T02:25:26Z,2026-07-10T02:24:48Z,2026-07-10T02:24:48Z,Genesis Scottish Open,The Renaissance Club,2,2,18841,"Hovland, Viktor",Total Score,68.5,-136,-136,0.576271186440678,0.576271186440678,prizepicks_fixed,68.66,4.6,9.81,3.1,13.74,8.5,28.13
2026-07-10T02:25:26Z,2026-07-10T02:24:48Z,2026-07-10T02:24:48Z,Genesis Scottish Open,The Renaissance Club,2,2,23604,"Clark, Wyndham",Pars,11.5,-136,-136,0.576271186440678,0.576271186440678,prizepicks_fixed,68.21,4.68,9.99,2.9,12.67,7.4,27.37
2026-07-10T02:25:26Z,2026-07-10T02:24:48Z,2026-07-10T02:24:48Z,Genesis Scottish Open,The Renaissance Club,2,2,18841,"Hovland, Viktor",Fairways hit,7.5,-136,-136,0.576271186440678,0.576271186440678,prizepicks_fixed,68.66,4.6,9.81,3.1,13.74,8.5,28.13
2026-07-10T02:25:26Z,2026-07-10T02:24:48Z,2026-07-10T02:24:48Z,Genesis Scottish Open,The Renaissance Club,2,2,23604,"Clark, Wyndham",Fairways hit,6.5,-136,-136,0.576271186440678,0.576271186440678,prizepicks_fixed,68.21,4.68,9.99,2.9,12.67,7.4,27.37
2026-07-10T02:25:26Z,2026-07-10T02:24:48Z,2026-07-10T02:24:48Z,Genesis Scottish Open,The Renaissance Club,2,2,23604,"Clark, Wyndham",Bogeys,2.5,-136,-136,0.576271186440678,0.576271186440678,prizepicks_fixed,68.21,4.68,9.99,2.9,12.67,7.4,27.37
2026-07-10T02:25:26Z,2026-07-10T02:24:48Z,2026-07-10T02:24:48Z,Genesis Scottish Open,The Renaissance Club,2,2,14796,"Hatton, Tyrrell",Birdies,4,-136,-136,0.576271186440678,0.576271186440678,prizepicks_fixed,68.71,4.59,9.76,3.15,12.29,7.63,28.57
2026-07-10T02:25:26Z,2026-07-10T02:24:48Z,2026-07-10T02:24:48Z,Genesis Scottish Open,The Renaissance Club,2,2,20085,"Lindell, Oliver",Total Score,70,-136,-136,0.576271186440678,0.576271186440678,prizepicks_fixed,69.65,4.22,9.76,3.65,12.48,7.69,28.23
2026-07-10T02:25:26Z,2026-07-10T02:24:48Z,2026-07-10T02:24:48Z,Genesis Scottish Open,The Renaissance Club,2,2,10419,"Noren, Alex",Total Score,69.5,-136,-136,0.576271186440678,0.576271186440678,prizepicks_fixed,69.13,4.33,9.86,3.48,11.7,8.45,27.78
2026-07-10T02:25:26Z,2026-07-10T02:24:48Z,2026-07-10T02:24:48Z,Genesis Scottish Open,The Renaissance Club,2,2,14796,"Hatton, Tyrrell",Total Score,68.5,-136,-136,0.576271186440678,0.576271186440678,prizepicks_fixed,68.71,4.59,9.76,3.15,12.29,7.63,28.57
2026-07-10T02:25:26Z,2026-07-10T02:24:48Z,2026-07-10T02:24:48Z,Genesis Scottish Open,The Renaissance Club,2,2,10419,"Noren, Alex",GIR,12.5,-136,-136,0.576271186440678,0.576271186440678,prizepicks_fixed,69.13,4.33,9.86,3.48,11.7,8.45,27.78
2026-07-10T02:25:26Z,2026-07-10T02:24:48Z,2026-07-10T02:24:48Z,Genesis Scottish Open,The Renaissance Club,2,2,14796,"Hatton, Tyrrell",GIR,12.5,-136,-136,0.576271186440678,0.576271186440678,prizepicks_fixed,68.71,4.59,9.76,3.15,12.29,7.63,28.57
2026-07-10T02:25:26Z,2026-07-10T02:24:48Z,2026-07-10T02:24:48Z,Genesis Scottish Open,The Renaissance Club,2,2,10419,"Noren, Alex",Pars,11.5,-136,-136,0.576271186440678,0.576271186440678,prizepicks_fixed,69.13,4.33,9.86,3.48,11.7,8.45,27.78
2026-07-10T02:25:26Z,2026-07-10T02:24:48Z,2026-07-10T02:24:48Z,Genesis Scottish Open,The Renaissance Club,2,2,10419,"Noren, Alex",Fairways hit,7.5,-136,-136,0.576271186440678,0.576271186440678,prizepicks_fixed,69.13,4.33,9.86,3.48,11.7,8.45,27.78
2026-07-10T02:25:26Z,2026-07-10T02:24:48Z,2026-07-10T02:24:48Z,Genesis Scottish Open,The Renaissance Club,2,2,14796,"Hatton, Tyrrell",Fairways hit,6.5,-136,-136,0.576271186440678,0.576271186440678,prizepicks_fixed,68.71,4.59,9.76,3.15,12.29,7.63,28.57
2026-07-10T02:25:26Z,2026-07-10T02:24:48Z,2026-07-10T02:24:48Z,Genesis Scottish Open,The Renaissance Club,2,2,10419,"Noren, Alex",Birdies,3.5,-136,-136,0.576271186440678,0.576271186440678,prizepicks_fixed,69.13,4.33,9.86,3.48,11.7,8.45,27.78
2026-07-10T02:25:26Z,2026-07-10T02:24:48Z,2026-07-10T02:24:48Z,Genesis Scottish Open,The Renaissance Club,2,2,20722,"Schmid, Matti",Total Score,70,-136,-136,0.576271186440678,0.576271186440678,prizepicks_fixed,70.02,4.26,9.53,3.75,12.14,7.13,28.58
2026-07-10T02:25:26Z,2026-07-10T02:24:48Z,2026-07-10T02:24:48Z,Genesis Scottish Open,The Renaissance Club,2,2,28309,"Coody, Pierceson",Total Score,69.5,-136,-136,0.576271186440678,0.576271186440678,prizepicks_fixed,69.08,4.49,9.67,3.43,11.96,7.72,28.47
2026-07-10T02:25:26Z,2026-07-10T02:24:48Z,2026-07-10T02:24:48Z,Genesis Scottish Open,The Renaissance Club,2,2,20722,"Schmid, Matti",Birdies,3.5,-136,-136,0.576271186440678,0.576271186440678,prizepicks_fixed,70.02,4.26,9.53,3.75,12.14,7.13,28.58
2026-07-10T02:25:56Z,2026-07-10T02:24:48Z,2026-07-10T02:25:33Z,Genesis Scottish Open,The Renaissance Club,2,2,29197,"Brennan, Michael",Total Score,69,-136,-136,0.576271186440678,0.576271186440678,prizepicks_fixed,69.94,3.29,10.56,3.66,12.05,8.55,29.8
2026-07-10T02:25:56Z,2026-07-10T02:24:48Z,2026-07-10T02:25:33Z,Genesis Scottish Open,The Renaissance Club,2,2,29197,"Brennan, Michael",Birdies,4,-136,-136,0.576271186440678,0.576271186440678,prizepicks_fixed,69.94,3.29,10.56,3.66,12.05,8.55,29.8
2026-07-10T02:25:56Z,2026-07-10T02:24:48Z,2026-07-10T02:25:33Z,Genesis Scottish Open,The Renaissance Club,2,2,12920,"Willett, Danny",Total Score,70,-136,-136,0.576271186440678,0.576271186440678,prizepicks_fixed,73.27,2.88,10.16,4.49,10.6,7.77,29.3
2026-07-10T02:25:56Z,2026-07-10T02:24:48Z,2026-07-10T02:25:33Z,Genesis Scottish Open,The Renaissance Club,2,2,23475,"Novak, Andrew",Total Score,69,-136,-136,0.576271186440678,0.576271186440678,prizepicks_fixed,70.64,3.3,10.43,3.74,11.75,7.14,29.9
2026-07-10T02:25:56Z,2026-07-10T02:24:48Z,2026-07-10T02:25:33Z,Genesis Scottish Open,The Renaissance Club,2,2,12920,"Willett, Danny",Birdies,3.5,-136,-136,0.576271186440678,0.576271186440678,prizepicks_fixed,73.27,2.88,10.16,4.49,10.6,7.77,29.3
2026-07-10T02:25:56Z,2026-07-10T02:24:48Z,2026-07-10T02:25:33Z,Genesis Scottish Open,The Renaissance Club,2,2,25569,"Stevens, Sam",Total Score,69,-136,-136,0.576271186440678,0.576271186440678,prizepicks_fixed,70.19,3.31,10.87,3.42,11.62,8.49,29.7
2026-07-10T02:25:56Z,2026-07-10T02:24:48Z,2026-07-10T02:25:33Z,Genesis Scottish Open,The Renaissance Club,2,2,22322,"McKibbin, Tom",Total Score,69,-136,-136,0.576271186440678,0.576271186440678,prizepicks_fixed,69.97,3.35,10.85,3.34,12.07,9.17,30.1
2026-07-10T02:25:56Z,2026-07-10T02:24:48Z,2026-07-10T02:25:33Z,Genesis Scottish Open,The Renaissance Club,2,2,22322,"McKibbin, Tom",Birdies,3.5,-136,-136,0.576271186440678,0.576271186440678,prizepicks_fixed,69.97,3.35,10.85,3.34,12.07,9.17,30.1
2026-07-10T02:25:56Z,2026-07-10T02:24:48Z,2026-07-10T02:25:33Z,Genesis Scottish Open,The Renaissance Club,2,2,25569,"Stevens, Sam",Birdies,3.5,-136,-136,0.576271186440678,0.576271186440678,prizepicks_fixed,70.19,3.31,10.87,3.42,11.62,8.49,29.7
2026-07-10T02:25:56Z,2026-07-10T02:24:48Z,2026-07-10T02:25:33Z,Genesis Scottish Open,The Renaissance Club,2,2,13126,"Taylor, Nick",Total Score,69.5,-136,-136,0.576271186440678,0.576271186440678,prizepicks_fixed,70.12,4.07,9.58,3.96,11.22,8.88,29.1
2026-07-10T02:25:56Z,2026-07-10T02:24:48Z,2026-07-10T02:25:33Z,Genesis Scottish Open,The Renaissance Club,2,2,14577,"English, Harris",Total Score,69,-136,-136,0.576271186440678,0.576271186440678,prizepicks_fixed,69.47,4.49,9.59,3.53,11.97,8.87,28.2
2026-07-10T02:25:56Z,2026-07-10T02:24:48Z,2026-07-10T02:25:33Z,Genesis Scottish Open,The Renaissance Club,2,2,23014,"Theegala, Sahith",Total Score,69,-136,-136,0.576271186440678,0.576271186440678,prizepicks_fixed,69.07,4.35,9.39,3.79,11.69,7.91,29.3
2026-07-10T02:25:56Z,2026-07-10T02:24:48Z,2026-07-10T02:25:33Z,Genesis Scottish Open,The Renaissance Club,2,2,14577,"English, Harris",GIR,12.5,-136,-136,0.576271186440678,0.576271186440678,prizepicks_fixed,69.47,4.49,9.59,3.53,11.97,8.87,28.2
2026-07-10T02:25:56Z,2026-07-10T02:24:48Z,2026-07-10T02:25:33Z,Genesis Scottish Open,The Renaissance Club,2,2,14577,"English, Harris",Pars,11.5,-136,-136,0.576271186440678,0.576271186440678,prizepicks_fixed,69.47,4.49,9.59,3.53,11.97,8.87,28.2
2026-07-10T02:25:56Z,2026-07-10T02:24:48Z,2026-07-10T02:25:33Z,Genesis Scottish Open,The Renaissance Club,2,2,13126,"Taylor, Nick",Birdies,3.5,-136,-136,0.576271186440678,0.576271186440678,prizepicks_fixed,70.12,4.07,9.58,3.96,11.22,8.88,29.1
2026-07-10T02:25:56Z,2026-07-10T02:24:48Z,2026-07-10T02:25:33Z,Genesis Scottish Open,The Renaissance Club,2,2,14577,"English, Harris",Bogeys,2.5,-136,-136,0.576271186440678,0.576271186440678,prizepicks_fixed,69.47,4.49,9.59,3.53,11.97,8.87,28.2
2026-07-10T02:25:56Z,2026-07-10T02:24:48Z,2026-07-10T02:25:33Z,Genesis Scottish Open,The Renaissance Club,2,2,17488,"Im, Sungjae",Total Score,69.5,-136,-136,0.576271186440678,0.576271186440678,prizepicks_fixed,70.31,3.69,10.65,3.33,11.46,8.68,28.9
2026-07-10T02:25:56Z,2026-07-10T02:24:48Z,2026-07-10T02:25:33Z,Genesis Scottish Open,The Renaissance Club,2,2,17576,"Conners, Corey",Total Score,69.5,-136,-136,0.576271186440678,0.576271186440678,prizepicks_fixed,70.03,3.2,10.69,3.63,12.43,9.29,29.7
2026-07-10T02:25:56Z,2026-07-10T02:24:48Z,2026-07-10T02:25:33Z,Genesis Scottish Open,The Renaissance Club,2,2,17576,"Conners, Corey",Pars,11.5,-136,-136,0.576271186440678,0.576271186440678,prizepicks_fixed,70.03,3.2,10.69,3.63,12.43,9.29,29.7
2026-07-10T02:25:56Z,2026-07-10T02:24:48Z,2026-07-10T02:25:33Z,Genesis Scottish Open,The Renaissance Club,2,2,17576,"Conners, Corey",Birdies,3.5,-136,-136,0.576271186440678,0.576271186440678,prizepicks_fixed,70.03,3.2,10.69,3.63,12.43,9.29,29.7
2026-07-10T02:25:56Z,2026-07-10T02:24:48Z,2026-07-10T02:25:33Z,Genesis Scottish Open,The Renaissance Club,2,2,17488,"Im, Sungjae",Birdies,3.5,-136,-136,0.576271186440678,0.576271186440678,prizepicks_fixed,70.31,3.69,10.65,3.33,11.46,8.68,28.9
2026-07-10T02:25:56Z,2026-07-10T02:24:48Z,2026-07-10T02:25:33Z,Genesis Scottish Open,The Renaissance Club,2,2,12294,"Fleetwood, Tommy",Birdies,4.5,-136,-136,0.576271186440678,0.576271186440678,prizepicks_fixed,68.39,3.26,11.53,2.73,12.07,9.63,28.5
2026-07-10T02:25:56Z,2026-07-10T02:24:48Z,2026-07-10T02:25:33Z,Genesis Scottish Open,The Renaissance Club,2,2,14609,"Kim, Si Woo",Birdies,4,-136,-136,0.576271186440678,0.576271186440678,prizepicks_fixed,69.01,4.68,9.27,3.57,12.02,9.72,29.4
2026-07-10T02:25:56Z,2026-07-10T02:24:48Z,2026-07-10T02:25:33Z,Genesis Scottish Open,The Renaissance Club,2,2,27194,"Hall, Harry",Total Score,69,-136,-136,0.576271186440678,0.576271186440678,prizepicks_fixed,69.95,4.22,9.44,3.91,10.81,7.9,28.5
2026-07-10T02:25:56Z,2026-07-10T02:24:48Z,2026-07-10T02:25:33Z,Genesis Scottish Open,The Renaissance Club,2,2,8825,"Harman, Brian",Total Score,69,-136,-136,0.576271186440678,0.576271186440678,prizepicks_fixed,70.2,4.26,9.19,4.06,11.99,8.97,29.1
2026-07-10T02:25:56Z,2026-07-10T02:24:48Z,2026-07-10T02:25:33Z,Genesis Scottish Open,The Renaissance Club,2,2,29767,"Gerard, Ryan",Total Score,69,-136,-136,0.576271186440678,0.576271186440678,prizepicks_fixed,70.21,3.42,10.76,3.32,11.98,8.85,28.8
2026-07-10T02:25:56Z,2026-07-10T02:24:48Z,2026-07-10T02:25:33Z,Genesis Scottish Open,The Renaissance Club,2,2,29767,"Gerard, Ryan",Pars,11.5,-136,-136,0.576271186440678,0.576271186440678,prizepicks_fixed,70.21,3.42,10.76,3.32,11.98,8.85,28.8
2026-07-10T02:25:56Z,2026-07-10T02:24:48Z,2026-07-10T02:25:33Z,Genesis Scottish Open,The Renaissance Club,2,2,8825,"Harman, Brian",Pars,11.5,-136,-136,0.576271186440678,0.576271186440678,prizepicks_fixed,70.2,4.26,9.19,4.06,11.99,8.97,29.1
2026-07-10T02:25:56Z,2026-07-10T02:24:48Z,2026-07-10T02:25:33Z,Genesis Scottish Open,The Renaissance Club,2,2,8825,"Harman, Brian",Birdies,3.5,-136,-136,0.576271186440678,0.576271186440678,prizepicks_fixed,70.2,4.26,9.19,4.06,11.99,8.97,29.1
2026-07-10T02:25:56Z,2026-07-10T02:24:48Z,2026-07-10T02:25:33Z,Genesis Scottish Open,The Renaissance Club,2,2,17646,"Fitzpatrick, Matt",Birdies,4,-136,-136,0.576271186440678,0.576271186440678,prizepicks_fixed,68.58,3.46,11.35,2.77,13.13,9.14,28.7
2026-07-10T02:25:56Z,2026-07-10T02:24:48Z,2026-07-10T02:25:33Z,Genesis Scottish Open,The Renaissance Club,2,2,17511,"Straka, Sepp",Total Score,69.5,-136,-136,0.576271186440678,0.576271186440678,prizepicks_fixed,70.67,3.89,9.4,4.17,11.39,8.74,29.7
2026-07-10T02:25:56Z,2026-07-10T02:24:48Z,2026-07-10T02:25:33Z,Genesis Scottish Open,The Renaissance Club,2,2,26991,"Schaper, Jayden",Total Score,69.5,-136,-136,0.576271186440678,0.576271186440678,prizepicks_fixed,71,3.34,10.43,3.83,11.47,9.31,29.5
2026-07-10T02:25:56Z,2026-07-10T02:24:48Z,2026-07-10T02:25:33Z,Genesis Scottish Open,The Renaissance Club,2,2,21756,"Cole, Eric",Total Score,69,-136,-136,0.576271186440678,0.576271186440678,prizepicks_fixed,69.72,4.54,9.15,3.91,11.53,7.74,28.4
2026-07-10T02:25:56Z,2026-07-10T02:24:48Z,2026-07-10T02:25:33Z,Genesis Scottish Open,The Renaissance Club,2,2,14609,"Kim, Si Woo",Total Score,68.5,-136,-136,0.576271186440678,0.576271186440678,prizepicks_fixed,69.01,4.68,9.27,3.57,12.02,9.72,29.4
2026-07-10T02:25:56Z,2026-07-10T02:24:48Z,2026-07-10T02:25:33Z,Genesis Scottish Open,The Renaissance Club,2,2,17511,"Straka, Sepp",GIR,12.5,-136,-136,0.576271186440678,0.576271186440678,prizepicks_fixed,70.67,3.89,9.4,4.17,11.39,8.74,29.7
2026-07-10T02:25:56Z,2026-07-10T02:24:48Z,2026-07-10T02:25:33Z,Genesis Scottish Open,The Renaissance Club,2,2,14609,"Kim, Si Woo",GIR,12.5,-136,-136,0.576271186440678,0.576271186440678,prizepicks_fixed,69.01,4.68,9.27,3.57,12.02,9.72,29.4
2026-07-10T02:25:56Z,2026-07-10T02:24:48Z,2026-07-10T02:25:33Z,Genesis Scottish Open,The Renaissance Club,2,2,14609,"Kim, Si Woo",Pars,11.5,-136,-136,0.576271186440678,0.576271186440678,prizepicks_fixed,69.01,4.68,9.27,3.57,12.02,9.72,29.4
2026-07-10T02:25:56Z,2026-07-10T02:24:48Z,2026-07-10T02:25:33Z,Genesis Scottish Open,The Renaissance Club,2,2,26991,"Schaper, Jayden",Birdies,3.5,-136,-136,0.576271186440678,0.576271186440678,prizepicks_fixed,71,3.34,10.43,3.83,11.47,9.31,29.5
2026-07-10T02:25:56Z,2026-07-10T02:24:48Z,2026-07-10T02:25:33Z,Genesis Scottish Open,The Renaissance Club,2,2,17511,"Straka, Sepp",Birdies,3.5,-136,-136,0.576271186440678,0.576271186440678,prizepicks_fixed,70.67,3.89,9.4,4.17,11.39,8.74,29.7
2026-07-10T02:25:56Z,2026-07-10T02:24:48Z,2026-07-10T02:25:33Z,Genesis Scottish Open,The Renaissance Club,2,2,14609,"Kim, Si Woo",Bogeys,2.5,-136,-136,0.576271186440678,0.576271186440678,prizepicks_fixed,69.01,4.68,9.27,3.57,12.02,9.72,29.4
2026-07-10T02:25:56Z,2026-07-10T02:24:48Z,2026-07-10T02:25:33Z,Genesis Scottish Open,The Renaissance Club,2,2,18417,"Scheffler, Scottie",Birdies,4.5,-136,-136,0.576271186440678,0.576271186440678,prizepicks_fixed,67.89,3.68,11.48,2.35,12.69,9.4,28
2026-07-10T02:25:56Z,2026-07-10T02:24:48Z,2026-07-10T02:25:33Z,Genesis Scottish Open,The Renaissance Club,2,2,23465,"Greyserman, Max",Total Score,69,-136,-136,0.576271186440678,0.576271186440678,prizepicks_fixed,69.79,3.3,10.87,3.33,11.52,7.86,29.2
2026-07-10T02:25:56Z,2026-07-10T02:24:48Z,2026-07-10T02:25:33Z,Genesis Scottish Open,The Renaissance Club,2,2,17646,"Fitzpatrick, Matt",Total Score,67.5,-136,-136,0.576271186440678,0.576271186440678,prizepicks_fixed,68.58,3.46,11.35,2.77,13.13,9.14,28.7
2026-07-10T02:25:56Z,2026-07-10T02:24:48Z,2026-07-10T02:25:33Z,Genesis Scottish Open,The Renaissance Club,2,2,12294,"Fleetwood, Tommy",Total Score,67.5,-136,-136,0.576271186440678,0.576271186440678,prizepicks_fixed,68.39,3.26,11.53,2.73,12.07,9.63,28.5
2026-07-10T02:25:56Z,2026-07-10T02:24:48Z,2026-07-10T02:25:33Z,Genesis Scottish Open,The Renaissance Club,2,2,18417,"Scheffler, Scottie",Total Score,66.5,-136,-136,0.576271186440678,0.576271186440678,prizepicks_fixed,67.89,3.68,11.48,2.35,12.69,9.4,28
2026-07-10T02:25:56Z,2026-07-10T02:24:48Z,2026-07-10T02:25:33Z,Genesis Scottish Open,The Renaissance Club,2,2,18417,"Scheffler, Scottie",GIR,13.5,-136,-136,0.576271186440678,0.576271186440678,prizepicks_fixed,67.89,3.68,11.48,2.35,12.69,9.4,28
2026-07-10T02:25:56Z,2026-07-10T02:24:48Z,2026-07-10T02:25:33Z,Genesis Scottish Open,The Renaissance Club,2,2,12294,"Fleetwood, Tommy",GIR,12.5,-136,-136,0.576271186440678,0.576271186440678,prizepicks_fixed,68.39,3.26,11.53,2.73,12.07,9.63,28.5
2026-07-10T02:25:56Z,2026-07-10T02:24:48Z,2026-07-10T02:25:33Z,Genesis Scottish Open,The Renaissance Club,2,2,18417,"Scheffler, Scottie",Pars,11.5,-136,-136,0.576271186440678,0.576271186440678,prizepicks_fixed,67.89,3.68,11.48,2.35,12.69,9.4,28
2026-07-10T02:25:56Z,2026-07-10T02:24:48Z,2026-07-10T02:25:33Z,Genesis Scottish Open,The Renaissance Club,2,2,17646,"Fitzpatrick, Matt",Pars,11.5,-136,-136,0.576271186440678,0.576271186440678,prizepicks_fixed,68.58,3.46,11.35,2.77,13.13,9.14,28.7
2026-07-10T02:25:56Z,2026-07-10T02:24:48Z,2026-07-10T02:25:33Z,Genesis Scottish Open,The Renaissance Club,2,2,12294,"Fleetwood, Tommy",Pars,11.5,-136,-136,0.576271186440678,0.576271186440678,prizepicks_fixed,68.39,3.26,11.53,2.73,12.07,9.63,28.5
2026-07-10T02:25:56Z,2026-07-10T02:24:48Z,2026-07-10T02:25:33Z,Genesis Scottish Open,The Renaissance Club,2,2,17646,"Fitzpatrick, Matt",Fairways hit,7.5,-136,-136,0.576271186440678,0.576271186440678,prizepicks_fixed,68.58,3.46,11.35,2.77,13.13,9.14,28.7
2026-07-10T02:25:56Z,2026-07-10T02:24:48Z,2026-07-10T02:25:33Z,Genesis Scottish Open,The Renaissance Club,2,2,18417,"Scheffler, Scottie",Fairways hit,7.5,-136,-136,0.576271186440678,0.576271186440678,prizepicks_fixed,67.89,3.68,11.48,2.35,12.69,9.4,28
2026-07-10T02:25:56Z,2026-07-10T02:24:48Z,2026-07-10T02:25:33Z,Genesis Scottish Open,The Renaissance Club,2,2,12294,"Fleetwood, Tommy",Bogeys,2,-136,-136,0.576271186440678,0.576271186440678,prizepicks_fixed,68.39,3.26,11.53,2.73,12.07,9.63,28.5
2026-07-10T02:25:56Z,2026-07-10T02:24:48Z,2026-07-10T02:25:33Z,Genesis Scottish Open,The Renaissance Club,2,2,17646,"Fitzpatrick, Matt",Bogeys,2,-136,-136,0.576271186440678,0.576271186440678,prizepicks_fixed,68.58,3.46,11.35,2.77,13.13,9.14,28.7
2026-07-10T02:25:56Z,2026-07-10T02:24:48Z,2026-07-10T02:25:33Z,Genesis Scottish Open,The Renaissance Club,2,2,19195,"Rahm, Jon",Birdies,4.5,-136,-136,0.576271186440678,0.576271186440678,prizepicks_fixed,69.91,4.21,10.92,2.4,11.54,8.79,29.1
2026-07-10T02:25:56Z,2026-07-10T02:24:48Z,2026-07-10T02:25:33Z,Genesis Scottish Open,The Renaissance Club,2,2,23950,"Aberg, Ludvig",Birdies,4.5,-136,-136,0.576271186440678,0.576271186440678,prizepicks_fixed,68.68,3.44,11.12,2.95,12.89,8.79,28.8
2026-07-10T02:25:56Z,2026-07-10T02:24:48Z,2026-07-10T02:25:33Z,Genesis Scottish Open,The Renaissance Club,2,2,14139,"Thomas, Justin",Birdies,4,-136,-136,0.576271186440678,0.576271186440678,prizepicks_fixed,69.45,3.41,11.18,3.02,12.11,8.39,28.7
2026-07-10T02:25:56Z,2026-07-10T02:24:48Z,2026-07-10T02:25:33Z,Genesis Scottish Open,The Renaissance Club,2,2,14838,"Reed, Patrick",Birdies,3.5,-136,-136,0.576271186440678,0.576271186440678,prizepicks_fixed,69.85,3.08,11,3.49,11.68,8.34,29.4
2026-07-10T02:25:56Z,2026-07-10T02:24:48Z,2026-07-10T02:25:33Z,Genesis Scottish Open,The Renaissance Club,2,2,14838,"Reed, Patrick",Total Score,68.5,-136,-136,0.576271186440678,0.576271186440678,prizepicks_fixed,69.85,3.08,11,3.49,11.68,8.34,29.4
2026-07-10T02:25:56Z,2026-07-10T02:24:48Z,2026-07-10T02:25:33Z,Genesis Scottish Open,The Renaissance Club,2,2,14139,"Thomas, Justin",Total Score,68.5,-136,-136,0.576271186440678,0.576271186440678,prizepicks_fixed,69.45,3.41,11.18,3.02,12.11,8.39,28.7
2026-07-10T02:25:56Z,2026-07-10T02:24:48Z,2026-07-10T02:25:33Z,Genesis Scottish Open,The Renaissance Club,2,2,23950,"Aberg, Ludvig",Total Score,67.5,-136,-136,0.576271186440678,0.576271186440678,prizepicks_fixed,68.68,3.44,11.12,2.95,12.89,8.79,28.8
2026-07-10T02:25:56Z,2026-07-10T02:24:48Z,2026-07-10T02:25:33Z,Genesis Scottish Open,The Renaissance Club,2,2,14838,"Reed, Patrick",Pars,11.5,-136,-136,0.576271186440678,0.576271186440678,prizepicks_fixed,69.85,3.08,11,3.49,11.68,8.34,29.4
2026-07-10T02:25:56Z,2026-07-10T02:24:48Z,2026-07-10T02:25:33Z,Genesis Scottish Open,The Renaissance Club,2,2,14139,"Thomas, Justin",Pars,11.5,-136,-136,0.576271186440678,0.576271186440678,prizepicks_fixed,69.45,3.41,11.18,3.02,12.11,8.39,28.7
2026-07-10T02:25:56Z,2026-07-10T02:24:48Z,2026-07-10T02:25:33Z,Genesis Scottish Open,The Renaissance Club,2,2,14139,"Thomas, Justin",Fairways hit,6.5,-136,-136,0.576271186440678,0.576271186440678,prizepicks_fixed,69.45,3.41,11.18,3.02,12.11,8.39,28.7
2026-07-10T02:25:56Z,2026-07-10T02:24:48Z,2026-07-10T02:25:33Z,Genesis Scottish Open,The Renaissance Club,2,2,14139,"Thomas, Justin",Bogeys,2.5,-136,-136,0.576271186440678,0.576271186440678,prizepicks_fixed,69.45,3.41,11.18,3.02,12.11,8.39,28.7
2026-07-10T02:25:56Z,2026-07-10T02:24:48Z,2026-07-10T02:25:33Z,Genesis Scottish Open,The Renaissance Club,2,2,14838,"Reed, Patrick",Bogeys,2.5,-136,-136,0.576271186440678,0.576271186440678,prizepicks_fixed,69.85,3.08,11,3.49,11.68,8.34,29.4
2026-07-10T02:25:56Z,2026-07-10T02:24:48Z,2026-07-10T02:25:33Z,Genesis Scottish Open,The Renaissance Club,2,2,23950,"Aberg, Ludvig",Bogeys,2.5,-136,-136,0.576271186440678,0.576271186440678,prizepicks_fixed,68.68,3.44,11.12,2.95,12.89,8.79,28.8
2026-07-10T02:25:56Z,2026-07-10T02:24:48Z,2026-07-10T02:25:33Z,Genesis Scottish Open,The Renaissance Club,2,2,23838,"Hojgaard, Rasmus",Total Score,69.5,-136,-136,0.576271186440678,0.576271186440678,prizepicks_fixed,70.62,3.24,10.66,3.76,11.94,7.53,29.1
2026-07-10T02:25:56Z,2026-07-10T02:24:48Z,2026-07-10T02:25:33Z,Genesis Scottish Open,The Renaissance Club,2,2,25362,"Fitzpatrick, Alex",Total Score,68,-136,-136,0.576271186440678,0.576271186440678,prizepicks_fixed,69.84,4.55,9.34,3.59,12.13,9.38,29.3
2026-07-10T02:25:56Z,2026-07-10T02:24:48Z,2026-07-10T02:25:33Z,Genesis Scottish Open,The Renaissance Club,2,2,19195,"Rahm, Jon",Total Score,67.5,-136,-136,0.576271186440678,0.576271186440678,prizepicks_fixed,69.91,4.21,10.92,2.4,11.54,8.79,29.1
2026-07-10T02:25:56Z,2026-07-10T02:24:48Z,2026-07-10T02:25:33Z,Genesis Scottish Open,The Renaissance Club,2,2,25362,"Fitzpatrick, Alex",Pars,11.5,-136,-136,0.576271186440678,0.576271186440678,prizepicks_fixed,69.84,4.55,9.34,3.59,12.13,9.38,29.3
2026-07-10T02:25:56Z,2026-07-10T02:24:48Z,2026-07-10T02:25:33Z,Genesis Scottish Open,The Renaissance Club,2,2,19195,"Rahm, Jon",Pars,11.5,-136,-136,0.576271186440678,0.576271186440678,prizepicks_fixed,69.91,4.21,10.92,2.4,11.54,8.79,29.1
2026-07-10T02:25:56Z,2026-07-10T02:24:48Z,2026-07-10T02:25:33Z,Genesis Scottish Open,The Renaissance Club,2,2,25362,"Fitzpatrick, Alex",Birdies,4,-136,-136,0.576271186440678,0.576271186440678,prizepicks_fixed,69.84,4.55,9.34,3.59,12.13,9.38,29.3
2026-07-10T02:25:56Z,2026-07-10T02:24:48Z,2026-07-10T02:25:33Z,Genesis Scottish Open,The Renaissance Club,2,2,22833,"Echavarria, Nico",Total Score,70,-136,-136,0.576271186440678,0.576271186440678,prizepicks_fixed,70.15,3.21,10.69,3.64,11.67,8.66,29
2026-07-10T02:25:56Z,2026-07-10T02:24:48Z,2026-07-10T02:25:33Z,Genesis Scottish Open,The Renaissance Club,2,2,22833,"Echavarria, Nico",Birdies,3.5,-136,-136,0.576271186440678,0.576271186440678,prizepicks_fixed,70.15,3.21,10.69,3.64,11.67,8.66,29
2026-07-10T02:25:56Z,2026-07-10T02:24:48Z,2026-07-10T02:25:33Z,Genesis Scottish Open,The Renaissance Club,2,2,11889,"Fox, Ryan",Total Score,69.5,-136,-136,0.576271186440678,0.576271186440678,prizepicks_fixed,69.8,4.26,9.46,3.89,12.1,7.68,29
2026-07-10T02:25:56Z,2026-07-10T02:24:48Z,2026-07-10T02:25:33Z,Genesis Scottish Open,The Renaissance Club,2,2,24766,"Kim, Tom",Pars,11.5,-136,-136,0.576271186440678,0.576271186440678,prizepicks_fixed,68.84,3.21,11.09,3.28,12.62,8.77,29.1
2026-07-10T02:25:56Z,2026-07-10T02:24:48Z,2026-07-10T02:25:33Z,Genesis Scottish Open,The Renaissance Club,2,2,24766,"Kim, Tom",Birdies,3.5,-136,-136,0.576271186440678,0.576271186440678,prizepicks_fixed,68.84,3.21,11.09,3.28,12.62,8.77,29.1
2026-07-10T02:25:56Z,2026-07-10T02:24:48Z,2026-07-10T02:25:33Z,Genesis Scottish Open,The Renaissance Club,2,2,24766,"Kim, Tom",Bogeys,2.5,-136,-136,0.576271186440678,0.576271186440678,prizepicks_fixed,68.84,3.21,11.09,3.28,12.62,8.77,29.1
2026-07-10T02:25:56Z,2026-07-10T02:24:48Z,2026-07-10T02:25:33Z,Genesis Scottish Open,The Renaissance Club,2,2,19895,"Schauffele, Xander",Birdies,4,-136,-136,0.576271186440678,0.576271186440678,prizepicks_fixed,68.05,3.42,11.58,2.56,12.07,8.59,28.8
2026-07-10T02:25:56Z,2026-07-10T02:24:48Z,2026-07-10T02:25:33Z,Genesis Scottish Open,The Renaissance Club,2,2,14502,"Cauley, Bud",Total Score,69.5,-136,-136,0.576271186440678,0.576271186440678,prizepicks_fixed,69.66,3.66,11.21,2.74,12.08,8.8,29.4
2026-07-10T02:25:56Z,2026-07-10T02:24:48Z,2026-07-10T02:25:33Z,Genesis Scottish Open,The Renaissance Club,2,2,20706,"Wallace, Matt",Total Score,69.5,-136,-136,0.576271186440678,0.576271186440678,prizepicks_fixed,70.29,4.19,9.18,4.18,12.53,8.35,29
2026-07-10T02:25:56Z,2026-07-10T02:24:48Z,2026-07-10T02:25:33Z,Genesis Scottish Open,The Renaissance Club,2,2,22465,"Penge, Marco",Total Score,69.5,-136,-136,0.576271186440678,0.576271186440678,prizepicks_fixed,68.95,4.29,9.44,3.84,11.46,7.68,29.6
2026-07-10T02:25:56Z,2026-07-10T02:24:48Z,2026-07-10T02:25:33Z,Genesis Scottish Open,The Renaissance Club,2,2,22465,"Penge, Marco",Birdies,4,-136,-136,0.576271186440678,0.576271186440678,prizepicks_fixed,68.95,4.29,9.44,3.84,11.46,7.68,29.6
2026-07-10T02:25:56Z,2026-07-10T02:24:48Z,2026-07-10T02:25:33Z,Genesis Scottish Open,The Renaissance Club,2,2,20706,"Wallace, Matt",Birdies,3.5,-136,-136,0.576271186440678,0.576271186440678,prizepicks_fixed,70.29,4.19,9.18,4.18,12.53,8.35,29
2026-07-10T02:25:56Z,2026-07-10T02:24:48Z,2026-07-10T02:25:33Z,Genesis Scottish Open,The Renaissance Club,2,2,14502,"Cauley, Bud",Birdies,3.5,-136,-136,0.576271186440678,0.576271186440678,prizepicks_fixed,69.66,3.66,11.21,2.74,12.08,8.8,29.4
2026-07-10T02:25:56Z,2026-07-10T02:24:48Z,2026-07-10T02:25:33Z,Genesis Scottish Open,The Renaissance Club,2,2,17543,"Kim, Michael",Total Score,69.5,-136,-136,0.576271186440678,0.576271186440678,prizepicks_fixed,70.09,3.32,10.54,3.68,11.76,7.94,28.5
2026-07-10T02:25:56Z,2026-07-10T02:24:48Z,2026-07-10T02:25:33Z,Genesis Scottish Open,The Renaissance Club,2,2,9531,"Wiesberger, Bernd",Total Score,69.5,-136,-136,0.576271186440678,0.576271186440678,prizepicks_fixed,70.85,2.83,10.88,3.96,11.52,9.02,30.1
2026-07-10T02:25:56Z,2026-07-10T02:24:48Z,2026-07-10T02:25:33Z,Genesis Scottish Open,The Renaissance Club,2,2,17543,"Kim, Michael",Birdies,3.5,-136,-136,0.576271186440678,0.576271186440678,prizepicks_fixed,70.09,3.32,10.54,3.68,11.76,7.94,28.5
2026-07-10T02:25:56Z,2026-07-10T02:24:48Z,2026-07-10T02:25:33Z,Genesis Scottish Open,The Renaissance Club,2,2,9531,"Wiesberger, Bernd",Birdies,3.5,-136,-136,0.576271186440678,0.576271186440678,prizepicks_fixed,70.85,2.83,10.88,3.96,11.52,9.02,30.1
2026-07-10T02:25:56Z,2026-07-10T02:24:48Z,2026-07-10T02:25:33Z,Genesis Scottish Open,The Renaissance Club,2,2,18474,"Smalley, Alex",Birdies,3.5,-136,-136,0.576271186440678,0.576271186440678,prizepicks_fixed,70.09,3.62,10.83,3.06,12.28,8.64,28.7
2026-07-10T02:25:56Z,2026-07-10T02:24:48Z,2026-07-10T02:25:33Z,Genesis Scottish Open,The Renaissance Club,2,2,16841,"Lee, Min Woo",Birdies,4,-136,-136,0.576271186440678,0.576271186440678,prizepicks_fixed,69.99,3.2,10.93,3.38,12.77,8.47,29
2026-07-10T02:25:56Z,2026-07-10T02:24:48Z,2026-07-10T02:25:33Z,Genesis Scottish Open,The Renaissance Club,2,2,16243,"Koepka, Brooks",Birdies,4,-136,-136,0.576271186440678,0.576271186440678,prizepicks_fixed,70.25,3.21,10.65,3.67,12.1,8.11,29.4
2026-07-10T02:25:56Z,2026-07-10T02:24:48Z,2026-07-10T02:25:33Z,Genesis Scottish Open,The Renaissance Club,2,2,16243,"Koepka, Brooks",Total Score,69.5,-136,-136,0.576271186440678,0.576271186440678,prizepicks_fixed,70.25,3.21,10.65,3.67,12.1,8.11,29.4
2026-07-10T02:25:56Z,2026-07-10T02:24:48Z,2026-07-10T02:25:33Z,Genesis Scottish Open,The Renaissance Club,2,2,28635,"McCarty, Matt",Total Score,69.5,-136,-136,0.576271186440678,0.576271186440678,prizepicks_fixed,69.95,3.32,10.83,3.48,12.26,8.65,28.9
2026-07-10T02:25:56Z,2026-07-10T02:24:48Z,2026-07-10T02:25:33Z,Genesis Scottish Open,The Renaissance Club,2,2,16841,"Lee, Min Woo",Total Score,69,-136,-136,0.576271186440678,0.576271186440678,prizepicks_fixed,69.99,3.2,10.93,3.38,12.77,8.47,29
2026-07-10T02:25:56Z,2026-07-10T02:24:48Z,2026-07-10T02:25:33Z,Genesis Scottish Open,The Renaissance Club,2,2,16243,"Koepka, Brooks",GIR,12.5,-136,-136,0.576271186440678,0.576271186440678,prizepicks_fixed,70.25,3.21,10.65,3.67,12.1,8.11,29.4
2026-07-10T02:25:56Z,2026-07-10T02:24:48Z,2026-07-10T02:25:33Z,Genesis Scottish Open,The Renaissance Club,2,2,16243,"Koepka, Brooks",Pars,11,-136,-136,0.576271186440678,0.576271186440678,prizepicks_fixed,70.25,3.21,10.65,3.67,12.1,8.11,29.4
2026-07-10T02:25:56Z,2026-07-10T02:24:48Z,2026-07-10T02:25:33Z,Genesis Scottish Open,The Renaissance Club,2,2,16841,"Lee, Min Woo",Pars,11,-136,-136,0.576271186440678,0.576271186440678,prizepicks_fixed,69.99,3.2,10.93,3.38,12.77,8.47,29
2026-07-10T02:25:56Z,2026-07-10T02:24:48Z,2026-07-10T02:25:33Z,Genesis Scottish Open,The Renaissance Club,2,2,16841,"Lee, Min Woo",Fairways hit,6.5,-136,-136,0.576271186440678,0.576271186440678,prizepicks_fixed,69.99,3.2,10.93,3.38,12.77,8.47,29
2026-07-10T02:25:56Z,2026-07-10T02:24:48Z,2026-07-10T02:25:33Z,Genesis Scottish Open,The Renaissance Club,2,2,28635,"McCarty, Matt",Birdies,3.5,-136,-136,0.576271186440678,0.576271186440678,prizepicks_fixed,69.95,3.32,10.83,3.48,12.26,8.65,28.9
2026-07-10T02:25:56Z,2026-07-10T02:24:48Z,2026-07-10T02:25:33Z,Genesis Scottish Open,The Renaissance Club,2,2,16841,"Lee, Min Woo",Bogeys,2.5,-136,-136,0.576271186440678,0.576271186440678,prizepicks_fixed,69.99,3.2,10.93,3.38,12.77,8.47,29
2026-07-10T02:25:56Z,2026-07-10T02:24:48Z,2026-07-10T02:25:33Z,Genesis Scottish Open,The Renaissance Club,2,2,26649,"Thorbjornsen, Michael",Total Score,69.5,-136,-136,0.576271186440678,0.576271186440678,prizepicks_fixed,69.92,3.26,10.72,3.6,11.92,7.17,29.5
2026-07-10T02:25:56Z,2026-07-10T02:24:48Z,2026-07-10T02:25:33Z,Genesis Scottish Open,The Renaissance Club,2,2,23602,"Hojgaard, Nicolai",Total Score,69,-136,-136,0.576271186440678,0.576271186440678,prizepicks_fixed,69.31,3.28,10.92,3.22,12.83,7.63,28.8
2026-07-10T02:25:56Z,2026-07-10T02:24:48Z,2026-07-10T02:25:33Z,Genesis Scottish Open,The Renaissance Club,2,2,15466,"Cantlay, Patrick",Total Score,69,-136,-136,0.576271186440678,0.576271186440678,prizepicks_fixed,69.12,3.12,11.26,3.18,12.12,8.72,29
2026-07-10T02:25:56Z,2026-07-10T02:24:48Z,2026-07-10T02:25:33Z,Genesis Scottish Open,The Renaissance Club,2,2,23602,"Hojgaard, Nicolai",GIR,12.5,-136,-136,0.576271186440678,0.576271186440678,prizepicks_fixed,69.31,3.28,10.92,3.22,12.83,7.63,28.8
2026-07-10T02:25:56Z,2026-07-10T02:24:48Z,2026-07-10T02:25:33Z,Genesis Scottish Open,The Renaissance Club,2,2,15466,"Cantlay, Patrick",Pars,11.5,-136,-136,0.576271186440678,0.576271186440678,prizepicks_fixed,69.12,3.12,11.26,3.18,12.12,8.72,29
2026-07-10T02:25:56Z,2026-07-10T02:24:48Z,2026-07-10T02:25:33Z,Genesis Scottish Open,The Renaissance Club,2,2,23602,"Hojgaard, Nicolai",Pars,11,-136,-136,0.576271186440678,0.576271186440678,prizepicks_fixed,69.31,3.28,10.92,3.22,12.83,7.63,28.8
2026-07-10T02:25:56Z,2026-07-10T02:24:48Z,2026-07-10T02:25:33Z,Genesis Scottish Open,The Renaissance Club,2,2,23602,"Hojgaard, Nicolai",Birdies,4,-136,-136,0.576271186440678,0.576271186440678,prizepicks_fixed,69.31,3.28,10.92,3.22,12.83,7.63,28.8
2026-07-10T02:25:56Z,2026-07-10T02:24:48Z,2026-07-10T02:25:33Z,Genesis Scottish Open,The Renaissance Club,2,2,15466,"Cantlay, Patrick",Birdies,4,-136,-136,0.576271186440678,0.576271186440678,prizepicks_fixed,69.12,3.12,11.26,3.18,12.12,8.72,29
2026-07-10T02:25:56Z,2026-07-10T02:24:48Z,2026-07-10T02:25:33Z,Genesis Scottish Open,The Renaissance Club,2,2,26649,"Thorbjornsen, Michael",Birdies,3.5,-136,-136,0.576271186440678,0.576271186440678,prizepicks_fixed,69.92,3.26,10.72,3.6,11.92,7.17,29.5
2026-07-10T02:25:56Z,2026-07-10T02:24:48Z,2026-07-10T02:25:33Z,Genesis Scottish Open,The Renaissance Club,2,2,15466,"Cantlay, Patrick",Bogeys,2.5,-136,-136,0.576271186440678,0.576271186440678,prizepicks_fixed,69.12,3.12,11.26,3.18,12.12,8.72,29
2026-07-10T02:25:56Z,2026-07-10T02:24:48Z,2026-07-10T02:25:33Z,Genesis Scottish Open,The Renaissance Club,2,2,6430,"Scott, Adam",Birdies,3.5,-136,-136,0.576271186440678,0.576271186440678,prizepicks_fixed,68.83,3.39,11.14,2.97,12.59,8.33,29.7
2026-07-10T02:25:56Z,2026-07-10T02:24:48Z,2026-07-10T02:25:33Z,Genesis Scottish Open,The Renaissance Club,2,2,6430,"Scott, Adam",Total Score,69.5,-136,-136,0.576271186440678,0.576271186440678,prizepicks_fixed,68.83,3.39,11.14,2.97,12.59,8.33,29.7
2026-07-10T02:25:56Z,2026-07-10T02:24:48Z,2026-07-10T02:25:33Z,Genesis Scottish Open,The Renaissance Club,2,2,21407,"Reitan, Kristoffer",Total Score,69,-136,-136,0.576271186440678,0.576271186440678,prizepicks_fixed,69.22,4.32,9.44,3.69,12.22,8.54,28.7
2026-07-10T02:25:56Z,2026-07-10T02:24:48Z,2026-07-10T02:25:33Z,Genesis Scottish Open,The Renaissance Club,2,2,21891,"Kitayama, Kurt",Total Score,69,-136,-136,0.576271186440678,0.576271186440678,prizepicks_fixed,68.93,3.19,11.16,3.12,11.88,8.67,29.6
2026-07-10T02:25:56Z,2026-07-10T02:24:48Z,2026-07-10T02:25:33Z,Genesis Scottish Open,The Renaissance Club,2,2,19895,"Schauffele, Xander",Total Score,68.5,-136,-136,0.576271186440678,0.576271186440678,prizepicks_fixed,68.05,3.42,11.58,2.56,12.07,8.59,28.8
2026-07-10T02:25:56Z,2026-07-10T02:24:48Z,2026-07-10T02:25:33Z,Genesis Scottish Open,The Renaissance Club,2,2,21891,"Kitayama, Kurt",GIR,12.5,-136,-136,0.576271186440678,0.576271186440678,prizepicks_fixed,68.93,3.19,11.16,3.12,11.88,8.67,29.6
2026-07-10T02:25:56Z,2026-07-10T02:24:48Z,2026-07-10T02:25:33Z,Genesis Scottish Open,The Renaissance Club,2,2,21891,"Kitayama, Kurt",Pars,11.5,-136,-136,0.576271186440678,0.576271186440678,prizepicks_fixed,68.93,3.19,11.16,3.12,11.88,8.67,29.6
2026-07-10T02:25:56Z,2026-07-10T02:24:48Z,2026-07-10T02:25:33Z,Genesis Scottish Open,The Renaissance Club,2,2,19895,"Schauffele, Xander",Pars,11.5,-136,-136,0.576271186440678,0.576271186440678,prizepicks_fixed,68.05,3.42,11.58,2.56,12.07,8.59,28.8
2026-07-10T02:25:56Z,2026-07-10T02:24:48Z,2026-07-10T02:25:33Z,Genesis Scottish Open,The Renaissance Club,2,2,21891,"Kitayama, Kurt",Fairways hit,6.5,-136,-136,0.576271186440678,0.576271186440678,prizepicks_fixed,68.93,3.19,11.16,3.12,11.88,8.67,29.6
2026-07-10T02:25:56Z,2026-07-10T02:24:48Z,2026-07-10T02:25:33Z,Genesis Scottish Open,The Renaissance Club,2,2,19895,"Schauffele, Xander",Fairways hit,6.5,-136,-136,0.576271186440678,0.576271186440678,prizepicks_fixed,68.05,3.42,11.58,2.56,12.07,8.59,28.8
2026-07-10T02:25:56Z,2026-07-10T02:24:48Z,2026-07-10T02:25:33Z,Genesis Scottish Open,The Renaissance Club,2,2,21407,"Reitan, Kristoffer",Birdies,4,-136,-136,0.576271186440678,0.576271186440678,prizepicks_fixed,69.22,4.32,9.44,3.69,12.22,8.54,28.7
2026-07-10T02:25:56Z,2026-07-10T02:24:48Z,2026-07-10T02:25:33Z,Genesis Scottish Open,The Renaissance Club,2,2,21891,"Kitayama, Kurt",Birdies,4,-136,-136,0.576271186440678,0.576271186440678,prizepicks_fixed,68.93,3.19,11.16,3.12,11.88,8.67,29.6
2026-07-10T02:25:56Z,2026-07-10T02:24:48Z,2026-07-10T02:25:33Z,Genesis Scottish Open,The Renaissance Club,2,2,6430,"Scott, Adam",Bogeys,2.5,-136,-136,0.576271186440678,0.576271186440678,prizepicks_fixed,68.83,3.39,11.14,2.97,12.59,8.33,29.7
2026-07-10T02:25:56Z,2026-07-10T02:24:48Z,2026-07-10T02:25:33Z,Genesis Scottish Open,The Renaissance Club,2,2,19895,"Schauffele, Xander",Bogeys,2.5,-136,-136,0.576271186440678,0.576271186440678,prizepicks_fixed,68.05,3.42,11.58,2.56,12.07,8.59,28.8
2026-07-10T02:25:56Z,2026-07-10T02:24:48Z,2026-07-10T02:25:33Z,Genesis Scottish Open,The Renaissance Club,2,2,23323,"MacIntyre, Robert",Birdies,4,-136,-136,0.576271186440678,0.576271186440678,prizepicks_fixed,68.75,3.49,10.97,3.08,12.47,8.64,28
2026-07-10T02:25:56Z,2026-07-10T02:24:48Z,2026-07-10T02:25:33Z,Genesis Scottish Open,The Renaissance Club,2,2,13900,"Lowry, Shane",Birdies,3.5,-136,-136,0.576271186440678,0.576271186440678,prizepicks_fixed,69,4.23,9.75,3.5,12.18,9.04,29.3
2026-07-10T02:25:56Z,2026-07-10T02:24:48Z,2026-07-10T02:25:33Z,Genesis Scottish Open,The Renaissance Club,2,2,18554,"Rai, Aaron",Total Score,69,-136,-136,0.576271186440678,0.576271186440678,prizepicks_fixed,69.5,4.24,9.63,3.68,12.17,10.04,29.3
2026-07-10T02:25:56Z,2026-07-10T02:24:48Z,2026-07-10T02:25:33Z,Genesis Scottish Open,The Renaissance Club,2,2,17536,"Spaun, J.J.",Total Score,69,-136,-136,0.576271186440678,0.576271186440678,prizepicks_fixed,70.08,3.32,10.79,3.44,12.87,9.22,29.3
2026-07-10T02:25:56Z,2026-07-10T02:24:48Z,2026-07-10T02:25:33Z,Genesis Scottish Open,The Renaissance Club,2,2,13900,"Lowry, Shane",Total Score,69,-136,-136,0.576271186440678,0.576271186440678,prizepicks_fixed,69,4.23,9.75,3.5,12.18,9.04,29.3
2026-07-10T02:25:56Z,2026-07-10T02:24:48Z,2026-07-10T02:25:33Z,Genesis Scottish Open,The Renaissance Club,2,2,17536,"Spaun, J.J.",Pars,11.5,-136,-136,0.576271186440678,0.576271186440678,prizepicks_fixed,70.08,3.32,10.79,3.44,12.87,9.22,29.3
2026-07-10T02:25:56Z,2026-07-10T02:24:48Z,2026-07-10T02:25:33Z,Genesis Scottish Open,The Renaissance Club,2,2,18554,"Rai, Aaron",Pars,11.5,-136,-136,0.576271186440678,0.576271186440678,prizepicks_fixed,69.5,4.24,9.63,3.68,12.17,10.04,29.3
2026-07-10T02:25:56Z,2026-07-10T02:24:48Z,2026-07-10T02:25:33Z,Genesis Scottish Open,The Renaissance Club,2,2,17536,"Spaun, J.J.",Fairways hit,7.5,-136,-136,0.576271186440678,0.576271186440678,prizepicks_fixed,70.08,3.32,10.79,3.44,12.87,9.22,29.3
2026-07-10T02:25:56Z,2026-07-10T02:24:48Z,2026-07-10T02:25:33Z,Genesis Scottish Open,The Renaissance Club,2,2,17536,"Spaun, J.J.",Birdies,4,-136,-136,0.576271186440678,0.576271186440678,prizepicks_fixed,70.08,3.32,10.79,3.44,12.87,9.22,29.3
2026-07-10T02:25:56Z,2026-07-10T02:24:48Z,2026-07-10T02:25:33Z,Genesis Scottish Open,The Renaissance Club,2,2,18554,"Rai, Aaron",Birdies,3.5,-136,-136,0.576271186440678,0.576271186440678,prizepicks_fixed,69.5,4.24,9.63,3.68,12.17,10.04,29.3
2026-07-10T02:25:56Z,2026-07-10T02:24:48Z,2026-07-10T02:25:33Z,Genesis Scottish Open,The Renaissance Club,2,2,18554,"Rai, Aaron",Bogeys,2.5,-136,-136,0.576271186440678,0.576271186440678,prizepicks_fixed,69.5,4.24,9.63,3.68,12.17,10.04,29.3
2026-07-10T02:25:56Z,2026-07-10T02:24:48Z,2026-07-10T02:25:33Z,Genesis Scottish Open,The Renaissance Club,2,2,10091,"McIlroy, Rory",Birdies,4.5,-136,-136,0.576271186440678,0.576271186440678,prizepicks_fixed,67.27,3.38,11.42,2.66,12.13,8.27,28.5
2026-07-10T02:25:56Z,2026-07-10T02:24:48Z,2026-07-10T02:25:33Z,Genesis Scottish Open,The Renaissance Club,2,2,27774,"Gotterup, Chris",Birdies,4,-136,-136,0.576271186440678,0.576271186440678,prizepicks_fixed,68.75,3.39,10.83,3.27,12.15,7.94,28.3
2026-07-10T02:25:56Z,2026-07-10T02:24:48Z,2026-07-10T02:25:33Z,Genesis Scottish Open,The Renaissance Club,2,2,27900,"Potgieter, Aldrich",Total Score,69.5,-136,-136,0.576271186440678,0.576271186440678,prizepicks_fixed,70.26,4.11,9.19,4.17,10.98,7.6,29.6
2026-07-10T02:25:56Z,2026-07-10T02:24:48Z,2026-07-10T02:25:33Z,Genesis Scottish Open,The Renaissance Club,2,2,27774,"Gotterup, Chris",Total Score,68.5,-136,-136,0.576271186440678,0.576271186440678,prizepicks_fixed,68.75,3.39,10.83,3.27,12.15,7.94,28.3
2026-07-10T02:25:56Z,2026-07-10T02:24:48Z,2026-07-10T02:25:33Z,Genesis Scottish Open,The Renaissance Club,2,2,23323,"MacIntyre, Robert",Total Score,68.5,-136,-136,0.576271186440678,0.576271186440678,prizepicks_fixed,68.75,3.49,10.97,3.08,12.47,8.64,28
2026-07-10T02:25:56Z,2026-07-10T02:24:48Z,2026-07-10T02:25:33Z,Genesis Scottish Open,The Renaissance Club,2,2,10091,"McIlroy, Rory",Total Score,67,-136,-136,0.576271186440678,0.576271186440678,prizepicks_fixed,67.27,3.38,11.42,2.66,12.13,8.27,28.5
2026-07-10T02:25:56Z,2026-07-10T02:24:48Z,2026-07-10T02:25:33Z,Genesis Scottish Open,The Renaissance Club,2,2,27774,"Gotterup, Chris",GIR,12.5,-136,-136,0.576271186440678,0.576271186440678,prizepicks_fixed,68.75,3.39,10.83,3.27,12.15,7.94,28.3
2026-07-10T02:25:56Z,2026-07-10T02:24:48Z,2026-07-10T02:25:33Z,Genesis Scottish Open,The Renaissance Club,2,2,27774,"Gotterup, Chris",Pars,11,-136,-136,0.576271186440678,0.576271186440678,prizepicks_fixed,68.75,3.39,10.83,3.27,12.15,7.94,28.3
2026-07-10T02:25:56Z,2026-07-10T02:24:48Z,2026-07-10T02:25:33Z,Genesis Scottish Open,The Renaissance Club,2,2,10091,"McIlroy, Rory",Pars,11,-136,-136,0.576271186440678,0.576271186440678,prizepicks_fixed,67.27,3.38,11.42,2.66,12.13,8.27,28.5
2026-07-10T02:25:56Z,2026-07-10T02:24:48Z,2026-07-10T02:25:33Z,Genesis Scottish Open,The Renaissance Club,2,2,27900,"Potgieter, Aldrich",Pars,10.5,-136,-136,0.576271186440678,0.576271186440678,prizepicks_fixed,70.26,4.11,9.19,4.17,10.98,7.6,29.6
2026-07-10T02:25:56Z,2026-07-10T02:24:48Z,2026-07-10T02:25:33Z,Genesis Scottish Open,The Renaissance Club,2,2,27900,"Potgieter, Aldrich",Birdies,4,-136,-136,0.576271186440678,0.576271186440678,prizepicks_fixed,70.26,4.11,9.19,4.17,10.98,7.6,29.6
2026-07-10T02:25:56Z,2026-07-10T02:24:48Z,2026-07-10T02:25:33Z,Genesis Scottish Open,The Renaissance Club,2,2,23604,"Clark, Wyndham",Birdies,4,-136,-136,0.576271186440678,0.576271186440678,prizepicks_fixed,68.43,3.59,11.14,2.84,12.5,7.97,27.8
2026-07-10T02:25:56Z,2026-07-10T02:24:48Z,2026-07-10T02:25:33Z,Genesis Scottish Open,The Renaissance Club,2,2,18841,"Hovland, Viktor",Birdies,4,-136,-136,0.576271186440678,0.576271186440678,prizepicks_fixed,68.94,3.55,10.93,3.03,13.26,9.15,28.5
2026-07-10T02:25:56Z,2026-07-10T02:24:48Z,2026-07-10T02:25:33Z,Genesis Scottish Open,The Renaissance Club,2,2,26745,"Chacarra, Eugenio",Total Score,69,-136,-136,0.576271186440678,0.576271186440678,prizepicks_fixed,69.56,4.24,9.15,4.13,11.97,8.68,28.9
2026-07-10T02:25:56Z,2026-07-10T02:24:48Z,2026-07-10T02:25:33Z,Genesis Scottish Open,The Renaissance Club,2,2,23604,"Clark, Wyndham",Total Score,68.5,-136,-136,0.576271186440678,0.576271186440678,prizepicks_fixed,68.43,3.59,11.14,2.84,12.5,7.97,27.8
2026-07-10T02:25:56Z,2026-07-10T02:24:48Z,2026-07-10T02:25:33Z,Genesis Scottish Open,The Renaissance Club,2,2,18841,"Hovland, Viktor",Total Score,68.5,-136,-136,0.576271186440678,0.576271186440678,prizepicks_fixed,68.94,3.55,10.93,3.03,13.26,9.15,28.5
2026-07-10T02:25:56Z,2026-07-10T02:24:48Z,2026-07-10T02:25:33Z,Genesis Scottish Open,The Renaissance Club,2,2,23604,"Clark, Wyndham",Pars,11.5,-136,-136,0.576271186440678,0.576271186440678,prizepicks_fixed,68.43,3.59,11.14,2.84,12.5,7.97,27.8
2026-07-10T02:25:56Z,2026-07-10T02:24:48Z,2026-07-10T02:25:33Z,Genesis Scottish Open,The Renaissance Club,2,2,18841,"Hovland, Viktor",Fairways hit,7.5,-136,-136,0.576271186440678,0.576271186440678,prizepicks_fixed,68.94,3.55,10.93,3.03,13.26,9.15,28.5
2026-07-10T02:25:56Z,2026-07-10T02:24:48Z,2026-07-10T02:25:33Z,Genesis Scottish Open,The Renaissance Club,2,2,23604,"Clark, Wyndham",Fairways hit,6.5,-136,-136,0.576271186440678,0.576271186440678,prizepicks_fixed,68.43,3.59,11.14,2.84,12.5,7.97,27.8
2026-07-10T02:25:56Z,2026-07-10T02:24:48Z,2026-07-10T02:25:33Z,Genesis Scottish Open,The Renaissance Club,2,2,23604,"Clark, Wyndham",Bogeys,2.5,-136,-136,0.576271186440678,0.576271186440678,prizepicks_fixed,68.43,3.59,11.14,2.84,12.5,7.97,27.8
2026-07-10T02:25:56Z,2026-07-10T02:24:48Z,2026-07-10T02:25:33Z,Genesis Scottish Open,The Renaissance Club,2,2,14796,"Hatton, Tyrrell",Birdies,4,-136,-136,0.576271186440678,0.576271186440678,prizepicks_fixed,69.12,4.63,9.14,3.73,12.35,8.21,29
2026-07-10T02:25:56Z,2026-07-10T02:24:48Z,2026-07-10T02:25:33Z,Genesis Scottish Open,The Renaissance Club,2,2,20085,"Lindell, Oliver",Total Score,70,-136,-136,0.576271186440678,0.576271186440678,prizepicks_fixed,70.11,3.1,10.83,3.7,12.21,8.28,28.6
2026-07-10T02:25:56Z,2026-07-10T02:24:48Z,2026-07-10T02:25:33Z,Genesis Scottish Open,The Renaissance Club,2,2,10419,"Noren, Alex",Total Score,69.5,-136,-136,0.576271186440678,0.576271186440678,prizepicks_fixed,69.65,3.36,10.97,3.34,11.73,9.1,28.2
2026-07-10T02:25:56Z,2026-07-10T02:24:48Z,2026-07-10T02:25:33Z,Genesis Scottish Open,The Renaissance Club,2,2,14796,"Hatton, Tyrrell",Total Score,68.5,-136,-136,0.576271186440678,0.576271186440678,prizepicks_fixed,69.12,4.63,9.14,3.73,12.35,8.21,29
2026-07-10T02:25:56Z,2026-07-10T02:24:48Z,2026-07-10T02:25:33Z,Genesis Scottish Open,The Renaissance Club,2,2,10419,"Noren, Alex",GIR,12.5,-136,-136,0.576271186440678,0.576271186440678,prizepicks_fixed,69.65,3.36,10.97,3.34,11.73,9.1,28.2
2026-07-10T02:25:56Z,2026-07-10T02:24:48Z,2026-07-10T02:25:33Z,Genesis Scottish Open,The Renaissance Club,2,2,14796,"Hatton, Tyrrell",GIR,12.5,-136,-136,0.576271186440678,0.576271186440678,prizepicks_fixed,69.12,4.63,9.14,3.73,12.35,8.21,29
2026-07-10T02:25:56Z,2026-07-10T02:24:48Z,2026-07-10T02:25:33Z,Genesis Scottish Open,The Renaissance Club,2,2,10419,"Noren, Alex",Pars,11.5,-136,-136,0.576271186440678,0.576271186440678,prizepicks_fixed,69.65,3.36,10.97,3.34,11.73,9.1,28.2
2026-07-10T02:25:56Z,2026-07-10T02:24:48Z,2026-07-10T02:25:33Z,Genesis Scottish Open,The Renaissance Club,2,2,10419,"Noren, Alex",Fairways hit,7.5,-136,-136,0.576271186440678,0.576271186440678,prizepicks_fixed,69.65,3.36,10.97,3.34,11.73,9.1,28.2
2026-07-10T02:25:56Z,2026-07-10T02:24:48Z,2026-07-10T02:25:33Z,Genesis Scottish Open,The Renaissance Club,2,2,14796,"Hatton, Tyrrell",Fairways hit,6.5,-136,-136,0.576271186440678,0.576271186440678,prizepicks_fixed,69.12,4.63,9.14,3.73,12.35,8.21,29
2026-07-10T02:25:56Z,2026-07-10T02:24:48Z,2026-07-10T02:25:33Z,Genesis Scottish Open,The Renaissance Club,2,2,10419,"Noren, Alex",Birdies,3.5,-136,-136,0.576271186440678,0.576271186440678,prizepicks_fixed,69.65,3.36,10.97,3.34,11.73,9.1,28.2
2026-07-10T02:25:56Z,2026-07-10T02:24:48Z,2026-07-10T02:25:33Z,Genesis Scottish Open,The Renaissance Club,2,2,20722,"Schmid, Matti",Total Score,70,-136,-136,0.576271186440678,0.576271186440678,prizepicks_fixed,70.11,3.26,10.63,3.65,11.99,7.68,29
2026-07-10T02:25:56Z,2026-07-10T02:24:48Z,2026-07-10T02:25:33Z,Genesis Scottish Open,The Renaissance Club,2,2,28309,"Coody, Pierceson",Total Score,69.5,-136,-136,0.576271186440678,0.576271186440678,prizepicks_fixed,69.88,4.39,9.47,3.73,12.11,8.31,28.9
2026-07-10T02:25:56Z,2026-07-10T02:24:48Z,2026-07-10T02:25:33Z,Genesis Scottish Open,The Renaissance Club,2,2,20722,"Schmid, Matti",Birdies,3.5,-136,-136,0.576271186440678,0.576271186440678,prizepicks_fixed,70.11,3.26,10.63,3.65,11.99,7.68,29
2026-07-10T02:57:13Z,2026-07-10T02:56:35Z,2026-07-10T02:56:35Z,Genesis Scottish Open,The Renaissance Club,2,2,29197,"Brennan, Michael",Total Score,69,-136,-136,0.576271186440678,0.576271186440678,prizepicks_fixed,69.35,3.73,10.18,3.6,12.42,7.95,29.28
2026-07-10T02:57:13Z,2026-07-10T02:56:35Z,2026-07-10T02:56:35Z,Genesis Scottish Open,The Renaissance Club,2,2,29197,"Brennan, Michael",Birdies,4,-136,-136,0.576271186440678,0.576271186440678,prizepicks_fixed,69.35,3.73,10.18,3.6,12.42,7.95,29.28
2026-07-10T02:57:13Z,2026-07-10T02:56:35Z,2026-07-10T02:56:35Z,Genesis Scottish Open,The Renaissance Club,2,2,12920,"Willett, Danny",Total Score,70,-136,-136,0.576271186440678,0.576271186440678,prizepicks_fixed,72.52,3.37,9.75,4.41,10.58,7.2,28.76
2026-07-10T02:57:13Z,2026-07-10T02:56:35Z,2026-07-10T02:56:35Z,Genesis Scottish Open,The Renaissance Club,2,2,23475,"Novak, Andrew",Total Score,69,-136,-136,0.576271186440678,0.576271186440678,prizepicks_fixed,70.09,3.74,10.05,3.68,11.83,6.63,29.37
2026-07-10T02:57:13Z,2026-07-10T02:56:35Z,2026-07-10T02:56:35Z,Genesis Scottish Open,The Renaissance Club,2,2,12920,"Willett, Danny",Birdies,3.5,-136,-136,0.576271186440678,0.576271186440678,prizepicks_fixed,72.52,3.37,9.75,4.41,10.58,7.2,28.76
2026-07-10T02:57:13Z,2026-07-10T02:56:35Z,2026-07-10T02:56:35Z,Genesis Scottish Open,The Renaissance Club,2,2,25569,"Stevens, Sam",Total Score,69,-136,-136,0.576271186440678,0.576271186440678,prizepicks_fixed,69.4,3.75,10.37,3.48,11.44,7.89,29.16
2026-07-10T02:57:13Z,2026-07-10T02:56:35Z,2026-07-10T02:56:35Z,Genesis Scottish Open,The Renaissance Club,2,2,22322,"McKibbin, Tom",Total Score,69,-136,-136,0.576271186440678,0.576271186440678,prizepicks_fixed,69.36,3.81,10.33,3.4,12.2,8.53,29.49
2026-07-10T02:57:13Z,2026-07-10T02:56:35Z,2026-07-10T02:56:35Z,Genesis Scottish Open,The Renaissance Club,2,2,22322,"McKibbin, Tom",Birdies,3.5,-136,-136,0.576271186440678,0.576271186440678,prizepicks_fixed,69.36,3.81,10.33,3.4,12.2,8.53,29.49
2026-07-10T02:57:13Z,2026-07-10T02:56:35Z,2026-07-10T02:56:35Z,Genesis Scottish Open,The Renaissance Club,2,2,25569,"Stevens, Sam",Birdies,3.5,-136,-136,0.576271186440678,0.576271186440678,prizepicks_fixed,69.4,3.75,10.37,3.48,11.44,7.89,29.16
2026-07-10T02:57:13Z,2026-07-10T02:56:35Z,2026-07-10T02:56:35Z,Genesis Scottish Open,The Renaissance Club,2,2,13126,"Taylor, Nick",Total Score,69.5,-136,-136,0.576271186440678,0.576271186440678,prizepicks_fixed,69.52,3.5,10.66,3.45,10.77,8.25,28.57
2026-07-10T02:57:13Z,2026-07-10T02:56:35Z,2026-07-10T02:56:35Z,Genesis Scottish Open,The Renaissance Club,2,2,14577,"English, Harris",Total Score,69,-136,-136,0.576271186440678,0.576271186440678,prizepicks_fixed,68.89,3.74,10.65,3.22,12.13,8.24,27.6
2026-07-10T02:57:13Z,2026-07-10T02:56:35Z,2026-07-10T02:56:35Z,Genesis Scottish Open,The Renaissance Club,2,2,23014,"Theegala, Sahith",Total Score,69,-136,-136,0.576271186440678,0.576271186440678,prizepicks_fixed,68.68,3.64,10.66,3.23,11.63,7.35,28.77
2026-07-10T02:57:13Z,2026-07-10T02:56:35Z,2026-07-10T02:56:35Z,Genesis Scottish Open,The Renaissance Club,2,2,14577,"English, Harris",GIR,12.5,-136,-136,0.576271186440678,0.576271186440678,prizepicks_fixed,68.89,3.74,10.65,3.22,12.13,8.24,27.6
2026-07-10T02:57:13Z,2026-07-10T02:56:35Z,2026-07-10T02:56:35Z,Genesis Scottish Open,The Renaissance Club,2,2,14577,"English, Harris",Pars,11.5,-136,-136,0.576271186440678,0.576271186440678,prizepicks_fixed,68.89,3.74,10.65,3.22,12.13,8.24,27.6
2026-07-10T02:57:13Z,2026-07-10T02:56:35Z,2026-07-10T02:56:35Z,Genesis Scottish Open,The Renaissance Club,2,2,13126,"Taylor, Nick",Birdies,3.5,-136,-136,0.576271186440678,0.576271186440678,prizepicks_fixed,69.52,3.5,10.66,3.45,10.77,8.25,28.57
2026-07-10T02:57:13Z,2026-07-10T02:56:35Z,2026-07-10T02:56:35Z,Genesis Scottish Open,The Renaissance Club,2,2,14577,"English, Harris",Bogeys,2.5,-136,-136,0.576271186440678,0.576271186440678,prizepicks_fixed,68.89,3.74,10.65,3.22,12.13,8.24,27.6
2026-07-10T02:57:13Z,2026-07-10T02:56:35Z,2026-07-10T02:56:35Z,Genesis Scottish Open,The Renaissance Club,2,2,17488,"Im, Sungjae",Total Score,69.5,-136,-136,0.576271186440678,0.576271186440678,prizepicks_fixed,69.68,3.67,10.28,3.72,11.52,8.06,28.33
2026-07-10T02:57:13Z,2026-07-10T02:56:35Z,2026-07-10T02:56:35Z,Genesis Scottish Open,The Renaissance Club,2,2,17576,"Conners, Corey",Total Score,69.5,-136,-136,0.576271186440678,0.576271186440678,prizepicks_fixed,69.49,3.66,10.24,3.62,12.63,8.63,29.17
2026-07-10T02:57:13Z,2026-07-10T02:56:35Z,2026-07-10T02:56:35Z,Genesis Scottish Open,The Renaissance Club,2,2,17576,"Conners, Corey",Pars,11.5,-136,-136,0.576271186440678,0.576271186440678,prizepicks_fixed,69.49,3.66,10.24,3.62,12.63,8.63,29.17
2026-07-10T02:57:13Z,2026-07-10T02:56:35Z,2026-07-10T02:56:35Z,Genesis Scottish Open,The Renaissance Club,2,2,17576,"Conners, Corey",Birdies,3.5,-136,-136,0.576271186440678,0.576271186440678,prizepicks_fixed,69.49,3.66,10.24,3.62,12.63,8.63,29.17
2026-07-10T02:57:13Z,2026-07-10T02:56:35Z,2026-07-10T02:56:35Z,Genesis Scottish Open,The Renaissance Club,2,2,17488,"Im, Sungjae",Birdies,3.5,-136,-136,0.576271186440678,0.576271186440678,prizepicks_fixed,69.68,3.67,10.28,3.72,11.52,8.06,28.33
2026-07-10T02:57:13Z,2026-07-10T02:56:35Z,2026-07-10T02:56:35Z,Genesis Scottish Open,The Renaissance Club,2,2,12294,"Fleetwood, Tommy",Birdies,4.5,-136,-136,0.576271186440678,0.576271186440678,prizepicks_fixed,67.86,3.76,10.87,2.89,12.1,8.95,27.96
2026-07-10T02:57:13Z,2026-07-10T02:56:35Z,2026-07-10T02:56:35Z,Genesis Scottish Open,The Renaissance Club,2,2,14609,"Kim, Si Woo",Birdies,4,-136,-136,0.576271186440678,0.576271186440678,prizepicks_fixed,68.55,3.87,10.61,3.04,11.93,9.04,28.83
2026-07-10T02:57:13Z,2026-07-10T02:56:35Z,2026-07-10T02:56:35Z,Genesis Scottish Open,The Renaissance Club,2,2,27194,"Hall, Harry",Total Score,69,-136,-136,0.576271186440678,0.576271186440678,prizepicks_fixed,69.57,3.61,10.4,3.56,10.53,7.33,27.9
2026-07-10T02:57:13Z,2026-07-10T02:56:35Z,2026-07-10T02:56:35Z,Genesis Scottish Open,The Renaissance Club,2,2,8825,"Harman, Brian",Total Score,69,-136,-136,0.576271186440678,0.576271186440678,prizepicks_fixed,69.81,3.65,10.33,3.53,12.15,8.32,28.48
2026-07-10T02:57:13Z,2026-07-10T02:56:35Z,2026-07-10T02:56:35Z,Genesis Scottish Open,The Renaissance Club,2,2,29767,"Gerard, Ryan",Total Score,69,-136,-136,0.576271186440678,0.576271186440678,prizepicks_fixed,69.32,3.85,10.26,3.39,12.02,8.22,28.25
2026-07-10T02:57:13Z,2026-07-10T02:56:35Z,2026-07-10T02:56:35Z,Genesis Scottish Open,The Renaissance Club,2,2,29767,"Gerard, Ryan",Pars,11.5,-136,-136,0.576271186440678,0.576271186440678,prizepicks_fixed,69.32,3.85,10.26,3.39,12.02,8.22,28.25
2026-07-10T02:57:13Z,2026-07-10T02:56:35Z,2026-07-10T02:56:35Z,Genesis Scottish Open,The Renaissance Club,2,2,8825,"Harman, Brian",Pars,11.5,-136,-136,0.576271186440678,0.576271186440678,prizepicks_fixed,69.81,3.65,10.33,3.53,12.15,8.32,28.48
2026-07-10T02:57:13Z,2026-07-10T02:56:35Z,2026-07-10T02:56:35Z,Genesis Scottish Open,The Renaissance Club,2,2,8825,"Harman, Brian",Birdies,3.5,-136,-136,0.576271186440678,0.576271186440678,prizepicks_fixed,69.81,3.65,10.33,3.53,12.15,8.32,28.48
2026-07-10T02:57:13Z,2026-07-10T02:56:35Z,2026-07-10T02:56:35Z,Genesis Scottish Open,The Renaissance Club,2,2,17646,"Fitzpatrick, Matt",Birdies,4,-136,-136,0.576271186440678,0.576271186440678,prizepicks_fixed,68.15,3.92,10.74,2.92,13.51,8.49,28.15
2026-07-10T02:57:13Z,2026-07-10T02:56:35Z,2026-07-10T02:56:35Z,Genesis Scottish Open,The Renaissance Club,2,2,17511,"Straka, Sepp",Total Score,69.5,-136,-136,0.576271186440678,0.576271186440678,prizepicks_fixed,70.36,3.43,10.28,3.75,11.28,8.12,29.08
2026-07-10T02:57:13Z,2026-07-10T02:56:35Z,2026-07-10T02:56:35Z,Genesis Scottish Open,The Renaissance Club,2,2,26991,"Schaper, Jayden",Total Score,69.5,-136,-136,0.576271186440678,0.576271186440678,prizepicks_fixed,70.32,3.74,9.98,3.88,11.46,8.65,28.92
2026-07-10T02:57:13Z,2026-07-10T02:56:35Z,2026-07-10T02:56:35Z,Genesis Scottish Open,The Renaissance Club,2,2,21756,"Cole, Eric",Total Score,69,-136,-136,0.576271186440678,0.576271186440678,prizepicks_fixed,69.13,3.82,10.43,3.35,11.52,7.17,27.81
2026-07-10T02:57:13Z,2026-07-10T02:56:35Z,2026-07-10T02:56:35Z,Genesis Scottish Open,The Renaissance Club,2,2,14609,"Kim, Si Woo",Total Score,68.5,-136,-136,0.576271186440678,0.576271186440678,prizepicks_fixed,68.55,3.87,10.61,3.04,11.93,9.04,28.83
2026-07-10T02:57:13Z,2026-07-10T02:56:35Z,2026-07-10T02:56:35Z,Genesis Scottish Open,The Renaissance Club,2,2,17511,"Straka, Sepp",GIR,12.5,-136,-136,0.576271186440678,0.576271186440678,prizepicks_fixed,70.36,3.43,10.28,3.75,11.28,8.12,29.08
2026-07-10T02:57:13Z,2026-07-10T02:56:35Z,2026-07-10T02:56:35Z,Genesis Scottish Open,The Renaissance Club,2,2,14609,"Kim, Si Woo",GIR,12.5,-136,-136,0.576271186440678,0.576271186440678,prizepicks_fixed,68.55,3.87,10.61,3.04,11.93,9.04,28.83
2026-07-10T02:57:13Z,2026-07-10T02:56:35Z,2026-07-10T02:56:35Z,Genesis Scottish Open,The Renaissance Club,2,2,14609,"Kim, Si Woo",Pars,11.5,-136,-136,0.576271186440678,0.576271186440678,prizepicks_fixed,68.55,3.87,10.61,3.04,11.93,9.04,28.83
2026-07-10T02:57:13Z,2026-07-10T02:56:35Z,2026-07-10T02:56:35Z,Genesis Scottish Open,The Renaissance Club,2,2,26991,"Schaper, Jayden",Birdies,3.5,-136,-136,0.576271186440678,0.576271186440678,prizepicks_fixed,70.32,3.74,9.98,3.88,11.46,8.65,28.92
2026-07-10T02:57:13Z,2026-07-10T02:56:35Z,2026-07-10T02:56:35Z,Genesis Scottish Open,The Renaissance Club,2,2,17511,"Straka, Sepp",Birdies,3.5,-136,-136,0.576271186440678,0.576271186440678,prizepicks_fixed,70.36,3.43,10.28,3.75,11.28,8.12,29.08
2026-07-10T02:57:13Z,2026-07-10T02:56:35Z,2026-07-10T02:56:35Z,Genesis Scottish Open,The Renaissance Club,2,2,14609,"Kim, Si Woo",Bogeys,2.5,-136,-136,0.576271186440678,0.576271186440678,prizepicks_fixed,68.55,3.87,10.61,3.04,11.93,9.04,28.83
2026-07-10T02:57:13Z,2026-07-10T02:56:35Z,2026-07-10T02:56:35Z,Genesis Scottish Open,The Renaissance Club,2,2,18417,"Scheffler, Scottie",Birdies,4.5,-136,-136,0.576271186440678,0.576271186440678,prizepicks_fixed,67.42,4.06,10.8,2.65,12.77,8.75,27.46
2026-07-10T02:57:13Z,2026-07-10T02:56:35Z,2026-07-10T02:56:35Z,Genesis Scottish Open,The Renaissance Club,2,2,23465,"Greyserman, Max",Total Score,69,-136,-136,0.576271186440678,0.576271186440678,prizepicks_fixed,69.33,3.66,10.33,3.51,11.58,7.3,28.58
2026-07-10T02:57:13Z,2026-07-10T02:56:35Z,2026-07-10T02:56:35Z,Genesis Scottish Open,The Renaissance Club,2,2,17646,"Fitzpatrick, Matt",Total Score,67.5,-136,-136,0.576271186440678,0.576271186440678,prizepicks_fixed,68.15,3.92,10.74,2.92,13.51,8.49,28.15
2026-07-10T02:57:13Z,2026-07-10T02:56:35Z,2026-07-10T02:56:35Z,Genesis Scottish Open,The Renaissance Club,2,2,12294,"Fleetwood, Tommy",Total Score,67.5,-136,-136,0.576271186440678,0.576271186440678,prizepicks_fixed,67.86,3.76,10.87,2.89,12.1,8.95,27.96
2026-07-10T02:57:13Z,2026-07-10T02:56:35Z,2026-07-10T02:56:35Z,Genesis Scottish Open,The Renaissance Club,2,2,18417,"Scheffler, Scottie",Total Score,66.5,-136,-136,0.576271186440678,0.576271186440678,prizepicks_fixed,67.42,4.06,10.8,2.65,12.77,8.75,27.46
2026-07-10T02:57:13Z,2026-07-10T02:56:35Z,2026-07-10T02:56:35Z,Genesis Scottish Open,The Renaissance Club,2,2,18417,"Scheffler, Scottie",GIR,13.5,-136,-136,0.576271186440678,0.576271186440678,prizepicks_fixed,67.42,4.06,10.8,2.65,12.77,8.75,27.46
2026-07-10T02:57:13Z,2026-07-10T02:56:35Z,2026-07-10T02:56:35Z,Genesis Scottish Open,The Renaissance Club,2,2,12294,"Fleetwood, Tommy",GIR,12.5,-136,-136,0.576271186440678,0.576271186440678,prizepicks_fixed,67.86,3.76,10.87,2.89,12.1,8.95,27.96
2026-07-10T02:57:13Z,2026-07-10T02:56:35Z,2026-07-10T02:56:35Z,Genesis Scottish Open,The Renaissance Club,2,2,18417,"Scheffler, Scottie",Pars,11.5,-136,-136,0.576271186440678,0.576271186440678,prizepicks_fixed,67.42,4.06,10.8,2.65,12.77,8.75,27.46
2026-07-10T02:57:13Z,2026-07-10T02:56:35Z,2026-07-10T02:56:35Z,Genesis Scottish Open,The Renaissance Club,2,2,17646,"Fitzpatrick, Matt",Pars,11.5,-136,-136,0.576271186440678,0.576271186440678,prizepicks_fixed,68.15,3.92,10.74,2.92,13.51,8.49,28.15
2026-07-10T02:57:13Z,2026-07-10T02:56:35Z,2026-07-10T02:56:35Z,Genesis Scottish Open,The Renaissance Club,2,2,12294,"Fleetwood, Tommy",Pars,11.5,-136,-136,0.576271186440678,0.576271186440678,prizepicks_fixed,67.86,3.76,10.87,2.89,12.1,8.95,27.96
2026-07-10T02:57:13Z,2026-07-10T02:56:35Z,2026-07-10T02:56:35Z,Genesis Scottish Open,The Renaissance Club,2,2,17646,"Fitzpatrick, Matt",Fairways hit,7.5,-136,-136,0.576271186440678,0.576271186440678,prizepicks_fixed,68.15,3.92,10.74,2.92,13.51,8.49,28.15
2026-07-10T02:57:13Z,2026-07-10T02:56:35Z,2026-07-10T02:56:35Z,Genesis Scottish Open,The Renaissance Club,2,2,18417,"Scheffler, Scottie",Fairways hit,7.5,-136,-136,0.576271186440678,0.576271186440678,prizepicks_fixed,67.42,4.06,10.8,2.65,12.77,8.75,27.46
2026-07-10T02:57:13Z,2026-07-10T02:56:35Z,2026-07-10T02:56:35Z,Genesis Scottish Open,The Renaissance Club,2,2,12294,"Fleetwood, Tommy",Bogeys,2,-136,-136,0.576271186440678,0.576271186440678,prizepicks_fixed,67.86,3.76,10.87,2.89,12.1,8.95,27.96
2026-07-10T02:57:13Z,2026-07-10T02:56:35Z,2026-07-10T02:56:35Z,Genesis Scottish Open,The Renaissance Club,2,2,17646,"Fitzpatrick, Matt",Bogeys,2,-136,-136,0.576271186440678,0.576271186440678,prizepicks_fixed,68.15,3.92,10.74,2.92,13.51,8.49,28.15
2026-07-10T02:57:13Z,2026-07-10T02:56:35Z,2026-07-10T02:56:35Z,Genesis Scottish Open,The Renaissance Club,2,2,19195,"Rahm, Jon",Birdies,4.5,-136,-136,0.576271186440678,0.576271186440678,prizepicks_fixed,69.37,4.01,10.35,3.17,11.13,8.17,28.53
2026-07-10T02:57:13Z,2026-07-10T02:56:35Z,2026-07-10T02:56:35Z,Genesis Scottish Open,The Renaissance Club,2,2,23950,"Aberg, Ludvig",Birdies,4.5,-136,-136,0.576271186440678,0.576271186440678,prizepicks_fixed,68.14,3.86,10.54,3.11,13.18,8.17,28.17
2026-07-10T02:57:13Z,2026-07-10T02:56:35Z,2026-07-10T02:56:35Z,Genesis Scottish Open,The Renaissance Club,2,2,14139,"Thomas, Justin",Birdies,4,-136,-136,0.576271186440678,0.576271186440678,prizepicks_fixed,68.92,3.75,10.62,3.24,12.26,7.79,28.09
2026-07-10T02:57:13Z,2026-07-10T02:56:35Z,2026-07-10T02:56:35Z,Genesis Scottish Open,The Renaissance Club,2,2,14838,"Reed, Patrick",Birdies,3.5,-136,-136,0.576271186440678,0.576271186440678,prizepicks_fixed,69.26,3.58,10.45,3.54,11.64,7.74,28.84
2026-07-10T02:57:13Z,2026-07-10T02:56:35Z,2026-07-10T02:56:35Z,Genesis Scottish Open,The Renaissance Club,2,2,14838,"Reed, Patrick",Total Score,68.5,-136,-136,0.576271186440678,0.576271186440678,prizepicks_fixed,69.26,3.58,10.45,3.54,11.64,7.74,28.84
2026-07-10T02:57:13Z,2026-07-10T02:56:35Z,2026-07-10T02:56:35Z,Genesis Scottish Open,The Renaissance Club,2,2,14139,"Thomas, Justin",Total Score,68.5,-136,-136,0.576271186440678,0.576271186440678,prizepicks_fixed,68.92,3.75,10.62,3.24,12.26,7.79,28.09
2026-07-10T02:57:13Z,2026-07-10T02:56:35Z,2026-07-10T02:56:35Z,Genesis Scottish Open,The Renaissance Club,2,2,23950,"Aberg, Ludvig",Total Score,67.5,-136,-136,0.576271186440678,0.576271186440678,prizepicks_fixed,68.14,3.86,10.54,3.11,13.18,8.17,28.17
2026-07-10T02:57:13Z,2026-07-10T02:56:35Z,2026-07-10T02:56:35Z,Genesis Scottish Open,The Renaissance Club,2,2,14838,"Reed, Patrick",Pars,11.5,-136,-136,0.576271186440678,0.576271186440678,prizepicks_fixed,69.26,3.58,10.45,3.54,11.64,7.74,28.84
2026-07-10T02:57:13Z,2026-07-10T02:56:35Z,2026-07-10T02:56:35Z,Genesis Scottish Open,The Renaissance Club,2,2,14139,"Thomas, Justin",Pars,11.5,-136,-136,0.576271186440678,0.576271186440678,prizepicks_fixed,68.92,3.75,10.62,3.24,12.26,7.79,28.09
2026-07-10T02:57:13Z,2026-07-10T02:56:35Z,2026-07-10T02:56:35Z,Genesis Scottish Open,The Renaissance Club,2,2,14139,"Thomas, Justin",Fairways hit,6.5,-136,-136,0.576271186440678,0.576271186440678,prizepicks_fixed,68.92,3.75,10.62,3.24,12.26,7.79,28.09
2026-07-10T02:57:13Z,2026-07-10T02:56:35Z,2026-07-10T02:56:35Z,Genesis Scottish Open,The Renaissance Club,2,2,14139,"Thomas, Justin",Bogeys,2.5,-136,-136,0.576271186440678,0.576271186440678,prizepicks_fixed,68.92,3.75,10.62,3.24,12.26,7.79,28.09
2026-07-10T02:57:13Z,2026-07-10T02:56:35Z,2026-07-10T02:56:35Z,Genesis Scottish Open,The Renaissance Club,2,2,14838,"Reed, Patrick",Bogeys,2.5,-136,-136,0.576271186440678,0.576271186440678,prizepicks_fixed,69.26,3.58,10.45,3.54,11.64,7.74,28.84
2026-07-10T02:57:13Z,2026-07-10T02:56:35Z,2026-07-10T02:56:35Z,Genesis Scottish Open,The Renaissance Club,2,2,23950,"Aberg, Ludvig",Bogeys,2.5,-136,-136,0.576271186440678,0.576271186440678,prizepicks_fixed,68.14,3.86,10.54,3.11,13.18,8.17,28.17
2026-07-10T02:57:13Z,2026-07-10T02:56:35Z,2026-07-10T02:56:35Z,Genesis Scottish Open,The Renaissance Club,2,2,23838,"Hojgaard, Rasmus",Total Score,69.5,-136,-136,0.576271186440678,0.576271186440678,prizepicks_fixed,69.97,3.75,10.17,3.74,12.08,7,28.55
2026-07-10T02:57:13Z,2026-07-10T02:56:35Z,2026-07-10T02:56:35Z,Genesis Scottish Open,The Renaissance Club,2,2,25362,"Fitzpatrick, Alex",Total Score,68,-136,-136,0.576271186440678,0.576271186440678,prizepicks_fixed,69.29,3.78,10.46,3.25,12.16,8.72,28.71
2026-07-10T02:57:13Z,2026-07-10T02:56:35Z,2026-07-10T02:56:35Z,Genesis Scottish Open,The Renaissance Club,2,2,19195,"Rahm, Jon",Total Score,67.5,-136,-136,0.576271186440678,0.576271186440678,prizepicks_fixed,69.37,4.01,10.35,3.17,11.13,8.17,28.53
2026-07-10T02:57:13Z,2026-07-10T02:56:35Z,2026-07-10T02:56:35Z,Genesis Scottish Open,The Renaissance Club,2,2,25362,"Fitzpatrick, Alex",Pars,11.5,-136,-136,0.576271186440678,0.576271186440678,prizepicks_fixed,69.29,3.78,10.46,3.25,12.16,8.72,28.71
2026-07-10T02:57:13Z,2026-07-10T02:56:35Z,2026-07-10T02:56:35Z,Genesis Scottish Open,The Renaissance Club,2,2,19195,"Rahm, Jon",Pars,11.5,-136,-136,0.576271186440678,0.576271186440678,prizepicks_fixed,69.37,4.01,10.35,3.17,11.13,8.17,28.53
2026-07-10T02:57:13Z,2026-07-10T02:56:35Z,2026-07-10T02:56:35Z,Genesis Scottish Open,The Renaissance Club,2,2,25362,"Fitzpatrick, Alex",Birdies,4,-136,-136,0.576271186440678,0.576271186440678,prizepicks_fixed,69.29,3.78,10.46,3.25,12.16,8.72,28.71
2026-07-10T02:57:13Z,2026-07-10T02:56:35Z,2026-07-10T02:56:35Z,Genesis Scottish Open,The Renaissance Club,2,2,22833,"Echavarria, Nico",Total Score,70,-136,-136,0.576271186440678,0.576271186440678,prizepicks_fixed,69.73,3.63,10.23,3.68,11.56,8.04,28.51
2026-07-10T02:57:13Z,2026-07-10T02:56:35Z,2026-07-10T02:56:35Z,Genesis Scottish Open,The Renaissance Club,2,2,22833,"Echavarria, Nico",Birdies,3.5,-136,-136,0.576271186440678,0.576271186440678,prizepicks_fixed,69.73,3.63,10.23,3.68,11.56,8.04,28.51
2026-07-10T02:57:13Z,2026-07-10T02:56:35Z,2026-07-10T02:56:35Z,Genesis Scottish Open,The Renaissance Club,2,2,11889,"Fox, Ryan",Total Score,69.5,-136,-136,0.576271186440678,0.576271186440678,prizepicks_fixed,69.24,3.57,10.54,3.5,12.17,7.13,28.63
2026-07-10T02:57:13Z,2026-07-10T02:56:35Z,2026-07-10T02:56:35Z,Genesis Scottish Open,The Renaissance Club,2,2,24766,"Kim, Tom",Pars,11.5,-136,-136,0.576271186440678,0.576271186440678,prizepicks_fixed,68.57,3.75,10.69,3.14,12.92,8.14,28.64
2026-07-10T02:57:13Z,2026-07-10T02:56:35Z,2026-07-10T02:56:35Z,Genesis Scottish Open,The Renaissance Club,2,2,24766,"Kim, Tom",Birdies,3.5,-136,-136,0.576271186440678,0.576271186440678,prizepicks_fixed,68.57,3.75,10.69,3.14,12.92,8.14,28.64
2026-07-10T02:57:13Z,2026-07-10T02:56:35Z,2026-07-10T02:56:35Z,Genesis Scottish Open,The Renaissance Club,2,2,24766,"Kim, Tom",Bogeys,2.5,-136,-136,0.576271186440678,0.576271186440678,prizepicks_fixed,68.57,3.75,10.69,3.14,12.92,8.14,28.64
2026-07-10T02:57:13Z,2026-07-10T02:56:35Z,2026-07-10T02:56:35Z,Genesis Scottish Open,The Renaissance Club,2,2,19895,"Schauffele, Xander",Birdies,4,-136,-136,0.576271186440678,0.576271186440678,prizepicks_fixed,67.7,3.76,10.89,2.91,11.77,7.99,28.42
2026-07-10T02:57:13Z,2026-07-10T02:56:35Z,2026-07-10T02:56:35Z,Genesis Scottish Open,The Renaissance Club,2,2,14502,"Cauley, Bud",Total Score,69.5,-136,-136,0.576271186440678,0.576271186440678,prizepicks_fixed,69.63,3.6,10.59,3.42,12.03,8.18,28.94
2026-07-10T02:57:13Z,2026-07-10T02:56:35Z,2026-07-10T02:56:35Z,Genesis Scottish Open,The Renaissance Club,2,2,20706,"Wallace, Matt",Total Score,69.5,-136,-136,0.576271186440678,0.576271186440678,prizepicks_fixed,69.84,3.52,10.45,3.58,12.82,7.75,28.59
2026-07-10T02:57:13Z,2026-07-10T02:56:35Z,2026-07-10T02:56:35Z,Genesis Scottish Open,The Renaissance Club,2,2,22465,"Penge, Marco",Total Score,69.5,-136,-136,0.576271186440678,0.576271186440678,prizepicks_fixed,68.83,3.59,10.66,3.32,11.17,7.14,29.15
2026-07-10T02:57:13Z,2026-07-10T02:56:35Z,2026-07-10T02:56:35Z,Genesis Scottish Open,The Renaissance Club,2,2,22465,"Penge, Marco",Birdies,4,-136,-136,0.576271186440678,0.576271186440678,prizepicks_fixed,68.83,3.59,10.66,3.32,11.17,7.14,29.15
2026-07-10T02:57:13Z,2026-07-10T02:56:35Z,2026-07-10T02:56:35Z,Genesis Scottish Open,The Renaissance Club,2,2,20706,"Wallace, Matt",Birdies,3.5,-136,-136,0.576271186440678,0.576271186440678,prizepicks_fixed,69.84,3.52,10.45,3.58,12.82,7.75,28.59
2026-07-10T02:57:13Z,2026-07-10T02:56:35Z,2026-07-10T02:56:35Z,Genesis Scottish Open,The Renaissance Club,2,2,14502,"Cauley, Bud",Birdies,3.5,-136,-136,0.576271186440678,0.576271186440678,prizepicks_fixed,69.63,3.6,10.59,3.42,12.03,8.18,28.94
2026-07-10T02:57:13Z,2026-07-10T02:56:35Z,2026-07-10T02:56:35Z,Genesis Scottish Open,The Renaissance Club,2,2,17543,"Kim, Michael",Total Score,69.5,-136,-136,0.576271186440678,0.576271186440678,prizepicks_fixed,69.98,3.67,10.21,3.66,11.77,7.37,28.09
2026-07-10T02:57:13Z,2026-07-10T02:56:35Z,2026-07-10T02:56:35Z,Genesis Scottish Open,The Renaissance Club,2,2,9531,"Wiesberger, Bernd",Total Score,69.5,-136,-136,0.576271186440678,0.576271186440678,prizepicks_fixed,70.38,3.4,10.36,3.91,11.53,8.38,29.66
2026-07-10T02:57:13Z,2026-07-10T02:56:35Z,2026-07-10T02:56:35Z,Genesis Scottish Open,The Renaissance Club,2,2,17543,"Kim, Michael",Birdies,3.5,-136,-136,0.576271186440678,0.576271186440678,prizepicks_fixed,69.98,3.67,10.21,3.66,11.77,7.37,28.09
2026-07-10T02:57:13Z,2026-07-10T02:56:35Z,2026-07-10T02:56:35Z,Genesis Scottish Open,The Renaissance Club,2,2,9531,"Wiesberger, Bernd",Birdies,3.5,-136,-136,0.576271186440678,0.576271186440678,prizepicks_fixed,70.38,3.4,10.36,3.91,11.53,8.38,29.66
2026-07-10T02:57:13Z,2026-07-10T02:56:35Z,2026-07-10T02:56:35Z,Genesis Scottish Open,The Renaissance Club,2,2,18474,"Smalley, Alex",Birdies,3.5,-136,-136,0.576271186440678,0.576271186440678,prizepicks_fixed,69.63,3.67,10.31,3.53,12.31,8.02,28.3
2026-07-10T02:57:13Z,2026-07-10T02:56:35Z,2026-07-10T02:56:35Z,Genesis Scottish Open,The Renaissance Club,2,2,16841,"Lee, Min Woo",Birdies,4,-136,-136,0.576271186440678,0.576271186440678,prizepicks_fixed,69.29,3.76,10.38,3.37,13.12,7.88,28.56
2026-07-10T02:57:13Z,2026-07-10T02:56:35Z,2026-07-10T02:56:35Z,Genesis Scottish Open,The Renaissance Club,2,2,16243,"Koepka, Brooks",Birdies,4,-136,-136,0.576271186440678,0.576271186440678,prizepicks_fixed,69.78,3.72,10.16,3.65,12.26,7.54,28.96
2026-07-10T02:57:13Z,2026-07-10T02:56:35Z,2026-07-10T02:56:35Z,Genesis Scottish Open,The Renaissance Club,2,2,16243,"Koepka, Brooks",Total Score,69.5,-136,-136,0.576271186440678,0.576271186440678,prizepicks_fixed,69.78,3.72,10.16,3.65,12.26,7.54,28.96
2026-07-10T02:57:13Z,2026-07-10T02:56:35Z,2026-07-10T02:56:35Z,Genesis Scottish Open,The Renaissance Club,2,2,28635,"McCarty, Matt",Total Score,69.5,-136,-136,0.576271186440678,0.576271186440678,prizepicks_fixed,69.58,3.68,10.44,3.51,12.12,8.03,28.46
2026-07-10T02:57:13Z,2026-07-10T02:56:35Z,2026-07-10T02:56:35Z,Genesis Scottish Open,The Renaissance Club,2,2,16841,"Lee, Min Woo",Total Score,69,-136,-136,0.576271186440678,0.576271186440678,prizepicks_fixed,69.29,3.76,10.38,3.37,13.12,7.88,28.56
2026-07-10T02:57:13Z,2026-07-10T02:56:35Z,2026-07-10T02:56:35Z,Genesis Scottish Open,The Renaissance Club,2,2,16243,"Koepka, Brooks",GIR,12.5,-136,-136,0.576271186440678,0.576271186440678,prizepicks_fixed,69.78,3.72,10.16,3.65,12.26,7.54,28.96
2026-07-10T02:57:13Z,2026-07-10T02:56:35Z,2026-07-10T02:56:35Z,Genesis Scottish Open,The Renaissance Club,2,2,16243,"Koepka, Brooks",Pars,11,-136,-136,0.576271186440678,0.576271186440678,prizepicks_fixed,69.78,3.72,10.16,3.65,12.26,7.54,28.96
2026-07-10T02:57:13Z,2026-07-10T02:56:35Z,2026-07-10T02:56:35Z,Genesis Scottish Open,The Renaissance Club,2,2,16841,"Lee, Min Woo",Pars,11,-136,-136,0.576271186440678,0.576271186440678,prizepicks_fixed,69.29,3.76,10.38,3.37,13.12,7.88,28.56
2026-07-10T02:57:13Z,2026-07-10T02:56:35Z,2026-07-10T02:56:35Z,Genesis Scottish Open,The Renaissance Club,2,2,16841,"Lee, Min Woo",Fairways hit,6.5,-136,-136,0.576271186440678,0.576271186440678,prizepicks_fixed,69.29,3.76,10.38,3.37,13.12,7.88,28.56
2026-07-10T02:57:13Z,2026-07-10T02:56:35Z,2026-07-10T02:56:35Z,Genesis Scottish Open,The Renaissance Club,2,2,28635,"McCarty, Matt",Birdies,3.5,-136,-136,0.576271186440678,0.576271186440678,prizepicks_fixed,69.58,3.68,10.44,3.51,12.12,8.03,28.46
2026-07-10T02:57:13Z,2026-07-10T02:56:35Z,2026-07-10T02:56:35Z,Genesis Scottish Open,The Renaissance Club,2,2,16841,"Lee, Min Woo",Bogeys,2.5,-136,-136,0.576271186440678,0.576271186440678,prizepicks_fixed,69.29,3.76,10.38,3.37,13.12,7.88,28.56
2026-07-10T02:57:13Z,2026-07-10T02:56:35Z,2026-07-10T02:56:35Z,Genesis Scottish Open,The Renaissance Club,2,2,26649,"Thorbjornsen, Michael",Total Score,69.5,-136,-136,0.576271186440678,0.576271186440678,prizepicks_fixed,69.47,3.71,10.34,3.53,12.01,6.67,29.05
2026-07-10T02:57:13Z,2026-07-10T02:56:35Z,2026-07-10T02:56:35Z,Genesis Scottish Open,The Renaissance Club,2,2,23602,"Hojgaard, Nicolai",Total Score,69,-136,-136,0.576271186440678,0.576271186440678,prizepicks_fixed,68.88,3.72,10.39,3.31,13.17,7.09,28.41
2026-07-10T02:57:13Z,2026-07-10T02:56:35Z,2026-07-10T02:56:35Z,Genesis Scottish Open,The Renaissance Club,2,2,15466,"Cantlay, Patrick",Total Score,69,-136,-136,0.576271186440678,0.576271186440678,prizepicks_fixed,68.86,3.74,10.67,3.15,11.93,8.1,28.63
2026-07-10T02:57:13Z,2026-07-10T02:56:35Z,2026-07-10T02:56:35Z,Genesis Scottish Open,The Renaissance Club,2,2,23602,"Hojgaard, Nicolai",GIR,12.5,-136,-136,0.576271186440678,0.576271186440678,prizepicks_fixed,68.88,3.72,10.39,3.31,13.17,7.09,28.41
2026-07-10T02:57:13Z,2026-07-10T02:56:35Z,2026-07-10T02:56:35Z,Genesis Scottish Open,The Renaissance Club,2,2,15466,"Cantlay, Patrick",Pars,11.5,-136,-136,0.576271186440678,0.576271186440678,prizepicks_fixed,68.86,3.74,10.67,3.15,11.93,8.1,28.63
2026-07-10T02:57:13Z,2026-07-10T02:56:35Z,2026-07-10T02:56:35Z,Genesis Scottish Open,The Renaissance Club,2,2,23602,"Hojgaard, Nicolai",Pars,11,-136,-136,0.576271186440678,0.576271186440678,prizepicks_fixed,68.88,3.72,10.39,3.31,13.17,7.09,28.41
2026-07-10T02:57:13Z,2026-07-10T02:56:35Z,2026-07-10T02:56:35Z,Genesis Scottish Open,The Renaissance Club,2,2,23602,"Hojgaard, Nicolai",Birdies,4,-136,-136,0.576271186440678,0.576271186440678,prizepicks_fixed,68.88,3.72,10.39,3.31,13.17,7.09,28.41
2026-07-10T02:57:13Z,2026-07-10T02:56:35Z,2026-07-10T02:56:35Z,Genesis Scottish Open,The Renaissance Club,2,2,15466,"Cantlay, Patrick",Birdies,4,-136,-136,0.576271186440678,0.576271186440678,prizepicks_fixed,68.86,3.74,10.67,3.15,11.93,8.1,28.63
2026-07-10T02:57:13Z,2026-07-10T02:56:35Z,2026-07-10T02:56:35Z,Genesis Scottish Open,The Renaissance Club,2,2,26649,"Thorbjornsen, Michael",Birdies,3.5,-136,-136,0.576271186440678,0.576271186440678,prizepicks_fixed,69.47,3.71,10.34,3.53,12.01,6.67,29.05
2026-07-10T02:57:13Z,2026-07-10T02:56:35Z,2026-07-10T02:56:35Z,Genesis Scottish Open,The Renaissance Club,2,2,15466,"Cantlay, Patrick",Bogeys,2.5,-136,-136,0.576271186440678,0.576271186440678,prizepicks_fixed,68.86,3.74,10.67,3.15,11.93,8.1,28.63
2026-07-10T02:57:13Z,2026-07-10T02:56:35Z,2026-07-10T02:56:35Z,Genesis Scottish Open,The Renaissance Club,2,2,6430,"Scott, Adam",Birdies,3.5,-136,-136,0.576271186440678,0.576271186440678,prizepicks_fixed,68.35,3.72,10.57,3.21,12.72,7.74,29.26
2026-07-10T02:57:13Z,2026-07-10T02:56:35Z,2026-07-10T02:56:35Z,Genesis Scottish Open,The Renaissance Club,2,2,6430,"Scott, Adam",Total Score,69.5,-136,-136,0.576271186440678,0.576271186440678,prizepicks_fixed,68.35,3.72,10.57,3.21,12.72,7.74,29.26
2026-07-10T02:57:13Z,2026-07-10T02:56:35Z,2026-07-10T02:56:35Z,Genesis Scottish Open,The Renaissance Club,2,2,21407,"Reitan, Kristoffer",Total Score,69,-136,-136,0.576271186440678,0.576271186440678,prizepicks_fixed,68.8,3.63,10.47,3.35,12.27,7.94,28.27
2026-07-10T02:57:13Z,2026-07-10T02:56:35Z,2026-07-10T02:56:35Z,Genesis Scottish Open,The Renaissance Club,2,2,21891,"Kitayama, Kurt",Total Score,69,-136,-136,0.576271186440678,0.576271186440678,prizepicks_fixed,68.36,3.74,10.58,3.15,11.61,8.06,29.22
2026-07-10T02:57:13Z,2026-07-10T02:56:35Z,2026-07-10T02:56:35Z,Genesis Scottish Open,The Renaissance Club,2,2,19895,"Schauffele, Xander",Total Score,68.5,-136,-136,0.576271186440678,0.576271186440678,prizepicks_fixed,67.7,3.76,10.89,2.91,11.77,7.99,28.42
2026-07-10T02:57:13Z,2026-07-10T02:56:35Z,2026-07-10T02:56:35Z,Genesis Scottish Open,The Renaissance Club,2,2,21891,"Kitayama, Kurt",GIR,12.5,-136,-136,0.576271186440678,0.576271186440678,prizepicks_fixed,68.36,3.74,10.58,3.15,11.61,8.06,29.22
2026-07-10T02:57:13Z,2026-07-10T02:56:35Z,2026-07-10T02:56:35Z,Genesis Scottish Open,The Renaissance Club,2,2,21891,"Kitayama, Kurt",Pars,11.5,-136,-136,0.576271186440678,0.576271186440678,prizepicks_fixed,68.36,3.74,10.58,3.15,11.61,8.06,29.22
2026-07-10T02:57:13Z,2026-07-10T02:56:35Z,2026-07-10T02:56:35Z,Genesis Scottish Open,The Renaissance Club,2,2,19895,"Schauffele, Xander",Pars,11.5,-136,-136,0.576271186440678,0.576271186440678,prizepicks_fixed,67.7,3.76,10.89,2.91,11.77,7.99,28.42
2026-07-10T02:57:13Z,2026-07-10T02:56:35Z,2026-07-10T02:56:35Z,Genesis Scottish Open,The Renaissance Club,2,2,21891,"Kitayama, Kurt",Fairways hit,6.5,-136,-136,0.576271186440678,0.576271186440678,prizepicks_fixed,68.36,3.74,10.58,3.15,11.61,8.06,29.22
2026-07-10T02:57:13Z,2026-07-10T02:56:35Z,2026-07-10T02:56:35Z,Genesis Scottish Open,The Renaissance Club,2,2,19895,"Schauffele, Xander",Fairways hit,6.5,-136,-136,0.576271186440678,0.576271186440678,prizepicks_fixed,67.7,3.76,10.89,2.91,11.77,7.99,28.42
2026-07-10T02:57:13Z,2026-07-10T02:56:35Z,2026-07-10T02:56:35Z,Genesis Scottish Open,The Renaissance Club,2,2,21407,"Reitan, Kristoffer",Birdies,4,-136,-136,0.576271186440678,0.576271186440678,prizepicks_fixed,68.8,3.63,10.47,3.35,12.27,7.94,28.27
2026-07-10T02:57:13Z,2026-07-10T02:56:35Z,2026-07-10T02:56:35Z,Genesis Scottish Open,The Renaissance Club,2,2,21891,"Kitayama, Kurt",Birdies,4,-136,-136,0.576271186440678,0.576271186440678,prizepicks_fixed,68.36,3.74,10.58,3.15,11.61,8.06,29.22
2026-07-10T02:57:13Z,2026-07-10T02:56:35Z,2026-07-10T02:56:35Z,Genesis Scottish Open,The Renaissance Club,2,2,6430,"Scott, Adam",Bogeys,2.5,-136,-136,0.576271186440678,0.576271186440678,prizepicks_fixed,68.35,3.72,10.57,3.21,12.72,7.74,29.26
2026-07-10T02:57:13Z,2026-07-10T02:56:35Z,2026-07-10T02:56:35Z,Genesis Scottish Open,The Renaissance Club,2,2,19895,"Schauffele, Xander",Bogeys,2.5,-136,-136,0.576271186440678,0.576271186440678,prizepicks_fixed,67.7,3.76,10.89,2.91,11.77,7.99,28.42
2026-07-10T02:57:13Z,2026-07-10T02:56:35Z,2026-07-10T02:56:35Z,Genesis Scottish Open,The Renaissance Club,2,2,23323,"MacIntyre, Robert",Birdies,4,-136,-136,0.576271186440678,0.576271186440678,prizepicks_fixed,68.4,3.95,10.44,3.15,12.74,8.03,27.61
2026-07-10T02:57:13Z,2026-07-10T02:56:35Z,2026-07-10T02:56:35Z,Genesis Scottish Open,The Renaissance Club,2,2,13900,"Lowry, Shane",Birdies,3.5,-136,-136,0.576271186440678,0.576271186440678,prizepicks_fixed,68.78,3.54,10.74,3.2,12.12,8.4,28.94
2026-07-10T02:57:13Z,2026-07-10T02:56:35Z,2026-07-10T02:56:35Z,Genesis Scottish Open,The Renaissance Club,2,2,18554,"Rai, Aaron",Total Score,69,-136,-136,0.576271186440678,0.576271186440678,prizepicks_fixed,69.11,3.55,10.67,3.33,12.11,9.33,28.93
2026-07-10T02:57:13Z,2026-07-10T02:56:35Z,2026-07-10T02:56:35Z,Genesis Scottish Open,The Renaissance Club,2,2,17536,"Spaun, J.J.",Total Score,69,-136,-136,0.576271186440678,0.576271186440678,prizepicks_fixed,69.84,3.76,10.31,3.48,13.09,8.57,28.9
2026-07-10T02:57:13Z,2026-07-10T02:56:35Z,2026-07-10T02:56:35Z,Genesis Scottish Open,The Renaissance Club,2,2,13900,"Lowry, Shane",Total Score,69,-136,-136,0.576271186440678,0.576271186440678,prizepicks_fixed,68.78,3.54,10.74,3.2,12.12,8.4,28.94
2026-07-10T02:57:13Z,2026-07-10T02:56:35Z,2026-07-10T02:56:35Z,Genesis Scottish Open,The Renaissance Club,2,2,17536,"Spaun, J.J.",Pars,11.5,-136,-136,0.576271186440678,0.576271186440678,prizepicks_fixed,69.84,3.76,10.31,3.48,13.09,8.57,28.9
2026-07-10T02:57:13Z,2026-07-10T02:56:35Z,2026-07-10T02:56:35Z,Genesis Scottish Open,The Renaissance Club,2,2,18554,"Rai, Aaron",Pars,11.5,-136,-136,0.576271186440678,0.576271186440678,prizepicks_fixed,69.11,3.55,10.67,3.33,12.11,9.33,28.93
2026-07-10T02:57:13Z,2026-07-10T02:56:35Z,2026-07-10T02:56:35Z,Genesis Scottish Open,The Renaissance Club,2,2,17536,"Spaun, J.J.",Fairways hit,7.5,-136,-136,0.576271186440678,0.576271186440678,prizepicks_fixed,69.84,3.76,10.31,3.48,13.09,8.57,28.9
2026-07-10T02:57:13Z,2026-07-10T02:56:35Z,2026-07-10T02:56:35Z,Genesis Scottish Open,The Renaissance Club,2,2,17536,"Spaun, J.J.",Birdies,4,-136,-136,0.576271186440678,0.576271186440678,prizepicks_fixed,69.84,3.76,10.31,3.48,13.09,8.57,28.9
2026-07-10T02:57:13Z,2026-07-10T02:56:35Z,2026-07-10T02:56:35Z,Genesis Scottish Open,The Renaissance Club,2,2,18554,"Rai, Aaron",Birdies,3.5,-136,-136,0.576271186440678,0.576271186440678,prizepicks_fixed,69.11,3.55,10.67,3.33,12.11,9.33,28.93
2026-07-10T02:57:13Z,2026-07-10T02:56:35Z,2026-07-10T02:56:35Z,Genesis Scottish Open,The Renaissance Club,2,2,18554,"Rai, Aaron",Bogeys,2.5,-136,-136,0.576271186440678,0.576271186440678,prizepicks_fixed,69.11,3.55,10.67,3.33,12.11,9.33,28.93
2026-07-10T02:57:13Z,2026-07-10T02:56:35Z,2026-07-10T02:56:35Z,Genesis Scottish Open,The Renaissance Club,2,2,10091,"McIlroy, Rory",Birdies,4.5,-136,-136,0.576271186440678,0.576271186440678,prizepicks_fixed,66.96,3.96,10.73,2.77,11.94,7.69,28.05
2026-07-10T02:57:13Z,2026-07-10T02:56:35Z,2026-07-10T02:56:35Z,Genesis Scottish Open,The Renaissance Club,2,2,27774,"Gotterup, Chris",Birdies,4,-136,-136,0.576271186440678,0.576271186440678,prizepicks_fixed,68.78,3.76,10.48,3.25,12.09,7.38,27.87
2026-07-10T02:57:13Z,2026-07-10T02:56:35Z,2026-07-10T02:56:35Z,Genesis Scottish Open,The Renaissance Club,2,2,27900,"Potgieter, Aldrich",Total Score,69.5,-136,-136,0.576271186440678,0.576271186440678,prizepicks_fixed,69.3,3.53,10.39,3.55,10.64,7.07,29.17
2026-07-10T02:57:13Z,2026-07-10T02:56:35Z,2026-07-10T02:56:35Z,Genesis Scottish Open,The Renaissance Club,2,2,27774,"Gotterup, Chris",Total Score,68.5,-136,-136,0.576271186440678,0.576271186440678,prizepicks_fixed,68.78,3.76,10.48,3.25,12.09,7.38,27.87
2026-07-10T02:57:13Z,2026-07-10T02:56:35Z,2026-07-10T02:56:35Z,Genesis Scottish Open,The Renaissance Club,2,2,23323,"MacIntyre, Robert",Total Score,68.5,-136,-136,0.576271186440678,0.576271186440678,prizepicks_fixed,68.4,3.95,10.44,3.15,12.74,8.03,27.61
2026-07-10T02:57:13Z,2026-07-10T02:56:35Z,2026-07-10T02:56:35Z,Genesis Scottish Open,The Renaissance Club,2,2,10091,"McIlroy, Rory",Total Score,67,-136,-136,0.576271186440678,0.576271186440678,prizepicks_fixed,66.96,3.96,10.73,2.77,11.94,7.69,28.05
2026-07-10T02:57:13Z,2026-07-10T02:56:35Z,2026-07-10T02:56:35Z,Genesis Scottish Open,The Renaissance Club,2,2,27774,"Gotterup, Chris",GIR,12.5,-136,-136,0.576271186440678,0.576271186440678,prizepicks_fixed,68.78,3.76,10.48,3.25,12.09,7.38,27.87
2026-07-10T02:57:13Z,2026-07-10T02:56:35Z,2026-07-10T02:56:35Z,Genesis Scottish Open,The Renaissance Club,2,2,27774,"Gotterup, Chris",Pars,11,-136,-136,0.576271186440678,0.576271186440678,prizepicks_fixed,68.78,3.76,10.48,3.25,12.09,7.38,27.87
2026-07-10T02:57:13Z,2026-07-10T02:56:35Z,2026-07-10T02:56:35Z,Genesis Scottish Open,The Renaissance Club,2,2,10091,"McIlroy, Rory",Pars,11,-136,-136,0.576271186440678,0.576271186440678,prizepicks_fixed,66.96,3.96,10.73,2.77,11.94,7.69,28.05
2026-07-10T02:57:13Z,2026-07-10T02:56:35Z,2026-07-10T02:56:35Z,Genesis Scottish Open,The Renaissance Club,2,2,27900,"Potgieter, Aldrich",Pars,10.5,-136,-136,0.576271186440678,0.576271186440678,prizepicks_fixed,69.3,3.53,10.39,3.55,10.64,7.07,29.17
2026-07-10T02:57:13Z,2026-07-10T02:56:35Z,2026-07-10T02:56:35Z,Genesis Scottish Open,The Renaissance Club,2,2,27900,"Potgieter, Aldrich",Birdies,4,-136,-136,0.576271186440678,0.576271186440678,prizepicks_fixed,69.3,3.53,10.39,3.55,10.64,7.07,29.17
2026-07-10T02:57:13Z,2026-07-10T02:56:35Z,2026-07-10T02:56:35Z,Genesis Scottish Open,The Renaissance Club,2,2,23604,"Clark, Wyndham",Birdies,4,-136,-136,0.576271186440678,0.576271186440678,prizepicks_fixed,68.21,4.02,10.57,2.98,12.64,7.4,27.37
2026-07-10T02:57:13Z,2026-07-10T02:56:35Z,2026-07-10T02:56:35Z,Genesis Scottish Open,The Renaissance Club,2,2,18841,"Hovland, Viktor",Birdies,4,-136,-136,0.576271186440678,0.576271186440678,prizepicks_fixed,68.66,3.95,10.4,3.16,13.66,8.5,28.13
2026-07-10T02:57:13Z,2026-07-10T02:56:35Z,2026-07-10T02:56:35Z,Genesis Scottish Open,The Renaissance Club,2,2,26745,"Chacarra, Eugenio",Total Score,69,-136,-136,0.576271186440678,0.576271186440678,prizepicks_fixed,69.13,3.57,10.47,3.48,12.06,8.07,28.47
2026-07-10T02:57:13Z,2026-07-10T02:56:35Z,2026-07-10T02:56:35Z,Genesis Scottish Open,The Renaissance Club,2,2,23604,"Clark, Wyndham",Total Score,68.5,-136,-136,0.576271186440678,0.576271186440678,prizepicks_fixed,68.21,4.02,10.57,2.98,12.64,7.4,27.37
2026-07-10T02:57:13Z,2026-07-10T02:56:35Z,2026-07-10T02:56:35Z,Genesis Scottish Open,The Renaissance Club,2,2,18841,"Hovland, Viktor",Total Score,68.5,-136,-136,0.576271186440678,0.576271186440678,prizepicks_fixed,68.66,3.95,10.4,3.16,13.66,8.5,28.13
2026-07-10T02:57:13Z,2026-07-10T02:56:35Z,2026-07-10T02:56:35Z,Genesis Scottish Open,The Renaissance Club,2,2,23604,"Clark, Wyndham",Pars,11.5,-136,-136,0.576271186440678,0.576271186440678,prizepicks_fixed,68.21,4.02,10.57,2.98,12.64,7.4,27.37
2026-07-10T02:57:13Z,2026-07-10T02:56:35Z,2026-07-10T02:56:35Z,Genesis Scottish Open,The Renaissance Club,2,2,18841,"Hovland, Viktor",Fairways hit,7.5,-136,-136,0.576271186440678,0.576271186440678,prizepicks_fixed,68.66,3.95,10.4,3.16,13.66,8.5,28.13
2026-07-10T02:57:13Z,2026-07-10T02:56:35Z,2026-07-10T02:56:35Z,Genesis Scottish Open,The Renaissance Club,2,2,23604,"Clark, Wyndham",Fairways hit,6.5,-136,-136,0.576271186440678,0.576271186440678,prizepicks_fixed,68.21,4.02,10.57,2.98,12.64,7.4,27.37
2026-07-10T02:57:13Z,2026-07-10T02:56:35Z,2026-07-10T02:56:35Z,Genesis Scottish Open,The Renaissance Club,2,2,23604,"Clark, Wyndham",Bogeys,2.5,-136,-136,0.576271186440678,0.576271186440678,prizepicks_fixed,68.21,4.02,10.57,2.98,12.64,7.4,27.37
2026-07-10T02:57:13Z,2026-07-10T02:56:35Z,2026-07-10T02:56:35Z,Genesis Scottish Open,The Renaissance Club,2,2,14796,"Hatton, Tyrrell",Birdies,4,-136,-136,0.576271186440678,0.576271186440678,prizepicks_fixed,68.71,3.84,10.49,3.17,12.27,7.63,28.57
2026-07-10T02:57:13Z,2026-07-10T02:56:35Z,2026-07-10T02:56:35Z,Genesis Scottish Open,The Renaissance Club,2,2,20085,"Lindell, Oliver",Total Score,70,-136,-136,0.576271186440678,0.576271186440678,prizepicks_fixed,69.65,3.64,10.33,3.66,12.48,7.69,28.23
2026-07-10T02:57:13Z,2026-07-10T02:56:35Z,2026-07-10T02:56:35Z,Genesis Scottish Open,The Renaissance Club,2,2,10419,"Noren, Alex",Total Score,69.5,-136,-136,0.576271186440678,0.576271186440678,prizepicks_fixed,69.13,3.71,10.46,3.5,11.72,8.45,27.78
2026-07-10T02:57:13Z,2026-07-10T02:56:35Z,2026-07-10T02:56:35Z,Genesis Scottish Open,The Renaissance Club,2,2,14796,"Hatton, Tyrrell",Total Score,68.5,-136,-136,0.576271186440678,0.576271186440678,prizepicks_fixed,68.71,3.84,10.49,3.17,12.27,7.63,28.57
2026-07-10T02:57:13Z,2026-07-10T02:56:35Z,2026-07-10T02:56:35Z,Genesis Scottish Open,The Renaissance Club,2,2,10419,"Noren, Alex",GIR,12.5,-136,-136,0.576271186440678,0.576271186440678,prizepicks_fixed,69.13,3.71,10.46,3.5,11.72,8.45,27.78
2026-07-10T02:57:13Z,2026-07-10T02:56:35Z,2026-07-10T02:56:35Z,Genesis Scottish Open,The Renaissance Club,2,2,14796,"Hatton, Tyrrell",GIR,12.5,-136,-136,0.576271186440678,0.576271186440678,prizepicks_fixed,68.71,3.84,10.49,3.17,12.27,7.63,28.57
2026-07-10T02:57:13Z,2026-07-10T02:56:35Z,2026-07-10T02:56:35Z,Genesis Scottish Open,The Renaissance Club,2,2,10419,"Noren, Alex",Pars,11.5,-136,-136,0.576271186440678,0.576271186440678,prizepicks_fixed,69.13,3.71,10.46,3.5,11.72,8.45,27.78
2026-07-10T02:57:13Z,2026-07-10T02:56:35Z,2026-07-10T02:56:35Z,Genesis Scottish Open,The Renaissance Club,2,2,10419,"Noren, Alex",Fairways hit,7.5,-136,-136,0.576271186440678,0.576271186440678,prizepicks_fixed,69.13,3.71,10.46,3.5,11.72,8.45,27.78
2026-07-10T02:57:13Z,2026-07-10T02:56:35Z,2026-07-10T02:56:35Z,Genesis Scottish Open,The Renaissance Club,2,2,14796,"Hatton, Tyrrell",Fairways hit,6.5,-136,-136,0.576271186440678,0.576271186440678,prizepicks_fixed,68.71,3.84,10.49,3.17,12.27,7.63,28.57
2026-07-10T02:57:13Z,2026-07-10T02:56:35Z,2026-07-10T02:56:35Z,Genesis Scottish Open,The Renaissance Club,2,2,10419,"Noren, Alex",Birdies,3.5,-136,-136,0.576271186440678,0.576271186440678,prizepicks_fixed,69.13,3.71,10.46,3.5,11.72,8.45,27.78
2026-07-10T02:57:13Z,2026-07-10T02:56:35Z,2026-07-10T02:56:35Z,Genesis Scottish Open,The Renaissance Club,2,2,20722,"Schmid, Matti",Total Score,70,-136,-136,0.576271186440678,0.576271186440678,prizepicks_fixed,70.02,3.64,10.18,3.72,12.16,7.13,28.58
2026-07-10T02:57:13Z,2026-07-10T02:56:35Z,2026-07-10T02:56:35Z,Genesis Scottish Open,The Renaissance Club,2,2,28309,"Coody, Pierceson",Total Score,69.5,-136,-136,0.576271186440678,0.576271186440678,prizepicks_fixed,69.08,3.72,10.51,3.36,11.5,7.72,28.47
2026-07-10T02:57:13Z,2026-07-10T02:56:35Z,2026-07-10T02:56:35Z,Genesis Scottish Open,The Renaissance Club,2,2,20722,"Schmid, Matti",Birdies,3.5,-136,-136,0.576271186440678,0.576271186440678,prizepicks_fixed,70.02,3.64,10.18,3.72,12.16,7.13,28.58
2026-07-10T02:57:39Z,2026-07-10T02:56:35Z,2026-07-10T02:57:22Z,Genesis Scottish Open,The Renaissance Club,2,2,29197,"Brennan, Michael",Total Score,69,-136,-136,0.576271186440678,0.576271186440678,prizepicks_fixed,69.66,3.27,10.58,3.66,12.11,8.55,29.6
2026-07-10T02:57:39Z,2026-07-10T02:56:35Z,2026-07-10T02:57:22Z,Genesis Scottish Open,The Renaissance Club,2,2,29197,"Brennan, Michael",Birdies,4,-136,-136,0.576271186440678,0.576271186440678,prizepicks_fixed,69.66,3.27,10.58,3.66,12.11,8.55,29.6
2026-07-10T02:57:39Z,2026-07-10T02:56:35Z,2026-07-10T02:57:22Z,Genesis Scottish Open,The Renaissance Club,2,2,12920,"Willett, Danny",Total Score,70,-136,-136,0.576271186440678,0.576271186440678,prizepicks_fixed,72.92,2.97,10.17,4.39,10.76,7.77,29.1
2026-07-10T02:57:39Z,2026-07-10T02:56:35Z,2026-07-10T02:57:22Z,Genesis Scottish Open,The Renaissance Club,2,2,23475,"Novak, Andrew",Total Score,69,-136,-136,0.576271186440678,0.576271186440678,prizepicks_fixed,70.34,3.32,10.49,3.66,11.86,7.14,29.7
2026-07-10T02:57:39Z,2026-07-10T02:56:35Z,2026-07-10T02:57:22Z,Genesis Scottish Open,The Renaissance Club,2,2,12920,"Willett, Danny",Birdies,3.5,-136,-136,0.576271186440678,0.576271186440678,prizepicks_fixed,72.92,2.97,10.17,4.39,10.76,7.77,29.1
2026-07-10T02:57:39Z,2026-07-10T02:56:35Z,2026-07-10T02:57:22Z,Genesis Scottish Open,The Renaissance Club,2,2,25569,"Stevens, Sam",Total Score,69,-136,-136,0.576271186440678,0.576271186440678,prizepicks_fixed,69.9,3.34,10.79,3.47,11.7,8.49,29.5
2026-07-10T02:57:39Z,2026-07-10T02:56:35Z,2026-07-10T02:57:22Z,Genesis Scottish Open,The Renaissance Club,2,2,22322,"McKibbin, Tom",Total Score,69,-136,-136,0.576271186440678,0.576271186440678,prizepicks_fixed,69.68,3.4,10.73,3.41,12.13,9.17,29.8
2026-07-10T02:57:39Z,2026-07-10T02:56:35Z,2026-07-10T02:57:22Z,Genesis Scottish Open,The Renaissance Club,2,2,22322,"McKibbin, Tom",Birdies,3.5,-136,-136,0.576271186440678,0.576271186440678,prizepicks_fixed,69.68,3.4,10.73,3.41,12.13,9.17,29.8
2026-07-10T02:57:39Z,2026-07-10T02:56:35Z,2026-07-10T02:57:22Z,Genesis Scottish Open,The Renaissance Club,2,2,25569,"Stevens, Sam",Birdies,3.5,-136,-136,0.576271186440678,0.576271186440678,prizepicks_fixed,69.9,3.34,10.79,3.47,11.7,8.49,29.5
2026-07-10T02:57:39Z,2026-07-10T02:56:35Z,2026-07-10T02:57:22Z,Genesis Scottish Open,The Renaissance Club,2,2,13126,"Taylor, Nick",Total Score,69.5,-136,-136,0.576271186440678,0.576271186440678,prizepicks_fixed,69.83,4.01,9.62,3.98,11.3,8.88,28.9
2026-07-10T02:57:39Z,2026-07-10T02:56:35Z,2026-07-10T02:57:22Z,Genesis Scottish Open,The Renaissance Club,2,2,14577,"English, Harris",Total Score,69,-136,-136,0.576271186440678,0.576271186440678,prizepicks_fixed,69.2,4.39,9.62,3.6,12.05,8.87,27.9
2026-07-10T02:57:39Z,2026-07-10T02:56:35Z,2026-07-10T02:57:22Z,Genesis Scottish Open,The Renaissance Club,2,2,23014,"Theegala, Sahith",Total Score,69,-136,-136,0.576271186440678,0.576271186440678,prizepicks_fixed,68.79,4.27,9.42,3.84,11.77,7.91,29.1
2026-07-10T02:57:39Z,2026-07-10T02:56:35Z,2026-07-10T02:57:22Z,Genesis Scottish Open,The Renaissance Club,2,2,14577,"English, Harris",GIR,12.5,-136,-136,0.576271186440678,0.576271186440678,prizepicks_fixed,69.2,4.39,9.62,3.6,12.05,8.87,27.9
2026-07-10T02:57:39Z,2026-07-10T02:56:35Z,2026-07-10T02:57:22Z,Genesis Scottish Open,The Renaissance Club,2,2,14577,"English, Harris",Pars,11.5,-136,-136,0.576271186440678,0.576271186440678,prizepicks_fixed,69.2,4.39,9.62,3.6,12.05,8.87,27.9
2026-07-10T02:57:39Z,2026-07-10T02:56:35Z,2026-07-10T02:57:22Z,Genesis Scottish Open,The Renaissance Club,2,2,13126,"Taylor, Nick",Birdies,3.5,-136,-136,0.576271186440678,0.576271186440678,prizepicks_fixed,69.83,4.01,9.62,3.98,11.3,8.88,28.9
2026-07-10T02:57:39Z,2026-07-10T02:56:35Z,2026-07-10T02:57:22Z,Genesis Scottish Open,The Renaissance Club,2,2,14577,"English, Harris",Bogeys,2.5,-136,-136,0.576271186440678,0.576271186440678,prizepicks_fixed,69.2,4.39,9.62,3.6,12.05,8.87,27.9
2026-07-10T02:57:39Z,2026-07-10T02:56:35Z,2026-07-10T02:57:22Z,Genesis Scottish Open,The Renaissance Club,2,2,17488,"Im, Sungjae",Total Score,69.5,-136,-136,0.576271186440678,0.576271186440678,prizepicks_fixed,70.02,3.62,10.7,3.35,11.53,8.68,28.7
2026-07-10T02:57:39Z,2026-07-10T02:56:35Z,2026-07-10T02:57:22Z,Genesis Scottish Open,The Renaissance Club,2,2,17576,"Conners, Corey",Total Score,69.5,-136,-136,0.576271186440678,0.576271186440678,prizepicks_fixed,69.74,3.24,10.62,3.66,12.47,9.29,29.5
2026-07-10T02:57:39Z,2026-07-10T02:56:35Z,2026-07-10T02:57:22Z,Genesis Scottish Open,The Renaissance Club,2,2,17576,"Conners, Corey",Pars,11.5,-136,-136,0.576271186440678,0.576271186440678,prizepicks_fixed,69.74,3.24,10.62,3.66,12.47,9.29,29.5
2026-07-10T02:57:39Z,2026-07-10T02:56:35Z,2026-07-10T02:57:22Z,Genesis Scottish Open,The Renaissance Club,2,2,17576,"Conners, Corey",Birdies,3.5,-136,-136,0.576271186440678,0.576271186440678,prizepicks_fixed,69.74,3.24,10.62,3.66,12.47,9.29,29.5
2026-07-10T02:57:39Z,2026-07-10T02:56:35Z,2026-07-10T02:57:22Z,Genesis Scottish Open,The Renaissance Club,2,2,17488,"Im, Sungjae",Birdies,3.5,-136,-136,0.576271186440678,0.576271186440678,prizepicks_fixed,70.02,3.62,10.7,3.35,11.53,8.68,28.7
2026-07-10T02:57:39Z,2026-07-10T02:56:35Z,2026-07-10T02:57:22Z,Genesis Scottish Open,The Renaissance Club,2,2,12294,"Fleetwood, Tommy",Birdies,4.5,-136,-136,0.576271186440678,0.576271186440678,prizepicks_fixed,68.14,3.3,11.36,2.86,12.13,9.63,28.3
2026-07-10T02:57:39Z,2026-07-10T02:56:35Z,2026-07-10T02:57:22Z,Genesis Scottish Open,The Renaissance Club,2,2,14609,"Kim, Si Woo",Birdies,4,-136,-136,0.576271186440678,0.576271186440678,prizepicks_fixed,68.76,4.57,9.3,3.65,12.08,9.72,29.2
2026-07-10T02:57:39Z,2026-07-10T02:56:35Z,2026-07-10T02:57:22Z,Genesis Scottish Open,The Renaissance Club,2,2,27194,"Hall, Harry",Total Score,69,-136,-136,0.576271186440678,0.576271186440678,prizepicks_fixed,69.67,4.13,9.53,3.91,10.93,7.9,28.3
2026-07-10T02:57:39Z,2026-07-10T02:56:35Z,2026-07-10T02:57:22Z,Genesis Scottish Open,The Renaissance Club,2,2,8825,"Harman, Brian",Total Score,69,-136,-136,0.576271186440678,0.576271186440678,prizepicks_fixed,69.91,4.18,9.25,4.08,12.07,8.97,28.8
2026-07-10T02:57:39Z,2026-07-10T02:56:35Z,2026-07-10T02:57:22Z,Genesis Scottish Open,The Renaissance Club,2,2,29767,"Gerard, Ryan",Total Score,69,-136,-136,0.576271186440678,0.576271186440678,prizepicks_fixed,69.94,3.45,10.66,3.39,12.05,8.85,28.6
2026-07-10T02:57:39Z,2026-07-10T02:56:35Z,2026-07-10T02:57:22Z,Genesis Scottish Open,The Renaissance Club,2,2,29767,"Gerard, Ryan",Pars,11.5,-136,-136,0.576271186440678,0.576271186440678,prizepicks_fixed,69.94,3.45,10.66,3.39,12.05,8.85,28.6
2026-07-10T02:57:39Z,2026-07-10T02:56:35Z,2026-07-10T02:57:22Z,Genesis Scottish Open,The Renaissance Club,2,2,8825,"Harman, Brian",Pars,11.5,-136,-136,0.576271186440678,0.576271186440678,prizepicks_fixed,69.91,4.18,9.25,4.08,12.07,8.97,28.8
2026-07-10T02:57:39Z,2026-07-10T02:56:35Z,2026-07-10T02:57:22Z,Genesis Scottish Open,The Renaissance Club,2,2,8825,"Harman, Brian",Birdies,3.5,-136,-136,0.576271186440678,0.576271186440678,prizepicks_fixed,69.91,4.18,9.25,4.08,12.07,8.97,28.8
2026-07-10T02:57:39Z,2026-07-10T02:56:35Z,2026-07-10T02:57:22Z,Genesis Scottish Open,The Renaissance Club,2,2,17646,"Fitzpatrick, Matt",Birdies,4,-136,-136,0.576271186440678,0.576271186440678,prizepicks_fixed,68.33,3.47,11.21,2.9,13.12,9.14,28.5
2026-07-10T02:57:39Z,2026-07-10T02:56:35Z,2026-07-10T02:57:22Z,Genesis Scottish Open,The Renaissance Club,2,2,17511,"Straka, Sepp",Total Score,69.5,-136,-136,0.576271186440678,0.576271186440678,prizepicks_fixed,70.35,3.84,9.53,4.09,11.47,8.74,29.4
2026-07-10T02:57:39Z,2026-07-10T02:56:35Z,2026-07-10T02:57:22Z,Genesis Scottish Open,The Renaissance Club,2,2,26991,"Schaper, Jayden",Total Score,69.5,-136,-136,0.576271186440678,0.576271186440678,prizepicks_fixed,70.69,3.4,10.39,3.81,11.56,9.31,29.3
2026-07-10T02:57:39Z,2026-07-10T02:56:35Z,2026-07-10T02:57:22Z,Genesis Scottish Open,The Renaissance Club,2,2,21756,"Cole, Eric",Total Score,69,-136,-136,0.576271186440678,0.576271186440678,prizepicks_fixed,69.44,4.47,9.4,3.73,11.64,7.74,28.2
2026-07-10T02:57:39Z,2026-07-10T02:56:35Z,2026-07-10T02:57:22Z,Genesis Scottish Open,The Renaissance Club,2,2,14609,"Kim, Si Woo",Total Score,68.5,-136,-136,0.576271186440678,0.576271186440678,prizepicks_fixed,68.76,4.57,9.3,3.65,12.08,9.72,29.2
2026-07-10T02:57:39Z,2026-07-10T02:56:35Z,2026-07-10T02:57:22Z,Genesis Scottish Open,The Renaissance Club,2,2,17511,"Straka, Sepp",GIR,12.5,-136,-136,0.576271186440678,0.576271186440678,prizepicks_fixed,70.35,3.84,9.53,4.09,11.47,8.74,29.4
2026-07-10T02:57:39Z,2026-07-10T02:56:35Z,2026-07-10T02:57:22Z,Genesis Scottish Open,The Renaissance Club,2,2,14609,"Kim, Si Woo",GIR,12.5,-136,-136,0.576271186440678,0.576271186440678,prizepicks_fixed,68.76,4.57,9.3,3.65,12.08,9.72,29.2
2026-07-10T02:57:39Z,2026-07-10T02:56:35Z,2026-07-10T02:57:22Z,Genesis Scottish Open,The Renaissance Club,2,2,14609,"Kim, Si Woo",Pars,11.5,-136,-136,0.576271186440678,0.576271186440678,prizepicks_fixed,68.76,4.57,9.3,3.65,12.08,9.72,29.2
2026-07-10T02:57:39Z,2026-07-10T02:56:35Z,2026-07-10T02:57:22Z,Genesis Scottish Open,The Renaissance Club,2,2,26991,"Schaper, Jayden",Birdies,3.5,-136,-136,0.576271186440678,0.576271186440678,prizepicks_fixed,70.69,3.4,10.39,3.81,11.56,9.31,29.3
2026-07-10T02:57:39Z,2026-07-10T02:56:35Z,2026-07-10T02:57:22Z,Genesis Scottish Open,The Renaissance Club,2,2,17511,"Straka, Sepp",Birdies,3.5,-136,-136,0.576271186440678,0.576271186440678,prizepicks_fixed,70.35,3.84,9.53,4.09,11.47,8.74,29.4
2026-07-10T02:57:39Z,2026-07-10T02:56:35Z,2026-07-10T02:57:22Z,Genesis Scottish Open,The Renaissance Club,2,2,14609,"Kim, Si Woo",Bogeys,2.5,-136,-136,0.576271186440678,0.576271186440678,prizepicks_fixed,68.76,4.57,9.3,3.65,12.08,9.72,29.2
2026-07-10T02:57:39Z,2026-07-10T02:56:35Z,2026-07-10T02:57:22Z,Genesis Scottish Open,The Renaissance Club,2,2,18417,"Scheffler, Scottie",Birdies,4.5,-136,-136,0.576271186440678,0.576271186440678,prizepicks_fixed,67.67,3.66,11.33,2.52,12.71,9.4,27.8
2026-07-10T02:57:39Z,2026-07-10T02:56:35Z,2026-07-10T02:57:22Z,Genesis Scottish Open,The Renaissance Club,2,2,23465,"Greyserman, Max",Total Score,69,-136,-136,0.576271186440678,0.576271186440678,prizepicks_fixed,69.5,3.36,10.78,3.36,11.7,7.86,28.9
2026-07-10T02:57:39Z,2026-07-10T02:56:35Z,2026-07-10T02:57:22Z,Genesis Scottish Open,The Renaissance Club,2,2,17646,"Fitzpatrick, Matt",Total Score,67.5,-136,-136,0.576271186440678,0.576271186440678,prizepicks_fixed,68.33,3.47,11.21,2.9,13.12,9.14,28.5
2026-07-10T02:57:39Z,2026-07-10T02:56:35Z,2026-07-10T02:57:22Z,Genesis Scottish Open,The Renaissance Club,2,2,12294,"Fleetwood, Tommy",Total Score,67.5,-136,-136,0.576271186440678,0.576271186440678,prizepicks_fixed,68.14,3.3,11.36,2.86,12.13,9.63,28.3
2026-07-10T02:57:39Z,2026-07-10T02:56:35Z,2026-07-10T02:57:22Z,Genesis Scottish Open,The Renaissance Club,2,2,18417,"Scheffler, Scottie",Total Score,66.5,-136,-136,0.576271186440678,0.576271186440678,prizepicks_fixed,67.67,3.66,11.33,2.52,12.71,9.4,27.8
2026-07-10T02:57:39Z,2026-07-10T02:56:35Z,2026-07-10T02:57:22Z,Genesis Scottish Open,The Renaissance Club,2,2,18417,"Scheffler, Scottie",GIR,13.5,-136,-136,0.576271186440678,0.576271186440678,prizepicks_fixed,67.67,3.66,11.33,2.52,12.71,9.4,27.8
2026-07-10T02:57:39Z,2026-07-10T02:56:35Z,2026-07-10T02:57:22Z,Genesis Scottish Open,The Renaissance Club,2,2,12294,"Fleetwood, Tommy",GIR,12.5,-136,-136,0.576271186440678,0.576271186440678,prizepicks_fixed,68.14,3.3,11.36,2.86,12.13,9.63,28.3
2026-07-10T02:57:39Z,2026-07-10T02:56:35Z,2026-07-10T02:57:22Z,Genesis Scottish Open,The Renaissance Club,2,2,18417,"Scheffler, Scottie",Pars,11.5,-136,-136,0.576271186440678,0.576271186440678,prizepicks_fixed,67.67,3.66,11.33,2.52,12.71,9.4,27.8
2026-07-10T02:57:39Z,2026-07-10T02:56:35Z,2026-07-10T02:57:22Z,Genesis Scottish Open,The Renaissance Club,2,2,17646,"Fitzpatrick, Matt",Pars,11.5,-136,-136,0.576271186440678,0.576271186440678,prizepicks_fixed,68.33,3.47,11.21,2.9,13.12,9.14,28.5
2026-07-10T02:57:39Z,2026-07-10T02:56:35Z,2026-07-10T02:57:22Z,Genesis Scottish Open,The Renaissance Club,2,2,12294,"Fleetwood, Tommy",Pars,11.5,-136,-136,0.576271186440678,0.576271186440678,prizepicks_fixed,68.14,3.3,11.36,2.86,12.13,9.63,28.3
2026-07-10T02:57:39Z,2026-07-10T02:56:35Z,2026-07-10T02:57:22Z,Genesis Scottish Open,The Renaissance Club,2,2,17646,"Fitzpatrick, Matt",Fairways hit,7.5,-136,-136,0.576271186440678,0.576271186440678,prizepicks_fixed,68.33,3.47,11.21,2.9,13.12,9.14,28.5
2026-07-10T02:57:39Z,2026-07-10T02:56:35Z,2026-07-10T02:57:22Z,Genesis Scottish Open,The Renaissance Club,2,2,18417,"Scheffler, Scottie",Fairways hit,7.5,-136,-136,0.576271186440678,0.576271186440678,prizepicks_fixed,67.67,3.66,11.33,2.52,12.71,9.4,27.8
2026-07-10T02:57:39Z,2026-07-10T02:56:35Z,2026-07-10T02:57:22Z,Genesis Scottish Open,The Renaissance Club,2,2,12294,"Fleetwood, Tommy",Bogeys,2,-136,-136,0.576271186440678,0.576271186440678,prizepicks_fixed,68.14,3.3,11.36,2.86,12.13,9.63,28.3
2026-07-10T02:57:39Z,2026-07-10T02:56:35Z,2026-07-10T02:57:22Z,Genesis Scottish Open,The Renaissance Club,2,2,17646,"Fitzpatrick, Matt",Bogeys,2,-136,-136,0.576271186440678,0.576271186440678,prizepicks_fixed,68.33,3.47,11.21,2.9,13.12,9.14,28.5
2026-07-10T02:57:39Z,2026-07-10T02:56:35Z,2026-07-10T02:57:22Z,Genesis Scottish Open,The Renaissance Club,2,2,19195,"Rahm, Jon",Birdies,4.5,-136,-136,0.576271186440678,0.576271186440678,prizepicks_fixed,69.64,4.13,10.84,2.56,11.63,8.79,28.9
2026-07-10T02:57:39Z,2026-07-10T02:56:35Z,2026-07-10T02:57:22Z,Genesis Scottish Open,The Renaissance Club,2,2,23950,"Aberg, Ludvig",Birdies,4.5,-136,-136,0.576271186440678,0.576271186440678,prizepicks_fixed,68.41,3.46,10.99,3.06,12.9,8.79,28.5
2026-07-10T02:57:39Z,2026-07-10T02:56:35Z,2026-07-10T02:57:22Z,Genesis Scottish Open,The Renaissance Club,2,2,14139,"Thomas, Justin",Birdies,4,-136,-136,0.576271186440678,0.576271186440678,prizepicks_fixed,69.18,3.43,11.07,3.11,12.17,8.39,28.5
2026-07-10T02:57:39Z,2026-07-10T02:56:35Z,2026-07-10T02:57:22Z,Genesis Scottish Open,The Renaissance Club,2,2,14838,"Reed, Patrick",Birdies,3.5,-136,-136,0.576271186440678,0.576271186440678,prizepicks_fixed,69.57,3.16,10.86,3.55,11.77,8.34,29.2
2026-07-10T02:57:39Z,2026-07-10T02:56:35Z,2026-07-10T02:57:22Z,Genesis Scottish Open,The Renaissance Club,2,2,14838,"Reed, Patrick",Total Score,68.5,-136,-136,0.576271186440678,0.576271186440678,prizepicks_fixed,69.57,3.16,10.86,3.55,11.77,8.34,29.2
2026-07-10T02:57:39Z,2026-07-10T02:56:35Z,2026-07-10T02:57:22Z,Genesis Scottish Open,The Renaissance Club,2,2,14139,"Thomas, Justin",Total Score,68.5,-136,-136,0.576271186440678,0.576271186440678,prizepicks_fixed,69.18,3.43,11.07,3.11,12.17,8.39,28.5
2026-07-10T02:57:39Z,2026-07-10T02:56:35Z,2026-07-10T02:57:22Z,Genesis Scottish Open,The Renaissance Club,2,2,23950,"Aberg, Ludvig",Total Score,67.5,-136,-136,0.576271186440678,0.576271186440678,prizepicks_fixed,68.41,3.46,10.99,3.06,12.9,8.79,28.5
2026-07-10T02:57:39Z,2026-07-10T02:56:35Z,2026-07-10T02:57:22Z,Genesis Scottish Open,The Renaissance Club,2,2,14838,"Reed, Patrick",Pars,11.5,-136,-136,0.576271186440678,0.576271186440678,prizepicks_fixed,69.57,3.16,10.86,3.55,11.77,8.34,29.2
2026-07-10T02:57:39Z,2026-07-10T02:56:35Z,2026-07-10T02:57:22Z,Genesis Scottish Open,The Renaissance Club,2,2,14139,"Thomas, Justin",Pars,11.5,-136,-136,0.576271186440678,0.576271186440678,prizepicks_fixed,69.18,3.43,11.07,3.11,12.17,8.39,28.5
2026-07-10T02:57:39Z,2026-07-10T02:56:35Z,2026-07-10T02:57:22Z,Genesis Scottish Open,The Renaissance Club,2,2,14139,"Thomas, Justin",Fairways hit,6.5,-136,-136,0.576271186440678,0.576271186440678,prizepicks_fixed,69.18,3.43,11.07,3.11,12.17,8.39,28.5
2026-07-10T02:57:39Z,2026-07-10T02:56:35Z,2026-07-10T02:57:22Z,Genesis Scottish Open,The Renaissance Club,2,2,14139,"Thomas, Justin",Bogeys,2.5,-136,-136,0.576271186440678,0.576271186440678,prizepicks_fixed,69.18,3.43,11.07,3.11,12.17,8.39,28.5
2026-07-10T02:57:39Z,2026-07-10T02:56:35Z,2026-07-10T02:57:22Z,Genesis Scottish Open,The Renaissance Club,2,2,14838,"Reed, Patrick",Bogeys,2.5,-136,-136,0.576271186440678,0.576271186440678,prizepicks_fixed,69.57,3.16,10.86,3.55,11.77,8.34,29.2
2026-07-10T02:57:39Z,2026-07-10T02:56:35Z,2026-07-10T02:57:22Z,Genesis Scottish Open,The Renaissance Club,2,2,23950,"Aberg, Ludvig",Bogeys,2.5,-136,-136,0.576271186440678,0.576271186440678,prizepicks_fixed,68.41,3.46,10.99,3.06,12.9,8.79,28.5
2026-07-10T02:57:39Z,2026-07-10T02:56:35Z,2026-07-10T02:57:22Z,Genesis Scottish Open,The Renaissance Club,2,2,23838,"Hojgaard, Rasmus",Total Score,69.5,-136,-136,0.576271186440678,0.576271186440678,prizepicks_fixed,70.31,3.3,10.61,3.75,12.01,7.53,28.9
2026-07-10T02:57:39Z,2026-07-10T02:56:35Z,2026-07-10T02:57:22Z,Genesis Scottish Open,The Renaissance Club,2,2,25362,"Fitzpatrick, Alex",Total Score,68,-136,-136,0.576271186440678,0.576271186440678,prizepicks_fixed,69.57,4.45,9.4,3.64,12.19,9.38,29.1
2026-07-10T02:57:39Z,2026-07-10T02:56:35Z,2026-07-10T02:57:22Z,Genesis Scottish Open,The Renaissance Club,2,2,19195,"Rahm, Jon",Total Score,67.5,-136,-136,0.576271186440678,0.576271186440678,prizepicks_fixed,69.64,4.13,10.84,2.56,11.63,8.79,28.9
2026-07-10T02:57:39Z,2026-07-10T02:56:35Z,2026-07-10T02:57:22Z,Genesis Scottish Open,The Renaissance Club,2,2,25362,"Fitzpatrick, Alex",Pars,11.5,-136,-136,0.576271186440678,0.576271186440678,prizepicks_fixed,69.57,4.45,9.4,3.64,12.19,9.38,29.1
2026-07-10T02:57:39Z,2026-07-10T02:56:35Z,2026-07-10T02:57:22Z,Genesis Scottish Open,The Renaissance Club,2,2,19195,"Rahm, Jon",Pars,11.5,-136,-136,0.576271186440678,0.576271186440678,prizepicks_fixed,69.64,4.13,10.84,2.56,11.63,8.79,28.9
2026-07-10T02:57:39Z,2026-07-10T02:56:35Z,2026-07-10T02:57:22Z,Genesis Scottish Open,The Renaissance Club,2,2,25362,"Fitzpatrick, Alex",Birdies,4,-136,-136,0.576271186440678,0.576271186440678,prizepicks_fixed,69.57,4.45,9.4,3.64,12.19,9.38,29.1
2026-07-10T02:57:39Z,2026-07-10T02:56:35Z,2026-07-10T02:57:22Z,Genesis Scottish Open,The Renaissance Club,2,2,22833,"Echavarria, Nico",Total Score,70,-136,-136,0.576271186440678,0.576271186440678,prizepicks_fixed,69.85,3.25,10.61,3.68,11.66,8.66,28.9
2026-07-10T02:57:39Z,2026-07-10T02:56:35Z,2026-07-10T02:57:22Z,Genesis Scottish Open,The Renaissance Club,2,2,22833,"Echavarria, Nico",Birdies,3.5,-136,-136,0.576271186440678,0.576271186440678,prizepicks_fixed,69.85,3.25,10.61,3.68,11.66,8.66,28.9
2026-07-10T02:57:39Z,2026-07-10T02:56:35Z,2026-07-10T02:57:22Z,Genesis Scottish Open,The Renaissance Club,2,2,11889,"Fox, Ryan",Total Score,69.5,-136,-136,0.576271186440678,0.576271186440678,prizepicks_fixed,69.81,4.18,9.52,3.91,12.01,7.68,29
2026-07-10T02:57:39Z,2026-07-10T02:56:35Z,2026-07-10T02:57:22Z,Genesis Scottish Open,The Renaissance Club,2,2,24766,"Kim, Tom",Pars,11.5,-136,-136,0.576271186440678,0.576271186440678,prizepicks_fixed,68.86,3.19,11.17,3.22,12.55,8.77,29.1
2026-07-10T02:57:39Z,2026-07-10T02:56:35Z,2026-07-10T02:57:22Z,Genesis Scottish Open,The Renaissance Club,2,2,24766,"Kim, Tom",Birdies,3.5,-136,-136,0.576271186440678,0.576271186440678,prizepicks_fixed,68.86,3.19,11.17,3.22,12.55,8.77,29.1
2026-07-10T02:57:39Z,2026-07-10T02:56:35Z,2026-07-10T02:57:22Z,Genesis Scottish Open,The Renaissance Club,2,2,24766,"Kim, Tom",Bogeys,2.5,-136,-136,0.576271186440678,0.576271186440678,prizepicks_fixed,68.86,3.19,11.17,3.22,12.55,8.77,29.1
2026-07-10T02:57:39Z,2026-07-10T02:56:35Z,2026-07-10T02:57:22Z,Genesis Scottish Open,The Renaissance Club,2,2,19895,"Schauffele, Xander",Birdies,4,-136,-136,0.576271186440678,0.576271186440678,prizepicks_fixed,68.07,3.44,11.39,2.73,11.97,8.59,28.8
2026-07-10T02:57:39Z,2026-07-10T02:56:35Z,2026-07-10T02:57:22Z,Genesis Scottish Open,The Renaissance Club,2,2,14502,"Cauley, Bud",Total Score,69.5,-136,-136,0.576271186440678,0.576271186440678,prizepicks_fixed,69.67,3.66,11.09,2.86,11.98,8.8,29.4
2026-07-10T02:57:39Z,2026-07-10T02:56:35Z,2026-07-10T02:57:22Z,Genesis Scottish Open,The Renaissance Club,2,2,20706,"Wallace, Matt",Total Score,69.5,-136,-136,0.576271186440678,0.576271186440678,prizepicks_fixed,70.29,4.03,9.38,4.14,12.48,8.35,29
2026-07-10T02:57:39Z,2026-07-10T02:56:35Z,2026-07-10T02:57:22Z,Genesis Scottish Open,The Renaissance Club,2,2,22465,"Penge, Marco",Total Score,69.5,-136,-136,0.576271186440678,0.576271186440678,prizepicks_fixed,68.96,4.11,9.63,3.83,11.31,7.68,29.6
2026-07-10T02:57:39Z,2026-07-10T02:56:35Z,2026-07-10T02:57:22Z,Genesis Scottish Open,The Renaissance Club,2,2,22465,"Penge, Marco",Birdies,4,-136,-136,0.576271186440678,0.576271186440678,prizepicks_fixed,68.96,4.11,9.63,3.83,11.31,7.68,29.6
2026-07-10T02:57:39Z,2026-07-10T02:56:35Z,2026-07-10T02:57:22Z,Genesis Scottish Open,The Renaissance Club,2,2,20706,"Wallace, Matt",Birdies,3.5,-136,-136,0.576271186440678,0.576271186440678,prizepicks_fixed,70.29,4.03,9.38,4.14,12.48,8.35,29
2026-07-10T02:57:39Z,2026-07-10T02:56:35Z,2026-07-10T02:57:22Z,Genesis Scottish Open,The Renaissance Club,2,2,14502,"Cauley, Bud",Birdies,3.5,-136,-136,0.576271186440678,0.576271186440678,prizepicks_fixed,69.67,3.66,11.09,2.86,11.98,8.8,29.4
2026-07-10T02:57:39Z,2026-07-10T02:56:35Z,2026-07-10T02:57:22Z,Genesis Scottish Open,The Renaissance Club,2,2,17543,"Kim, Michael",Total Score,69.5,-136,-136,0.576271186440678,0.576271186440678,prizepicks_fixed,70.11,3.32,10.6,3.62,11.71,7.94,28.5
2026-07-10T02:57:39Z,2026-07-10T02:56:35Z,2026-07-10T02:57:22Z,Genesis Scottish Open,The Renaissance Club,2,2,9531,"Wiesberger, Bernd",Total Score,69.5,-136,-136,0.576271186440678,0.576271186440678,prizepicks_fixed,70.86,2.92,10.82,3.93,11.46,9.02,30.1
2026-07-10T02:57:39Z,2026-07-10T02:56:35Z,2026-07-10T02:57:22Z,Genesis Scottish Open,The Renaissance Club,2,2,17543,"Kim, Michael",Birdies,3.5,-136,-136,0.576271186440678,0.576271186440678,prizepicks_fixed,70.11,3.32,10.6,3.62,11.71,7.94,28.5
2026-07-10T02:57:39Z,2026-07-10T02:56:35Z,2026-07-10T02:57:22Z,Genesis Scottish Open,The Renaissance Club,2,2,9531,"Wiesberger, Bernd",Birdies,3.5,-136,-136,0.576271186440678,0.576271186440678,prizepicks_fixed,70.86,2.92,10.82,3.93,11.46,9.02,30.1
2026-07-10T02:57:39Z,2026-07-10T02:56:35Z,2026-07-10T02:57:22Z,Genesis Scottish Open,The Renaissance Club,2,2,18474,"Smalley, Alex",Birdies,3.5,-136,-136,0.576271186440678,0.576271186440678,prizepicks_fixed,70.1,3.63,10.75,3.13,12.16,8.64,28.7
2026-07-10T02:57:39Z,2026-07-10T02:56:35Z,2026-07-10T02:57:22Z,Genesis Scottish Open,The Renaissance Club,2,2,16841,"Lee, Min Woo",Birdies,4,-136,-136,0.576271186440678,0.576271186440678,prizepicks_fixed,70,3.25,10.81,3.45,12.63,8.47,29
2026-07-10T02:57:39Z,2026-07-10T02:56:35Z,2026-07-10T02:57:22Z,Genesis Scottish Open,The Renaissance Club,2,2,16243,"Koepka, Brooks",Birdies,4,-136,-136,0.576271186440678,0.576271186440678,prizepicks_fixed,70.26,3.26,10.58,3.69,12,8.11,29.4
2026-07-10T02:57:39Z,2026-07-10T02:56:35Z,2026-07-10T02:57:22Z,Genesis Scottish Open,The Renaissance Club,2,2,16243,"Koepka, Brooks",Total Score,69.5,-136,-136,0.576271186440678,0.576271186440678,prizepicks_fixed,70.26,3.26,10.58,3.69,12,8.11,29.4
2026-07-10T02:57:39Z,2026-07-10T02:56:35Z,2026-07-10T02:57:22Z,Genesis Scottish Open,The Renaissance Club,2,2,28635,"McCarty, Matt",Total Score,69.5,-136,-136,0.576271186440678,0.576271186440678,prizepicks_fixed,69.97,3.3,10.87,3.46,12.07,8.65,28.9
2026-07-10T02:57:39Z,2026-07-10T02:56:35Z,2026-07-10T02:57:22Z,Genesis Scottish Open,The Renaissance Club,2,2,16841,"Lee, Min Woo",Total Score,69,-136,-136,0.576271186440678,0.576271186440678,prizepicks_fixed,70,3.25,10.81,3.45,12.63,8.47,29
2026-07-10T02:57:39Z,2026-07-10T02:56:35Z,2026-07-10T02:57:22Z,Genesis Scottish Open,The Renaissance Club,2,2,16243,"Koepka, Brooks",GIR,12.5,-136,-136,0.576271186440678,0.576271186440678,prizepicks_fixed,70.26,3.26,10.58,3.69,12,8.11,29.4
2026-07-10T02:57:39Z,2026-07-10T02:56:35Z,2026-07-10T02:57:22Z,Genesis Scottish Open,The Renaissance Club,2,2,16243,"Koepka, Brooks",Pars,11,-136,-136,0.576271186440678,0.576271186440678,prizepicks_fixed,70.26,3.26,10.58,3.69,12,8.11,29.4
2026-07-10T02:57:39Z,2026-07-10T02:56:35Z,2026-07-10T02:57:22Z,Genesis Scottish Open,The Renaissance Club,2,2,16841,"Lee, Min Woo",Pars,11,-136,-136,0.576271186440678,0.576271186440678,prizepicks_fixed,70,3.25,10.81,3.45,12.63,8.47,29
2026-07-10T02:57:39Z,2026-07-10T02:56:35Z,2026-07-10T02:57:22Z,Genesis Scottish Open,The Renaissance Club,2,2,16841,"Lee, Min Woo",Fairways hit,6.5,-136,-136,0.576271186440678,0.576271186440678,prizepicks_fixed,70,3.25,10.81,3.45,12.63,8.47,29
2026-07-10T02:57:39Z,2026-07-10T02:56:35Z,2026-07-10T02:57:22Z,Genesis Scottish Open,The Renaissance Club,2,2,28635,"McCarty, Matt",Birdies,3.5,-136,-136,0.576271186440678,0.576271186440678,prizepicks_fixed,69.97,3.3,10.87,3.46,12.07,8.65,28.9
2026-07-10T02:57:39Z,2026-07-10T02:56:35Z,2026-07-10T02:57:22Z,Genesis Scottish Open,The Renaissance Club,2,2,16841,"Lee, Min Woo",Bogeys,2.5,-136,-136,0.576271186440678,0.576271186440678,prizepicks_fixed,70,3.25,10.81,3.45,12.63,8.47,29
2026-07-10T02:57:39Z,2026-07-10T02:56:35Z,2026-07-10T02:57:22Z,Genesis Scottish Open,The Renaissance Club,2,2,26649,"Thorbjornsen, Michael",Total Score,69.5,-136,-136,0.576271186440678,0.576271186440678,prizepicks_fixed,69.94,3.25,10.73,3.6,11.86,7.17,29.5
2026-07-10T02:57:39Z,2026-07-10T02:56:35Z,2026-07-10T02:57:22Z,Genesis Scottish Open,The Renaissance Club,2,2,23602,"Hojgaard, Nicolai",Total Score,69,-136,-136,0.576271186440678,0.576271186440678,prizepicks_fixed,69.32,3.31,10.83,3.28,12.7,7.63,28.8
2026-07-10T02:57:39Z,2026-07-10T02:56:35Z,2026-07-10T02:57:22Z,Genesis Scottish Open,The Renaissance Club,2,2,15466,"Cantlay, Patrick",Total Score,69,-136,-136,0.576271186440678,0.576271186440678,prizepicks_fixed,69.14,3.18,11.14,3.24,12.01,8.72,29
2026-07-10T02:57:39Z,2026-07-10T02:56:35Z,2026-07-10T02:57:22Z,Genesis Scottish Open,The Renaissance Club,2,2,23602,"Hojgaard, Nicolai",GIR,12.5,-136,-136,0.576271186440678,0.576271186440678,prizepicks_fixed,69.32,3.31,10.83,3.28,12.7,7.63,28.8
2026-07-10T02:57:39Z,2026-07-10T02:56:35Z,2026-07-10T02:57:22Z,Genesis Scottish Open,The Renaissance Club,2,2,15466,"Cantlay, Patrick",Pars,11.5,-136,-136,0.576271186440678,0.576271186440678,prizepicks_fixed,69.14,3.18,11.14,3.24,12.01,8.72,29
2026-07-10T02:57:39Z,2026-07-10T02:56:35Z,2026-07-10T02:57:22Z,Genesis Scottish Open,The Renaissance Club,2,2,23602,"Hojgaard, Nicolai",Pars,11,-136,-136,0.576271186440678,0.576271186440678,prizepicks_fixed,69.32,3.31,10.83,3.28,12.7,7.63,28.8
2026-07-10T02:57:39Z,2026-07-10T02:56:35Z,2026-07-10T02:57:22Z,Genesis Scottish Open,The Renaissance Club,2,2,23602,"Hojgaard, Nicolai",Birdies,4,-136,-136,0.576271186440678,0.576271186440678,prizepicks_fixed,69.32,3.31,10.83,3.28,12.7,7.63,28.8
2026-07-10T02:57:39Z,2026-07-10T02:56:35Z,2026-07-10T02:57:22Z,Genesis Scottish Open,The Renaissance Club,2,2,15466,"Cantlay, Patrick",Birdies,4,-136,-136,0.576271186440678,0.576271186440678,prizepicks_fixed,69.14,3.18,11.14,3.24,12.01,8.72,29
2026-07-10T02:57:39Z,2026-07-10T02:56:35Z,2026-07-10T02:57:22Z,Genesis Scottish Open,The Renaissance Club,2,2,26649,"Thorbjornsen, Michael",Birdies,3.5,-136,-136,0.576271186440678,0.576271186440678,prizepicks_fixed,69.94,3.25,10.73,3.6,11.86,7.17,29.5
2026-07-10T02:57:39Z,2026-07-10T02:56:35Z,2026-07-10T02:57:22Z,Genesis Scottish Open,The Renaissance Club,2,2,15466,"Cantlay, Patrick",Bogeys,2.5,-136,-136,0.576271186440678,0.576271186440678,prizepicks_fixed,69.14,3.18,11.14,3.24,12.01,8.72,29
2026-07-10T02:57:39Z,2026-07-10T02:56:35Z,2026-07-10T02:57:22Z,Genesis Scottish Open,The Renaissance Club,2,2,6430,"Scott, Adam",Birdies,3.5,-136,-136,0.576271186440678,0.576271186440678,prizepicks_fixed,68.85,3.4,11.04,3.06,12.47,8.33,29.7
2026-07-10T02:57:39Z,2026-07-10T02:56:35Z,2026-07-10T02:57:22Z,Genesis Scottish Open,The Renaissance Club,2,2,6430,"Scott, Adam",Total Score,69.5,-136,-136,0.576271186440678,0.576271186440678,prizepicks_fixed,68.85,3.4,11.04,3.06,12.47,8.33,29.7
2026-07-10T02:57:39Z,2026-07-10T02:56:35Z,2026-07-10T02:57:22Z,Genesis Scottish Open,The Renaissance Club,2,2,21407,"Reitan, Kristoffer",Total Score,69,-136,-136,0.576271186440678,0.576271186440678,prizepicks_fixed,69.24,4.25,9.46,3.74,12.12,8.54,28.7
2026-07-10T02:57:39Z,2026-07-10T02:56:35Z,2026-07-10T02:57:22Z,Genesis Scottish Open,The Renaissance Club,2,2,21891,"Kitayama, Kurt",Total Score,69,-136,-136,0.576271186440678,0.576271186440678,prizepicks_fixed,68.95,3.23,11.04,3.2,11.8,8.67,29.6
2026-07-10T02:57:39Z,2026-07-10T02:56:35Z,2026-07-10T02:57:22Z,Genesis Scottish Open,The Renaissance Club,2,2,19895,"Schauffele, Xander",Total Score,68.5,-136,-136,0.576271186440678,0.576271186440678,prizepicks_fixed,68.07,3.44,11.39,2.73,11.97,8.59,28.8
2026-07-10T02:57:39Z,2026-07-10T02:56:35Z,2026-07-10T02:57:22Z,Genesis Scottish Open,The Renaissance Club,2,2,21891,"Kitayama, Kurt",GIR,12.5,-136,-136,0.576271186440678,0.576271186440678,prizepicks_fixed,68.95,3.23,11.04,3.2,11.8,8.67,29.6
2026-07-10T02:57:39Z,2026-07-10T02:56:35Z,2026-07-10T02:57:22Z,Genesis Scottish Open,The Renaissance Club,2,2,21891,"Kitayama, Kurt",Pars,11.5,-136,-136,0.576271186440678,0.576271186440678,prizepicks_fixed,68.95,3.23,11.04,3.2,11.8,8.67,29.6
2026-07-10T02:57:39Z,2026-07-10T02:56:35Z,2026-07-10T02:57:22Z,Genesis Scottish Open,The Renaissance Club,2,2,19895,"Schauffele, Xander",Pars,11.5,-136,-136,0.576271186440678,0.576271186440678,prizepicks_fixed,68.07,3.44,11.39,2.73,11.97,8.59,28.8
2026-07-10T02:57:39Z,2026-07-10T02:56:35Z,2026-07-10T02:57:22Z,Genesis Scottish Open,The Renaissance Club,2,2,21891,"Kitayama, Kurt",Fairways hit,6.5,-136,-136,0.576271186440678,0.576271186440678,prizepicks_fixed,68.95,3.23,11.04,3.2,11.8,8.67,29.6
2026-07-10T02:57:39Z,2026-07-10T02:56:35Z,2026-07-10T02:57:22Z,Genesis Scottish Open,The Renaissance Club,2,2,19895,"Schauffele, Xander",Fairways hit,6.5,-136,-136,0.576271186440678,0.576271186440678,prizepicks_fixed,68.07,3.44,11.39,2.73,11.97,8.59,28.8
2026-07-10T02:57:39Z,2026-07-10T02:56:35Z,2026-07-10T02:57:22Z,Genesis Scottish Open,The Renaissance Club,2,2,21407,"Reitan, Kristoffer",Birdies,4,-136,-136,0.576271186440678,0.576271186440678,prizepicks_fixed,69.24,4.25,9.46,3.74,12.12,8.54,28.7
2026-07-10T02:57:39Z,2026-07-10T02:56:35Z,2026-07-10T02:57:22Z,Genesis Scottish Open,The Renaissance Club,2,2,21891,"Kitayama, Kurt",Birdies,4,-136,-136,0.576271186440678,0.576271186440678,prizepicks_fixed,68.95,3.23,11.04,3.2,11.8,8.67,29.6
2026-07-10T02:57:39Z,2026-07-10T02:56:35Z,2026-07-10T02:57:22Z,Genesis Scottish Open,The Renaissance Club,2,2,6430,"Scott, Adam",Bogeys,2.5,-136,-136,0.576271186440678,0.576271186440678,prizepicks_fixed,68.85,3.4,11.04,3.06,12.47,8.33,29.7
2026-07-10T02:57:39Z,2026-07-10T02:56:35Z,2026-07-10T02:57:22Z,Genesis Scottish Open,The Renaissance Club,2,2,19895,"Schauffele, Xander",Bogeys,2.5,-136,-136,0.576271186440678,0.576271186440678,prizepicks_fixed,68.07,3.44,11.39,2.73,11.97,8.59,28.8
2026-07-10T02:57:39Z,2026-07-10T02:56:35Z,2026-07-10T02:57:22Z,Genesis Scottish Open,The Renaissance Club,2,2,23323,"MacIntyre, Robert",Birdies,4,-136,-136,0.576271186440678,0.576271186440678,prizepicks_fixed,68.76,3.51,10.87,3.16,12.37,8.64,28
2026-07-10T02:57:39Z,2026-07-10T02:56:35Z,2026-07-10T02:57:22Z,Genesis Scottish Open,The Renaissance Club,2,2,13900,"Lowry, Shane",Birdies,3.5,-136,-136,0.576271186440678,0.576271186440678,prizepicks_fixed,69.02,4.16,9.75,3.57,12.09,9.04,29.4
2026-07-10T02:57:39Z,2026-07-10T02:56:35Z,2026-07-10T02:57:22Z,Genesis Scottish Open,The Renaissance Club,2,2,18554,"Rai, Aaron",Total Score,69,-136,-136,0.576271186440678,0.576271186440678,prizepicks_fixed,69.51,4.16,9.67,3.72,12.08,10.04,29.3
2026-07-10T02:57:39Z,2026-07-10T02:56:35Z,2026-07-10T02:57:22Z,Genesis Scottish Open,The Renaissance Club,2,2,17536,"Spaun, J.J.",Total Score,69,-136,-136,0.576271186440678,0.576271186440678,prizepicks_fixed,70.1,3.35,10.7,3.5,12.74,9.22,29.3
2026-07-10T02:57:39Z,2026-07-10T02:56:35Z,2026-07-10T02:57:22Z,Genesis Scottish Open,The Renaissance Club,2,2,13900,"Lowry, Shane",Total Score,69,-136,-136,0.576271186440678,0.576271186440678,prizepicks_fixed,69.02,4.16,9.75,3.57,12.09,9.04,29.4
2026-07-10T02:57:39Z,2026-07-10T02:56:35Z,2026-07-10T02:57:22Z,Genesis Scottish Open,The Renaissance Club,2,2,17536,"Spaun, J.J.",Pars,11.5,-136,-136,0.576271186440678,0.576271186440678,prizepicks_fixed,70.1,3.35,10.7,3.5,12.74,9.22,29.3
2026-07-10T02:57:39Z,2026-07-10T02:56:35Z,2026-07-10T02:57:22Z,Genesis Scottish Open,The Renaissance Club,2,2,18554,"Rai, Aaron",Pars,11.5,-136,-136,0.576271186440678,0.576271186440678,prizepicks_fixed,69.51,4.16,9.67,3.72,12.08,10.04,29.3
2026-07-10T02:57:39Z,2026-07-10T02:56:35Z,2026-07-10T02:57:22Z,Genesis Scottish Open,The Renaissance Club,2,2,17536,"Spaun, J.J.",Fairways hit,7.5,-136,-136,0.576271186440678,0.576271186440678,prizepicks_fixed,70.1,3.35,10.7,3.5,12.74,9.22,29.3
2026-07-10T02:57:39Z,2026-07-10T02:56:35Z,2026-07-10T02:57:22Z,Genesis Scottish Open,The Renaissance Club,2,2,17536,"Spaun, J.J.",Birdies,4,-136,-136,0.576271186440678,0.576271186440678,prizepicks_fixed,70.1,3.35,10.7,3.5,12.74,9.22,29.3
2026-07-10T02:57:39Z,2026-07-10T02:56:35Z,2026-07-10T02:57:22Z,Genesis Scottish Open,The Renaissance Club,2,2,18554,"Rai, Aaron",Birdies,3.5,-136,-136,0.576271186440678,0.576271186440678,prizepicks_fixed,69.51,4.16,9.67,3.72,12.08,10.04,29.3
2026-07-10T02:57:39Z,2026-07-10T02:56:35Z,2026-07-10T02:57:22Z,Genesis Scottish Open,The Renaissance Club,2,2,18554,"Rai, Aaron",Bogeys,2.5,-136,-136,0.576271186440678,0.576271186440678,prizepicks_fixed,69.51,4.16,9.67,3.72,12.08,10.04,29.3
2026-07-10T02:57:39Z,2026-07-10T02:56:35Z,2026-07-10T02:57:22Z,Genesis Scottish Open,The Renaissance Club,2,2,10091,"McIlroy, Rory",Birdies,4.5,-136,-136,0.576271186440678,0.576271186440678,prizepicks_fixed,67.28,3.39,11.25,2.82,12.03,8.27,28.5
2026-07-10T02:57:39Z,2026-07-10T02:56:35Z,2026-07-10T02:57:22Z,Genesis Scottish Open,The Renaissance Club,2,2,27774,"Gotterup, Chris",Birdies,4,-136,-136,0.576271186440678,0.576271186440678,prizepicks_fixed,68.77,3.35,10.91,3.23,12.06,7.94,28.3
2026-07-10T02:57:39Z,2026-07-10T02:56:35Z,2026-07-10T02:57:22Z,Genesis Scottish Open,The Renaissance Club,2,2,27900,"Potgieter, Aldrich",Total Score,69.5,-136,-136,0.576271186440678,0.576271186440678,prizepicks_fixed,70.28,4.04,9.38,4.05,10.87,7.6,29.6
2026-07-10T02:57:39Z,2026-07-10T02:56:35Z,2026-07-10T02:57:22Z,Genesis Scottish Open,The Renaissance Club,2,2,27774,"Gotterup, Chris",Total Score,68.5,-136,-136,0.576271186440678,0.576271186440678,prizepicks_fixed,68.77,3.35,10.91,3.23,12.06,7.94,28.3
2026-07-10T02:57:39Z,2026-07-10T02:56:35Z,2026-07-10T02:57:22Z,Genesis Scottish Open,The Renaissance Club,2,2,23323,"MacIntyre, Robert",Total Score,68.5,-136,-136,0.576271186440678,0.576271186440678,prizepicks_fixed,68.76,3.51,10.87,3.16,12.37,8.64,28
2026-07-10T02:57:39Z,2026-07-10T02:56:35Z,2026-07-10T02:57:22Z,Genesis Scottish Open,The Renaissance Club,2,2,10091,"McIlroy, Rory",Total Score,67,-136,-136,0.576271186440678,0.576271186440678,prizepicks_fixed,67.28,3.39,11.25,2.82,12.03,8.27,28.5
2026-07-10T02:57:39Z,2026-07-10T02:56:35Z,2026-07-10T02:57:22Z,Genesis Scottish Open,The Renaissance Club,2,2,27774,"Gotterup, Chris",GIR,12.5,-136,-136,0.576271186440678,0.576271186440678,prizepicks_fixed,68.77,3.35,10.91,3.23,12.06,7.94,28.3
2026-07-10T02:57:39Z,2026-07-10T02:56:35Z,2026-07-10T02:57:22Z,Genesis Scottish Open,The Renaissance Club,2,2,27774,"Gotterup, Chris",Pars,11,-136,-136,0.576271186440678,0.576271186440678,prizepicks_fixed,68.77,3.35,10.91,3.23,12.06,7.94,28.3
2026-07-10T02:57:39Z,2026-07-10T02:56:35Z,2026-07-10T02:57:22Z,Genesis Scottish Open,The Renaissance Club,2,2,10091,"McIlroy, Rory",Pars,11,-136,-136,0.576271186440678,0.576271186440678,prizepicks_fixed,67.28,3.39,11.25,2.82,12.03,8.27,28.5
2026-07-10T02:57:39Z,2026-07-10T02:56:35Z,2026-07-10T02:57:22Z,Genesis Scottish Open,The Renaissance Club,2,2,27900,"Potgieter, Aldrich",Pars,10.5,-136,-136,0.576271186440678,0.576271186440678,prizepicks_fixed,70.28,4.04,9.38,4.05,10.87,7.6,29.6
2026-07-10T02:57:39Z,2026-07-10T02:56:35Z,2026-07-10T02:57:22Z,Genesis Scottish Open,The Renaissance Club,2,2,27900,"Potgieter, Aldrich",Birdies,4,-136,-136,0.576271186440678,0.576271186440678,prizepicks_fixed,70.28,4.04,9.38,4.05,10.87,7.6,29.6
2026-07-10T02:57:39Z,2026-07-10T02:56:35Z,2026-07-10T02:57:22Z,Genesis Scottish Open,The Renaissance Club,2,2,23604,"Clark, Wyndham",Birdies,4,-136,-136,0.576271186440678,0.576271186440678,prizepicks_fixed,68.45,3.58,11.02,2.97,12.39,7.97,27.8
2026-07-10T02:57:39Z,2026-07-10T02:56:35Z,2026-07-10T02:57:22Z,Genesis Scottish Open,The Renaissance Club,2,2,18841,"Hovland, Viktor",Birdies,4,-136,-136,0.576271186440678,0.576271186440678,prizepicks_fixed,68.96,3.55,10.83,3.13,13.09,9.15,28.5
2026-07-10T02:57:39Z,2026-07-10T02:56:35Z,2026-07-10T02:57:22Z,Genesis Scottish Open,The Renaissance Club,2,2,26745,"Chacarra, Eugenio",Total Score,69,-136,-136,0.576271186440678,0.576271186440678,prizepicks_fixed,69.57,4.18,9.2,4.14,11.9,8.68,28.9
2026-07-10T02:57:39Z,2026-07-10T02:56:35Z,2026-07-10T02:57:22Z,Genesis Scottish Open,The Renaissance Club,2,2,23604,"Clark, Wyndham",Total Score,68.5,-136,-136,0.576271186440678,0.576271186440678,prizepicks_fixed,68.45,3.58,11.02,2.97,12.39,7.97,27.8
2026-07-10T02:57:39Z,2026-07-10T02:56:35Z,2026-07-10T02:57:22Z,Genesis Scottish Open,The Renaissance Club,2,2,18841,"Hovland, Viktor",Total Score,68.5,-136,-136,0.576271186440678,0.576271186440678,prizepicks_fixed,68.96,3.55,10.83,3.13,13.09,9.15,28.5
2026-07-10T02:57:39Z,2026-07-10T02:56:35Z,2026-07-10T02:57:22Z,Genesis Scottish Open,The Renaissance Club,2,2,23604,"Clark, Wyndham",Pars,11.5,-136,-136,0.576271186440678,0.576271186440678,prizepicks_fixed,68.45,3.58,11.02,2.97,12.39,7.97,27.8
2026-07-10T02:57:39Z,2026-07-10T02:56:35Z,2026-07-10T02:57:22Z,Genesis Scottish Open,The Renaissance Club,2,2,18841,"Hovland, Viktor",Fairways hit,7.5,-136,-136,0.576271186440678,0.576271186440678,prizepicks_fixed,68.96,3.55,10.83,3.13,13.09,9.15,28.5
2026-07-10T02:57:39Z,2026-07-10T02:56:35Z,2026-07-10T02:57:22Z,Genesis Scottish Open,The Renaissance Club,2,2,23604,"Clark, Wyndham",Fairways hit,6.5,-136,-136,0.576271186440678,0.576271186440678,prizepicks_fixed,68.45,3.58,11.02,2.97,12.39,7.97,27.8
2026-07-10T02:57:39Z,2026-07-10T02:56:35Z,2026-07-10T02:57:22Z,Genesis Scottish Open,The Renaissance Club,2,2,23604,"Clark, Wyndham",Bogeys,2.5,-136,-136,0.576271186440678,0.576271186440678,prizepicks_fixed,68.45,3.58,11.02,2.97,12.39,7.97,27.8
2026-07-10T02:57:39Z,2026-07-10T02:56:35Z,2026-07-10T02:57:22Z,Genesis Scottish Open,The Renaissance Club,2,2,14796,"Hatton, Tyrrell",Birdies,4,-136,-136,0.576271186440678,0.576271186440678,prizepicks_fixed,69.13,4.52,9.2,3.78,12.25,8.21,29
2026-07-10T02:57:39Z,2026-07-10T02:56:35Z,2026-07-10T02:57:22Z,Genesis Scottish Open,The Renaissance Club,2,2,20085,"Lindell, Oliver",Total Score,70,-136,-136,0.576271186440678,0.576271186440678,prizepicks_fixed,70.13,3.18,10.71,3.74,12.13,8.28,28.6
2026-07-10T02:57:39Z,2026-07-10T02:56:35Z,2026-07-10T02:57:22Z,Genesis Scottish Open,The Renaissance Club,2,2,10419,"Noren, Alex",Total Score,69.5,-136,-136,0.576271186440678,0.576271186440678,prizepicks_fixed,69.67,3.39,10.89,3.39,11.67,9.1,28.2
2026-07-10T02:57:39Z,2026-07-10T02:56:35Z,2026-07-10T02:57:22Z,Genesis Scottish Open,The Renaissance Club,2,2,14796,"Hatton, Tyrrell",Total Score,68.5,-136,-136,0.576271186440678,0.576271186440678,prizepicks_fixed,69.13,4.52,9.2,3.78,12.25,8.21,29
2026-07-10T02:57:39Z,2026-07-10T02:56:35Z,2026-07-10T02:57:22Z,Genesis Scottish Open,The Renaissance Club,2,2,10419,"Noren, Alex",GIR,12.5,-136,-136,0.576271186440678,0.576271186440678,prizepicks_fixed,69.67,3.39,10.89,3.39,11.67,9.1,28.2
2026-07-10T02:57:39Z,2026-07-10T02:56:35Z,2026-07-10T02:57:22Z,Genesis Scottish Open,The Renaissance Club,2,2,14796,"Hatton, Tyrrell",GIR,12.5,-136,-136,0.576271186440678,0.576271186440678,prizepicks_fixed,69.13,4.52,9.2,3.78,12.25,8.21,29
2026-07-10T02:57:39Z,2026-07-10T02:56:35Z,2026-07-10T02:57:22Z,Genesis Scottish Open,The Renaissance Club,2,2,10419,"Noren, Alex",Pars,11.5,-136,-136,0.576271186440678,0.576271186440678,prizepicks_fixed,69.67,3.39,10.89,3.39,11.67,9.1,28.2
2026-07-10T02:57:39Z,2026-07-10T02:56:35Z,2026-07-10T02:57:22Z,Genesis Scottish Open,The Renaissance Club,2,2,10419,"Noren, Alex",Fairways hit,7.5,-136,-136,0.576271186440678,0.576271186440678,prizepicks_fixed,69.67,3.39,10.89,3.39,11.67,9.1,28.2
2026-07-10T02:57:39Z,2026-07-10T02:56:35Z,2026-07-10T02:57:22Z,Genesis Scottish Open,The Renaissance Club,2,2,14796,"Hatton, Tyrrell",Fairways hit,6.5,-136,-136,0.576271186440678,0.576271186440678,prizepicks_fixed,69.13,4.52,9.2,3.78,12.25,8.21,29
2026-07-10T02:57:39Z,2026-07-10T02:56:35Z,2026-07-10T02:57:22Z,Genesis Scottish Open,The Renaissance Club,2,2,10419,"Noren, Alex",Birdies,3.5,-136,-136,0.576271186440678,0.576271186440678,prizepicks_fixed,69.67,3.39,10.89,3.39,11.67,9.1,28.2
2026-07-10T02:57:39Z,2026-07-10T02:56:35Z,2026-07-10T02:57:22Z,Genesis Scottish Open,The Renaissance Club,2,2,20722,"Schmid, Matti",Total Score,70,-136,-136,0.576271186440678,0.576271186440678,prizepicks_fixed,70.13,3.29,10.6,3.65,11.93,7.68,29
2026-07-10T02:57:39Z,2026-07-10T02:56:35Z,2026-07-10T02:57:22Z,Genesis Scottish Open,The Renaissance Club,2,2,28309,"Coody, Pierceson",Total Score,69.5,-136,-136,0.576271186440678,0.576271186440678,prizepicks_fixed,69.89,4.26,9.65,3.68,11.55,8.31,28.9
2026-07-10T02:57:39Z,2026-07-10T02:56:35Z,2026-07-10T02:57:22Z,Genesis Scottish Open,The Renaissance Club,2,2,20722,"Schmid, Matti",Birdies,3.5,-136,-136,0.576271186440678,0.576271186440678,prizepicks_fixed,70.13,3.29,10.6,3.65,11.93,7.68,29
2026-07-10T22:54:35Z,2026-07-10T22:54:24Z,2026-07-10T22:54:24Z,Genesis Scottish Open,The Renaissance Club,3,3,18841,"Hovland, Viktor",Total Score,69,-136,-136,0.576271186440678,0.576271186440678,prizepicks_fixed,68.59,4.87,9.44,3.2,12.95,8.5,28.27
2026-07-10T22:54:35Z,2026-07-10T22:54:24Z,2026-07-10T22:54:24Z,Genesis Scottish Open,The Renaissance Club,3,3,18841,"Hovland, Viktor",Pars,11,-136,-136,0.576271186440678,0.576271186440678,prizepicks_fixed,68.59,4.87,9.44,3.2,12.95,8.5,28.27
2026-07-10T22:54:35Z,2026-07-10T22:54:24Z,2026-07-10T22:54:24Z,Genesis Scottish Open,The Renaissance Club,3,3,18841,"Hovland, Viktor",Birdies,4,-136,-136,0.576271186440678,0.576271186440678,prizepicks_fixed,68.59,4.87,9.44,3.2,12.95,8.5,28.27
2026-07-10T22:54:35Z,2026-07-10T22:54:24Z,2026-07-10T22:54:24Z,Genesis Scottish Open,The Renaissance Club,3,3,17536,"Spaun, J.J.",Total Score,69,-136,-136,0.576271186440678,0.576271186440678,prizepicks_fixed,71.47,4.68,9.05,3.82,12.9,8.57,28.94
2026-07-10T22:54:35Z,2026-07-10T22:54:24Z,2026-07-10T22:54:24Z,Genesis Scottish Open,The Renaissance Club,3,3,17536,"Spaun, J.J.",Pars,11.5,-136,-136,0.576271186440678,0.576271186440678,prizepicks_fixed,71.47,4.68,9.05,3.82,12.9,8.57,28.94
2026-07-10T22:54:35Z,2026-07-10T22:54:24Z,2026-07-10T22:54:24Z,Genesis Scottish Open,The Renaissance Club,3,3,6430,"Scott, Adam",Bogeys,3,-136,-136,0.576271186440678,0.576271186440678,prizepicks_fixed,67.94,4.57,9.66,3.27,12.16,7.74,29.36
2026-07-10T22:54:35Z,2026-07-10T22:54:24Z,2026-07-10T22:54:24Z,Genesis Scottish Open,The Renaissance Club,3,3,17536,"Spaun, J.J.",Bogeys,3,-136,-136,0.576271186440678,0.576271186440678,prizepicks_fixed,71.47,4.68,9.05,3.82,12.9,8.57,28.94
2026-07-10T22:54:35Z,2026-07-10T22:54:24Z,2026-07-10T22:54:24Z,Genesis Scottish Open,The Renaissance Club,3,3,22833,"Echavarria, Nico",Total Score,70.5,-136,-136,0.576271186440678,0.576271186440678,prizepicks_fixed,69.77,4.55,9.33,3.72,11.89,8.04,28.47
2026-07-10T22:54:35Z,2026-07-10T22:54:24Z,2026-07-10T22:54:24Z,Genesis Scottish Open,The Renaissance Club,3,3,22833,"Echavarria, Nico",Pars,11.5,-136,-136,0.576271186440678,0.576271186440678,prizepicks_fixed,69.77,4.55,9.33,3.72,11.89,8.04,28.47
2026-07-10T22:54:35Z,2026-07-10T22:54:24Z,2026-07-10T22:54:24Z,Genesis Scottish Open,The Renaissance Club,3,3,22833,"Echavarria, Nico",Birdies,3.5,-136,-136,0.576271186440678,0.576271186440678,prizepicks_fixed,69.77,4.55,9.33,3.72,11.89,8.04,28.47
2026-07-10T22:54:35Z,2026-07-10T22:54:24Z,2026-07-10T22:54:24Z,Genesis Scottish Open,The Renaissance Club,3,3,19195,"Rahm, Jon",Total Score,68.5,-136,-136,0.576271186440678,0.576271186440678,prizepicks_fixed,70.26,4.67,9.16,3.7,11.05,8.17,28.49
2026-07-10T22:54:35Z,2026-07-10T22:54:24Z,2026-07-10T22:54:24Z,Genesis Scottish Open,The Renaissance Club,3,3,19195,"Rahm, Jon",Pars,11,-136,-136,0.576271186440678,0.576271186440678,prizepicks_fixed,70.26,4.67,9.16,3.7,11.05,8.17,28.49
2026-07-10T22:54:35Z,2026-07-10T22:54:24Z,2026-07-10T22:54:24Z,Genesis Scottish Open,The Renaissance Club,3,3,19195,"Rahm, Jon",Bogeys,2.5,-136,-136,0.576271186440678,0.576271186440678,prizepicks_fixed,70.26,4.67,9.16,3.7,11.05,8.17,28.49
2026-07-10T22:54:35Z,2026-07-10T22:54:24Z,2026-07-10T22:54:24Z,Genesis Scottish Open,The Renaissance Club,3,3,21756,"Cole, Eric",Total Score,69.5,-136,-136,0.576271186440678,0.576271186440678,prizepicks_fixed,68.92,4.37,9.98,3.25,11.77,7.17,27.75
2026-07-10T22:54:35Z,2026-07-10T22:54:24Z,2026-07-10T22:54:24Z,Genesis Scottish Open,The Renaissance Club,3,3,8825,"Harman, Brian",Pars,11.5,-136,-136,0.576271186440678,0.576271186440678,prizepicks_fixed,70.63,4.13,9.75,3.63,11.94,8.32,28.5
2026-07-10T22:54:35Z,2026-07-10T22:54:24Z,2026-07-10T22:54:24Z,Genesis Scottish Open,The Renaissance Club,3,3,8825,"Harman, Brian",Birdies,3.5,-136,-136,0.576271186440678,0.576271186440678,prizepicks_fixed,70.63,4.13,9.75,3.63,11.94,8.32,28.5
2026-07-10T22:54:35Z,2026-07-10T22:54:24Z,2026-07-10T22:54:24Z,Genesis Scottish Open,The Renaissance Club,3,3,21756,"Cole, Eric",Birdies,3.5,-136,-136,0.576271186440678,0.576271186440678,prizepicks_fixed,68.92,4.37,9.98,3.25,11.77,7.17,27.75
2026-07-10T22:54:35Z,2026-07-10T22:54:24Z,2026-07-10T22:54:24Z,Genesis Scottish Open,The Renaissance Club,3,3,20722,"Schmid, Matti",Total Score,70.5,-136,-136,0.576271186440678,0.576271186440678,prizepicks_fixed,69.91,4.41,9.42,3.72,11.99,7.13,28.61
2026-07-10T22:54:35Z,2026-07-10T22:54:24Z,2026-07-10T22:54:24Z,Genesis Scottish Open,The Renaissance Club,3,3,20722,"Schmid, Matti",Birdies,3.5,-136,-136,0.576271186440678,0.576271186440678,prizepicks_fixed,69.91,4.41,9.42,3.72,11.99,7.13,28.61
2026-07-10T22:54:35Z,2026-07-10T22:54:24Z,2026-07-10T22:54:24Z,Genesis Scottish Open,The Renaissance Club,3,3,14609,"Kim, Si Woo",Total Score,69.5,-136,-136,0.576271186440678,0.576271186440678,prizepicks_fixed,69.35,4.53,9.85,3.15,11.88,9.04,28.81
2026-07-10T22:54:35Z,2026-07-10T22:54:24Z,2026-07-10T22:54:24Z,Genesis Scottish Open,The Renaissance Club,3,3,12294,"Fleetwood, Tommy",Total Score,68.5,-136,-136,0.576271186440678,0.576271186440678,prizepicks_fixed,67.74,4.69,9.91,2.92,12.19,8.95,27.94
2026-07-10T22:54:35Z,2026-07-10T22:54:24Z,2026-07-10T22:54:24Z,Genesis Scottish Open,The Renaissance Club,3,3,14609,"Kim, Si Woo",Pars,11.5,-136,-136,0.576271186440678,0.576271186440678,prizepicks_fixed,69.35,4.53,9.85,3.15,11.88,9.04,28.81
2026-07-10T22:54:35Z,2026-07-10T22:54:24Z,2026-07-10T22:54:24Z,Genesis Scottish Open,The Renaissance Club,3,3,12294,"Fleetwood, Tommy",Pars,11.5,-136,-136,0.576271186440678,0.576271186440678,prizepicks_fixed,67.74,4.69,9.91,2.92,12.19,8.95,27.94
2026-07-10T22:54:35Z,2026-07-10T22:54:24Z,2026-07-10T22:54:24Z,Genesis Scottish Open,The Renaissance Club,3,3,12294,"Fleetwood, Tommy",Birdies,4,-136,-136,0.576271186440678,0.576271186440678,prizepicks_fixed,67.74,4.69,9.91,2.92,12.19,8.95,27.94
2026-07-10T22:54:35Z,2026-07-10T22:54:24Z,2026-07-10T22:54:24Z,Genesis Scottish Open,The Renaissance Club,3,3,14609,"Kim, Si Woo",Bogeys,2.5,-136,-136,0.576271186440678,0.576271186440678,prizepicks_fixed,69.35,4.53,9.85,3.15,11.88,9.04,28.81
2026-07-10T22:54:35Z,2026-07-10T22:54:24Z,2026-07-10T22:54:24Z,Genesis Scottish Open,The Renaissance Club,3,3,17576,"Conners, Corey",Pars,11.5,-136,-136,0.576271186440678,0.576271186440678,prizepicks_fixed,69.64,4.58,9.25,3.69,12.77,8.63,29.14
2026-07-10T22:54:35Z,2026-07-10T22:54:24Z,2026-07-10T22:54:24Z,Genesis Scottish Open,The Renaissance Club,3,3,13126,"Taylor, Nick",Birdies,3.5,-136,-136,0.576271186440678,0.576271186440678,prizepicks_fixed,69.28,4.03,10.22,3.34,10.58,8.25,28.51
2026-07-10T22:54:35Z,2026-07-10T22:54:24Z,2026-07-10T22:54:24Z,Genesis Scottish Open,The Renaissance Club,3,3,17576,"Conners, Corey",Birdies,3.5,-136,-136,0.576271186440678,0.576271186440678,prizepicks_fixed,69.64,4.58,9.25,3.69,12.77,8.63,29.14
2026-07-10T22:54:35Z,2026-07-10T22:54:24Z,2026-07-10T22:54:24Z,Genesis Scottish Open,The Renaissance Club,3,3,17576,"Conners, Corey",Bogeys,3,-136,-136,0.576271186440678,0.576271186440678,prizepicks_fixed,69.64,4.58,9.25,3.69,12.77,8.63,29.14
2026-07-10T22:54:35Z,2026-07-10T22:54:24Z,2026-07-10T22:54:24Z,Genesis Scottish Open,The Renaissance Club,3,3,23475,"Novak, Andrew",Birdies,3.5,-136,-136,0.576271186440678,0.576271186440678,prizepicks_fixed,70.67,4.69,9.01,3.81,11.99,6.63,29.33
2026-07-10T22:54:35Z,2026-07-10T22:54:24Z,2026-07-10T22:54:24Z,Genesis Scottish Open,The Renaissance Club,3,3,23014,"Theegala, Sahith",Birdies,3.5,-136,-136,0.576271186440678,0.576271186440678,prizepicks_fixed,68.15,4.18,10.33,3.03,12.16,7.35,28.67
2026-07-10T22:54:35Z,2026-07-10T22:54:24Z,2026-07-10T22:54:24Z,Genesis Scottish Open,The Renaissance Club,3,3,23014,"Theegala, Sahith",Bogeys,3,-136,-136,0.576271186440678,0.576271186440678,prizepicks_fixed,68.15,4.18,10.33,3.03,12.16,7.35,28.67
2026-07-10T22:54:35Z,2026-07-10T22:54:24Z,2026-07-10T22:54:24Z,Genesis Scottish Open,The Renaissance Club,3,3,23841,"Neergaard-Petersen, Rasmus",Total Score,70,-136,-136,0.576271186440678,0.576271186440678,prizepicks_fixed,69.45,4.56,9.36,3.7,11.77,8.22,29.09
2026-07-10T22:54:35Z,2026-07-10T22:54:24Z,2026-07-10T22:54:24Z,Genesis Scottish Open,The Renaissance Club,3,3,14796,"Hatton, Tyrrell",Total Score,69,-136,-136,0.576271186440678,0.576271186440678,prizepicks_fixed,68.77,4.43,9.96,3.11,12.3,7.63,28.55
2026-07-10T22:54:35Z,2026-07-10T22:54:24Z,2026-07-10T22:54:24Z,Genesis Scottish Open,The Renaissance Club,3,3,14796,"Hatton, Tyrrell",Pars,11,-136,-136,0.576271186440678,0.576271186440678,prizepicks_fixed,68.77,4.43,9.96,3.11,12.3,7.63,28.55
2026-07-10T22:54:35Z,2026-07-10T22:54:24Z,2026-07-10T22:54:24Z,Genesis Scottish Open,The Renaissance Club,3,3,14796,"Hatton, Tyrrell",Birdies,4,-136,-136,0.576271186440678,0.576271186440678,prizepicks_fixed,68.77,4.43,9.96,3.11,12.3,7.63,28.55
2026-07-10T22:54:35Z,2026-07-10T22:54:24Z,2026-07-10T22:54:24Z,Genesis Scottish Open,The Renaissance Club,3,3,23841,"Neergaard-Petersen, Rasmus",Birdies,3.5,-136,-136,0.576271186440678,0.576271186440678,prizepicks_fixed,69.45,4.56,9.36,3.7,11.77,8.22,29.09
2026-07-10T22:54:35Z,2026-07-10T22:54:24Z,2026-07-10T22:54:24Z,Genesis Scottish Open,The Renaissance Club,3,3,11889,"Fox, Ryan",Total Score,69.5,-136,-136,0.576271186440678,0.576271186440678,prizepicks_fixed,69.79,4.08,9.98,3.56,12.1,7.13,28.63
2026-07-10T22:54:35Z,2026-07-10T22:54:24Z,2026-07-10T22:54:24Z,Genesis Scottish Open,The Renaissance Club,3,3,14704,"Putnam, Andrew",Pars,11,-136,-136,0.576271186440678,0.576271186440678,prizepicks_fixed,69.55,3.92,10.44,3.41,12.05,8.67,28.08
2026-07-10T22:54:35Z,2026-07-10T22:54:24Z,2026-07-10T22:54:24Z,Genesis Scottish Open,The Renaissance Club,3,3,14139,"Thomas, Justin",Total Score,69,-136,-136,0.576271186440678,0.576271186440678,prizepicks_fixed,69.94,4.6,9.46,3.55,11.94,7.79,28.13
2026-07-10T22:54:35Z,2026-07-10T22:54:24Z,2026-07-10T22:54:24Z,Genesis Scottish Open,The Renaissance Club,3,3,14139,"Thomas, Justin",Pars,11,-136,-136,0.576271186440678,0.576271186440678,prizepicks_fixed,69.94,4.6,9.46,3.55,11.94,7.79,28.13
2026-07-10T22:54:35Z,2026-07-10T22:54:24Z,2026-07-10T22:54:24Z,Genesis Scottish Open,The Renaissance Club,3,3,14139,"Thomas, Justin",Birdies,4,-136,-136,0.576271186440678,0.576271186440678,prizepicks_fixed,69.94,4.6,9.46,3.55,11.94,7.79,28.13
2026-07-10T22:54:35Z,2026-07-10T22:54:24Z,2026-07-10T22:54:24Z,Genesis Scottish Open,The Renaissance Club,3,3,14139,"Thomas, Justin",Bogeys,2.5,-136,-136,0.576271186440678,0.576271186440678,prizepicks_fixed,69.94,4.6,9.46,3.55,11.94,7.79,28.13
2026-07-10T22:54:35Z,2026-07-10T22:54:24Z,2026-07-10T22:54:24Z,Genesis Scottish Open,The Renaissance Club,3,3,19421,"Du Plessis, Hennie",Total Score,70,-136,-136,0.576271186440678,0.576271186440678,prizepicks_fixed,69.52,3.56,10.32,3.53,12.03,7.89,29.85
2026-07-10T22:54:35Z,2026-07-10T22:54:24Z,2026-07-10T22:54:24Z,Genesis Scottish Open,The Renaissance Club,3,3,17813,"Armitage, Marcus",Total Score,70.5,-136,-136,0.576271186440678,0.576271186440678,prizepicks_fixed,70.64,4.42,9.3,3.89,12.02,7.69,28.74
2026-07-10T22:54:35Z,2026-07-10T22:54:24Z,2026-07-10T22:54:24Z,Genesis Scottish Open,The Renaissance Club,3,3,17813,"Armitage, Marcus",Pars,11.5,-136,-136,0.576271186440678,0.576271186440678,prizepicks_fixed,70.64,4.42,9.3,3.89,12.02,7.69,28.74
2026-07-10T22:54:35Z,2026-07-10T22:54:24Z,2026-07-10T22:54:24Z,Genesis Scottish Open,The Renaissance Club,3,3,20085,"Lindell, Oliver",Pars,11.5,-136,-136,0.576271186440678,0.576271186440678,prizepicks_fixed,69.17,4.63,9.46,3.55,12.57,7.69,28.26
2026-07-10T22:54:35Z,2026-07-10T22:54:24Z,2026-07-10T22:54:24Z,Genesis Scottish Open,The Renaissance Club,3,3,20085,"Lindell, Oliver",Birdies,3.5,-136,-136,0.576271186440678,0.576271186440678,prizepicks_fixed,69.17,4.63,9.46,3.55,12.57,7.69,28.26
2026-07-10T22:54:35Z,2026-07-10T22:54:24Z,2026-07-10T22:54:24Z,Genesis Scottish Open,The Renaissance Club,3,3,18424,"Roy, Kevin",Total Score,70.5,-136,-136,0.576271186440678,0.576271186440678,prizepicks_fixed,70.17,4.46,9.32,3.84,11.27,7.72,28.9
2026-07-10T22:54:35Z,2026-07-10T22:54:24Z,2026-07-10T22:54:24Z,Genesis Scottish Open,The Renaissance Club,3,3,14838,"Reed, Patrick",Total Score,69.5,-136,-136,0.576271186440678,0.576271186440678,prizepicks_fixed,68.82,4.53,9.56,3.49,11.95,7.74,28.78
2026-07-10T22:54:35Z,2026-07-10T22:54:24Z,2026-07-10T22:54:24Z,Genesis Scottish Open,The Renaissance Club,3,3,14838,"Reed, Patrick",Pars,11.5,-136,-136,0.576271186440678,0.576271186440678,prizepicks_fixed,68.82,4.53,9.56,3.49,11.95,7.74,28.78
2026-07-10T22:54:35Z,2026-07-10T22:54:24Z,2026-07-10T22:54:24Z,Genesis Scottish Open,The Renaissance Club,3,3,18424,"Roy, Kevin",Bogeys,3.5,-136,-136,0.576271186440678,0.576271186440678,prizepicks_fixed,70.17,4.46,9.32,3.84,11.27,7.72,28.9
2026-07-10T22:54:35Z,2026-07-10T22:54:24Z,2026-07-10T22:54:24Z,Genesis Scottish Open,The Renaissance Club,3,3,17357,"Migliozzi, Guido",Total Score,70.5,-136,-136,0.576271186440678,0.576271186440678,prizepicks_fixed,71.05,4.16,9.2,4.05,11.38,7.42,28.8
2026-07-10T22:54:35Z,2026-07-10T22:54:24Z,2026-07-10T22:54:24Z,Genesis Scottish Open,The Renaissance Club,3,3,29767,"Gerard, Ryan",Total Score,69.5,-136,-136,0.576271186440678,0.576271186440678,prizepicks_fixed,70.18,4.77,9.13,3.6,11.79,8.22,28.27
2026-07-10T22:54:35Z,2026-07-10T22:54:24Z,2026-07-10T22:54:24Z,Genesis Scottish Open,The Renaissance Club,3,3,29767,"Gerard, Ryan",Pars,11.5,-136,-136,0.576271186440678,0.576271186440678,prizepicks_fixed,70.18,4.77,9.13,3.6,11.79,8.22,28.27
2026-07-10T22:54:35Z,2026-07-10T22:54:24Z,2026-07-10T22:54:24Z,Genesis Scottish Open,The Renaissance Club,3,3,17357,"Migliozzi, Guido",Pars,11,-136,-136,0.576271186440678,0.576271186440678,prizepicks_fixed,71.05,4.16,9.2,4.05,11.38,7.42,28.8
2026-07-10T22:54:35Z,2026-07-10T22:54:24Z,2026-07-10T22:54:24Z,Genesis Scottish Open,The Renaissance Club,3,3,29767,"Gerard, Ryan",Birdies,3.5,-136,-136,0.576271186440678,0.576271186440678,prizepicks_fixed,70.18,4.77,9.13,3.6,11.79,8.22,28.27
2026-07-10T22:54:35Z,2026-07-10T22:54:24Z,2026-07-10T22:54:24Z,Genesis Scottish Open,The Renaissance Club,3,3,17357,"Migliozzi, Guido",Bogeys,3.5,-136,-136,0.576271186440678,0.576271186440678,prizepicks_fixed,71.05,4.16,9.2,4.05,11.38,7.42,28.8
2026-07-10T22:54:35Z,2026-07-10T22:54:24Z,2026-07-10T22:54:24Z,Genesis Scottish Open,The Renaissance Club,3,3,29767,"Gerard, Ryan",Bogeys,3,-136,-136,0.576271186440678,0.576271186440678,prizepicks_fixed,70.18,4.77,9.13,3.6,11.79,8.22,28.27
2026-07-10T22:54:35Z,2026-07-10T22:54:24Z,2026-07-10T22:54:24Z,Genesis Scottish Open,The Renaissance Club,3,3,13374,"Van Driel, Darius",Total Score,71,-136,-136,0.576271186440678,0.576271186440678,prizepicks_fixed,71.38,3.56,10.16,3.95,11.54,8.26,29.21
2026-07-10T22:54:35Z,2026-07-10T22:54:24Z,2026-07-10T22:54:24Z,Genesis Scottish Open,The Renaissance Club,3,3,23604,"Clark, Wyndham",Total Score,68.5,-136,-136,0.576271186440678,0.576271186440678,prizepicks_fixed,68.89,4.96,9.46,3.14,12.7,7.4,27.37
2026-07-10T22:54:35Z,2026-07-10T22:54:24Z,2026-07-10T22:54:24Z,Genesis Scottish Open,The Renaissance Club,3,3,23604,"Clark, Wyndham",Pars,11,-136,-136,0.576271186440678,0.576271186440678,prizepicks_fixed,68.89,4.96,9.46,3.14,12.7,7.4,27.37
2026-07-10T22:54:35Z,2026-07-10T22:54:24Z,2026-07-10T22:54:24Z,Genesis Scottish Open,The Renaissance Club,3,3,23604,"Clark, Wyndham",Birdies,4,-136,-136,0.576271186440678,0.576271186440678,prizepicks_fixed,68.89,4.96,9.46,3.14,12.7,7.4,27.37
2026-07-10T22:54:35Z,2026-07-10T22:54:24Z,2026-07-10T22:54:24Z,Genesis Scottish Open,The Renaissance Club,3,3,13374,"Van Driel, Darius",Bogeys,3.5,-136,-136,0.576271186440678,0.576271186440678,prizepicks_fixed,71.38,3.56,10.16,3.95,11.54,8.26,29.21
2026-07-10T22:54:35Z,2026-07-10T22:54:24Z,2026-07-10T22:54:24Z,Genesis Scottish Open,The Renaissance Club,3,3,13374,"Van Driel, Darius",Birdies,3,-136,-136,0.576271186440678,0.576271186440678,prizepicks_fixed,71.38,3.56,10.16,3.95,11.54,8.26,29.21
2026-07-10T22:54:35Z,2026-07-10T22:54:24Z,2026-07-10T22:54:24Z,Genesis Scottish Open,The Renaissance Club,3,3,26649,"Thorbjornsen, Michael",Total Score,69.5,-136,-136,0.576271186440678,0.576271186440678,prizepicks_fixed,69,4.7,9.48,3.41,12.17,6.67,29.05
2026-07-10T22:54:35Z,2026-07-10T22:54:24Z,2026-07-10T22:54:24Z,Genesis Scottish Open,The Renaissance Club,3,3,23602,"Hojgaard, Nicolai",Total Score,68.5,-136,-136,0.576271186440678,0.576271186440678,prizepicks_fixed,68.44,4.64,9.49,3.3,12.9,7.09,28.49
2026-07-10T22:54:35Z,2026-07-10T22:54:24Z,2026-07-10T22:54:24Z,Genesis Scottish Open,The Renaissance Club,3,3,23602,"Hojgaard, Nicolai",Pars,11,-136,-136,0.576271186440678,0.576271186440678,prizepicks_fixed,68.44,4.64,9.49,3.3,12.9,7.09,28.49
2026-07-10T22:54:35Z,2026-07-10T22:54:24Z,2026-07-10T22:54:24Z,Genesis Scottish Open,The Renaissance Club,3,3,23602,"Hojgaard, Nicolai",Birdies,4,-136,-136,0.576271186440678,0.576271186440678,prizepicks_fixed,68.44,4.64,9.49,3.3,12.9,7.09,28.49
2026-07-10T22:54:35Z,2026-07-10T22:54:24Z,2026-07-10T22:54:24Z,Genesis Scottish Open,The Renaissance Club,3,3,26649,"Thorbjornsen, Michael",Birdies,3.5,-136,-136,0.576271186440678,0.576271186440678,prizepicks_fixed,69,4.7,9.48,3.41,12.17,6.67,29.05
2026-07-10T22:54:35Z,2026-07-10T22:54:24Z,2026-07-10T22:54:24Z,Genesis Scottish Open,The Renaissance Club,3,3,26649,"Thorbjornsen, Michael",Bogeys,3,-136,-136,0.576271186440678,0.576271186440678,prizepicks_fixed,69,4.7,9.48,3.41,12.17,6.67,29.05
2026-07-10T22:54:35Z,2026-07-10T22:54:24Z,2026-07-10T22:54:24Z,Genesis Scottish Open,The Renaissance Club,3,3,12920,"Willett, Danny",Total Score,70.5,-136,-136,0.576271186440678,0.576271186440678,prizepicks_fixed,73.33,4.06,8.87,4.61,10.32,7.2,28.74
2026-07-10T22:54:35Z,2026-07-10T22:54:24Z,2026-07-10T22:54:24Z,Genesis Scottish Open,The Renaissance Club,3,3,24304,"Vilips, Karl",Total Score,70.5,-136,-136,0.576271186440678,0.576271186440678,prizepicks_fixed,70.12,3.94,10.19,3.46,11.99,6.92,28.49
2026-07-10T22:54:35Z,2026-07-10T22:54:24Z,2026-07-10T22:54:24Z,Genesis Scottish Open,The Renaissance Club,3,3,12920,"Willett, Danny",Pars,11.5,-136,-136,0.576271186440678,0.576271186440678,prizepicks_fixed,73.33,4.06,8.87,4.61,10.32,7.2,28.74
2026-07-10T22:54:35Z,2026-07-10T22:54:24Z,2026-07-10T22:54:24Z,Genesis Scottish Open,The Renaissance Club,3,3,24304,"Vilips, Karl",Pars,11,-136,-136,0.576271186440678,0.576271186440678,prizepicks_fixed,70.12,3.94,10.19,3.46,11.99,6.92,28.49
2026-07-10T22:54:35Z,2026-07-10T22:54:24Z,2026-07-10T22:54:24Z,Genesis Scottish Open,The Renaissance Club,3,3,12920,"Willett, Danny",Birdies,3.5,-136,-136,0.576271186440678,0.576271186440678,prizepicks_fixed,73.33,4.06,8.87,4.61,10.32,7.2,28.74
2026-07-10T22:54:35Z,2026-07-10T22:54:24Z,2026-07-10T22:54:24Z,Genesis Scottish Open,The Renaissance Club,3,3,21074,"Nakajima, Keita",Total Score,70,-136,-136,0.576271186440678,0.576271186440678,prizepicks_fixed,70.06,4.43,9.5,3.76,12.83,7.74,28.34
2026-07-10T22:54:35Z,2026-07-10T22:54:24Z,2026-07-10T22:54:24Z,Genesis Scottish Open,The Renaissance Club,3,3,29925,"Yellamaraju, Sudarshan",Total Score,69.5,-136,-136,0.576271186440678,0.576271186440678,prizepicks_fixed,69.26,4.68,9.33,3.55,12.29,10.31,28.63
2026-07-10T22:54:35Z,2026-07-10T22:54:24Z,2026-07-10T22:54:24Z,Genesis Scottish Open,The Renaissance Club,3,3,21074,"Nakajima, Keita",Pars,11.5,-136,-136,0.576271186440678,0.576271186440678,prizepicks_fixed,70.06,4.43,9.5,3.76,12.83,7.74,28.34
2026-07-10T22:54:35Z,2026-07-10T22:54:24Z,2026-07-10T22:54:24Z,Genesis Scottish Open,The Renaissance Club,3,3,21074,"Nakajima, Keita",Birdies,3.5,-136,-136,0.576271186440678,0.576271186440678,prizepicks_fixed,70.06,4.43,9.5,3.76,12.83,7.74,28.34
2026-07-10T22:54:35Z,2026-07-10T22:54:24Z,2026-07-10T22:54:24Z,Genesis Scottish Open,The Renaissance Club,3,3,29925,"Yellamaraju, Sudarshan",Birdies,3.5,-136,-136,0.576271186440678,0.576271186440678,prizepicks_fixed,69.26,4.68,9.33,3.55,12.29,10.31,28.63
2026-07-10T22:54:35Z,2026-07-10T22:54:24Z,2026-07-10T22:54:24Z,Genesis Scottish Open,The Renaissance Club,3,3,21074,"Nakajima, Keita",Bogeys,3,-136,-136,0.576271186440678,0.576271186440678,prizepicks_fixed,70.06,4.43,9.5,3.76,12.83,7.74,28.34
2026-07-10T22:54:35Z,2026-07-10T22:54:24Z,2026-07-10T22:54:24Z,Genesis Scottish Open,The Renaissance Club,3,3,29925,"Yellamaraju, Sudarshan",Bogeys,3,-136,-136,0.576271186440678,0.576271186440678,prizepicks_fixed,69.26,4.68,9.33,3.55,12.29,10.31,28.63
2026-07-10T22:54:35Z,2026-07-10T22:54:24Z,2026-07-10T22:54:24Z,Genesis Scottish Open,The Renaissance Club,3,3,20730,"Perez, Victor",Total Score,69.5,-136,-136,0.576271186440678,0.576271186440678,prizepicks_fixed,69.05,4.66,9.36,3.53,12.56,8.35,28.65
2026-07-10T22:54:35Z,2026-07-10T22:54:24Z,2026-07-10T22:54:24Z,Genesis Scottish Open,The Renaissance Club,3,3,27774,"Gotterup, Chris",Total Score,69,-136,-136,0.576271186440678,0.576271186440678,prizepicks_fixed,69,4.67,9.47,3.35,12.37,7.38,27.82
2026-07-10T22:54:35Z,2026-07-10T22:54:24Z,2026-07-10T22:54:24Z,Genesis Scottish Open,The Renaissance Club,3,3,27774,"Gotterup, Chris",Pars,11,-136,-136,0.576271186440678,0.576271186440678,prizepicks_fixed,69,4.67,9.47,3.35,12.37,7.38,27.82
2026-07-10T22:54:35Z,2026-07-10T22:54:24Z,2026-07-10T22:54:24Z,Genesis Scottish Open,The Renaissance Club,3,3,20730,"Perez, Victor",Pars,11,-136,-136,0.576271186440678,0.576271186440678,prizepicks_fixed,69.05,4.66,9.36,3.53,12.56,8.35,28.65
2026-07-10T22:54:35Z,2026-07-10T22:54:24Z,2026-07-10T22:54:24Z,Genesis Scottish Open,The Renaissance Club,3,3,27774,"Gotterup, Chris",Birdies,4,-136,-136,0.576271186440678,0.576271186440678,prizepicks_fixed,69,4.67,9.47,3.35,12.37,7.38,27.82
2026-07-10T22:54:35Z,2026-07-10T22:54:24Z,2026-07-10T22:54:24Z,Genesis Scottish Open,The Renaissance Club,3,3,20730,"Perez, Victor",Birdies,3.5,-136,-136,0.576271186440678,0.576271186440678,prizepicks_fixed,69.05,4.66,9.36,3.53,12.56,8.35,28.65
2026-07-10T22:54:35Z,2026-07-10T22:54:24Z,2026-07-10T22:54:24Z,Genesis Scottish Open,The Renaissance Club,3,3,20730,"Perez, Victor",Bogeys,3,-136,-136,0.576271186440678,0.576271186440678,prizepicks_fixed,69.05,4.66,9.36,3.53,12.56,8.35,28.65
2026-07-10T22:54:35Z,2026-07-10T22:54:24Z,2026-07-10T22:54:24Z,Genesis Scottish Open,The Renaissance Club,3,3,10158,"Luiten, Joost",Total Score,70.5,-136,-136,0.576271186440678,0.576271186440678,prizepicks_fixed,69.51,4.04,9.84,3.62,12.74,8.01,29.24
2026-07-10T22:54:35Z,2026-07-10T22:54:24Z,2026-07-10T22:54:24Z,Genesis Scottish Open,The Renaissance Club,3,3,23323,"MacIntyre, Robert",Total Score,69,-136,-136,0.576271186440678,0.576271186440678,prizepicks_fixed,67.55,4.92,9.52,3.09,12.75,8.03,27.63
2026-07-10T22:54:35Z,2026-07-10T22:54:24Z,2026-07-10T22:54:24Z,Genesis Scottish Open,The Renaissance Club,3,3,10158,"Luiten, Joost",Pars,11.5,-136,-136,0.576271186440678,0.576271186440678,prizepicks_fixed,69.51,4.04,9.84,3.62,12.74,8.01,29.24
2026-07-10T22:54:35Z,2026-07-10T22:54:24Z,2026-07-10T22:54:24Z,Genesis Scottish Open,The Renaissance Club,3,3,23323,"MacIntyre, Robert",Pars,11,-136,-136,0.576271186440678,0.576271186440678,prizepicks_fixed,67.55,4.92,9.52,3.09,12.75,8.03,27.63
2026-07-10T22:54:35Z,2026-07-10T22:54:24Z,2026-07-10T22:54:24Z,Genesis Scottish Open,The Renaissance Club,3,3,23323,"MacIntyre, Robert",Birdies,4,-136,-136,0.576271186440678,0.576271186440678,prizepicks_fixed,67.55,4.92,9.52,3.09,12.75,8.03,27.63
2026-07-10T22:54:35Z,2026-07-10T22:54:24Z,2026-07-10T22:54:24Z,Genesis Scottish Open,The Renaissance Club,3,3,10158,"Luiten, Joost",Bogeys,3.5,-136,-136,0.576271186440678,0.576271186440678,prizepicks_fixed,69.51,4.04,9.84,3.62,12.74,8.01,29.24
2026-07-10T22:54:35Z,2026-07-10T22:54:24Z,2026-07-10T22:54:24Z,Genesis Scottish Open,The Renaissance Club,3,3,10158,"Luiten, Joost",Birdies,3,-136,-136,0.576271186440678,0.576271186440678,prizepicks_fixed,69.51,4.04,9.84,3.62,12.74,8.01,29.24
2026-07-10T22:54:35Z,2026-07-10T22:54:24Z,2026-07-10T22:54:24Z,Genesis Scottish Open,The Renaissance Club,3,3,23323,"MacIntyre, Robert",Bogeys,3,-136,-136,0.576271186440678,0.576271186440678,prizepicks_fixed,67.55,4.92,9.52,3.09,12.75,8.03,27.63
2026-07-10T22:54:35Z,2026-07-10T22:54:24Z,2026-07-10T22:54:24Z,Genesis Scottish Open,The Renaissance Club,3,3,22231,"Von Dellingshausen, Nicolai",Total Score,71,-136,-136,0.576271186440678,0.576271186440678,prizepicks_fixed,70.85,4.25,9.22,4.34,11.55,7.64,29.25
2026-07-10T22:54:35Z,2026-07-10T22:54:24Z,2026-07-10T22:54:24Z,Genesis Scottish Open,The Renaissance Club,3,3,16841,"Lee, Min Woo",Total Score,69,-136,-136,0.576271186440678,0.576271186440678,prizepicks_fixed,70.32,4.73,9.22,3.57,12.72,7.88,28.64
2026-07-10T22:54:35Z,2026-07-10T22:54:24Z,2026-07-10T22:54:24Z,Genesis Scottish Open,The Renaissance Club,3,3,22231,"Von Dellingshausen, Nicolai",Pars,11.5,-136,-136,0.576271186440678,0.576271186440678,prizepicks_fixed,70.85,4.25,9.22,4.34,11.55,7.64,29.25
2026-07-10T22:54:35Z,2026-07-10T22:54:24Z,2026-07-10T22:54:24Z,Genesis Scottish Open,The Renaissance Club,3,3,16841,"Lee, Min Woo",Pars,11,-136,-136,0.576271186440678,0.576271186440678,prizepicks_fixed,70.32,4.73,9.22,3.57,12.72,7.88,28.64
2026-07-10T22:54:35Z,2026-07-10T22:54:24Z,2026-07-10T22:54:24Z,Genesis Scottish Open,The Renaissance Club,3,3,16841,"Lee, Min Woo",Birdies,4,-136,-136,0.576271186440678,0.576271186440678,prizepicks_fixed,70.32,4.73,9.22,3.57,12.72,7.88,28.64
2026-07-10T22:54:35Z,2026-07-10T22:54:24Z,2026-07-10T22:54:24Z,Genesis Scottish Open,The Renaissance Club,3,3,22231,"Von Dellingshausen, Nicolai",Bogeys,3.5,-136,-136,0.576271186440678,0.576271186440678,prizepicks_fixed,70.85,4.25,9.22,4.34,11.55,7.64,29.25
2026-07-10T22:54:35Z,2026-07-10T22:54:24Z,2026-07-10T22:54:24Z,Genesis Scottish Open,The Renaissance Club,3,3,22231,"Von Dellingshausen, Nicolai",Birdies,3,-136,-136,0.576271186440678,0.576271186440678,prizepicks_fixed,70.85,4.25,9.22,4.34,11.55,7.64,29.25
2026-07-10T22:54:35Z,2026-07-10T22:54:24Z,2026-07-10T22:54:24Z,Genesis Scottish Open,The Renaissance Club,3,3,16841,"Lee, Min Woo",Bogeys,3,-136,-136,0.576271186440678,0.576271186440678,prizepicks_fixed,70.32,4.73,9.22,3.57,12.72,7.88,28.64
2026-07-10T22:54:35Z,2026-07-10T22:54:24Z,2026-07-10T22:54:24Z,Genesis Scottish Open,The Renaissance Club,3,3,17646,"Fitzpatrick, Matt",Total Score,68.5,-136,-136,0.576271186440678,0.576271186440678,prizepicks_fixed,68.75,4.84,9.64,3.08,13.68,8.49,28.15
2026-07-10T22:54:35Z,2026-07-10T22:54:24Z,2026-07-10T22:54:24Z,Genesis Scottish Open,The Renaissance Club,3,3,10091,"McIlroy, Rory",Total Score,67.5,-136,-136,0.576271186440678,0.576271186440678,prizepicks_fixed,66.81,4.93,9.78,2.75,11.98,7.69,28.03
2026-07-10T22:54:35Z,2026-07-10T22:54:24Z,2026-07-10T22:54:24Z,Genesis Scottish Open,The Renaissance Club,3,3,17646,"Fitzpatrick, Matt",Pars,11.5,-136,-136,0.576271186440678,0.576271186440678,prizepicks_fixed,68.75,4.84,9.64,3.08,13.68,8.49,28.15
2026-07-10T22:54:35Z,2026-07-10T22:54:24Z,2026-07-10T22:54:24Z,Genesis Scottish Open,The Renaissance Club,3,3,10091,"McIlroy, Rory",Pars,11,-136,-136,0.576271186440678,0.576271186440678,prizepicks_fixed,66.81,4.93,9.78,2.75,11.98,7.69,28.03
2026-07-10T22:54:35Z,2026-07-10T22:54:24Z,2026-07-10T22:54:24Z,Genesis Scottish Open,The Renaissance Club,3,3,10091,"McIlroy, Rory",Birdies,4.5,-136,-136,0.576271186440678,0.576271186440678,prizepicks_fixed,66.81,4.93,9.78,2.75,11.98,7.69,28.03
2026-07-10T22:54:35Z,2026-07-10T22:54:24Z,2026-07-10T22:54:24Z,Genesis Scottish Open,The Renaissance Club,3,3,17646,"Fitzpatrick, Matt",Birdies,4,-136,-136,0.576271186440678,0.576271186440678,prizepicks_fixed,68.75,4.84,9.64,3.08,13.68,8.49,28.15
2026-07-10T22:54:35Z,2026-07-10T22:54:24Z,2026-07-10T22:54:24Z,Genesis Scottish Open,The Renaissance Club,3,3,17646,"Fitzpatrick, Matt",Bogeys,2.5,-136,-136,0.576271186440678,0.576271186440678,prizepicks_fixed,68.75,4.84,9.64,3.08,13.68,8.49,28.15
2026-07-10T22:54:35Z,2026-07-10T22:54:24Z,2026-07-10T22:54:24Z,Genesis Scottish Open,The Renaissance Club,3,3,10091,"McIlroy, Rory",Bogeys,2.5,-136,-136,0.576271186440678,0.576271186440678,prizepicks_fixed,66.81,4.93,9.78,2.75,11.98,7.69,28.03
2026-07-10T22:54:35Z,2026-07-10T22:54:24Z,2026-07-10T22:54:24Z,Genesis Scottish Open,The Renaissance Club,3,3,18586,"Smith, Jordan",Total Score,70,-136,-136,0.576271186440678,0.576271186440678,prizepicks_fixed,68.85,4.61,9.51,3.44,12.56,8.34,29.51
2026-07-10T22:54:35Z,2026-07-10T22:54:24Z,2026-07-10T22:54:24Z,Genesis Scottish Open,The Renaissance Club,3,3,24766,"Kim, Tom",Total Score,69.5,-136,-136,0.576271186440678,0.576271186440678,prizepicks_fixed,68.02,4.76,9.8,3.03,12.85,8.14,28.68
2026-07-10T22:54:35Z,2026-07-10T22:54:24Z,2026-07-10T22:54:24Z,Genesis Scottish Open,The Renaissance Club,3,3,24766,"Kim, Tom",Pars,11.5,-136,-136,0.576271186440678,0.576271186440678,prizepicks_fixed,68.02,4.76,9.8,3.03,12.85,8.14,28.68
2026-07-10T22:54:35Z,2026-07-10T22:54:24Z,2026-07-10T22:54:24Z,Genesis Scottish Open,The Renaissance Club,3,3,18586,"Smith, Jordan",Pars,11,-136,-136,0.576271186440678,0.576271186440678,prizepicks_fixed,68.85,4.61,9.51,3.44,12.56,8.34,29.51
2026-07-10T22:54:35Z,2026-07-10T22:54:24Z,2026-07-10T22:54:24Z,Genesis Scottish Open,The Renaissance Club,3,3,18586,"Smith, Jordan",Birdies,3.5,-136,-136,0.576271186440678,0.576271186440678,prizepicks_fixed,68.85,4.61,9.51,3.44,12.56,8.34,29.51
2026-07-10T22:54:35Z,2026-07-10T22:54:24Z,2026-07-10T22:54:24Z,Genesis Scottish Open,The Renaissance Club,3,3,24766,"Kim, Tom",Birdies,3.5,-136,-136,0.576271186440678,0.576271186440678,prizepicks_fixed,68.02,4.76,9.8,3.03,12.85,8.14,28.68
2026-07-10T22:54:35Z,2026-07-10T22:54:24Z,2026-07-10T22:54:24Z,Genesis Scottish Open,The Renaissance Club,3,3,18586,"Smith, Jordan",Bogeys,3,-136,-136,0.576271186440678,0.576271186440678,prizepicks_fixed,68.85,4.61,9.51,3.44,12.56,8.34,29.51
2026-07-10T22:54:53Z,2026-07-10T22:54:24Z,2026-07-10T22:54:42Z,Genesis Scottish Open,The Renaissance Club,3,3,18841,"Hovland, Viktor",Total Score,69,-136,-136,0.576271186440678,0.576271186440678,prizepicks_fixed,68.26,4.36,9.57,3.58,12.74,8.5,28.4
2026-07-10T22:54:53Z,2026-07-10T22:54:24Z,2026-07-10T22:54:42Z,Genesis Scottish Open,The Renaissance Club,3,3,18841,"Hovland, Viktor",Pars,11,-136,-136,0.576271186440678,0.576271186440678,prizepicks_fixed,68.26,4.36,9.57,3.58,12.74,8.5,28.4
2026-07-10T22:54:53Z,2026-07-10T22:54:24Z,2026-07-10T22:54:42Z,Genesis Scottish Open,The Renaissance Club,3,3,18841,"Hovland, Viktor",Birdies,4,-136,-136,0.576271186440678,0.576271186440678,prizepicks_fixed,68.26,4.36,9.57,3.58,12.74,8.5,28.4
2026-07-10T22:54:53Z,2026-07-10T22:54:24Z,2026-07-10T22:54:42Z,Genesis Scottish Open,The Renaissance Club,3,3,17536,"Spaun, J.J.",Total Score,69,-136,-136,0.576271186440678,0.576271186440678,prizepicks_fixed,68.66,4.15,9.04,4.36,12.61,8.57,29
2026-07-10T22:54:53Z,2026-07-10T22:54:24Z,2026-07-10T22:54:42Z,Genesis Scottish Open,The Renaissance Club,3,3,17536,"Spaun, J.J.",Pars,11.5,-136,-136,0.576271186440678,0.576271186440678,prizepicks_fixed,68.66,4.15,9.04,4.36,12.61,8.57,29
2026-07-10T22:54:53Z,2026-07-10T22:54:24Z,2026-07-10T22:54:42Z,Genesis Scottish Open,The Renaissance Club,3,3,6430,"Scott, Adam",Bogeys,3,-136,-136,0.576271186440678,0.576271186440678,prizepicks_fixed,68.91,3.53,10.87,3.1,12.2,7.74,29.4
2026-07-10T22:54:53Z,2026-07-10T22:54:24Z,2026-07-10T22:54:42Z,Genesis Scottish Open,The Renaissance Club,3,3,17536,"Spaun, J.J.",Bogeys,3,-136,-136,0.576271186440678,0.576271186440678,prizepicks_fixed,68.66,4.15,9.04,4.36,12.61,8.57,29
2026-07-10T22:54:53Z,2026-07-10T22:54:24Z,2026-07-10T22:54:42Z,Genesis Scottish Open,The Renaissance Club,3,3,22833,"Echavarria, Nico",Total Score,70.5,-136,-136,0.576271186440678,0.576271186440678,prizepicks_fixed,69.58,3.97,9.52,4.11,11.78,8.04,28.6
2026-07-10T22:54:53Z,2026-07-10T22:54:24Z,2026-07-10T22:54:42Z,Genesis Scottish Open,The Renaissance Club,3,3,22833,"Echavarria, Nico",Pars,11.5,-136,-136,0.576271186440678,0.576271186440678,prizepicks_fixed,69.58,3.97,9.52,4.11,11.78,8.04,28.6
2026-07-10T22:54:53Z,2026-07-10T22:54:24Z,2026-07-10T22:54:42Z,Genesis Scottish Open,The Renaissance Club,3,3,22833,"Echavarria, Nico",Birdies,3.5,-136,-136,0.576271186440678,0.576271186440678,prizepicks_fixed,69.58,3.97,9.52,4.11,11.78,8.04,28.6
2026-07-10T22:54:53Z,2026-07-10T22:54:24Z,2026-07-10T22:54:42Z,Genesis Scottish Open,The Renaissance Club,3,3,19195,"Rahm, Jon",Total Score,68.5,-136,-136,0.576271186440678,0.576271186440678,prizepicks_fixed,68.18,3.72,10.31,3.5,11.36,8.17,28.7
2026-07-10T22:54:53Z,2026-07-10T22:54:24Z,2026-07-10T22:54:42Z,Genesis Scottish Open,The Renaissance Club,3,3,19195,"Rahm, Jon",Pars,11,-136,-136,0.576271186440678,0.576271186440678,prizepicks_fixed,68.18,3.72,10.31,3.5,11.36,8.17,28.7
2026-07-10T22:54:53Z,2026-07-10T22:54:24Z,2026-07-10T22:54:42Z,Genesis Scottish Open,The Renaissance Club,3,3,19195,"Rahm, Jon",Bogeys,2.5,-136,-136,0.576271186440678,0.576271186440678,prizepicks_fixed,68.18,3.72,10.31,3.5,11.36,8.17,28.7
2026-07-10T22:54:53Z,2026-07-10T22:54:24Z,2026-07-10T22:54:42Z,Genesis Scottish Open,The Renaissance Club,3,3,21756,"Cole, Eric",Total Score,69.5,-136,-136,0.576271186440678,0.576271186440678,prizepicks_fixed,69.16,3.78,10.34,3.48,11.58,7.17,27.9
2026-07-10T22:54:53Z,2026-07-10T22:54:24Z,2026-07-10T22:54:42Z,Genesis Scottish Open,The Renaissance Club,3,3,8825,"Harman, Brian",Pars,11.5,-136,-136,0.576271186440678,0.576271186440678,prizepicks_fixed,69.53,3.52,9.99,4,11.77,8.32,28.7
2026-07-10T22:54:53Z,2026-07-10T22:54:24Z,2026-07-10T22:54:42Z,Genesis Scottish Open,The Renaissance Club,3,3,8825,"Harman, Brian",Birdies,3.5,-136,-136,0.576271186440678,0.576271186440678,prizepicks_fixed,69.53,3.52,9.99,4,11.77,8.32,28.7
2026-07-10T22:54:53Z,2026-07-10T22:54:24Z,2026-07-10T22:54:42Z,Genesis Scottish Open,The Renaissance Club,3,3,21756,"Cole, Eric",Birdies,3.5,-136,-136,0.576271186440678,0.576271186440678,prizepicks_fixed,69.16,3.78,10.34,3.48,11.58,7.17,27.9
2026-07-10T22:54:53Z,2026-07-10T22:54:24Z,2026-07-10T22:54:42Z,Genesis Scottish Open,The Renaissance Club,3,3,20722,"Schmid, Matti",Total Score,70.5,-136,-136,0.576271186440678,0.576271186440678,prizepicks_fixed,69.96,3.33,10.6,3.63,11.75,7.13,28.8
2026-07-10T22:54:53Z,2026-07-10T22:54:24Z,2026-07-10T22:54:42Z,Genesis Scottish Open,The Renaissance Club,3,3,20722,"Schmid, Matti",Birdies,3.5,-136,-136,0.576271186440678,0.576271186440678,prizepicks_fixed,69.96,3.33,10.6,3.63,11.75,7.13,28.8
2026-07-10T22:54:53Z,2026-07-10T22:54:24Z,2026-07-10T22:54:42Z,Genesis Scottish Open,The Renaissance Club,3,3,14609,"Kim, Si Woo",Total Score,69.5,-136,-136,0.576271186440678,0.576271186440678,prizepicks_fixed,67.94,3.95,10.03,3.55,11.83,9.04,29
2026-07-10T22:54:53Z,2026-07-10T22:54:24Z,2026-07-10T22:54:42Z,Genesis Scottish Open,The Renaissance Club,3,3,12294,"Fleetwood, Tommy",Total Score,68.5,-136,-136,0.576271186440678,0.576271186440678,prizepicks_fixed,67.53,4.13,10.12,3.27,12.01,8.95,28.1
2026-07-10T22:54:53Z,2026-07-10T22:54:24Z,2026-07-10T22:54:42Z,Genesis Scottish Open,The Renaissance Club,3,3,14609,"Kim, Si Woo",Pars,11.5,-136,-136,0.576271186440678,0.576271186440678,prizepicks_fixed,67.94,3.95,10.03,3.55,11.83,9.04,29
2026-07-10T22:54:53Z,2026-07-10T22:54:24Z,2026-07-10T22:54:42Z,Genesis Scottish Open,The Renaissance Club,3,3,12294,"Fleetwood, Tommy",Pars,11.5,-136,-136,0.576271186440678,0.576271186440678,prizepicks_fixed,67.53,4.13,10.12,3.27,12.01,8.95,28.1
2026-07-10T22:54:53Z,2026-07-10T22:54:24Z,2026-07-10T22:54:42Z,Genesis Scottish Open,The Renaissance Club,3,3,12294,"Fleetwood, Tommy",Birdies,4,-136,-136,0.576271186440678,0.576271186440678,prizepicks_fixed,67.53,4.13,10.12,3.27,12.01,8.95,28.1
2026-07-10T22:54:53Z,2026-07-10T22:54:24Z,2026-07-10T22:54:42Z,Genesis Scottish Open,The Renaissance Club,3,3,14609,"Kim, Si Woo",Bogeys,2.5,-136,-136,0.576271186440678,0.576271186440678,prizepicks_fixed,67.94,3.95,10.03,3.55,11.83,9.04,29
2026-07-10T22:54:53Z,2026-07-10T22:54:24Z,2026-07-10T22:54:42Z,Genesis Scottish Open,The Renaissance Club,3,3,17576,"Conners, Corey",Pars,11.5,-136,-136,0.576271186440678,0.576271186440678,prizepicks_fixed,69.52,3.97,9.45,4.1,12.36,8.63,29.3
2026-07-10T22:54:53Z,2026-07-10T22:54:24Z,2026-07-10T22:54:42Z,Genesis Scottish Open,The Renaissance Club,3,3,13126,"Taylor, Nick",Birdies,3.5,-136,-136,0.576271186440678,0.576271186440678,prizepicks_fixed,69.58,3.38,10.54,3.67,10.87,8.25,28.7
2026-07-10T22:54:53Z,2026-07-10T22:54:24Z,2026-07-10T22:54:42Z,Genesis Scottish Open,The Renaissance Club,3,3,17576,"Conners, Corey",Birdies,3.5,-136,-136,0.576271186440678,0.576271186440678,prizepicks_fixed,69.52,3.97,9.45,4.1,12.36,8.63,29.3
2026-07-10T22:54:53Z,2026-07-10T22:54:24Z,2026-07-10T22:54:42Z,Genesis Scottish Open,The Renaissance Club,3,3,17576,"Conners, Corey",Bogeys,3,-136,-136,0.576271186440678,0.576271186440678,prizepicks_fixed,69.52,3.97,9.45,4.1,12.36,8.63,29.3
2026-07-10T22:54:53Z,2026-07-10T22:54:24Z,2026-07-10T22:54:42Z,Genesis Scottish Open,The Renaissance Club,3,3,23475,"Novak, Andrew",Birdies,3.5,-136,-136,0.576271186440678,0.576271186440678,prizepicks_fixed,69.81,4.07,9.32,4.12,11.74,6.63,29.5
2026-07-10T22:54:53Z,2026-07-10T22:54:24Z,2026-07-10T22:54:42Z,Genesis Scottish Open,The Renaissance Club,3,3,23014,"Theegala, Sahith",Birdies,3.5,-136,-136,0.576271186440678,0.576271186440678,prizepicks_fixed,68.91,3.57,10.6,3.37,11.83,7.35,28.8
2026-07-10T22:54:53Z,2026-07-10T22:54:24Z,2026-07-10T22:54:42Z,Genesis Scottish Open,The Renaissance Club,3,3,23014,"Theegala, Sahith",Bogeys,3,-136,-136,0.576271186440678,0.576271186440678,prizepicks_fixed,68.91,3.57,10.6,3.37,11.83,7.35,28.8
2026-07-10T22:54:53Z,2026-07-10T22:54:24Z,2026-07-10T22:54:42Z,Genesis Scottish Open,The Renaissance Club,3,3,23841,"Neergaard-Petersen, Rasmus",Total Score,70,-136,-136,0.576271186440678,0.576271186440678,prizepicks_fixed,69.26,3.44,10.47,3.71,11.77,8.22,29.1
2026-07-10T22:54:53Z,2026-07-10T22:54:24Z,2026-07-10T22:54:42Z,Genesis Scottish Open,The Renaissance Club,3,3,14796,"Hatton, Tyrrell",Total Score,69,-136,-136,0.576271186440678,0.576271186440678,prizepicks_fixed,67.97,3.81,10.18,3.51,12.25,7.63,28.5
2026-07-10T22:54:53Z,2026-07-10T22:54:24Z,2026-07-10T22:54:42Z,Genesis Scottish Open,The Renaissance Club,3,3,14796,"Hatton, Tyrrell",Pars,11,-136,-136,0.576271186440678,0.576271186440678,prizepicks_fixed,67.97,3.81,10.18,3.51,12.25,7.63,28.5
2026-07-10T22:54:53Z,2026-07-10T22:54:24Z,2026-07-10T22:54:42Z,Genesis Scottish Open,The Renaissance Club,3,3,14796,"Hatton, Tyrrell",Birdies,4,-136,-136,0.576271186440678,0.576271186440678,prizepicks_fixed,67.97,3.81,10.18,3.51,12.25,7.63,28.5
2026-07-10T22:54:53Z,2026-07-10T22:54:24Z,2026-07-10T22:54:42Z,Genesis Scottish Open,The Renaissance Club,3,3,23841,"Neergaard-Petersen, Rasmus",Birdies,3.5,-136,-136,0.576271186440678,0.576271186440678,prizepicks_fixed,69.26,3.44,10.47,3.71,11.77,8.22,29.1
2026-07-10T22:54:53Z,2026-07-10T22:54:24Z,2026-07-10T22:54:42Z,Genesis Scottish Open,The Renaissance Club,3,3,11889,"Fox, Ryan",Total Score,69.5,-136,-136,0.576271186440678,0.576271186440678,prizepicks_fixed,68.6,3.4,10.29,3.93,11.97,7.13,28.6
2026-07-10T22:54:53Z,2026-07-10T22:54:24Z,2026-07-10T22:54:42Z,Genesis Scottish Open,The Renaissance Club,3,3,14704,"Putnam, Andrew",Pars,11,-136,-136,0.576271186440678,0.576271186440678,prizepicks_fixed,69.34,3.22,10.93,3.62,11.93,8.67,28.1
2026-07-10T22:54:53Z,2026-07-10T22:54:24Z,2026-07-10T22:54:42Z,Genesis Scottish Open,The Renaissance Club,3,3,14139,"Thomas, Justin",Total Score,69,-136,-136,0.576271186440678,0.576271186440678,prizepicks_fixed,67.6,3.46,10.59,3.56,11.94,7.79,28.1
2026-07-10T22:54:53Z,2026-07-10T22:54:24Z,2026-07-10T22:54:42Z,Genesis Scottish Open,The Renaissance Club,3,3,14139,"Thomas, Justin",Pars,11,-136,-136,0.576271186440678,0.576271186440678,prizepicks_fixed,67.6,3.46,10.59,3.56,11.94,7.79,28.1
2026-07-10T22:54:53Z,2026-07-10T22:54:24Z,2026-07-10T22:54:42Z,Genesis Scottish Open,The Renaissance Club,3,3,14139,"Thomas, Justin",Birdies,4,-136,-136,0.576271186440678,0.576271186440678,prizepicks_fixed,67.6,3.46,10.59,3.56,11.94,7.79,28.1
2026-07-10T22:54:53Z,2026-07-10T22:54:24Z,2026-07-10T22:54:42Z,Genesis Scottish Open,The Renaissance Club,3,3,14139,"Thomas, Justin",Bogeys,2.5,-136,-136,0.576271186440678,0.576271186440678,prizepicks_fixed,67.6,3.46,10.59,3.56,11.94,7.79,28.1
2026-07-10T22:54:53Z,2026-07-10T22:54:24Z,2026-07-10T22:54:42Z,Genesis Scottish Open,The Renaissance Club,3,3,19421,"Du Plessis, Hennie",Total Score,70,-136,-136,0.576271186440678,0.576271186440678,prizepicks_fixed,69.32,2.86,10.69,3.86,12.1,7.89,29.6
2026-07-10T22:54:53Z,2026-07-10T22:54:24Z,2026-07-10T22:54:42Z,Genesis Scottish Open,The Renaissance Club,3,3,17813,"Armitage, Marcus",Total Score,70.5,-136,-136,0.576271186440678,0.576271186440678,prizepicks_fixed,69.79,3.24,10.55,3.82,12.03,7.69,28.5
2026-07-10T22:54:53Z,2026-07-10T22:54:24Z,2026-07-10T22:54:42Z,Genesis Scottish Open,The Renaissance Club,3,3,17813,"Armitage, Marcus",Pars,11.5,-136,-136,0.576271186440678,0.576271186440678,prizepicks_fixed,69.79,3.24,10.55,3.82,12.03,7.69,28.5
2026-07-10T22:54:53Z,2026-07-10T22:54:24Z,2026-07-10T22:54:42Z,Genesis Scottish Open,The Renaissance Club,3,3,20085,"Lindell, Oliver",Pars,11.5,-136,-136,0.576271186440678,0.576271186440678,prizepicks_fixed,69.03,3.51,10.6,3.53,12.47,7.69,28
2026-07-10T22:54:53Z,2026-07-10T22:54:24Z,2026-07-10T22:54:42Z,Genesis Scottish Open,The Renaissance Club,3,3,20085,"Lindell, Oliver",Birdies,3.5,-136,-136,0.576271186440678,0.576271186440678,prizepicks_fixed,69.03,3.51,10.6,3.53,12.47,7.69,28
2026-07-10T22:54:53Z,2026-07-10T22:54:24Z,2026-07-10T22:54:42Z,Genesis Scottish Open,The Renaissance Club,3,3,18424,"Roy, Kevin",Total Score,70.5,-136,-136,0.576271186440678,0.576271186440678,prizepicks_fixed,69.96,3.29,10.56,3.77,11.62,7.72,28.7
2026-07-10T22:54:53Z,2026-07-10T22:54:24Z,2026-07-10T22:54:42Z,Genesis Scottish Open,The Renaissance Club,3,3,14838,"Reed, Patrick",Total Score,69.5,-136,-136,0.576271186440678,0.576271186440678,prizepicks_fixed,68.67,3.35,10.71,3.52,12.01,7.74,28.6
2026-07-10T22:54:53Z,2026-07-10T22:54:24Z,2026-07-10T22:54:42Z,Genesis Scottish Open,The Renaissance Club,3,3,14838,"Reed, Patrick",Pars,11.5,-136,-136,0.576271186440678,0.576271186440678,prizepicks_fixed,68.67,3.35,10.71,3.52,12.01,7.74,28.6
2026-07-10T22:54:53Z,2026-07-10T22:54:24Z,2026-07-10T22:54:42Z,Genesis Scottish Open,The Renaissance Club,3,3,18424,"Roy, Kevin",Bogeys,3.5,-136,-136,0.576271186440678,0.576271186440678,prizepicks_fixed,69.96,3.29,10.56,3.77,11.62,7.72,28.7
2026-07-10T22:54:53Z,2026-07-10T22:54:24Z,2026-07-10T22:54:42Z,Genesis Scottish Open,The Renaissance Club,3,3,17357,"Migliozzi, Guido",Total Score,70.5,-136,-136,0.576271186440678,0.576271186440678,prizepicks_fixed,70.16,2.93,10.49,3.99,11.55,7.42,28.6
2026-07-10T22:54:53Z,2026-07-10T22:54:24Z,2026-07-10T22:54:42Z,Genesis Scottish Open,The Renaissance Club,3,3,29767,"Gerard, Ryan",Total Score,69.5,-136,-136,0.576271186440678,0.576271186440678,prizepicks_fixed,68.11,3.6,10.22,3.68,11.99,8.22,28.1
2026-07-10T22:54:53Z,2026-07-10T22:54:24Z,2026-07-10T22:54:42Z,Genesis Scottish Open,The Renaissance Club,3,3,29767,"Gerard, Ryan",Pars,11.5,-136,-136,0.576271186440678,0.576271186440678,prizepicks_fixed,68.11,3.6,10.22,3.68,11.99,8.22,28.1
2026-07-10T22:54:53Z,2026-07-10T22:54:24Z,2026-07-10T22:54:42Z,Genesis Scottish Open,The Renaissance Club,3,3,17357,"Migliozzi, Guido",Pars,11,-136,-136,0.576271186440678,0.576271186440678,prizepicks_fixed,70.16,2.93,10.49,3.99,11.55,7.42,28.6
2026-07-10T22:54:53Z,2026-07-10T22:54:24Z,2026-07-10T22:54:42Z,Genesis Scottish Open,The Renaissance Club,3,3,29767,"Gerard, Ryan",Birdies,3.5,-136,-136,0.576271186440678,0.576271186440678,prizepicks_fixed,68.11,3.6,10.22,3.68,11.99,8.22,28.1
2026-07-10T22:54:53Z,2026-07-10T22:54:24Z,2026-07-10T22:54:42Z,Genesis Scottish Open,The Renaissance Club,3,3,17357,"Migliozzi, Guido",Bogeys,3.5,-136,-136,0.576271186440678,0.576271186440678,prizepicks_fixed,70.16,2.93,10.49,3.99,11.55,7.42,28.6
2026-07-10T22:54:53Z,2026-07-10T22:54:24Z,2026-07-10T22:54:42Z,Genesis Scottish Open,The Renaissance Club,3,3,29767,"Gerard, Ryan",Bogeys,3,-136,-136,0.576271186440678,0.576271186440678,prizepicks_fixed,68.11,3.6,10.22,3.68,11.99,8.22,28.1
2026-07-10T22:54:53Z,2026-07-10T22:54:24Z,2026-07-10T22:54:42Z,Genesis Scottish Open,The Renaissance Club,3,3,13374,"Van Driel, Darius",Total Score,71,-136,-136,0.576271186440678,0.576271186440678,prizepicks_fixed,70.26,2.76,10.72,4.19,11.42,8.26,29
2026-07-10T22:54:53Z,2026-07-10T22:54:24Z,2026-07-10T22:54:42Z,Genesis Scottish Open,The Renaissance Club,3,3,23604,"Clark, Wyndham",Total Score,68.5,-136,-136,0.576271186440678,0.576271186440678,prizepicks_fixed,67.41,3.77,10.64,3.15,12.59,7.4,27.1
2026-07-10T22:54:53Z,2026-07-10T22:54:24Z,2026-07-10T22:54:42Z,Genesis Scottish Open,The Renaissance Club,3,3,23604,"Clark, Wyndham",Pars,11,-136,-136,0.576271186440678,0.576271186440678,prizepicks_fixed,67.41,3.77,10.64,3.15,12.59,7.4,27.1
2026-07-10T22:54:53Z,2026-07-10T22:54:24Z,2026-07-10T22:54:42Z,Genesis Scottish Open,The Renaissance Club,3,3,23604,"Clark, Wyndham",Birdies,4,-136,-136,0.576271186440678,0.576271186440678,prizepicks_fixed,67.41,3.77,10.64,3.15,12.59,7.4,27.1
2026-07-10T22:54:53Z,2026-07-10T22:54:24Z,2026-07-10T22:54:42Z,Genesis Scottish Open,The Renaissance Club,3,3,13374,"Van Driel, Darius",Bogeys,3.5,-136,-136,0.576271186440678,0.576271186440678,prizepicks_fixed,70.26,2.76,10.72,4.19,11.42,8.26,29
2026-07-10T22:54:53Z,2026-07-10T22:54:24Z,2026-07-10T22:54:42Z,Genesis Scottish Open,The Renaissance Club,3,3,13374,"Van Driel, Darius",Birdies,3,-136,-136,0.576271186440678,0.576271186440678,prizepicks_fixed,70.26,2.76,10.72,4.19,11.42,8.26,29
2026-07-10T22:54:53Z,2026-07-10T22:54:24Z,2026-07-10T22:54:42Z,Genesis Scottish Open,The Renaissance Club,3,3,26649,"Thorbjornsen, Michael",Total Score,69.5,-136,-136,0.576271186440678,0.576271186440678,prizepicks_fixed,68.86,3.51,10.64,3.44,12.18,6.67,28.8
2026-07-10T22:54:53Z,2026-07-10T22:54:24Z,2026-07-10T22:54:42Z,Genesis Scottish Open,The Renaissance Club,3,3,23602,"Hojgaard, Nicolai",Total Score,68.5,-136,-136,0.576271186440678,0.576271186440678,prizepicks_fixed,68.6,3.44,10.67,3.32,12.81,7.09,28.3
2026-07-10T22:54:53Z,2026-07-10T22:54:24Z,2026-07-10T22:54:42Z,Genesis Scottish Open,The Renaissance Club,3,3,23602,"Hojgaard, Nicolai",Pars,11,-136,-136,0.576271186440678,0.576271186440678,prizepicks_fixed,68.6,3.44,10.67,3.32,12.81,7.09,28.3
2026-07-10T22:54:53Z,2026-07-10T22:54:24Z,2026-07-10T22:54:42Z,Genesis Scottish Open,The Renaissance Club,3,3,23602,"Hojgaard, Nicolai",Birdies,4,-136,-136,0.576271186440678,0.576271186440678,prizepicks_fixed,68.6,3.44,10.67,3.32,12.81,7.09,28.3
2026-07-10T22:54:53Z,2026-07-10T22:54:24Z,2026-07-10T22:54:42Z,Genesis Scottish Open,The Renaissance Club,3,3,26649,"Thorbjornsen, Michael",Birdies,3.5,-136,-136,0.576271186440678,0.576271186440678,prizepicks_fixed,68.86,3.51,10.64,3.44,12.18,6.67,28.8
2026-07-10T22:54:53Z,2026-07-10T22:54:24Z,2026-07-10T22:54:42Z,Genesis Scottish Open,The Renaissance Club,3,3,26649,"Thorbjornsen, Michael",Bogeys,3,-136,-136,0.576271186440678,0.576271186440678,prizepicks_fixed,68.86,3.51,10.64,3.44,12.18,6.67,28.8
2026-07-10T22:54:53Z,2026-07-10T22:54:24Z,2026-07-10T22:54:42Z,Genesis Scottish Open,The Renaissance Club,3,3,12920,"Willett, Danny",Total Score,70.5,-136,-136,0.576271186440678,0.576271186440678,prizepicks_fixed,70.95,2.78,10.16,4.6,10.57,7.2,28.5
2026-07-10T22:54:53Z,2026-07-10T22:54:24Z,2026-07-10T22:54:42Z,Genesis Scottish Open,The Renaissance Club,3,3,24304,"Vilips, Karl",Total Score,70.5,-136,-136,0.576271186440678,0.576271186440678,prizepicks_fixed,69.85,3.17,10.73,3.69,11.95,6.92,28.3
2026-07-10T22:54:53Z,2026-07-10T22:54:24Z,2026-07-10T22:54:42Z,Genesis Scottish Open,The Renaissance Club,3,3,12920,"Willett, Danny",Pars,11.5,-136,-136,0.576271186440678,0.576271186440678,prizepicks_fixed,70.95,2.78,10.16,4.6,10.57,7.2,28.5
2026-07-10T22:54:53Z,2026-07-10T22:54:24Z,2026-07-10T22:54:42Z,Genesis Scottish Open,The Renaissance Club,3,3,24304,"Vilips, Karl",Pars,11,-136,-136,0.576271186440678,0.576271186440678,prizepicks_fixed,69.85,3.17,10.73,3.69,11.95,6.92,28.3
2026-07-10T22:54:53Z,2026-07-10T22:54:24Z,2026-07-10T22:54:42Z,Genesis Scottish Open,The Renaissance Club,3,3,12920,"Willett, Danny",Birdies,3.5,-136,-136,0.576271186440678,0.576271186440678,prizepicks_fixed,70.95,2.78,10.16,4.6,10.57,7.2,28.5
2026-07-10T22:54:53Z,2026-07-10T22:54:24Z,2026-07-10T22:54:42Z,Genesis Scottish Open,The Renaissance Club,3,3,21074,"Nakajima, Keita",Total Score,70,-136,-136,0.576271186440678,0.576271186440678,prizepicks_fixed,69.58,3.2,10.76,3.73,12.71,7.74,28.1
2026-07-10T22:54:53Z,2026-07-10T22:54:24Z,2026-07-10T22:54:42Z,Genesis Scottish Open,The Renaissance Club,3,3,29925,"Yellamaraju, Sudarshan",Total Score,69.5,-136,-136,0.576271186440678,0.576271186440678,prizepicks_fixed,69.04,3.49,10.46,3.61,12.18,10.31,28.4
2026-07-10T22:54:53Z,2026-07-10T22:54:24Z,2026-07-10T22:54:42Z,Genesis Scottish Open,The Renaissance Club,3,3,21074,"Nakajima, Keita",Pars,11.5,-136,-136,0.576271186440678,0.576271186440678,prizepicks_fixed,69.58,3.2,10.76,3.73,12.71,7.74,28.1
2026-07-10T22:54:53Z,2026-07-10T22:54:24Z,2026-07-10T22:54:42Z,Genesis Scottish Open,The Renaissance Club,3,3,21074,"Nakajima, Keita",Birdies,3.5,-136,-136,0.576271186440678,0.576271186440678,prizepicks_fixed,69.58,3.2,10.76,3.73,12.71,7.74,28.1
2026-07-10T22:54:53Z,2026-07-10T22:54:24Z,2026-07-10T22:54:42Z,Genesis Scottish Open,The Renaissance Club,3,3,29925,"Yellamaraju, Sudarshan",Birdies,3.5,-136,-136,0.576271186440678,0.576271186440678,prizepicks_fixed,69.04,3.49,10.46,3.61,12.18,10.31,28.4
2026-07-10T22:54:53Z,2026-07-10T22:54:24Z,2026-07-10T22:54:42Z,Genesis Scottish Open,The Renaissance Club,3,3,21074,"Nakajima, Keita",Bogeys,3,-136,-136,0.576271186440678,0.576271186440678,prizepicks_fixed,69.58,3.2,10.76,3.73,12.71,7.74,28.1
2026-07-10T22:54:53Z,2026-07-10T22:54:24Z,2026-07-10T22:54:42Z,Genesis Scottish Open,The Renaissance Club,3,3,29925,"Yellamaraju, Sudarshan",Bogeys,3,-136,-136,0.576271186440678,0.576271186440678,prizepicks_fixed,69.04,3.49,10.46,3.61,12.18,10.31,28.4
2026-07-10T22:54:53Z,2026-07-10T22:54:24Z,2026-07-10T22:54:42Z,Genesis Scottish Open,The Renaissance Club,3,3,20730,"Perez, Victor",Total Score,69.5,-136,-136,0.576271186440678,0.576271186440678,prizepicks_fixed,68.88,3.46,10.52,3.57,12.37,8.35,28.4
2026-07-10T22:54:53Z,2026-07-10T22:54:24Z,2026-07-10T22:54:42Z,Genesis Scottish Open,The Renaissance Club,3,3,27774,"Gotterup, Chris",Total Score,69,-136,-136,0.576271186440678,0.576271186440678,prizepicks_fixed,68,3.43,10.63,3.43,12.31,7.38,27.6
2026-07-10T22:54:53Z,2026-07-10T22:54:24Z,2026-07-10T22:54:42Z,Genesis Scottish Open,The Renaissance Club,3,3,27774,"Gotterup, Chris",Pars,11,-136,-136,0.576271186440678,0.576271186440678,prizepicks_fixed,68,3.43,10.63,3.43,12.31,7.38,27.6
2026-07-10T22:54:53Z,2026-07-10T22:54:24Z,2026-07-10T22:54:42Z,Genesis Scottish Open,The Renaissance Club,3,3,20730,"Perez, Victor",Pars,11,-136,-136,0.576271186440678,0.576271186440678,prizepicks_fixed,68.88,3.46,10.52,3.57,12.37,8.35,28.4
2026-07-10T22:54:53Z,2026-07-10T22:54:24Z,2026-07-10T22:54:42Z,Genesis Scottish Open,The Renaissance Club,3,3,27774,"Gotterup, Chris",Birdies,4,-136,-136,0.576271186440678,0.576271186440678,prizepicks_fixed,68,3.43,10.63,3.43,12.31,7.38,27.6
2026-07-10T22:54:53Z,2026-07-10T22:54:24Z,2026-07-10T22:54:42Z,Genesis Scottish Open,The Renaissance Club,3,3,20730,"Perez, Victor",Birdies,3.5,-136,-136,0.576271186440678,0.576271186440678,prizepicks_fixed,68.88,3.46,10.52,3.57,12.37,8.35,28.4
2026-07-10T22:54:53Z,2026-07-10T22:54:24Z,2026-07-10T22:54:42Z,Genesis Scottish Open,The Renaissance Club,3,3,20730,"Perez, Victor",Bogeys,3,-136,-136,0.576271186440678,0.576271186440678,prizepicks_fixed,68.88,3.46,10.52,3.57,12.37,8.35,28.4
2026-07-10T22:54:53Z,2026-07-10T22:54:24Z,2026-07-10T22:54:42Z,Genesis Scottish Open,The Renaissance Club,3,3,10158,"Luiten, Joost",Total Score,70.5,-136,-136,0.576271186440678,0.576271186440678,prizepicks_fixed,70.34,2.73,11.2,3.57,12.63,8.01,29
2026-07-10T22:54:53Z,2026-07-10T22:54:24Z,2026-07-10T22:54:42Z,Genesis Scottish Open,The Renaissance Club,3,3,23323,"MacIntyre, Robert",Total Score,69,-136,-136,0.576271186440678,0.576271186440678,prizepicks_fixed,67.9,3.71,10.71,3.11,12.59,8.03,27.4
2026-07-10T22:54:53Z,2026-07-10T22:54:24Z,2026-07-10T22:54:42Z,Genesis Scottish Open,The Renaissance Club,3,3,10158,"Luiten, Joost",Pars,11.5,-136,-136,0.576271186440678,0.576271186440678,prizepicks_fixed,70.34,2.73,11.2,3.57,12.63,8.01,29
2026-07-10T22:54:53Z,2026-07-10T22:54:24Z,2026-07-10T22:54:42Z,Genesis Scottish Open,The Renaissance Club,3,3,23323,"MacIntyre, Robert",Pars,11,-136,-136,0.576271186440678,0.576271186440678,prizepicks_fixed,67.9,3.71,10.71,3.11,12.59,8.03,27.4
2026-07-10T22:54:53Z,2026-07-10T22:54:24Z,2026-07-10T22:54:42Z,Genesis Scottish Open,The Renaissance Club,3,3,23323,"MacIntyre, Robert",Birdies,4,-136,-136,0.576271186440678,0.576271186440678,prizepicks_fixed,67.9,3.71,10.71,3.11,12.59,8.03,27.4
2026-07-10T22:54:53Z,2026-07-10T22:54:24Z,2026-07-10T22:54:42Z,Genesis Scottish Open,The Renaissance Club,3,3,10158,"Luiten, Joost",Bogeys,3.5,-136,-136,0.576271186440678,0.576271186440678,prizepicks_fixed,70.34,2.73,11.2,3.57,12.63,8.01,29
2026-07-10T22:54:53Z,2026-07-10T22:54:24Z,2026-07-10T22:54:42Z,Genesis Scottish Open,The Renaissance Club,3,3,10158,"Luiten, Joost",Birdies,3,-136,-136,0.576271186440678,0.576271186440678,prizepicks_fixed,70.34,2.73,11.2,3.57,12.63,8.01,29
2026-07-10T22:54:53Z,2026-07-10T22:54:24Z,2026-07-10T22:54:42Z,Genesis Scottish Open,The Renaissance Club,3,3,23323,"MacIntyre, Robert",Bogeys,3,-136,-136,0.576271186440678,0.576271186440678,prizepicks_fixed,67.9,3.71,10.71,3.11,12.59,8.03,27.4
2026-07-10T22:54:53Z,2026-07-10T22:54:24Z,2026-07-10T22:54:42Z,Genesis Scottish Open,The Renaissance Club,3,3,22231,"Von Dellingshausen, Nicolai",Total Score,71,-136,-136,0.576271186440678,0.576271186440678,prizepicks_fixed,70.24,3.01,10.49,4.31,11.39,7.64,29
2026-07-10T22:54:53Z,2026-07-10T22:54:24Z,2026-07-10T22:54:42Z,Genesis Scottish Open,The Renaissance Club,3,3,16841,"Lee, Min Woo",Total Score,69,-136,-136,0.576271186440678,0.576271186440678,prizepicks_fixed,68.18,3.47,10.33,3.72,12.64,7.88,28.4
2026-07-10T22:54:53Z,2026-07-10T22:54:24Z,2026-07-10T22:54:42Z,Genesis Scottish Open,The Renaissance Club,3,3,22231,"Von Dellingshausen, Nicolai",Pars,11.5,-136,-136,0.576271186440678,0.576271186440678,prizepicks_fixed,70.24,3.01,10.49,4.31,11.39,7.64,29
2026-07-10T22:54:53Z,2026-07-10T22:54:24Z,2026-07-10T22:54:42Z,Genesis Scottish Open,The Renaissance Club,3,3,16841,"Lee, Min Woo",Pars,11,-136,-136,0.576271186440678,0.576271186440678,prizepicks_fixed,68.18,3.47,10.33,3.72,12.64,7.88,28.4
2026-07-10T22:54:53Z,2026-07-10T22:54:24Z,2026-07-10T22:54:42Z,Genesis Scottish Open,The Renaissance Club,3,3,16841,"Lee, Min Woo",Birdies,4,-136,-136,0.576271186440678,0.576271186440678,prizepicks_fixed,68.18,3.47,10.33,3.72,12.64,7.88,28.4
2026-07-10T22:54:53Z,2026-07-10T22:54:24Z,2026-07-10T22:54:42Z,Genesis Scottish Open,The Renaissance Club,3,3,22231,"Von Dellingshausen, Nicolai",Bogeys,3.5,-136,-136,0.576271186440678,0.576271186440678,prizepicks_fixed,70.24,3.01,10.49,4.31,11.39,7.64,29
2026-07-10T22:54:53Z,2026-07-10T22:54:24Z,2026-07-10T22:54:42Z,Genesis Scottish Open,The Renaissance Club,3,3,22231,"Von Dellingshausen, Nicolai",Birdies,3,-136,-136,0.576271186440678,0.576271186440678,prizepicks_fixed,70.24,3.01,10.49,4.31,11.39,7.64,29
2026-07-10T22:54:53Z,2026-07-10T22:54:24Z,2026-07-10T22:54:42Z,Genesis Scottish Open,The Renaissance Club,3,3,16841,"Lee, Min Woo",Bogeys,3,-136,-136,0.576271186440678,0.576271186440678,prizepicks_fixed,68.18,3.47,10.33,3.72,12.64,7.88,28.4
2026-07-10T22:54:53Z,2026-07-10T22:54:24Z,2026-07-10T22:54:42Z,Genesis Scottish Open,The Renaissance Club,3,3,17646,"Fitzpatrick, Matt",Total Score,68.5,-136,-136,0.576271186440678,0.576271186440678,prizepicks_fixed,67.35,3.58,10.84,3.14,13.36,8.49,27.9
2026-07-10T22:54:53Z,2026-07-10T22:54:24Z,2026-07-10T22:54:42Z,Genesis Scottish Open,The Renaissance Club,3,3,10091,"McIlroy, Rory",Total Score,67.5,-136,-136,0.576271186440678,0.576271186440678,prizepicks_fixed,66.72,3.62,11.07,2.77,12.23,7.69,27.8
2026-07-10T22:54:53Z,2026-07-10T22:54:24Z,2026-07-10T22:54:42Z,Genesis Scottish Open,The Renaissance Club,3,3,17646,"Fitzpatrick, Matt",Pars,11.5,-136,-136,0.576271186440678,0.576271186440678,prizepicks_fixed,67.35,3.58,10.84,3.14,13.36,8.49,27.9
2026-07-10T22:54:53Z,2026-07-10T22:54:24Z,2026-07-10T22:54:42Z,Genesis Scottish Open,The Renaissance Club,3,3,10091,"McIlroy, Rory",Pars,11,-136,-136,0.576271186440678,0.576271186440678,prizepicks_fixed,66.72,3.62,11.07,2.77,12.23,7.69,27.8
2026-07-10T22:54:53Z,2026-07-10T22:54:24Z,2026-07-10T22:54:42Z,Genesis Scottish Open,The Renaissance Club,3,3,10091,"McIlroy, Rory",Birdies,4.5,-136,-136,0.576271186440678,0.576271186440678,prizepicks_fixed,66.72,3.62,11.07,2.77,12.23,7.69,27.8
2026-07-10T22:54:53Z,2026-07-10T22:54:24Z,2026-07-10T22:54:42Z,Genesis Scottish Open,The Renaissance Club,3,3,17646,"Fitzpatrick, Matt",Birdies,4,-136,-136,0.576271186440678,0.576271186440678,prizepicks_fixed,67.35,3.58,10.84,3.14,13.36,8.49,27.9
2026-07-10T22:54:53Z,2026-07-10T22:54:24Z,2026-07-10T22:54:42Z,Genesis Scottish Open,The Renaissance Club,3,3,17646,"Fitzpatrick, Matt",Bogeys,2.5,-136,-136,0.576271186440678,0.576271186440678,prizepicks_fixed,67.35,3.58,10.84,3.14,13.36,8.49,27.9
2026-07-10T22:54:53Z,2026-07-10T22:54:24Z,2026-07-10T22:54:42Z,Genesis Scottish Open,The Renaissance Club,3,3,10091,"McIlroy, Rory",Bogeys,2.5,-136,-136,0.576271186440678,0.576271186440678,prizepicks_fixed,66.72,3.62,11.07,2.77,12.23,7.69,27.8
2026-07-10T22:54:53Z,2026-07-10T22:54:24Z,2026-07-10T22:54:42Z,Genesis Scottish Open,The Renaissance Club,3,3,18586,"Smith, Jordan",Total Score,70,-136,-136,0.576271186440678,0.576271186440678,prizepicks_fixed,68.89,3.32,10.68,3.56,12.47,8.34,29.3
2026-07-10T22:54:53Z,2026-07-10T22:54:24Z,2026-07-10T22:54:42Z,Genesis Scottish Open,The Renaissance Club,3,3,24766,"Kim, Tom",Total Score,69.5,-136,-136,0.576271186440678,0.576271186440678,prizepicks_fixed,68.11,3.47,11.04,3.08,12.78,8.14,28.4
2026-07-10T22:54:53Z,2026-07-10T22:54:24Z,2026-07-10T22:54:42Z,Genesis Scottish Open,The Renaissance Club,3,3,24766,"Kim, Tom",Pars,11.5,-136,-136,0.576271186440678,0.576271186440678,prizepicks_fixed,68.11,3.47,11.04,3.08,12.78,8.14,28.4
2026-07-10T22:54:53Z,2026-07-10T22:54:24Z,2026-07-10T22:54:42Z,Genesis Scottish Open,The Renaissance Club,3,3,18586,"Smith, Jordan",Pars,11,-136,-136,0.576271186440678,0.576271186440678,prizepicks_fixed,68.89,3.32,10.68,3.56,12.47,8.34,29.3
2026-07-10T22:54:53Z,2026-07-10T22:54:24Z,2026-07-10T22:54:42Z,Genesis Scottish Open,The Renaissance Club,3,3,18586,"Smith, Jordan",Birdies,3.5,-136,-136,0.576271186440678,0.576271186440678,prizepicks_fixed,68.89,3.32,10.68,3.56,12.47,8.34,29.3
2026-07-10T22:54:53Z,2026-07-10T22:54:24Z,2026-07-10T22:54:42Z,Genesis Scottish Open,The Renaissance Club,3,3,24766,"Kim, Tom",Birdies,3.5,-136,-136,0.576271186440678,0.576271186440678,prizepicks_fixed,68.11,3.47,11.04,3.08,12.78,8.14,28.4
2026-07-10T22:54:53Z,2026-07-10T22:54:24Z,2026-07-10T22:54:42Z,Genesis Scottish Open,The Renaissance Club,3,3,18586,"Smith, Jordan",Bogeys,3,-136,-136,0.576271186440678,0.576271186440678,prizepicks_fixed,68.89,3.32,10.68,3.56,12.47,8.34,29.3
