exported_at,projections_updated_at,event_name,course_used,display_round,round,pricing_mode,pricing_skill,dg_id,player_name,actual_fairways,actual_round_score,actual_birdies,actual_pars,actual_bogeys,actual_gir,actual_source,fairways_line,round_score_line,birdies_line,pars_line,bogeys_line,gir_line,fairways_book_line,round_score_book_line,birdies_book_line,pars_book_line,bogeys_book_line,gir_book_line,fairways_over_odds,round_score_over_odds,birdies_over_odds,pars_over_odds,bogeys_over_odds,gir_over_odds,fairways_under_odds,round_score_under_odds,birdies_under_odds,pars_under_odds,bogeys_under_odds,gir_under_odds,fairways_over,round_score_over,birdies_over,pars_over,bogeys_over,gir_over,fairways_under,round_score_under,birdies_under,pars_under,bogeys_under,gir_under,edge
2026-05-23T02:21:38Z,2026-05-23T02:20:01Z,THE CJ CUP Byron Nelson,TPC Craig Ranch,3,1,default,default,18417,"Scheffler, Scottie",0,66.0,3,12,2,0,historical_rounds,9.5,64.9,8,7,2.5,14.5,9.5,66.5,5.5,10.5,1.5,,-162,-105,-175,-130,+116,,+112,-128,+124,-108,-164,,L,L,L,W,W,L,W,W,W,L,L,W,36.5
2026-05-23T02:21:38Z,2026-05-23T02:20:01Z,THE CJ CUP Byron Nelson,TPC Craig Ranch,3,1,recent,default,18417,"Scheffler, Scottie",0,66.0,3,12,2,0,historical_rounds,9.5,65.1,8,7,3,14.5,9.5,66.5,5.5,10.5,1.5,,-162,-105,-175,-130,+116,,+112,-128,+124,-108,-164,,L,L,L,W,W,L,W,W,W,L,L,W,36.6
2026-05-23T02:21:38Z,2026-05-23T02:20:01Z,THE CJ CUP Byron Nelson,TPC Craig Ranch,3,1,course,default,18417,"Scheffler, Scottie",0,66.0,3,12,2,0,historical_rounds,10.5,66.1,9.5,7,2,17,9.5,66.5,5.5,10.5,1.5,,-162,-105,-175,-130,+116,,+112,-128,+124,-108,-164,,L,L,L,W,W,L,W,W,W,L,L,W,37.3
2026-05-23T02:21:38Z,2026-05-23T02:20:01Z,THE CJ CUP Byron Nelson,TPC Craig Ranch,3,1,skill,sg_total,18417,"Scheffler, Scottie",0,66.0,3,12,2,0,historical_rounds,9.5,65.1,8,7,3,14.5,9.5,66.5,5.5,10.5,1.5,,-162,-105,-175,-130,+116,,+112,-128,+124,-108,-164,,L,L,L,W,W,L,W,W,W,L,L,W,36.6
2026-05-23T02:21:38Z,2026-05-23T02:20:01Z,THE CJ CUP Byron Nelson,TPC Craig Ranch,3,1,default,default,14636,"Spieth, Jordan",0,68.0,3,14,1,0,historical_rounds,9,66.5,5,11.5,1,14.5,9.5,67.5,4.5,10.5,1.5,,+130,-158,-180,-176,-192,,-186,+118,+128,+125,+136,,L,W,L,W,L,L,W,L,W,L,W,W,24.5
2026-05-23T02:21:38Z,2026-05-23T02:20:01Z,THE CJ CUP Byron Nelson,TPC Craig Ranch,3,1,recent,default,14636,"Spieth, Jordan",0,68.0,3,14,1,0,historical_rounds,9,66.4,5.5,11.5,1,14.5,9.5,67.5,4.5,10.5,1.5,,+130,-158,-180,-176,-192,,-186,+118,+128,+125,+136,,L,W,L,W,L,L,W,L,W,L,W,W,26.3
2026-05-23T02:21:38Z,2026-05-23T02:20:01Z,THE CJ CUP Byron Nelson,TPC Craig Ranch,3,1,course,default,14636,"Spieth, Jordan",0,68.0,3,14,1,0,historical_rounds,7.5,68.2,6.5,11.5,0.5,16.5,9.5,67.5,4.5,10.5,1.5,,+130,-158,-180,-176,-192,,-186,+118,+128,+125,+136,,L,W,L,W,L,L,W,L,W,L,W,W,39.4
2026-05-23T02:21:38Z,2026-05-23T02:20:01Z,THE CJ CUP Byron Nelson,TPC Craig Ranch,3,1,skill,sg_total,14636,"Spieth, Jordan",0,68.0,3,14,1,0,historical_rounds,8.5,66.8,5,11.5,1,14,9.5,67.5,4.5,10.5,1.5,,+130,-158,-180,-176,-192,,-186,+118,+128,+125,+136,,L,W,L,W,L,L,W,L,W,L,W,W,20.3
2026-05-23T02:21:38Z,2026-05-23T02:20:01Z,THE CJ CUP Byron Nelson,TPC Craig Ranch,3,1,default,default,16394,"Jaeger, Stephan",10,64.0,3,12,2,13,historical_rounds,9,66.9,5,12,1,13.5,,68.5,4.5,,,,,-140,-122,,,,,+104,-116,,,,W,L,L,,W,L,L,W,W,,L,W,23.2
2026-05-23T02:21:38Z,2026-05-23T02:20:01Z,THE CJ CUP Byron Nelson,TPC Craig Ranch,3,1,recent,default,16394,"Jaeger, Stephan",10,64.0,3,12,2,13,historical_rounds,9,66.6,5.5,12,0.5,13.5,,68.5,4.5,,,,,-140,-122,,,,,+104,-116,,,,W,L,L,,W,L,L,W,W,,L,W,26.1
2026-05-23T02:21:38Z,2026-05-23T02:20:01Z,THE CJ CUP Byron Nelson,TPC Craig Ranch,3,1,course,default,16394,"Jaeger, Stephan",10,64.0,3,12,2,13,historical_rounds,11,64.9,6,12,0.5,15.5,,68.5,4.5,,,,,-140,-122,,,,,+104,-116,,,,L,L,L,,W,L,W,W,W,,L,W,41.2
2026-05-23T02:21:38Z,2026-05-23T02:20:01Z,THE CJ CUP Byron Nelson,TPC Craig Ranch,3,1,skill,sg_total,16394,"Jaeger, Stephan",10,64.0,3,12,2,13,historical_rounds,8.5,67.1,5,11.5,1,13.5,,68.5,4.5,,,,,-140,-122,,,,,+104,-116,,,,W,L,L,W,W,L,L,W,W,L,L,W,20.9
2026-05-23T02:21:38Z,2026-05-23T02:20:01Z,THE CJ CUP Byron Nelson,TPC Craig Ranch,3,1,default,default,17365,"Mitchell, Keith",12,64.0,6,12,0,18,historical_rounds,9.5,67.6,5,11.5,1.5,12.5,8.5,68.5,4.5,10.5,2.5,,-154,-112,-156,-164,+126,,+106,-122,+110,+116,-178,,W,L,W,W,L,W,L,W,L,L,W,L,22.3
2026-05-23T02:21:38Z,2026-05-23T02:20:01Z,THE CJ CUP Byron Nelson,TPC Craig Ranch,3,1,recent,default,17365,"Mitchell, Keith",12,64.0,6,12,0,18,historical_rounds,9.5,67.7,5,11.5,1.5,12.5,8.5,68.5,4.5,10.5,2.5,,-154,-112,-156,-164,+126,,+106,-122,+110,+116,-178,,W,L,W,W,L,W,L,W,L,L,W,L,21.1
2026-05-23T02:21:38Z,2026-05-23T02:20:01Z,THE CJ CUP Byron Nelson,TPC Craig Ranch,3,1,course,default,17365,"Mitchell, Keith",12,64.0,6,12,0,18,historical_rounds,12,64.4,6,12,1,15,8.5,68.5,4.5,10.5,2.5,,-154,-112,-156,-164,+126,,+106,-122,+110,+116,-178,,W,L,W,W,L,W,L,W,L,L,W,L,38.5
2026-05-23T02:21:38Z,2026-05-23T02:20:01Z,THE CJ CUP Byron Nelson,TPC Craig Ranch,3,1,skill,sg_total,17365,"Mitchell, Keith",12,64.0,6,12,0,18,historical_rounds,9.5,67.7,5,11.5,1.5,12.5,8.5,68.5,4.5,10.5,2.5,,-154,-112,-156,-164,+126,,+106,-122,+110,+116,-178,,W,L,W,W,L,W,L,W,L,L,W,L,21.1
2026-05-23T02:21:38Z,2026-05-23T02:20:01Z,THE CJ CUP Byron Nelson,TPC Craig Ranch,3,1,default,default,14609,"Kim, Si Woo",13,64.0,6,12,0,13,historical_rounds,10.5,67.6,5,11,1.5,12,10.5,67.5,4.5,11.5,1.5,,-104,-130,-182,+100,-134,,-140,-104,+130,-142,-105,,W,L,W,W,L,W,L,W,L,L,W,L,6.3
2026-05-23T02:21:38Z,2026-05-23T02:20:01Z,THE CJ CUP Byron Nelson,TPC Craig Ranch,3,1,recent,default,14609,"Kim, Si Woo",13,64.0,6,12,0,13,historical_rounds,10.5,67.6,5,11,1.5,12,10.5,67.5,4.5,11.5,1.5,,-104,-130,-182,+100,-134,,-140,-104,+130,-142,-105,,W,L,W,W,L,W,L,W,L,L,W,L,6.4
2026-05-23T02:21:38Z,2026-05-23T02:20:01Z,THE CJ CUP Byron Nelson,TPC Craig Ranch,3,1,course,default,14609,"Kim, Si Woo",13,64.0,6,12,0,13,historical_rounds,12.5,69.1,6.5,11,1,14.5,10.5,67.5,4.5,11.5,1.5,,-104,-130,-182,+100,-134,,-140,-104,+130,-142,-105,,W,L,W,W,L,L,L,W,L,L,W,W,35.0
2026-05-23T02:21:38Z,2026-05-23T02:20:01Z,THE CJ CUP Byron Nelson,TPC Craig Ranch,3,1,skill,sg_total,14609,"Kim, Si Woo",13,64.0,6,12,0,13,historical_rounds,10.5,68.0,5,11,2,12,10.5,67.5,4.5,11.5,1.5,,-104,-130,-182,+100,-134,,-140,-104,+130,-142,-105,,W,L,W,W,L,W,L,W,L,L,W,L,3.9
2026-05-23T02:21:38Z,2026-05-23T02:20:01Z,THE CJ CUP Byron Nelson,TPC Craig Ranch,3,1,default,default,22760,"Hisatsune, Ryo",10,67.0,4,11,3,10,historical_rounds,8.5,67.5,5,11.5,1.5,12.5,9.5,68.5,4.5,11.5,2.5,,-118,-124,-128,+110,+132,,-122,-110,-110,-154,-188,,W,L,L,L,W,L,L,W,W,W,L,W,11.7
2026-05-23T02:21:38Z,2026-05-23T02:20:01Z,THE CJ CUP Byron Nelson,TPC Craig Ranch,3,1,recent,default,22760,"Hisatsune, Ryo",10,67.0,4,11,3,10,historical_rounds,8.5,67.4,5,11.5,1.5,13,9.5,68.5,4.5,11.5,2.5,,-118,-124,-128,+110,+132,,-122,-110,-110,-154,-188,,W,L,L,L,W,L,L,W,W,W,L,W,13.6
2026-05-23T02:21:38Z,2026-05-23T02:20:01Z,THE CJ CUP Byron Nelson,TPC Craig Ranch,3,1,course,default,22760,"Hisatsune, Ryo",10,67.0,4,11,3,10,historical_rounds,10,68.8,5,11.5,1.5,15,9.5,68.5,4.5,11.5,2.5,,-118,-124,-128,+110,+132,,-122,-110,-110,-154,-188,,W,L,L,L,W,L,L,W,W,W,L,W,13.5
2026-05-23T02:21:38Z,2026-05-23T02:20:01Z,THE CJ CUP Byron Nelson,TPC Craig Ranch,3,1,skill,sg_total,22760,"Hisatsune, Ryo",10,67.0,4,11,3,10,historical_rounds,8.5,67.5,5,11.5,1.5,12.5,9.5,68.5,4.5,11.5,2.5,,-118,-124,-128,+110,+132,,-122,-110,-110,-154,-188,,W,L,L,L,W,L,L,W,W,W,L,W,11.9
2026-05-23T02:21:38Z,2026-05-23T02:20:01Z,THE CJ CUP Byron Nelson,TPC Craig Ranch,3,1,default,default,27364,"Thompson, Davis",7,69.0,3,11,4,12,historical_rounds,8.5,67.8,4.5,11.5,2,12.5,9.5,68.5,4.5,11.5,2.5,,-112,-122,-122,+100,+142,,-128,-110,-115,-142,-200,,L,W,L,L,W,L,W,L,W,W,L,W,11.4
2026-05-23T02:21:38Z,2026-05-23T02:20:01Z,THE CJ CUP Byron Nelson,TPC Craig Ranch,3,1,recent,default,27364,"Thompson, Davis",7,69.0,3,11,4,12,historical_rounds,8.5,67.8,4.5,11.5,2,12.5,9.5,68.5,4.5,11.5,2.5,,-112,-122,-122,+100,+142,,-128,-110,-115,-142,-200,,L,W,L,L,W,L,W,L,W,W,L,W,11.5
2026-05-23T02:21:38Z,2026-05-23T02:20:01Z,THE CJ CUP Byron Nelson,TPC Craig Ranch,3,1,course,default,27364,"Thompson, Davis",7,69.0,3,11,4,12,historical_rounds,11,65.5,5,11.5,2,14.5,9.5,68.5,4.5,11.5,2.5,,-112,-122,-122,+100,+142,,-128,-110,-115,-142,-200,,L,W,L,L,W,L,W,L,W,W,L,W,34.1
2026-05-23T02:21:38Z,2026-05-23T02:20:01Z,THE CJ CUP Byron Nelson,TPC Craig Ranch,3,1,skill,sg_total,27364,"Thompson, Davis",7,69.0,3,11,4,12,historical_rounds,8.5,67.5,5,11.5,1.5,13,9.5,68.5,4.5,11.5,2.5,,-112,-122,-122,+100,+142,,-128,-110,-115,-142,-200,,L,W,L,L,W,L,W,L,W,W,L,W,12.4
2026-05-23T02:21:38Z,2026-05-23T02:20:01Z,THE CJ CUP Byron Nelson,TPC Craig Ranch,3,1,default,default,17780,"Pendrith, Taylor",9,67.0,7,11,0,15,historical_rounds,8.5,67.6,5,11.5,1.5,12.5,8.5,68.5,4.5,10.5,2.5,,-164,-134,-132,-174,+110,,+115,-102,-106,+122,-156,,W,L,W,W,L,W,L,W,L,L,W,L,12.6
2026-05-23T02:21:38Z,2026-05-23T02:20:01Z,THE CJ CUP Byron Nelson,TPC Craig Ranch,3,1,recent,default,17780,"Pendrith, Taylor",9,67.0,7,11,0,15,historical_rounds,8.5,67.5,5,11.5,1.5,13,8.5,68.5,4.5,10.5,2.5,,-164,-134,-132,-174,+110,,+115,-102,-106,+122,-156,,W,L,W,W,L,W,L,W,L,L,W,L,13.6
2026-05-23T02:21:38Z,2026-05-23T02:20:01Z,THE CJ CUP Byron Nelson,TPC Craig Ranch,3,1,course,default,17780,"Pendrith, Taylor",9,67.0,7,11,0,15,historical_rounds,9,67.4,5.5,11.5,1,15,8.5,68.5,4.5,10.5,2.5,,-164,-134,-132,-174,+110,,+115,-102,-106,+122,-156,,W,L,W,W,L,,L,W,L,L,W,,25.7
2026-05-23T02:21:38Z,2026-05-23T02:20:01Z,THE CJ CUP Byron Nelson,TPC Craig Ranch,3,1,skill,sg_total,17780,"Pendrith, Taylor",9,67.0,7,11,0,15,historical_rounds,8.5,67.5,5,11.5,1.5,13,8.5,68.5,4.5,10.5,2.5,,-164,-134,-132,-174,+110,,+115,-102,-106,+122,-156,,W,L,W,W,L,W,L,W,L,L,W,L,13.6
2026-05-23T02:21:38Z,2026-05-23T02:20:01Z,THE CJ CUP Byron Nelson,TPC Craig Ranch,3,1,default,default,26649,"Thorbjornsen, Michael",11,64.0,7,11,0,15,historical_rounds,8.5,68.1,4.5,11.5,2,12.5,9.5,68.5,4.5,11.5,2.5,,+125,-112,-138,+110,+144,,-180,-120,-102,-158,-205,,W,L,W,L,L,W,L,W,L,W,W,L,4.3
2026-05-23T02:21:38Z,2026-05-23T02:20:01Z,THE CJ CUP Byron Nelson,TPC Craig Ranch,3,1,recent,default,26649,"Thorbjornsen, Michael",11,64.0,7,11,0,15,historical_rounds,8.5,68.3,4.5,11.5,2,12.5,9.5,68.5,4.5,11.5,2.5,,+125,-112,-138,+110,+144,,-180,-120,-102,-158,-205,,W,L,W,L,L,W,L,W,L,W,W,L,4.8
2026-05-23T02:21:38Z,2026-05-23T02:20:01Z,THE CJ CUP Byron Nelson,TPC Craig Ranch,3,1,course,default,26649,"Thorbjornsen, Michael",11,64.0,7,11,0,15,historical_rounds,11,64.7,5.5,11.5,1.5,15,9.5,68.5,4.5,11.5,2.5,,+125,-112,-138,+110,+144,,-180,-120,-102,-158,-205,,W,L,W,L,L,,L,W,L,W,W,,37.3
2026-05-23T02:21:38Z,2026-05-23T02:20:01Z,THE CJ CUP Byron Nelson,TPC Craig Ranch,3,1,skill,sg_total,26649,"Thorbjornsen, Michael",11,64.0,7,11,0,15,historical_rounds,8.5,68.3,4.5,11.5,2,12.5,9.5,68.5,4.5,11.5,2.5,,+125,-112,-138,+110,+144,,-180,-120,-102,-158,-205,,W,L,W,L,L,W,L,W,L,W,W,L,4.8
2026-05-23T02:21:38Z,2026-05-23T02:20:01Z,THE CJ CUP Byron Nelson,TPC Craig Ranch,3,1,default,default,18103,"Bezuidenhout, Christiaan",9,68.0,5,13,0,14,historical_rounds,8.5,67.8,5,11.5,1.5,12.5,,68.5,4.5,,,,,-138,-105,,,,,+102,-134,,,,W,L,W,W,L,W,L,W,L,L,W,L,11.1
2026-05-23T02:21:38Z,2026-05-23T02:20:01Z,THE CJ CUP Byron Nelson,TPC Craig Ranch,3,1,recent,default,18103,"Bezuidenhout, Christiaan",9,68.0,5,13,0,14,historical_rounds,8.5,67.8,4.5,11.5,1.5,12.5,,68.5,4.5,,,,,-138,-105,,,,,+102,-134,,,,W,L,W,W,L,W,L,W,L,L,W,L,10.3
2026-05-23T02:21:38Z,2026-05-23T02:20:01Z,THE CJ CUP Byron Nelson,TPC Craig Ranch,3,1,course,default,18103,"Bezuidenhout, Christiaan",9,68.0,5,13,0,14,historical_rounds,11,65.0,5.5,11.5,1.5,15,,68.5,4.5,,,,,-138,-105,,,,,+102,-134,,,,L,L,W,W,L,L,W,W,L,L,W,W,40.2
2026-05-23T02:21:38Z,2026-05-23T02:20:01Z,THE CJ CUP Byron Nelson,TPC Craig Ranch,3,1,skill,sg_total,18103,"Bezuidenhout, Christiaan",9,68.0,5,13,0,14,historical_rounds,8.5,67.7,5,11.5,1.5,12.5,,68.5,4.5,,,,,-138,-105,,,,,+102,-134,,,,W,L,W,W,L,W,L,W,L,L,W,L,12.6
2026-05-23T02:21:38Z,2026-05-23T02:20:01Z,THE CJ CUP Byron Nelson,TPC Craig Ranch,3,1,default,default,16243,"Koepka, Brooks",0,63.0,2,11,4,0,historical_rounds,8.5,68.2,4.5,11.5,2,12.5,8.5,68.5,5.5,10.5,2.5,,-136,+100,+118,-114,+106,,-106,-134,-168,-125,-150,,L,L,L,W,W,L,W,W,W,L,L,W,7.1
2026-05-23T02:21:38Z,2026-05-23T02:20:01Z,THE CJ CUP Byron Nelson,TPC Craig Ranch,3,1,recent,default,16243,"Koepka, Brooks",0,63.0,2,11,4,0,historical_rounds,8.5,68.3,4.5,11.5,2,12.5,8.5,68.5,5.5,10.5,2.5,,-136,+100,+118,-114,+106,,-106,-134,-168,-125,-150,,L,L,L,W,W,L,W,W,W,L,L,W,7.0
2026-05-23T02:21:38Z,2026-05-23T02:20:01Z,THE CJ CUP Byron Nelson,TPC Craig Ranch,3,1,course,default,16243,"Koepka, Brooks",0,63.0,2,11,4,0,historical_rounds,9.5,66.6,5,11.5,1.5,14.5,8.5,68.5,5.5,10.5,2.5,,-136,+100,+118,-114,+106,,-106,-134,-168,-125,-150,,L,L,L,W,W,L,W,W,W,L,L,W,18.5
2026-05-23T02:21:38Z,2026-05-23T02:20:01Z,THE CJ CUP Byron Nelson,TPC Craig Ranch,3,1,skill,sg_total,16243,"Koepka, Brooks",0,63.0,2,11,4,0,historical_rounds,8.5,67.9,4.5,11.5,2,12.5,8.5,68.5,5.5,10.5,2.5,,-136,+100,+118,-114,+106,,-106,-134,-168,-125,-150,,L,L,L,W,W,L,W,W,W,L,L,W,9.6
2026-05-23T02:21:38Z,2026-05-23T02:20:01Z,THE CJ CUP Byron Nelson,TPC Craig Ranch,3,1,default,default,23604,"Clark, Wyndham",10,66.0,3,11,4,13,historical_rounds,8.5,68.0,4.5,11.5,2,12.5,8.5,68.5,4.5,10.5,2.5,,-160,-122,-142,-174,+120,,+110,-112,+100,+124,-170,,W,L,L,W,W,W,L,W,W,L,L,L,5.8
2026-05-23T02:21:38Z,2026-05-23T02:20:01Z,THE CJ CUP Byron Nelson,TPC Craig Ranch,3,1,recent,default,23604,"Clark, Wyndham",10,66.0,3,11,4,13,historical_rounds,8.5,67.9,4.5,11.5,2,12.5,8.5,68.5,4.5,10.5,2.5,,-160,-122,-142,-174,+120,,+110,-112,+100,+124,-170,,W,L,L,W,W,W,L,W,W,L,L,L,6.7
2026-05-23T02:21:38Z,2026-05-23T02:20:01Z,THE CJ CUP Byron Nelson,TPC Craig Ranch,3,1,course,default,23604,"Clark, Wyndham",10,66.0,3,11,4,13,historical_rounds,11,65.6,5.5,11.5,2,14.5,8.5,68.5,4.5,10.5,2.5,,-160,-122,-142,-174,+120,,+110,-112,+100,+124,-170,,W,L,L,W,W,L,L,W,W,L,L,W,32.5
2026-05-23T02:21:38Z,2026-05-23T02:20:01Z,THE CJ CUP Byron Nelson,TPC Craig Ranch,3,1,skill,sg_total,23604,"Clark, Wyndham",10,66.0,3,11,4,13,historical_rounds,8.5,67.8,4.5,11.5,1.5,12.5,8.5,68.5,4.5,10.5,2.5,,-160,-122,-142,-174,+120,,+110,-112,+100,+124,-170,,W,L,L,W,W,W,L,W,W,L,L,L,7.9
2026-05-23T02:21:38Z,2026-05-23T02:20:01Z,THE CJ CUP Byron Nelson,TPC Craig Ranch,3,1,default,default,21756,"Cole, Eric",8,68.0,7,9,2,13,historical_rounds,8.5,67.8,4.5,11.5,1.5,12.5,,68.5,4.5,,,,,-148,-115,,,,,+110,-124,,,,L,L,W,L,W,W,W,W,L,W,L,L,12.2
2026-05-23T02:21:38Z,2026-05-23T02:20:01Z,THE CJ CUP Byron Nelson,TPC Craig Ranch,3,1,recent,default,21756,"Cole, Eric",8,68.0,7,9,2,13,historical_rounds,8.5,67.6,5,11.5,1.5,13,,68.5,4.5,,,,,-148,-115,,,,,+110,-124,,,,L,L,W,L,W,,W,W,L,W,L,,14.7
2026-05-23T02:21:38Z,2026-05-23T02:20:01Z,THE CJ CUP Byron Nelson,TPC Craig Ranch,3,1,course,default,21756,"Cole, Eric",8,68.0,7,9,2,13,historical_rounds,11,65.5,5,11.5,2,14.5,,68.5,4.5,,,,,-148,-115,,,,,+110,-124,,,,L,L,W,L,,L,W,W,L,W,,W,38.2
2026-05-23T02:21:38Z,2026-05-23T02:20:01Z,THE CJ CUP Byron Nelson,TPC Craig Ranch,3,1,skill,sg_total,21756,"Cole, Eric",8,68.0,7,9,2,13,historical_rounds,8.5,67.6,5,11.5,1.5,13,,68.5,4.5,,,,,-148,-115,,,,,+110,-124,,,,L,L,W,L,W,,W,W,L,W,L,,14.7
2026-05-23T02:21:38Z,2026-05-23T02:20:01Z,THE CJ CUP Byron Nelson,TPC Craig Ranch,3,1,default,default,13412,"Olesen, Thorbjorn",11,71.0,1,15,2,11,historical_rounds,8.5,67.9,4.5,11.5,2,12.5,,68.5,4.5,,,,,-146,-112,,,,,+108,-126,,,,W,W,L,W,,L,L,L,W,L,,W,10.5
2026-05-23T02:21:38Z,2026-05-23T02:20:01Z,THE CJ CUP Byron Nelson,TPC Craig Ranch,3,1,recent,default,13412,"Olesen, Thorbjorn",11,71.0,1,15,2,11,historical_rounds,8.5,68.1,4.5,11.5,2,12.5,,68.5,4.5,,,,,-146,-112,,,,,+108,-126,,,,W,W,L,W,,L,L,L,W,L,,W,8.0
2026-05-23T02:21:38Z,2026-05-23T02:20:01Z,THE CJ CUP Byron Nelson,TPC Craig Ranch,3,1,course,default,13412,"Olesen, Thorbjorn",11,71.0,1,15,2,11,historical_rounds,11,68.8,4.5,11.5,1,15,,68.5,4.5,,,,,-146,-112,,,,,+108,-126,,,,,W,L,W,W,L,,L,W,L,L,W,7.4
2026-05-23T02:21:38Z,2026-05-23T02:20:01Z,THE CJ CUP Byron Nelson,TPC Craig Ranch,3,1,skill,sg_total,13412,"Olesen, Thorbjorn",11,71.0,1,15,2,11,historical_rounds,8.5,67.9,4.5,11.5,1.5,12.5,,68.5,4.5,,,,,-146,-112,,,,,+108,-126,,,,W,W,L,W,W,L,L,L,W,L,L,W,11.3
2026-05-23T02:21:38Z,2026-05-23T02:20:01Z,THE CJ CUP Byron Nelson,TPC Craig Ranch,3,1,default,default,18586,"Smith, Jordan",,67.0,,,,,live_in_play,8.5,68.2,4.5,11.5,2,12.5,,68.5,4.5,,,,,-138,-114,,,,,+102,-125,,,,,L,,,,,,W,,,,,5.3
2026-05-23T02:21:38Z,2026-05-23T02:20:01Z,THE CJ CUP Byron Nelson,TPC Craig Ranch,3,1,recent,default,18586,"Smith, Jordan",,67.0,,,,,live_in_play,8.5,68.4,4.5,11.5,2,12.5,,68.5,4.5,,,,,-138,-114,,,,,+102,-125,,,,,L,,,,,,W,,,,,4.4
2026-05-23T02:21:38Z,2026-05-23T02:20:01Z,THE CJ CUP Byron Nelson,TPC Craig Ranch,3,1,course,default,18586,"Smith, Jordan",,67.0,,,,,live_in_play,8.5,66.4,6,11.5,1.5,15,,68.5,4.5,,,,,-138,-114,,,,,+102,-125,,,,,L,,,,,,W,,,,,28.2
2026-05-23T02:21:38Z,2026-05-23T02:20:01Z,THE CJ CUP Byron Nelson,TPC Craig Ranch,3,1,skill,sg_total,18586,"Smith, Jordan",,67.0,,,,,live_in_play,8.5,68.4,4.5,11.5,2,12.5,,68.5,4.5,,,,,-138,-114,,,,,+102,-125,,,,,L,,,,,,W,,,,,4.4
2026-05-23T02:21:38Z,2026-05-23T02:20:01Z,THE CJ CUP Byron Nelson,TPC Craig Ranch,3,1,default,default,17488,"Im, Sungjae",10,68.0,4,10,4,13,historical_rounds,8.5,67.8,4.5,11.5,1.5,12.5,9.5,68.5,4.5,11.5,2.5,,-115,-132,-125,+116,+120,,-124,-102,-112,-162,-170,,W,L,L,L,W,W,L,W,W,W,L,L,11.3
2026-05-23T02:21:38Z,2026-05-23T02:20:01Z,THE CJ CUP Byron Nelson,TPC Craig Ranch,3,1,recent,default,17488,"Im, Sungjae",10,68.0,4,10,4,13,historical_rounds,8.5,68.0,4.5,11.5,2,12.5,9.5,68.5,4.5,11.5,2.5,,-115,-132,-125,+116,+120,,-124,-102,-112,-162,-170,,W,L,L,L,W,W,L,W,W,W,L,L,12.0
2026-05-23T02:21:38Z,2026-05-23T02:20:01Z,THE CJ CUP Byron Nelson,TPC Craig Ranch,3,1,course,default,17488,"Im, Sungjae",10,68.0,4,10,4,13,historical_rounds,11,69.5,6,11,1.5,15,9.5,68.5,4.5,11.5,2.5,,-115,-132,-125,+116,+120,,-124,-102,-112,-162,-170,,W,L,L,L,W,L,L,W,W,W,L,W,25.0
2026-05-23T02:21:38Z,2026-05-23T02:20:01Z,THE CJ CUP Byron Nelson,TPC Craig Ranch,3,1,skill,sg_total,17488,"Im, Sungjae",10,68.0,4,10,4,13,historical_rounds,8.5,67.7,5,11.5,1.5,13,9.5,68.5,4.5,11.5,2.5,,-115,-132,-125,+116,+120,,-124,-102,-112,-162,-170,,W,L,L,L,W,,L,W,W,W,L,,10.9
2026-05-23T02:21:38Z,2026-05-23T02:20:01Z,THE CJ CUP Byron Nelson,TPC Craig Ranch,3,1,default,default,26653,"Eckroat, Austin",9,65.0,4,12,2,11,historical_rounds,8.5,68.0,4.5,11.5,2,12.5,,68.5,4.5,,,,,-156,-110,,,,,+116,-128,,,,W,L,L,W,,L,L,W,W,L,,W,11.0
2026-05-23T02:21:38Z,2026-05-23T02:20:01Z,THE CJ CUP Byron Nelson,TPC Craig Ranch,3,1,recent,default,26653,"Eckroat, Austin",9,65.0,4,12,2,11,historical_rounds,8.5,68.1,4.5,11.5,2,12.5,,68.5,4.5,,,,,-156,-110,,,,,+116,-128,,,,W,L,L,W,,L,L,W,W,L,,W,9.5
2026-05-23T02:21:38Z,2026-05-23T02:20:01Z,THE CJ CUP Byron Nelson,TPC Craig Ranch,3,1,course,default,26653,"Eckroat, Austin",9,65.0,4,12,2,11,historical_rounds,11,65.3,5.5,11.5,2,15,,68.5,4.5,,,,,-156,-110,,,,,+116,-128,,,,L,L,L,W,,L,W,W,W,L,,W,41.7
2026-05-23T02:21:38Z,2026-05-23T02:20:01Z,THE CJ CUP Byron Nelson,TPC Craig Ranch,3,1,skill,sg_total,26653,"Eckroat, Austin",9,65.0,4,12,2,11,historical_rounds,8.5,67.8,5,11.5,1.5,13,,68.5,4.5,,,,,-156,-110,,,,,+116,-128,,,,W,L,L,W,W,L,L,W,W,L,L,W,13.6
2026-05-23T02:21:38Z,2026-05-23T02:20:01Z,THE CJ CUP Byron Nelson,TPC Craig Ranch,3,1,default,default,23838,"Hojgaard, Rasmus",3,70.0,7,10,1,17,historical_rounds,8.5,68.1,4.5,11.5,2,12.5,8.5,68.5,4.5,10.5,2.5,,+108,-130,-148,-150,+102,,-156,-104,+105,+106,-144,,L,W,W,L,L,W,W,L,L,W,W,L,9.7
2026-05-23T02:21:38Z,2026-05-23T02:20:01Z,THE CJ CUP Byron Nelson,TPC Craig Ranch,3,1,recent,default,23838,"Hojgaard, Rasmus",3,70.0,7,10,1,17,historical_rounds,8.5,68.0,4.5,11.5,2,12.5,8.5,68.5,4.5,10.5,2.5,,+108,-130,-148,-150,+102,,-156,-104,+105,+106,-144,,L,W,W,L,L,W,W,L,L,W,W,L,9.9
2026-05-23T02:21:38Z,2026-05-23T02:20:01Z,THE CJ CUP Byron Nelson,TPC Craig Ranch,3,1,course,default,23838,"Hojgaard, Rasmus",3,70.0,7,10,1,17,historical_rounds,8,69.3,4.5,11.5,1.5,15,8.5,68.5,4.5,10.5,2.5,,+108,-130,-148,-150,+102,,-156,-104,+105,+106,-144,,L,W,W,L,L,W,W,L,L,W,W,L,17.9
2026-05-23T02:21:38Z,2026-05-23T02:20:01Z,THE CJ CUP Byron Nelson,TPC Craig Ranch,3,1,skill,sg_total,23838,"Hojgaard, Rasmus",3,70.0,7,10,1,17,historical_rounds,8.5,67.9,4.5,11.5,1.5,12.5,8.5,68.5,4.5,10.5,2.5,,+108,-130,-148,-150,+102,,-156,-104,+105,+106,-144,,L,W,W,L,L,W,W,L,L,W,W,L,11.6
2026-05-23T02:21:38Z,2026-05-23T02:20:01Z,THE CJ CUP Byron Nelson,TPC Craig Ranch,3,1,default,default,29197,"Brennan, Michael",,68.0,,,,,live_in_play,8.5,68.3,4.5,11.5,2,12.5,9.5,68.5,4.5,10.5,2.5,,-118,-138,-162,-118,-122,,-122,+102,+115,-120,-118,,,L,,,,,,W,,,,,13.4
2026-05-23T02:21:38Z,2026-05-23T02:20:01Z,THE CJ CUP Byron Nelson,TPC Craig Ranch,3,1,recent,default,29197,"Brennan, Michael",,68.0,,,,,live_in_play,8.5,68.6,4.5,11.5,2,12.5,9.5,68.5,4.5,10.5,2.5,,-118,-138,-162,-118,-122,,-122,+102,+115,-120,-118,,,L,,,,,,W,,,,,14.2
2026-05-23T02:21:38Z,2026-05-23T02:20:01Z,THE CJ CUP Byron Nelson,TPC Craig Ranch,3,1,course,default,29197,"Brennan, Michael",,68.0,,,,,live_in_play,11,65.1,5.5,11.5,1.5,15,9.5,68.5,4.5,10.5,2.5,,-118,-138,-162,-118,-122,,-122,+102,+115,-120,-118,,,L,,,,,,W,,,,,40.0
2026-05-23T02:21:38Z,2026-05-23T02:20:01Z,THE CJ CUP Byron Nelson,TPC Craig Ranch,3,1,skill,sg_total,29197,"Brennan, Michael",,68.0,,,,,live_in_play,8.5,68.6,4.5,11.5,2,12.5,9.5,68.5,4.5,10.5,2.5,,-118,-138,-162,-118,-122,,-122,+102,+115,-120,-118,,,L,,,,,,W,,,,,14.2
2026-05-23T02:21:38Z,2026-05-23T02:20:01Z,THE CJ CUP Byron Nelson,TPC Craig Ranch,3,1,default,default,23504,"Hoey, Rico",13,67.0,4,12,2,14,historical_rounds,8.5,68.3,4.5,11.5,2,12.5,,68.5,4.5,,,,,-134,-124,,,,,-102,-114,,,,W,L,L,W,,W,L,W,W,L,,L,5.6
2026-05-23T02:21:38Z,2026-05-23T02:20:01Z,THE CJ CUP Byron Nelson,TPC Craig Ranch,3,1,recent,default,23504,"Hoey, Rico",13,67.0,4,12,2,14,historical_rounds,8.5,68.2,4.5,11.5,2,12.5,,68.5,4.5,,,,,-134,-124,,,,,-102,-114,,,,W,L,L,W,,W,L,W,W,L,,L,6.3
2026-05-23T02:21:38Z,2026-05-23T02:20:01Z,THE CJ CUP Byron Nelson,TPC Craig Ranch,3,1,course,default,23504,"Hoey, Rico",13,67.0,4,12,2,14,historical_rounds,11,65.8,5,11.5,2,14.5,,68.5,4.5,,,,,-134,-124,,,,,-102,-114,,,,W,L,L,W,,L,L,W,W,L,,W,33.1
2026-05-23T02:21:38Z,2026-05-23T02:20:01Z,THE CJ CUP Byron Nelson,TPC Craig Ranch,3,1,skill,sg_total,23504,"Hoey, Rico",13,67.0,4,12,2,14,historical_rounds,8.5,68.2,4.5,11.5,2,12.5,,68.5,4.5,,,,,-134,-124,,,,,-102,-114,,,,W,L,L,W,,W,L,W,W,L,,L,6.0
2026-05-23T02:21:38Z,2026-05-23T02:20:01Z,THE CJ CUP Byron Nelson,TPC Craig Ranch,3,1,default,default,23465,"Greyserman, Max",8,71.0,5,13,0,10,historical_rounds,8.5,68.1,4.5,11.5,2,12.5,,68.5,4.5,,,,,-146,-136,,,,,+108,-104,,,,L,W,W,W,L,L,W,L,L,L,W,W,8.1
2026-05-23T02:21:38Z,2026-05-23T02:20:01Z,THE CJ CUP Byron Nelson,TPC Craig Ranch,3,1,recent,default,23465,"Greyserman, Max",8,71.0,5,13,0,10,historical_rounds,8.5,67.9,4.5,11.5,1.5,13,,68.5,4.5,,,,,-146,-136,,,,,+108,-104,,,,L,W,W,W,L,L,W,L,L,L,W,W,11.0
2026-05-23T02:21:38Z,2026-05-23T02:20:01Z,THE CJ CUP Byron Nelson,TPC Craig Ranch,3,1,course,default,23465,"Greyserman, Max",8,71.0,5,13,0,10,historical_rounds,11,67.9,4.5,11.5,1.5,14.5,,68.5,4.5,,,,,-146,-136,,,,,+108,-104,,,,L,W,W,W,L,L,W,L,L,L,W,W,10.9
2026-05-23T02:21:38Z,2026-05-23T02:20:01Z,THE CJ CUP Byron Nelson,TPC Craig Ranch,3,1,skill,sg_total,23465,"Greyserman, Max",8,71.0,5,13,0,10,historical_rounds,8.5,67.9,4.5,11.5,1.5,13,,68.5,4.5,,,,,-146,-136,,,,,+108,-104,,,,L,W,W,W,L,L,W,L,L,L,W,W,11.0
2026-05-23T02:21:38Z,2026-05-23T02:20:01Z,THE CJ CUP Byron Nelson,TPC Craig Ranch,3,1,default,default,24550,"Ghim, Doug",12,65.0,5,10,3,12,historical_rounds,9.5,68.2,4.5,11.5,2,15.5,,68.5,4.5,,,,,-142,-110,,,,,+105,-128,,,,W,L,W,L,W,L,L,W,L,W,L,W,9.2
2026-05-23T02:21:38Z,2026-05-23T02:20:01Z,THE CJ CUP Byron Nelson,TPC Craig Ranch,3,1,recent,default,24550,"Ghim, Doug",12,65.0,5,10,3,12,historical_rounds,9.5,67.9,4.5,11.5,1.5,15.5,,68.5,4.5,,,,,-142,-110,,,,,+105,-128,,,,W,L,W,L,W,L,L,W,L,W,L,W,9.2
2026-05-23T02:21:38Z,2026-05-23T02:20:01Z,THE CJ CUP Byron Nelson,TPC Craig Ranch,3,1,course,default,24550,"Ghim, Doug",12,65.0,5,10,3,12,historical_rounds,11.5,65.3,5.5,12,2,17.5,,68.5,4.5,,,,,-142,-110,,,,,+105,-128,,,,W,L,W,L,W,L,L,W,L,W,L,W,38.8
2026-05-23T02:21:38Z,2026-05-23T02:20:01Z,THE CJ CUP Byron Nelson,TPC Craig Ranch,3,1,skill,sg_total,24550,"Ghim, Doug",12,65.0,5,10,3,12,historical_rounds,9.5,68.4,4.5,11.5,2,15,,68.5,4.5,,,,,-142,-110,,,,,+105,-128,,,,W,L,W,L,W,L,L,W,L,W,L,W,7.5
2026-05-23T02:21:38Z,2026-05-23T02:20:01Z,THE CJ CUP Byron Nelson,TPC Craig Ranch,3,1,default,default,23841,"Neergaard-Petersen, Rasmus",,66.0,,,,,live_in_play,8.5,68.3,4.5,11.5,2,12.5,,68.5,4.5,,,,,-154,-110,,,,,+115,-128,,,,,L,,,,,,W,,,,,6.2
2026-05-23T02:21:38Z,2026-05-23T02:20:01Z,THE CJ CUP Byron Nelson,TPC Craig Ranch,3,1,recent,default,23841,"Neergaard-Petersen, Rasmus",,66.0,,,,,live_in_play,8.5,68.3,4.5,11.5,2,12.5,,68.5,4.5,,,,,-154,-110,,,,,+115,-128,,,,,L,,,,,,W,,,,,6.4
2026-05-23T02:21:38Z,2026-05-23T02:20:01Z,THE CJ CUP Byron Nelson,TPC Craig Ranch,3,1,course,default,23841,"Neergaard-Petersen, Rasmus",,66.0,,,,,live_in_play,11,65.2,6,11.5,1,15,,68.5,4.5,,,,,-154,-110,,,,,+115,-128,,,,,L,,,,,,W,,,,,42.3
2026-05-23T02:21:38Z,2026-05-23T02:20:01Z,THE CJ CUP Byron Nelson,TPC Craig Ranch,3,1,skill,sg_total,23841,"Neergaard-Petersen, Rasmus",,66.0,,,,,live_in_play,8.5,68.6,4.5,11.5,2,12.5,,68.5,4.5,,,,,-154,-110,,,,,+115,-128,,,,,L,,,,,,W,,,,,4.9
2026-05-23T02:21:38Z,2026-05-23T02:20:01Z,THE CJ CUP Byron Nelson,TPC Craig Ranch,3,1,default,default,12423,"Kirk, Chris",0,67.0,4,13,0,0,historical_rounds,8.5,68.3,4.5,11.5,2,12.5,,69.5,4.5,,,,,+118,-102,,,,,-158,-138,,,,L,L,L,W,L,L,W,W,W,L,W,W,6.9
2026-05-23T02:21:38Z,2026-05-23T02:20:01Z,THE CJ CUP Byron Nelson,TPC Craig Ranch,3,1,recent,default,12423,"Kirk, Chris",0,67.0,4,13,0,0,historical_rounds,8.5,68.1,4.5,11.5,2,13,,69.5,4.5,,,,,+118,-102,,,,,-158,-138,,,,L,L,L,W,L,L,W,W,W,L,W,W,8.6
2026-05-23T02:21:38Z,2026-05-23T02:20:01Z,THE CJ CUP Byron Nelson,TPC Craig Ranch,3,1,course,default,12423,"Kirk, Chris",0,67.0,4,13,0,0,historical_rounds,11,66.5,5,11,1.5,15,,69.5,4.5,,,,,+118,-102,,,,,-158,-138,,,,L,L,L,W,L,L,W,W,W,L,W,W,25.1
2026-05-23T02:21:38Z,2026-05-23T02:20:01Z,THE CJ CUP Byron Nelson,TPC Craig Ranch,3,1,skill,sg_total,12423,"Kirk, Chris",0,67.0,4,13,0,0,historical_rounds,8.5,68.3,4.5,11.5,2,12.5,,69.5,4.5,,,,,+118,-102,,,,,-158,-138,,,,L,L,L,W,L,L,W,W,W,L,W,W,6.8
2026-05-23T02:21:38Z,2026-05-23T02:20:01Z,THE CJ CUP Byron Nelson,TPC Craig Ranch,3,1,default,default,32152,"Brown, Blades",,66.0,,,,,live_in_play,8.5,68.5,4.5,11.5,2,12.5,,68.5,4.5,,,,,-152,-140,,,,,+112,-102,,,,,L,,,,,,W,,,,,6.8
2026-05-23T02:21:38Z,2026-05-23T02:20:01Z,THE CJ CUP Byron Nelson,TPC Craig Ranch,3,1,recent,default,32152,"Brown, Blades",,66.0,,,,,live_in_play,8.5,68.3,4.5,11.5,2,13,,68.5,4.5,,,,,-152,-140,,,,,+112,-102,,,,,L,,,,,,W,,,,,7.8
2026-05-23T02:21:38Z,2026-05-23T02:20:01Z,THE CJ CUP Byron Nelson,TPC Craig Ranch,3,1,course,default,32152,"Brown, Blades",,66.0,,,,,live_in_play,11,66.3,5,11.5,2,14.5,,68.5,4.5,,,,,-152,-140,,,,,+112,-102,,,,,L,,,,,,W,,,,,32.0
2026-05-23T02:21:38Z,2026-05-23T02:20:01Z,THE CJ CUP Byron Nelson,TPC Craig Ranch,3,1,skill,sg_total,32152,"Brown, Blades",,66.0,,,,,live_in_play,8.5,68.3,4.5,11.5,2,13,,68.5,4.5,,,,,-152,-140,,,,,+112,-102,,,,,L,,,,,,W,,,,,7.7
2026-05-23T02:21:38Z,2026-05-23T02:20:01Z,THE CJ CUP Byron Nelson,TPC Craig Ranch,3,1,default,default,32457,"Keefer, Johnny",,66.0,,,,,live_in_play,8.5,68.5,4.5,11.5,2,12.5,,69.5,4.5,,,,,+106,-112,,,,,-144,-128,,,,,L,,,,,,W,,,,,6.7
2026-05-23T02:21:38Z,2026-05-23T02:20:01Z,THE CJ CUP Byron Nelson,TPC Craig Ranch,3,1,recent,default,32457,"Keefer, Johnny",,66.0,,,,,live_in_play,8.5,68.9,4.5,11.5,2,12.5,,69.5,4.5,,,,,+106,-112,,,,,-144,-128,,,,,L,,,,,,W,,,,,5.0
2026-05-23T02:21:38Z,2026-05-23T02:20:01Z,THE CJ CUP Byron Nelson,TPC Craig Ranch,3,1,course,default,32457,"Keefer, Johnny",,66.0,,,,,live_in_play,9.5,67.2,5,11,1.5,15,,69.5,4.5,,,,,+106,-112,,,,,-144,-128,,,,,L,,,,,,W,,,,,20.6
2026-05-23T02:21:38Z,2026-05-23T02:20:01Z,THE CJ CUP Byron Nelson,TPC Craig Ranch,3,1,skill,sg_total,32457,"Keefer, Johnny",,66.0,,,,,live_in_play,8.5,68.3,4.5,11.5,2,13,,69.5,4.5,,,,,+106,-112,,,,,-144,-128,,,,,L,,,,,,W,,,,,8.2
2026-05-23T02:21:38Z,2026-05-23T02:20:01Z,THE CJ CUP Byron Nelson,TPC Craig Ranch,3,1,default,default,15470,"Hossler, Beau",8,66.0,3,12,3,11,historical_rounds,6.5,69.1,4.5,11,2.5,11.5,,69.5,4.5,,,,,+115,-108,,,,,-154,-132,,,,W,L,L,W,W,L,L,W,W,L,L,W,7.0
2026-05-23T02:21:38Z,2026-05-23T02:20:01Z,THE CJ CUP Byron Nelson,TPC Craig Ranch,3,1,recent,default,15470,"Hossler, Beau",8,66.0,3,12,3,11,historical_rounds,6.5,68.9,4.5,11,2.5,11.5,,69.5,4.5,,,,,+115,-108,,,,,-154,-132,,,,W,L,L,W,W,L,L,W,W,L,L,W,6.1
2026-05-23T02:21:38Z,2026-05-23T02:20:01Z,THE CJ CUP Byron Nelson,TPC Craig Ranch,3,1,course,default,15470,"Hossler, Beau",8,66.0,3,12,3,11,historical_rounds,7.5,66.9,4.5,11,3,13.5,,69.5,4.5,,,,,+115,-108,,,,,-154,-132,,,,W,L,L,W,,L,L,W,W,L,,W,22.2
2026-05-23T02:21:38Z,2026-05-23T02:20:01Z,THE CJ CUP Byron Nelson,TPC Craig Ranch,3,1,skill,sg_total,15470,"Hossler, Beau",8,66.0,3,12,3,11,historical_rounds,6.5,68.9,4.5,11,2.5,11.5,,69.5,4.5,,,,,+115,-108,,,,,-154,-132,,,,W,L,L,W,W,L,L,W,W,L,L,W,6.1
2026-05-23T02:21:38Z,2026-05-23T02:20:01Z,THE CJ CUP Byron Nelson,TPC Craig Ranch,3,1,default,default,16283,"Rodgers, Patrick",0,68.0,3,10,5,0,historical_rounds,8.5,69.4,4.5,10.5,3,12.5,,68.5,4.5,,,,,-156,-112,,,,,+116,-128,,,,L,L,L,L,W,L,W,W,W,W,L,W,7.4
2026-05-23T02:21:38Z,2026-05-23T02:20:01Z,THE CJ CUP Byron Nelson,TPC Craig Ranch,3,1,recent,default,16283,"Rodgers, Patrick",0,68.0,3,10,5,0,historical_rounds,8.5,69.3,4.5,10.5,3,12.5,,68.5,4.5,,,,,-156,-112,,,,,+116,-128,,,,L,L,L,L,W,L,W,W,W,W,L,W,7.8
2026-05-23T02:21:38Z,2026-05-23T02:20:01Z,THE CJ CUP Byron Nelson,TPC Craig Ranch,3,1,course,default,16283,"Rodgers, Patrick",0,68.0,3,10,5,0,historical_rounds,10.5,71.0,5.5,10.5,2.5,14.5,,68.5,4.5,,,,,-156,-112,,,,,+116,-128,,,,L,L,L,L,W,L,W,W,W,W,L,W,21.1
2026-05-23T02:21:38Z,2026-05-23T02:20:01Z,THE CJ CUP Byron Nelson,TPC Craig Ranch,3,1,skill,sg_total,16283,"Rodgers, Patrick",0,68.0,3,10,5,0,historical_rounds,8.5,69.5,4.5,10.5,3,12.5,,68.5,4.5,,,,,-156,-112,,,,,+116,-128,,,,L,L,L,L,W,L,W,W,W,W,L,W,7.0
2026-05-23T02:21:38Z,2026-05-23T02:20:01Z,THE CJ CUP Byron Nelson,TPC Craig Ranch,3,1,default,default,28309,"Coody, Pierceson",9,68.0,2,11,4,11,historical_rounds,8,69.5,3.5,12.5,2,14,8.5,68.5,4.5,10.5,2.5,,-174,-120,-152,-156,+112,,+120,-112,+106,+110,-160,,W,L,L,W,W,L,L,W,W,L,L,W,20.0
2026-05-23T02:21:38Z,2026-05-23T02:20:01Z,THE CJ CUP Byron Nelson,TPC Craig Ranch,3,1,recent,default,28309,"Coody, Pierceson",9,68.0,2,11,4,11,historical_rounds,8,69.4,3.5,12.5,2,14,8.5,68.5,4.5,10.5,2.5,,-174,-120,-152,-156,+112,,+120,-112,+106,+110,-160,,W,L,L,W,W,L,L,W,W,L,L,W,19.4
2026-05-23T02:21:38Z,2026-05-23T02:20:01Z,THE CJ CUP Byron Nelson,TPC Craig Ranch,3,1,course,default,28309,"Coody, Pierceson",9,68.0,2,11,4,11,historical_rounds,10,70.7,4,12,1.5,16.5,8.5,68.5,4.5,10.5,2.5,,-174,-120,-152,-156,+112,,+120,-112,+106,+110,-160,,W,L,L,W,W,L,L,W,W,L,L,W,24.5
2026-05-23T02:21:38Z,2026-05-23T02:20:01Z,THE CJ CUP Byron Nelson,TPC Craig Ranch,3,1,skill,sg_total,28309,"Coody, Pierceson",9,68.0,2,11,4,11,historical_rounds,8,69.4,3.5,12.5,2,14,8.5,68.5,4.5,10.5,2.5,,-174,-120,-152,-156,+112,,+120,-112,+106,+110,-160,,W,L,L,W,W,L,L,W,W,L,L,W,19.4
2026-05-23T02:21:38Z,2026-05-23T02:20:01Z,THE CJ CUP Byron Nelson,TPC Craig Ranch,3,1,default,default,24766,"Kim, Tom",11,68.0,3,13,2,13,historical_rounds,10,70.3,4,10.5,3.5,13,,68.5,4.5,,,,,-138,-116,,,,,+102,-122,,,,W,L,L,W,L,,L,W,W,L,W,,16.6
2026-05-23T02:21:38Z,2026-05-23T02:20:01Z,THE CJ CUP Byron Nelson,TPC Craig Ranch,3,1,recent,default,24766,"Kim, Tom",11,68.0,3,13,2,13,historical_rounds,10,70.1,4,10.5,3.5,13,,68.5,4.5,,,,,-138,-116,,,,,+102,-122,,,,W,L,L,W,L,,L,W,W,L,W,,14.4
2026-05-23T02:21:38Z,2026-05-23T02:20:01Z,THE CJ CUP Byron Nelson,TPC Craig Ranch,3,1,course,default,24766,"Kim, Tom",11,68.0,3,13,2,13,historical_rounds,12,68.1,4.5,10.5,4,15,,68.5,4.5,,,,,-138,-116,,,,,+102,-122,,,,L,L,L,W,L,L,W,W,W,L,W,W,6.9
2026-05-23T02:21:38Z,2026-05-23T02:20:01Z,THE CJ CUP Byron Nelson,TPC Craig Ranch,3,1,skill,sg_total,24766,"Kim, Tom",11,68.0,3,13,2,13,historical_rounds,10,70.1,4,10.5,3.5,13,,68.5,4.5,,,,,-138,-116,,,,,+102,-122,,,,W,L,L,W,L,,L,W,W,L,W,,14.4
2026-05-23T02:21:38Z,2026-05-23T02:20:01Z,THE CJ CUP Byron Nelson,TPC Craig Ranch,3,1,default,default,20722,"Schmid, Matti",5,70.0,3,11,3,10,historical_rounds,7,71.2,4,10.5,3,12.5,,69.5,4.5,,,,,+116,-128,,,,,-156,-110,,,,L,W,L,W,,L,W,L,W,L,,W,27.2
2026-05-23T02:21:38Z,2026-05-23T02:20:01Z,THE CJ CUP Byron Nelson,TPC Craig Ranch,3,1,recent,default,20722,"Schmid, Matti",5,70.0,3,11,3,10,historical_rounds,7,71.0,4,10.5,3,13,,69.5,4.5,,,,,+116,-128,,,,,-156,-110,,,,L,W,L,W,,L,W,L,W,L,,W,24.0
2026-05-23T02:21:38Z,2026-05-23T02:20:01Z,THE CJ CUP Byron Nelson,TPC Craig Ranch,3,1,course,default,20722,"Schmid, Matti",5,70.0,3,11,3,10,historical_rounds,9,69.0,4,10.5,3,14.5,,69.5,4.5,,,,,+116,-128,,,,,-156,-110,,,,L,W,L,W,,L,W,L,W,L,,W,6.9
2026-05-23T02:21:38Z,2026-05-23T02:20:01Z,THE CJ CUP Byron Nelson,TPC Craig Ranch,3,1,skill,sg_total,20722,"Schmid, Matti",5,70.0,3,11,3,10,historical_rounds,7,71.1,4,10.5,3,12.5,,69.5,4.5,,,,,+116,-128,,,,,-156,-110,,,,L,W,L,W,,L,W,L,W,L,,W,26.2
2026-05-23T02:21:38Z,2026-05-23T02:20:01Z,THE CJ CUP Byron Nelson,TPC Craig Ranch,3,1,default,default,28159,"Meissner, Mac",7,68.0,2,11,4,13,historical_rounds,7,71.3,3.5,11,3.5,11.5,8.5,68.5,4.5,11.5,2.5,,-170,-134,-114,-102,+134,,+118,-102,-125,-138,-188,,L,L,L,L,W,W,W,W,W,W,L,L,32.5
2026-05-23T02:21:38Z,2026-05-23T02:20:01Z,THE CJ CUP Byron Nelson,TPC Craig Ranch,3,1,recent,default,28159,"Meissner, Mac",7,68.0,2,11,4,13,historical_rounds,7,71.1,3.5,11,3.5,11.5,8.5,68.5,4.5,11.5,2.5,,-170,-134,-114,-102,+134,,+118,-102,-125,-138,-188,,L,L,L,L,W,W,W,W,W,W,L,L,31.8
2026-05-23T02:21:38Z,2026-05-23T02:20:01Z,THE CJ CUP Byron Nelson,TPC Craig Ranch,3,1,course,default,28159,"Meissner, Mac",7,68.0,2,11,4,13,historical_rounds,9,69.1,3.5,11,4,13.5,8.5,68.5,4.5,11.5,2.5,,-170,-134,-114,-102,+134,,+118,-102,-125,-138,-188,,L,L,L,L,W,L,W,W,W,W,L,W,35.4
2026-05-23T02:21:38Z,2026-05-23T02:20:01Z,THE CJ CUP Byron Nelson,TPC Craig Ranch,3,1,skill,sg_total,28159,"Meissner, Mac",7,68.0,2,11,4,13,historical_rounds,7,71.1,3.5,11,3.5,11.5,8.5,68.5,4.5,11.5,2.5,,-170,-134,-114,-102,+134,,+118,-102,-125,-138,-188,,L,L,L,L,W,W,W,W,W,W,L,L,31.8
2026-05-23T02:21:38Z,2026-05-23T02:20:01Z,THE CJ CUP Byron Nelson,TPC Craig Ranch,3,2,default,default,18417,"Scheffler, Scottie",0,63.0,6,8,4,0,historical_rounds,8.5,66.2,6.5,10.5,1,14,10.5,65.5,6.5,10.5,1.5,14.5,+116,-118,-122,+102,+160,+106,-166,-114,-115,-146,-230,-146,L,L,L,L,W,L,W,W,W,W,L,W,20.9
2026-05-23T02:21:38Z,2026-05-23T02:20:01Z,THE CJ CUP Byron Nelson,TPC Craig Ranch,3,2,recent,default,18417,"Scheffler, Scottie",0,63.0,6,8,4,0,historical_rounds,8.5,66.4,6,10.5,1,14,10.5,65.5,6.5,10.5,1.5,14.5,+116,-118,-122,+102,+160,+106,-166,-114,-115,-146,-230,-146,L,L,L,L,W,L,W,W,W,W,L,W,21.5
2026-05-23T02:21:38Z,2026-05-23T02:20:01Z,THE CJ CUP Byron Nelson,TPC Craig Ranch,3,2,course,default,18417,"Scheffler, Scottie",0,63.0,6,8,4,0,historical_rounds,9.5,67.3,7.5,10.5,0.5,16.5,10.5,65.5,6.5,10.5,1.5,14.5,+116,-118,-122,+102,+160,+106,-166,-114,-115,-146,-230,-146,L,L,L,L,W,L,W,W,W,W,L,W,37.4
2026-05-23T02:21:38Z,2026-05-23T02:20:01Z,THE CJ CUP Byron Nelson,TPC Craig Ranch,3,2,skill,sg_total,18417,"Scheffler, Scottie",0,63.0,6,8,4,0,historical_rounds,8.5,66.4,6,10.5,1,14,10.5,65.5,6.5,10.5,1.5,14.5,+116,-118,-122,+102,+160,+106,-166,-114,-115,-146,-230,-146,L,L,L,L,W,L,W,W,W,W,L,W,21.5
2026-05-23T02:21:38Z,2026-05-23T02:20:01Z,THE CJ CUP Byron Nelson,TPC Craig Ranch,3,2,default,default,16333,"Hubbard, Mark",0,67.0,4,13,1,0,historical_rounds,11,66.0,6.5,10.5,1,13.5,,68.5,4.5,,,,,-114,-144,,,,,-120,+102,,,,L,L,L,W,,L,W,W,W,L,,W,27.6
2026-05-23T02:21:38Z,2026-05-23T02:20:01Z,THE CJ CUP Byron Nelson,TPC Craig Ranch,3,2,recent,default,16333,"Hubbard, Mark",0,67.0,4,13,1,0,historical_rounds,11,65.9,6.5,10.5,1,13.5,,68.5,4.5,,,,,-114,-144,,,,,-120,+102,,,,L,L,L,W,,L,W,W,W,L,,W,28.3
2026-05-23T02:21:38Z,2026-05-23T02:20:01Z,THE CJ CUP Byron Nelson,TPC Craig Ranch,3,2,course,default,16333,"Hubbard, Mark",0,67.0,4,13,1,0,historical_rounds,13.5,63.1,7,10.5,0.5,15.5,,68.5,4.5,,,,,-114,-144,,,,,-120,+102,,,,L,L,L,W,W,L,W,W,W,L,L,W,42.9
2026-05-23T02:21:38Z,2026-05-23T02:20:01Z,THE CJ CUP Byron Nelson,TPC Craig Ranch,3,2,skill,sg_total,16333,"Hubbard, Mark",0,67.0,4,13,1,0,historical_rounds,11,65.9,6.5,10.5,1,13.5,,68.5,4.5,,,,,-114,-144,,,,,-120,+102,,,,L,L,L,W,,L,W,W,W,L,,W,28.3
2026-05-23T02:21:38Z,2026-05-23T02:20:01Z,THE CJ CUP Byron Nelson,TPC Craig Ranch,3,2,default,default,16283,"Rodgers, Patrick",0,65.0,6,7,5,0,historical_rounds,10.5,66.1,6,10.5,1.5,14,,68.5,4.5,,,,,+106,-170,,,,,-142,+120,,,,L,L,W,L,W,L,W,W,L,W,L,W,21.7
2026-05-23T02:21:38Z,2026-05-23T02:20:01Z,THE CJ CUP Byron Nelson,TPC Craig Ranch,3,2,recent,default,16283,"Rodgers, Patrick",0,65.0,6,7,5,0,historical_rounds,10.5,66.1,6,10.5,1.5,14,,68.5,4.5,,,,,+106,-170,,,,,-142,+120,,,,L,L,W,L,W,L,W,W,L,W,L,W,22.5
2026-05-23T02:21:38Z,2026-05-23T02:20:01Z,THE CJ CUP Byron Nelson,TPC Craig Ranch,3,2,course,default,16283,"Rodgers, Patrick",0,65.0,6,7,5,0,historical_rounds,12,67.8,6.5,10.5,1,16,,68.5,4.5,,,,,+106,-170,,,,,-142,+120,,,,L,L,W,L,W,L,W,W,L,W,L,W,17.4
2026-05-23T02:21:38Z,2026-05-23T02:20:01Z,THE CJ CUP Byron Nelson,TPC Craig Ranch,3,2,skill,sg_total,16283,"Rodgers, Patrick",0,65.0,6,7,5,0,historical_rounds,10.5,66.2,5.5,10.5,1.5,14,,68.5,4.5,,,,,+106,-170,,,,,-142,+120,,,,L,L,W,L,W,L,W,W,L,W,L,W,20.8
2026-05-23T02:21:38Z,2026-05-23T02:20:01Z,THE CJ CUP Byron Nelson,TPC Craig Ranch,3,2,default,default,26649,"Thorbjornsen, Michael",4,73.0,4,8,6,13,historical_rounds,8.5,67.0,5,11,1.5,12,9.5,67.5,5.5,10.5,1.5,13.5,-112,-125,+114,-170,-158,-114,-130,-108,-160,+120,+112,-122,L,W,L,L,W,L,W,L,W,W,L,W,20.1
2026-05-23T02:21:38Z,2026-05-23T02:20:01Z,THE CJ CUP Byron Nelson,TPC Craig Ranch,3,2,recent,default,26649,"Thorbjornsen, Michael",4,73.0,4,8,6,13,historical_rounds,8.5,67.2,5,11,1.5,12,9.5,67.5,5.5,10.5,1.5,13.5,-112,-125,+114,-170,-158,-114,-130,-108,-160,+120,+112,-122,L,W,L,L,W,L,W,L,W,W,L,W,21.2
2026-05-23T02:21:38Z,2026-05-23T02:20:01Z,THE CJ CUP Byron Nelson,TPC Craig Ranch,3,2,course,default,26649,"Thorbjornsen, Michael",4,73.0,4,8,6,13,historical_rounds,11,63.6,6,11.5,1.5,14.5,9.5,67.5,5.5,10.5,1.5,13.5,-112,-125,+114,-170,-158,-114,-130,-108,-160,+120,+112,-122,L,W,L,L,W,L,W,L,W,W,L,W,40.2
2026-05-23T02:21:38Z,2026-05-23T02:20:01Z,THE CJ CUP Byron Nelson,TPC Craig Ranch,3,2,skill,sg_total,26649,"Thorbjornsen, Michael",4,73.0,4,8,6,13,historical_rounds,8.5,67.2,5,11,1.5,12,9.5,67.5,5.5,10.5,1.5,13.5,-112,-125,+114,-170,-158,-114,-130,-108,-160,+120,+112,-122,L,W,L,L,W,L,W,L,W,W,L,W,21.2
2026-05-23T02:21:38Z,2026-05-23T02:20:01Z,THE CJ CUP Byron Nelson,TPC Craig Ranch,3,2,default,default,22760,"Hisatsune, Ryo",9,68.0,7,10,1,14,historical_rounds,8.5,66.8,5,11,1.5,12,9.5,67.5,5.5,10.5,1.5,13.5,-170,-120,+108,-166,-156,-150,+118,-112,-154,+118,+110,+108,L,W,W,L,L,W,W,L,L,W,W,L,25.6
2026-05-23T02:21:38Z,2026-05-23T02:20:01Z,THE CJ CUP Byron Nelson,TPC Craig Ranch,3,2,recent,default,22760,"Hisatsune, Ryo",9,68.0,7,10,1,14,historical_rounds,8.5,66.7,5,11,1.5,12.5,9.5,67.5,5.5,10.5,1.5,13.5,-170,-120,+108,-166,-156,-150,+118,-112,-154,+118,+110,+108,L,W,W,L,L,W,W,L,L,W,W,L,24.8
2026-05-23T02:21:38Z,2026-05-23T02:20:01Z,THE CJ CUP Byron Nelson,TPC Craig Ranch,3,2,course,default,22760,"Hisatsune, Ryo",9,68.0,7,10,1,14,historical_rounds,10,68.1,5.5,11,1.5,14.5,9.5,67.5,5.5,10.5,1.5,13.5,-170,-120,+108,-166,-156,-150,+118,-112,-154,+118,+110,+108,L,W,W,L,L,W,W,L,L,W,W,L,6.9
2026-05-23T02:21:38Z,2026-05-23T02:20:01Z,THE CJ CUP Byron Nelson,TPC Craig Ranch,3,2,skill,sg_total,22760,"Hisatsune, Ryo",9,68.0,7,10,1,14,historical_rounds,8.5,66.8,5,11,1.5,12,9.5,67.5,5.5,10.5,1.5,13.5,-170,-120,+108,-166,-156,-150,+118,-112,-154,+118,+110,+108,L,W,W,L,L,W,W,L,L,W,W,L,25.5
2026-05-23T02:21:38Z,2026-05-23T02:20:01Z,THE CJ CUP Byron Nelson,TPC Craig Ranch,3,2,default,default,17780,"Pendrith, Taylor",10,67.0,6,10,2,13,historical_rounds,8.5,66.8,5,11,1.5,12.5,,67.5,5.5,,,,,-130,+108,,,,,-104,-152,,,,W,L,W,L,W,W,L,W,L,W,L,L,9.3
2026-05-23T02:21:38Z,2026-05-23T02:20:01Z,THE CJ CUP Byron Nelson,TPC Craig Ranch,3,2,recent,default,17780,"Pendrith, Taylor",10,67.0,6,10,2,13,historical_rounds,8.5,66.7,5,11,1.5,12.5,,67.5,5.5,,,,,-130,+108,,,,,-104,-152,,,,W,L,W,L,W,W,L,W,L,W,L,L,10.3
2026-05-23T02:21:38Z,2026-05-23T02:20:01Z,THE CJ CUP Byron Nelson,TPC Craig Ranch,3,2,course,default,17780,"Pendrith, Taylor",10,67.0,6,10,2,13,historical_rounds,9,66.6,5.5,11.5,1,14.5,,67.5,5.5,,,,,-130,+108,,,,,-104,-152,,,,W,L,W,L,W,L,L,W,L,W,L,W,12.3
2026-05-23T02:21:38Z,2026-05-23T02:20:01Z,THE CJ CUP Byron Nelson,TPC Craig Ranch,3,2,skill,sg_total,17780,"Pendrith, Taylor",10,67.0,6,10,2,13,historical_rounds,8.5,66.7,5,11,1.5,12.5,,67.5,5.5,,,,,-130,+108,,,,,-104,-152,,,,W,L,W,L,W,W,L,W,L,W,L,L,10.3
2026-05-23T02:21:38Z,2026-05-23T02:20:01Z,THE CJ CUP Byron Nelson,TPC Craig Ranch,3,2,default,default,16243,"Koepka, Brooks",0,69.0,1,16,1,0,historical_rounds,8.5,67.2,5,11,1.5,12,9.5,67.5,5.5,10.5,1.5,13.5,+126,-108,-136,+104,-210,-134,-184,-125,-104,-146,+146,-104,L,W,L,W,L,L,W,L,W,L,W,W,24.5
2026-05-23T02:21:38Z,2026-05-23T02:20:01Z,THE CJ CUP Byron Nelson,TPC Craig Ranch,3,2,recent,default,16243,"Koepka, Brooks",0,69.0,1,16,1,0,historical_rounds,8.5,67.3,5,11,2,12,9.5,67.5,5.5,10.5,1.5,13.5,+126,-108,-136,+104,-210,-134,-184,-125,-104,-146,+146,-104,L,W,L,W,L,L,W,L,W,L,W,W,25.1
2026-05-23T02:21:38Z,2026-05-23T02:20:01Z,THE CJ CUP Byron Nelson,TPC Craig Ranch,3,2,course,default,16243,"Koepka, Brooks",0,69.0,1,16,1,0,historical_rounds,9.5,65.6,5,11.5,1.5,14.5,9.5,67.5,5.5,10.5,1.5,13.5,+126,-108,-136,+104,-210,-134,-184,-125,-104,-146,+146,-104,L,W,L,W,L,L,W,L,W,L,W,W,20.2
2026-05-23T02:21:38Z,2026-05-23T02:20:01Z,THE CJ CUP Byron Nelson,TPC Craig Ranch,3,2,skill,sg_total,16243,"Koepka, Brooks",0,69.0,1,16,1,0,historical_rounds,8.5,66.9,5,11,1.5,12,9.5,67.5,5.5,10.5,1.5,13.5,+126,-108,-136,+104,-210,-134,-184,-125,-104,-146,+146,-104,L,W,L,W,L,L,W,L,W,L,W,W,23.1
2026-05-23T02:21:38Z,2026-05-23T02:20:01Z,THE CJ CUP Byron Nelson,TPC Craig Ranch,3,2,default,default,23604,"Clark, Wyndham",11,63.0,5,10,2,14,historical_rounds,8.5,67.0,5,11,1.5,12,9.5,67.5,5.5,10.5,1.5,13.5,+110,-134,+112,-152,-184,+112,-158,+100,-158,+106,+130,-154,W,L,L,L,W,W,L,W,W,W,L,L,13.7
2026-05-23T02:21:38Z,2026-05-23T02:20:01Z,THE CJ CUP Byron Nelson,TPC Craig Ranch,3,2,recent,default,23604,"Clark, Wyndham",11,63.0,5,10,2,14,historical_rounds,8.5,66.9,5,11,1.5,12,9.5,67.5,5.5,10.5,1.5,13.5,+110,-134,+112,-152,-184,+112,-158,+100,-158,+106,+130,-154,W,L,L,L,W,W,L,W,W,W,L,L,13.3
2026-05-23T02:21:38Z,2026-05-23T02:20:01Z,THE CJ CUP Byron Nelson,TPC Craig Ranch,3,2,course,default,23604,"Clark, Wyndham",11,63.0,5,10,2,14,historical_rounds,10.5,64.6,6,11.5,1.5,14.5,9.5,67.5,5.5,10.5,1.5,13.5,+110,-134,+112,-152,-184,+112,-158,+100,-158,+106,+130,-154,W,L,L,L,W,W,L,W,W,W,L,L,35.3
2026-05-23T02:21:38Z,2026-05-23T02:20:01Z,THE CJ CUP Byron Nelson,TPC Craig Ranch,3,2,skill,sg_total,23604,"Clark, Wyndham",11,63.0,5,10,2,14,historical_rounds,8.5,66.8,5,11,1.5,12.5,9.5,67.5,5.5,10.5,1.5,13.5,+110,-134,+112,-152,-184,+112,-158,+100,-158,+106,+130,-154,W,L,L,L,W,W,L,W,W,W,L,L,12.7
2026-05-23T02:21:38Z,2026-05-23T02:20:01Z,THE CJ CUP Byron Nelson,TPC Craig Ranch,3,2,default,default,17488,"Im, Sungjae",10,61.0,5,11,1,13,historical_rounds,8.5,67.0,5,11,1.5,12,,67.5,5.5,,,,,-132,+115,,,,,-104,-162,,,,W,L,L,,L,W,L,W,W,,W,L,7.2
2026-05-23T02:21:38Z,2026-05-23T02:20:01Z,THE CJ CUP Byron Nelson,TPC Craig Ranch,3,2,recent,default,17488,"Im, Sungjae",10,61.0,5,11,1,13,historical_rounds,8.5,67.2,5,11,1.5,12,,67.5,5.5,,,,,-132,+115,,,,,-104,-162,,,,W,L,L,,L,W,L,W,W,,W,L,8.4
2026-05-23T02:21:38Z,2026-05-23T02:20:01Z,THE CJ CUP Byron Nelson,TPC Craig Ranch,3,2,course,default,17488,"Im, Sungjae",10,61.0,5,11,1,13,historical_rounds,11,68.7,6,11,1.5,14.5,,67.5,5.5,,,,,-132,+115,,,,,-104,-162,,,,L,L,L,,L,L,W,W,W,,W,W,13.5
2026-05-23T02:21:38Z,2026-05-23T02:20:01Z,THE CJ CUP Byron Nelson,TPC Craig Ranch,3,2,skill,sg_total,17488,"Im, Sungjae",10,61.0,5,11,1,13,historical_rounds,8.5,66.9,5,11,1.5,12.5,,67.5,5.5,,,,,-132,+115,,,,,-104,-162,,,,W,L,L,,L,W,L,W,W,,W,L,7.8
2026-05-23T02:21:38Z,2026-05-23T02:20:01Z,THE CJ CUP Byron Nelson,TPC Craig Ranch,3,2,default,default,23504,"Hoey, Rico",9,66.0,6,10,1,16,historical_rounds,8.5,67.2,5,11,1.5,12,,67.5,5.5,,,,,-150,+128,,,,,+112,-182,,,,W,L,W,L,L,W,L,W,L,W,W,L,7.7
2026-05-23T02:21:38Z,2026-05-23T02:20:01Z,THE CJ CUP Byron Nelson,TPC Craig Ranch,3,2,recent,default,23504,"Hoey, Rico",9,66.0,6,10,1,16,historical_rounds,8.5,67.1,5,11,1.5,12,,67.5,5.5,,,,,-150,+128,,,,,+112,-182,,,,W,L,W,L,L,W,L,W,L,W,W,L,9.2
2026-05-23T02:21:38Z,2026-05-23T02:20:01Z,THE CJ CUP Byron Nelson,TPC Craig Ranch,3,2,course,default,23504,"Hoey, Rico",9,66.0,6,10,1,16,historical_rounds,10.5,64.7,5.5,11,1.5,14.5,,67.5,5.5,,,,,-150,+128,,,,,+112,-182,,,,L,L,W,L,L,W,W,W,L,W,W,L,37.4
2026-05-23T02:21:38Z,2026-05-23T02:20:01Z,THE CJ CUP Byron Nelson,TPC Craig Ranch,3,2,skill,sg_total,23504,"Hoey, Rico",9,66.0,6,10,1,16,historical_rounds,8.5,67.1,5,11,1.5,12,,67.5,5.5,,,,,-150,+128,,,,,+112,-182,,,,W,L,W,L,L,W,L,W,L,W,W,L,8.8
2026-05-23T02:21:38Z,2026-05-23T02:20:01Z,THE CJ CUP Byron Nelson,TPC Craig Ranch,3,2,default,default,23838,"Hojgaard, Rasmus",10,65.0,6,10,2,13,historical_rounds,8.5,67.0,5,11,1.5,12,,67.5,5.5,,,,,-140,+106,,,,,+104,-150,,,,W,L,W,L,W,W,L,W,L,W,L,L,8.3
2026-05-23T02:21:38Z,2026-05-23T02:20:01Z,THE CJ CUP Byron Nelson,TPC Craig Ranch,3,2,recent,default,23838,"Hojgaard, Rasmus",10,65.0,6,10,2,13,historical_rounds,8.5,67.0,5,11,1.5,12,,67.5,5.5,,,,,-140,+106,,,,,+104,-150,,,,W,L,W,L,W,W,L,W,L,W,L,L,8.6
2026-05-23T02:21:38Z,2026-05-23T02:20:01Z,THE CJ CUP Byron Nelson,TPC Craig Ranch,3,2,course,default,23838,"Hojgaard, Rasmus",10,65.0,6,10,2,13,historical_rounds,7.5,68.3,5,11,1.5,14.5,,67.5,5.5,,,,,-140,+106,,,,,+104,-150,,,,W,L,W,L,W,L,L,W,L,W,L,W,9.5
2026-05-23T02:21:38Z,2026-05-23T02:20:01Z,THE CJ CUP Byron Nelson,TPC Craig Ranch,3,2,skill,sg_total,23838,"Hojgaard, Rasmus",10,65.0,6,10,2,13,historical_rounds,8.5,66.8,5,11,1.5,12.5,,67.5,5.5,,,,,-140,+106,,,,,+104,-150,,,,W,L,W,L,W,W,L,W,L,W,L,L,10.8
2026-05-23T02:21:38Z,2026-05-23T02:20:01Z,THE CJ CUP Byron Nelson,TPC Craig Ranch,3,2,default,default,18586,"Smith, Jordan",,67.0,,,,,live_in_play,8.5,67.2,5,11,1.5,12,,67.5,4.5,,,,,-156,-172,,,,,+116,+122,,,,,L,,,,,,W,,,,,8.4
2026-05-23T02:21:38Z,2026-05-23T02:20:01Z,THE CJ CUP Byron Nelson,TPC Craig Ranch,3,2,recent,default,18586,"Smith, Jordan",,67.0,,,,,live_in_play,8.5,67.4,5,11,2,12,,67.5,4.5,,,,,-156,-172,,,,,+116,+122,,,,,L,,,,,,W,,,,,8.4
2026-05-23T02:21:38Z,2026-05-23T02:20:01Z,THE CJ CUP Byron Nelson,TPC Craig Ranch,3,2,course,default,18586,"Smith, Jordan",,67.0,,,,,live_in_play,8.5,65.4,6,11,1,14.5,,67.5,4.5,,,,,-156,-172,,,,,+116,+122,,,,,L,,,,,,W,,,,,31.4
2026-05-23T02:21:38Z,2026-05-23T02:20:01Z,THE CJ CUP Byron Nelson,TPC Craig Ranch,3,2,skill,sg_total,18586,"Smith, Jordan",,67.0,,,,,live_in_play,8.5,67.4,5,11,2,12,,67.5,4.5,,,,,-156,-172,,,,,+116,+122,,,,,L,,,,,,W,,,,,8.4
2026-05-23T02:21:38Z,2026-05-23T02:20:01Z,THE CJ CUP Byron Nelson,TPC Craig Ranch,3,2,default,default,26653,"Eckroat, Austin",10,71.0,6,12,0,13,historical_rounds,8.5,67.2,5,11,1.5,12,9.5,67.5,4.5,10.5,1.5,13.5,-146,-156,-186,-170,-192,+120,+100,+116,+132,+120,+136,-164,W,W,W,W,L,L,L,L,L,L,W,W,19.7
2026-05-23T02:21:38Z,2026-05-23T02:20:01Z,THE CJ CUP Byron Nelson,TPC Craig Ranch,3,2,recent,default,26653,"Eckroat, Austin",10,71.0,6,12,0,13,historical_rounds,8.5,67.3,5,11,1.5,12,9.5,67.5,4.5,10.5,1.5,13.5,-146,-156,-186,-170,-192,+120,+100,+116,+132,+120,+136,-164,W,W,W,W,L,L,L,L,L,L,W,W,20.1
2026-05-23T02:21:38Z,2026-05-23T02:20:01Z,THE CJ CUP Byron Nelson,TPC Craig Ranch,3,2,course,default,26653,"Eckroat, Austin",10,71.0,6,12,0,13,historical_rounds,10.5,64.5,5.5,11,2,14.5,9.5,67.5,4.5,10.5,1.5,13.5,-146,-156,-186,-170,-192,+120,+100,+116,+132,+120,+136,-164,W,W,W,W,L,L,L,L,L,L,W,W,39.8
2026-05-23T02:21:38Z,2026-05-23T02:20:01Z,THE CJ CUP Byron Nelson,TPC Craig Ranch,3,2,skill,sg_total,26653,"Eckroat, Austin",10,71.0,6,12,0,13,historical_rounds,8.5,67.1,5,11,1.5,12.5,9.5,67.5,4.5,10.5,1.5,13.5,-146,-156,-186,-170,-192,+120,+100,+116,+132,+120,+136,-164,W,W,W,W,L,L,L,L,L,L,W,W,18.9
2026-05-23T02:21:38Z,2026-05-23T02:20:01Z,THE CJ CUP Byron Nelson,TPC Craig Ranch,3,2,default,default,29197,"Brennan, Michael",,69.0,,,,,live_in_play,8.5,67.3,5,11,1.5,12,,67.5,5.5,,,,,-146,-104,,,,,+108,-136,,,,,W,,,,,,L,,,,,9.1
2026-05-23T02:21:38Z,2026-05-23T02:20:01Z,THE CJ CUP Byron Nelson,TPC Craig Ranch,3,2,recent,default,29197,"Brennan, Michael",,69.0,,,,,live_in_play,8.5,67.5,5,11,2,12,,67.5,5.5,,,,,-146,-104,,,,,+108,-136,,,,,W,,,,,,L,,,,,7.5
2026-05-23T02:21:38Z,2026-05-23T02:20:01Z,THE CJ CUP Byron Nelson,TPC Craig Ranch,3,2,course,default,29197,"Brennan, Michael",,69.0,,,,,live_in_play,11,64.0,6,11.5,1,14.5,,67.5,5.5,,,,,-146,-104,,,,,+108,-136,,,,,W,,,,,,L,,,,,41.5
2026-05-23T02:21:38Z,2026-05-23T02:20:01Z,THE CJ CUP Byron Nelson,TPC Craig Ranch,3,2,skill,sg_total,29197,"Brennan, Michael",,69.0,,,,,live_in_play,8.5,67.5,5,11,2,12,,67.5,5.5,,,,,-146,-104,,,,,+108,-136,,,,,W,,,,,,L,,,,,7.5
2026-05-23T02:21:38Z,2026-05-23T02:20:01Z,THE CJ CUP Byron Nelson,TPC Craig Ranch,3,2,default,default,23465,"Greyserman, Max",5,62.0,2,10,6,12,historical_rounds,8.5,67.3,5,11,1.5,12,,67.5,5.5,,,,,-140,+105,,,,,+104,-148,,,,L,L,L,L,W,,W,W,W,W,L,,8.4
2026-05-23T02:21:38Z,2026-05-23T02:20:01Z,THE CJ CUP Byron Nelson,TPC Craig Ranch,3,2,recent,default,23465,"Greyserman, Max",5,62.0,2,10,6,12,historical_rounds,8.5,67.1,5,11,1.5,12.5,,67.5,5.5,,,,,-140,+105,,,,,+104,-148,,,,L,L,L,L,W,L,W,W,W,W,L,W,7.2
2026-05-23T02:21:38Z,2026-05-23T02:20:01Z,THE CJ CUP Byron Nelson,TPC Craig Ranch,3,2,course,default,23465,"Greyserman, Max",5,62.0,2,10,6,12,historical_rounds,10.5,67.1,5,11,1.5,14,,67.5,5.5,,,,,-140,+105,,,,,+104,-148,,,,L,L,L,L,W,L,W,W,W,W,L,W,7.0
2026-05-23T02:21:38Z,2026-05-23T02:20:01Z,THE CJ CUP Byron Nelson,TPC Craig Ranch,3,2,skill,sg_total,23465,"Greyserman, Max",5,62.0,2,10,6,12,historical_rounds,8.5,67.1,5,11,1.5,12.5,,67.5,5.5,,,,,-140,+105,,,,,+104,-148,,,,L,L,L,L,W,L,W,W,W,W,L,W,7.2
2026-05-23T02:21:38Z,2026-05-23T02:20:01Z,THE CJ CUP Byron Nelson,TPC Craig Ranch,3,2,default,default,23841,"Neergaard-Petersen, Rasmus",,66.0,,,,,live_in_play,8.5,67.2,5,11,1.5,12,,68.5,4.5,,,,,+106,-168,,,,,-144,+118,,,,,L,,,,,,W,,,,,8.7
2026-05-23T02:21:38Z,2026-05-23T02:20:01Z,THE CJ CUP Byron Nelson,TPC Craig Ranch,3,2,recent,default,23841,"Neergaard-Petersen, Rasmus",,66.0,,,,,live_in_play,8.5,67.2,5,11,1.5,12,,68.5,4.5,,,,,+106,-168,,,,,-144,+118,,,,,L,,,,,,W,,,,,9.0
2026-05-23T02:21:38Z,2026-05-23T02:20:01Z,THE CJ CUP Byron Nelson,TPC Craig Ranch,3,2,course,default,23841,"Neergaard-Petersen, Rasmus",,66.0,,,,,live_in_play,11,64.1,6.5,11.5,1,14.5,,68.5,4.5,,,,,+106,-168,,,,,-144,+118,,,,,L,,,,,,W,,,,,35.6
2026-05-23T02:21:38Z,2026-05-23T02:20:01Z,THE CJ CUP Byron Nelson,TPC Craig Ranch,3,2,skill,sg_total,23841,"Neergaard-Petersen, Rasmus",,66.0,,,,,live_in_play,8.5,67.5,5,11,2,12,,68.5,4.5,,,,,+106,-168,,,,,-144,+118,,,,,L,,,,,,W,,,,,8.2
2026-05-23T02:21:38Z,2026-05-23T02:20:01Z,THE CJ CUP Byron Nelson,TPC Craig Ranch,3,2,default,default,12423,"Kirk, Chris",,66.0,,,,,live_in_play,8.5,67.5,5,11,2,12,,67.5,4.5,,,,,-158,-172,,,,,+118,+122,,,,,L,,,,,,W,,,,,9.2
2026-05-23T02:21:38Z,2026-05-23T02:20:01Z,THE CJ CUP Byron Nelson,TPC Craig Ranch,3,2,recent,default,12423,"Kirk, Chris",,66.0,,,,,live_in_play,8.5,67.3,5,11,1.5,12.5,,67.5,4.5,,,,,-158,-172,,,,,+118,+122,,,,,L,,,,,,W,,,,,7.6
2026-05-23T02:21:38Z,2026-05-23T02:20:01Z,THE CJ CUP Byron Nelson,TPC Craig Ranch,3,2,course,default,12423,"Kirk, Chris",,66.0,,,,,live_in_play,10.5,65.7,5.5,10.5,1.5,14.5,,67.5,4.5,,,,,-158,-172,,,,,+118,+122,,,,,L,,,,,,W,,,,,28.7
2026-05-23T02:21:38Z,2026-05-23T02:20:01Z,THE CJ CUP Byron Nelson,TPC Craig Ranch,3,2,skill,sg_total,12423,"Kirk, Chris",,66.0,,,,,live_in_play,8.5,67.5,5,11,2,12,,67.5,4.5,,,,,-158,-172,,,,,+118,+122,,,,,L,,,,,,W,,,,,9.1
2026-05-23T02:21:38Z,2026-05-23T02:20:01Z,THE CJ CUP Byron Nelson,TPC Craig Ranch,3,2,default,default,15470,"Hossler, Beau",8,73.0,4,12,2,13,historical_rounds,7.5,67.6,5,11,2,13,,67.5,4.5,,,,,-158,-184,,,,,+116,+130,,,,W,W,L,W,,,L,L,W,L,,,8.4
2026-05-23T02:21:38Z,2026-05-23T02:20:01Z,THE CJ CUP Byron Nelson,TPC Craig Ranch,3,2,recent,default,15470,"Hossler, Beau",8,73.0,4,12,2,13,historical_rounds,7.5,67.4,5.5,11,1.5,13,,67.5,4.5,,,,,-158,-184,,,,,+116,+130,,,,W,W,L,W,W,,L,L,W,L,L,,7.9
2026-05-23T02:21:38Z,2026-05-23T02:20:01Z,THE CJ CUP Byron Nelson,TPC Craig Ranch,3,2,course,default,15470,"Hossler, Beau",8,73.0,4,12,2,13,historical_rounds,8.5,65.4,5.5,11,2.5,15,,67.5,4.5,,,,,-158,-184,,,,,+116,+130,,,,L,W,L,W,L,L,W,L,W,L,W,W,31.9
2026-05-23T02:21:38Z,2026-05-23T02:20:01Z,THE CJ CUP Byron Nelson,TPC Craig Ranch,3,2,skill,sg_total,15470,"Hossler, Beau",8,73.0,4,12,2,13,historical_rounds,7.5,67.4,5.5,11,1.5,13,,67.5,4.5,,,,,-158,-184,,,,,+116,+130,,,,W,W,L,W,W,,L,L,W,L,L,,7.9
2026-05-23T02:21:38Z,2026-05-23T02:20:01Z,THE CJ CUP Byron Nelson,TPC Craig Ranch,3,2,default,default,21944,"Moore, Taylor",9,69.0,6,12,0,14,historical_rounds,8.5,67.6,5,11,2,12,8.5,68.5,4.5,10.5,1.5,12.5,-125,+114,-178,-172,-205,-132,-114,-152,+126,+120,+142,-104,W,W,W,W,L,W,L,L,L,L,W,L,5.1
2026-05-23T02:21:38Z,2026-05-23T02:20:01Z,THE CJ CUP Byron Nelson,TPC Craig Ranch,3,2,recent,default,21944,"Moore, Taylor",9,69.0,6,12,0,14,historical_rounds,8.5,67.4,5,11,1.5,12.5,8.5,68.5,4.5,10.5,1.5,12.5,-125,+114,-178,-172,-205,-132,-114,-152,+126,+120,+142,-104,W,W,W,W,L,W,L,L,L,L,W,L,5.9
2026-05-23T02:21:38Z,2026-05-23T02:20:01Z,THE CJ CUP Byron Nelson,TPC Craig Ranch,3,2,course,default,21944,"Moore, Taylor",9,69.0,6,12,0,14,historical_rounds,10.5,65.4,5,11.5,2,14,8.5,68.5,4.5,10.5,1.5,12.5,-125,+114,-178,-172,-205,-132,-114,-152,+126,+120,+142,-104,W,W,W,W,L,W,L,L,L,L,W,L,32.4
2026-05-23T02:21:38Z,2026-05-23T02:20:01Z,THE CJ CUP Byron Nelson,TPC Craig Ranch,3,2,skill,sg_total,21944,"Moore, Taylor",9,69.0,6,12,0,14,historical_rounds,8.5,67.6,5,11,2,12,8.5,68.5,4.5,10.5,1.5,12.5,-125,+114,-178,-172,-205,-132,-114,-152,+126,+120,+142,-104,W,W,W,W,L,W,L,L,L,L,W,L,4.9
2026-05-23T02:21:38Z,2026-05-23T02:20:01Z,THE CJ CUP Byron Nelson,TPC Craig Ranch,3,2,default,default,14609,"Kim, Si Woo",12,60.0,4,12,2,12,historical_rounds,11,67.6,5.5,10,2,12,10.5,66.5,5.5,11.5,1.5,13.5,-138,-150,-118,+126,+105,-120,-104,+110,-120,-176,-148,-114,W,L,L,W,W,L,L,W,W,L,L,W,23.4
2026-05-23T02:21:38Z,2026-05-23T02:20:01Z,THE CJ CUP Byron Nelson,TPC Craig Ranch,3,2,recent,default,14609,"Kim, Si Woo",12,60.0,4,12,2,12,historical_rounds,11,67.6,5.5,10,2,12,10.5,66.5,5.5,11.5,1.5,13.5,-138,-150,-118,+126,+105,-120,-104,+110,-120,-176,-148,-114,W,L,L,W,W,L,L,W,W,L,L,W,23.2
2026-05-23T02:21:38Z,2026-05-23T02:20:01Z,THE CJ CUP Byron Nelson,TPC Craig Ranch,3,2,course,default,14609,"Kim, Si Woo",12,60.0,4,12,2,12,historical_rounds,12.5,69.0,7,10,1.5,14.5,10.5,66.5,5.5,11.5,1.5,13.5,-138,-150,-118,+126,+105,-120,-104,+110,-120,-176,-148,-114,W,L,L,W,W,L,L,W,W,L,L,W,34.0
2026-05-23T02:21:38Z,2026-05-23T02:20:01Z,THE CJ CUP Byron Nelson,TPC Craig Ranch,3,2,skill,sg_total,14609,"Kim, Si Woo",12,60.0,4,12,2,12,historical_rounds,11,67.9,5.5,10,2.5,12,10.5,66.5,5.5,11.5,1.5,13.5,-138,-150,-118,+126,+105,-120,-104,+110,-120,-176,-148,-114,W,L,L,W,W,L,L,W,W,L,L,W,25.1
2026-05-23T02:21:38Z,2026-05-23T02:20:01Z,THE CJ CUP Byron Nelson,TPC Craig Ranch,3,2,default,default,10104,"Power, Seamus",5,65.0,3,13,2,13,historical_rounds,9.5,67.5,5.5,10.5,2,13,,68.5,4.5,,,,,-104,-136,,,,,-130,-104,,,,L,L,L,W,,,W,W,W,L,,,10.8
2026-05-23T02:21:38Z,2026-05-23T02:20:01Z,THE CJ CUP Byron Nelson,TPC Craig Ranch,3,2,recent,default,10104,"Power, Seamus",5,65.0,3,13,2,13,historical_rounds,9.5,67.3,6,10.5,2,13,,68.5,4.5,,,,,-104,-136,,,,,-130,-104,,,,L,L,L,W,,,W,W,W,L,,,12.0
2026-05-23T02:21:38Z,2026-05-23T02:20:01Z,THE CJ CUP Byron Nelson,TPC Craig Ranch,3,2,course,default,10104,"Power, Seamus",5,65.0,3,13,2,13,historical_rounds,11.5,64.3,6.5,10.5,1.5,15.5,,68.5,4.5,,,,,-104,-136,,,,,-130,-104,,,,L,L,L,W,W,L,W,W,W,L,L,W,37.0
2026-05-23T02:21:38Z,2026-05-23T02:20:01Z,THE CJ CUP Byron Nelson,TPC Craig Ranch,3,2,skill,sg_total,10104,"Power, Seamus",5,65.0,3,13,2,13,historical_rounds,9.5,67.9,5.5,10.5,2,13,,68.5,4.5,,,,,-104,-136,,,,,-130,-104,,,,L,L,L,W,,,W,W,W,L,,,7.6
2026-05-23T02:21:38Z,2026-05-23T02:20:01Z,THE CJ CUP Byron Nelson,TPC Craig Ranch,3,2,default,default,32152,"Brown, Blades",,68.0,,,,,live_in_play,8.5,67.4,5,11,1.5,12.5,,68.5,5.5,,,,,+112,+112,,,,,-150,-160,,,,,L,,,,,,W,,,,,8.6
2026-05-23T02:21:38Z,2026-05-23T02:20:01Z,THE CJ CUP Byron Nelson,TPC Craig Ranch,3,2,recent,default,32152,"Brown, Blades",,68.0,,,,,live_in_play,8.5,67.2,5,11,1.5,12.5,,68.5,5.5,,,,,+112,+112,,,,,-150,-160,,,,,L,,,,,,W,,,,,7.8
2026-05-23T02:21:38Z,2026-05-23T02:20:01Z,THE CJ CUP Byron Nelson,TPC Craig Ranch,3,2,course,default,32152,"Brown, Blades",,68.0,,,,,live_in_play,10.5,65.2,5,11.5,2,14.5,,68.5,5.5,,,,,+112,+112,,,,,-150,-160,,,,,L,,,,,,W,,,,,28.3
2026-05-23T02:21:38Z,2026-05-23T02:20:01Z,THE CJ CUP Byron Nelson,TPC Craig Ranch,3,2,skill,sg_total,32152,"Brown, Blades",,68.0,,,,,live_in_play,8.5,67.2,5,11,1.5,12.5,,68.5,5.5,,,,,+112,+112,,,,,-150,-160,,,,,L,,,,,,W,,,,,7.7
2026-05-23T02:21:38Z,2026-05-23T02:20:01Z,THE CJ CUP Byron Nelson,TPC Craig Ranch,3,2,default,default,20954,"Hirata, Kensei",,65.0,,,,,live_in_play,8.5,67.5,5,11,2,12.5,,68.5,4.5,,,,,-152,-102,,,,,+112,-140,,,,,L,,,,,,W,,,,,17.0
2026-05-23T02:21:38Z,2026-05-23T02:20:01Z,THE CJ CUP Byron Nelson,TPC Craig Ranch,3,2,recent,default,20954,"Hirata, Kensei",,65.0,,,,,live_in_play,8.5,67.4,5,11,1.5,12.5,,68.5,4.5,,,,,-152,-102,,,,,+112,-140,,,,,L,,,,,,W,,,,,17.9
2026-05-23T02:21:38Z,2026-05-23T02:20:01Z,THE CJ CUP Byron Nelson,TPC Craig Ranch,3,2,course,default,20954,"Hirata, Kensei",,65.0,,,,,live_in_play,11,66.3,6.5,11,1,14.5,,68.5,4.5,,,,,-152,-102,,,,,+112,-140,,,,,L,,,,,,W,,,,,31.6
2026-05-23T02:21:38Z,2026-05-23T02:20:01Z,THE CJ CUP Byron Nelson,TPC Craig Ranch,3,2,skill,sg_total,20954,"Hirata, Kensei",,65.0,,,,,live_in_play,8.5,67.4,5,11,1.5,12.5,,68.5,4.5,,,,,-152,-102,,,,,+112,-140,,,,,L,,,,,,W,,,,,17.9
2026-05-23T02:21:38Z,2026-05-23T02:20:01Z,THE CJ CUP Byron Nelson,TPC Craig Ranch,3,2,default,default,32457,"Keefer, Johnny",,69.0,,,,,live_in_play,8.5,67.5,5,11,1.5,12.5,,68.5,4.5,,,,,-104,-170,,,,,-130,+120,,,,,W,,,,,,L,,,,,8.9
2026-05-23T02:21:38Z,2026-05-23T02:20:01Z,THE CJ CUP Byron Nelson,TPC Craig Ranch,3,2,recent,default,32457,"Keefer, Johnny",,69.0,,,,,live_in_play,8.5,67.9,4.5,11,2,12,,68.5,4.5,,,,,-104,-170,,,,,-130,+120,,,,,W,,,,,,L,,,,,5.2
2026-05-23T02:21:38Z,2026-05-23T02:20:01Z,THE CJ CUP Byron Nelson,TPC Craig Ranch,3,2,course,default,32457,"Keefer, Johnny",,69.0,,,,,live_in_play,9,66.2,5.5,10.5,1.5,14.5,,68.5,4.5,,,,,-104,-170,,,,,-130,+120,,,,,W,,,,,,L,,,,,23.4
2026-05-23T02:21:38Z,2026-05-23T02:20:01Z,THE CJ CUP Byron Nelson,TPC Craig Ranch,3,2,skill,sg_total,32457,"Keefer, Johnny",,69.0,,,,,live_in_play,8.5,67.2,5,11,1.5,12.5,,68.5,4.5,,,,,-104,-170,,,,,-130,+120,,,,,W,,,,,,L,,,,,11.0
2026-05-23T02:21:38Z,2026-05-23T02:20:01Z,THE CJ CUP Byron Nelson,TPC Craig Ranch,3,2,default,default,15330,"Griffin, Lanto",8,69.0,6,10,2,13,historical_rounds,7.5,67.8,5.5,10.5,1.5,13,,68.5,4.5,,,,,-130,-134,,,,,-104,-105,,,,W,W,W,L,W,,L,L,L,W,L,,8.9
2026-05-23T02:21:38Z,2026-05-23T02:20:01Z,THE CJ CUP Byron Nelson,TPC Craig Ranch,3,2,recent,default,15330,"Griffin, Lanto",8,69.0,6,10,2,13,historical_rounds,7.5,67.6,5.5,10.5,1.5,13,,68.5,4.5,,,,,-130,-134,,,,,-104,-105,,,,W,W,W,L,W,,L,L,L,W,L,,11.7
2026-05-23T02:21:38Z,2026-05-23T02:20:01Z,THE CJ CUP Byron Nelson,TPC Craig Ranch,3,2,course,default,15330,"Griffin, Lanto",8,69.0,6,10,2,13,historical_rounds,9.5,65.6,5.5,11,2,15,,68.5,4.5,,,,,-130,-134,,,,,-104,-105,,,,L,W,W,L,,L,W,L,L,W,,W,34.3
2026-05-23T02:21:38Z,2026-05-23T02:20:01Z,THE CJ CUP Byron Nelson,TPC Craig Ranch,3,2,skill,sg_total,15330,"Griffin, Lanto",8,69.0,6,10,2,13,historical_rounds,7.5,67.6,5.5,10.5,1.5,13,,68.5,4.5,,,,,-130,-134,,,,,-104,-105,,,,W,W,W,L,W,,L,L,L,W,L,,11.7
2026-05-23T02:21:38Z,2026-05-23T02:20:01Z,THE CJ CUP Byron Nelson,TPC Craig Ranch,3,2,default,default,14636,"Spieth, Jordan",0,62.0,3,13,2,0,historical_rounds,9.5,67.7,5.5,11,1.5,13,9.5,66.5,5.5,10.5,1.5,13.5,-112,-158,-128,-142,-124,-106,-128,+118,-110,+100,-114,-130,L,L,L,W,W,L,W,W,W,L,L,W,6.1
2026-05-23T02:21:38Z,2026-05-23T02:20:01Z,THE CJ CUP Byron Nelson,TPC Craig Ranch,3,2,recent,default,14636,"Spieth, Jordan",0,62.0,3,13,2,0,historical_rounds,9.5,67.6,5.5,11,1.5,13,9.5,66.5,5.5,10.5,1.5,13.5,-112,-158,-128,-142,-124,-106,-128,+118,-110,+100,-114,-130,L,L,L,W,W,L,W,W,W,L,L,W,4.4
2026-05-23T02:21:38Z,2026-05-23T02:20:01Z,THE CJ CUP Byron Nelson,TPC Craig Ranch,3,2,course,default,14636,"Spieth, Jordan",0,62.0,3,13,2,0,historical_rounds,8.5,69.4,6.5,10.5,1,15.5,9.5,66.5,5.5,10.5,1.5,13.5,-112,-158,-128,-142,-124,-106,-128,+118,-110,+100,-114,-130,L,L,L,W,W,L,W,W,W,L,L,W,32.1
2026-05-23T02:21:38Z,2026-05-23T02:20:01Z,THE CJ CUP Byron Nelson,TPC Craig Ranch,3,2,skill,sg_total,14636,"Spieth, Jordan",0,62.0,3,13,2,0,historical_rounds,9.5,68.0,5.5,10.5,1.5,13,9.5,66.5,5.5,10.5,1.5,13.5,-112,-158,-128,-142,-124,-106,-128,+118,-110,+100,-114,-130,L,L,L,W,W,L,W,W,W,L,L,W,9.9
2026-05-23T02:21:38Z,2026-05-23T02:20:01Z,THE CJ CUP Byron Nelson,TPC Craig Ranch,3,2,default,default,12808,"Grillo, Emiliano",7,69.0,8,9,1,13,historical_rounds,8.5,67.6,5,11,2,12.5,10.5,68.5,4.5,11.5,2.5,13.5,+108,-118,-134,+112,+136,+108,-156,-114,-105,-158,-192,-150,L,W,W,L,L,L,W,L,L,W,W,W,24.1
2026-05-23T02:21:38Z,2026-05-23T02:20:01Z,THE CJ CUP Byron Nelson,TPC Craig Ranch,3,2,recent,default,12808,"Grillo, Emiliano",7,69.0,8,9,1,13,historical_rounds,8.5,67.5,5,11,1.5,12.5,10.5,68.5,4.5,11.5,2.5,13.5,+108,-118,-134,+112,+136,+108,-156,-114,-105,-158,-192,-150,L,W,W,L,L,L,W,L,L,W,W,W,23.6
2026-05-23T02:21:38Z,2026-05-23T02:20:01Z,THE CJ CUP Byron Nelson,TPC Craig Ranch,3,2,course,default,12808,"Grillo, Emiliano",7,69.0,8,9,1,13,historical_rounds,6.5,69.0,6,11,1.5,14.5,10.5,68.5,4.5,11.5,2.5,13.5,+108,-118,-134,+112,+136,+108,-156,-114,-105,-158,-192,-150,L,W,W,L,L,L,W,L,L,W,W,W,37.7
2026-05-23T02:21:38Z,2026-05-23T02:20:01Z,THE CJ CUP Byron Nelson,TPC Craig Ranch,3,2,skill,sg_total,12808,"Grillo, Emiliano",7,69.0,8,9,1,13,historical_rounds,8.5,68.0,4.5,11,2,12,10.5,68.5,4.5,11.5,2.5,13.5,+108,-118,-134,+112,+136,+108,-156,-114,-105,-158,-192,-150,L,W,W,L,L,L,W,L,L,W,W,W,24.9
2026-05-23T02:21:38Z,2026-05-23T02:20:01Z,THE CJ CUP Byron Nelson,TPC Craig Ranch,3,2,default,default,26850,"Svensson, Jesper",5,72.0,3,10,5,11,historical_rounds,8.5,68.1,4.5,11,2,12,8.5,68.5,4.5,10.5,2.5,12.5,-156,-118,-158,-148,+110,-140,+108,-114,+112,+105,-156,+100,L,W,L,L,W,L,W,L,W,W,L,W,6.2
2026-05-23T02:21:38Z,2026-05-23T02:20:01Z,THE CJ CUP Byron Nelson,TPC Craig Ranch,3,2,recent,default,26850,"Svensson, Jesper",5,72.0,3,10,5,11,historical_rounds,8.5,68.0,5,11,2,12,8.5,68.5,4.5,10.5,2.5,12.5,-156,-118,-158,-148,+110,-140,+108,-114,+112,+105,-156,+100,L,W,L,L,W,L,W,L,W,W,L,W,5.1
2026-05-23T02:21:38Z,2026-05-23T02:20:01Z,THE CJ CUP Byron Nelson,TPC Craig Ranch,3,2,course,default,26850,"Svensson, Jesper",5,72.0,3,10,5,11,historical_rounds,10.5,65.0,5.5,11.5,2,14.5,8.5,68.5,4.5,10.5,2.5,12.5,-156,-118,-158,-148,+110,-140,+108,-114,+112,+105,-156,+100,L,W,L,L,W,L,W,L,W,W,L,W,36.8
2026-05-23T02:21:38Z,2026-05-23T02:20:01Z,THE CJ CUP Byron Nelson,TPC Craig Ranch,3,2,skill,sg_total,26850,"Svensson, Jesper",5,72.0,3,10,5,11,historical_rounds,8.5,68.6,4.5,11,2,12,8.5,68.5,4.5,10.5,2.5,12.5,-156,-118,-158,-148,+110,-140,+108,-114,+112,+105,-156,+100,L,W,L,L,W,L,W,L,W,W,L,W,9.1
2026-05-23T02:21:38Z,2026-05-23T02:20:01Z,THE CJ CUP Byron Nelson,TPC Craig Ranch,3,2,default,default,16394,"Jaeger, Stephan",13,68.0,4,13,1,14,historical_rounds,8.5,68.1,6,9,2.5,12,8.5,67.5,5.5,10.5,1.5,12.5,-114,-154,+130,-168,-194,-128,-126,+115,-184,+118,+138,-108,W,W,L,W,L,W,L,L,W,L,W,L,22.7
2026-05-23T02:21:38Z,2026-05-23T02:20:01Z,THE CJ CUP Byron Nelson,TPC Craig Ranch,3,2,recent,default,16394,"Jaeger, Stephan",13,68.0,4,13,1,14,historical_rounds,8.5,67.9,6,9,2.5,12,8.5,67.5,5.5,10.5,1.5,12.5,-114,-154,+130,-168,-194,-128,-126,+115,-184,+118,+138,-108,W,W,L,W,L,W,L,L,W,L,W,L,22.4
2026-05-23T02:21:38Z,2026-05-23T02:20:01Z,THE CJ CUP Byron Nelson,TPC Craig Ranch,3,2,course,default,16394,"Jaeger, Stephan",13,68.0,4,13,1,14,historical_rounds,10.5,66.2,7,9,2,14.5,8.5,67.5,5.5,10.5,1.5,12.5,-114,-154,+130,-168,-194,-128,-126,+115,-184,+118,+138,-108,W,W,L,W,L,W,L,L,W,L,W,L,35.6
2026-05-23T02:21:38Z,2026-05-23T02:20:01Z,THE CJ CUP Byron Nelson,TPC Craig Ranch,3,2,skill,sg_total,16394,"Jaeger, Stephan",13,68.0,4,13,1,14,historical_rounds,8.5,68.3,6,9,2.5,12,8.5,67.5,5.5,10.5,1.5,12.5,-114,-154,+130,-168,-194,-128,-126,+115,-184,+118,+138,-108,W,W,L,W,L,W,L,L,W,L,W,L,22.8
2026-05-23T02:21:38Z,2026-05-23T02:20:01Z,THE CJ CUP Byron Nelson,TPC Craig Ranch,3,2,default,default,17365,"Mitchell, Keith",10,66.0,4,13,1,16,historical_rounds,9,68.7,4,12.5,1.5,13.5,9.5,67.5,5.5,10.5,1.5,13.5,+112,-122,+100,-142,-175,-108,-162,-112,-142,+100,+124,-128,W,L,L,W,L,W,L,W,W,L,W,L,14.8
2026-05-23T02:21:38Z,2026-05-23T02:20:01Z,THE CJ CUP Byron Nelson,TPC Craig Ranch,3,2,recent,default,17365,"Mitchell, Keith",10,66.0,4,13,1,16,historical_rounds,9,68.8,4,12.5,1.5,13.5,9.5,67.5,5.5,10.5,1.5,13.5,+112,-122,+100,-142,-175,-108,-162,-112,-142,+100,+124,-128,W,L,L,W,L,W,L,W,W,L,W,L,15.8
2026-05-23T02:21:38Z,2026-05-23T02:20:01Z,THE CJ CUP Byron Nelson,TPC Craig Ranch,3,2,course,default,17365,"Mitchell, Keith",10,66.0,4,13,1,16,historical_rounds,11.5,65.5,5,12.5,1,16,9.5,67.5,5.5,10.5,1.5,13.5,+112,-122,+100,-142,-175,-108,-162,-112,-142,+100,+124,-128,W,L,L,W,L,W,L,W,W,L,W,L,39.5
2026-05-23T02:21:38Z,2026-05-23T02:20:01Z,THE CJ CUP Byron Nelson,TPC Craig Ranch,3,2,skill,sg_total,17365,"Mitchell, Keith",10,66.0,4,13,1,16,historical_rounds,9,68.8,4,12.5,1.5,13.5,9.5,67.5,5.5,10.5,1.5,13.5,+112,-122,+100,-142,-175,-108,-162,-112,-142,+100,+124,-128,W,L,L,W,L,W,L,W,W,L,W,L,15.8
2026-05-23T02:21:38Z,2026-05-23T02:20:01Z,THE CJ CUP Byron Nelson,TPC Craig Ranch,3,2,default,default,24550,"Ghim, Doug",12,69.0,8,7,3,14,historical_rounds,9,68.9,4.5,11.5,2,12.5,9.5,67.5,4.5,11.5,1.5,13.5,-172,-158,-170,+114,-175,+102,+120,+116,+120,-160,+125,-140,W,W,W,L,W,W,L,L,L,W,L,L,19.5
2026-05-23T02:21:38Z,2026-05-23T02:20:01Z,THE CJ CUP Byron Nelson,TPC Craig Ranch,3,2,recent,default,24550,"Ghim, Doug",12,69.0,8,7,3,14,historical_rounds,9,68.7,4.5,11.5,2,12.5,9.5,67.5,4.5,11.5,1.5,13.5,-172,-158,-170,+114,-175,+102,+120,+116,+120,-160,+125,-140,W,W,W,L,W,W,L,L,L,W,L,L,18.6
2026-05-23T02:21:38Z,2026-05-23T02:20:01Z,THE CJ CUP Byron Nelson,TPC Craig Ranch,3,2,course,default,24550,"Ghim, Doug",12,69.0,8,7,3,14,historical_rounds,11,66.1,5.5,11.5,2,14.5,9.5,67.5,4.5,11.5,1.5,13.5,-172,-158,-170,+114,-175,+102,+120,+116,+120,-160,+125,-140,W,W,W,L,W,W,L,L,L,W,L,L,23.3
2026-05-23T02:21:38Z,2026-05-23T02:20:01Z,THE CJ CUP Byron Nelson,TPC Craig Ranch,3,2,skill,sg_total,24550,"Ghim, Doug",12,69.0,8,7,3,14,historical_rounds,9,69.2,4.5,11,2,12,9.5,67.5,4.5,11.5,1.5,13.5,-172,-158,-170,+114,-175,+102,+120,+116,+120,-160,+125,-140,W,W,W,L,W,W,L,L,L,W,L,L,20.6
2026-05-23T02:21:38Z,2026-05-23T02:20:01Z,THE CJ CUP Byron Nelson,TPC Craig Ranch,3,2,default,default,20722,"Schmid, Matti",8,69.0,2,13,2,10,historical_rounds,7,69.9,3.5,12,1.5,11,,68.5,5.5,,,,,+116,+116,,,,,-156,-166,,,,W,W,L,W,W,L,L,L,W,L,L,W,22.8
2026-05-23T02:21:38Z,2026-05-23T02:20:01Z,THE CJ CUP Byron Nelson,TPC Craig Ranch,3,2,recent,default,20722,"Schmid, Matti",8,69.0,2,13,2,10,historical_rounds,7,69.6,4,12,1.5,11,,68.5,5.5,,,,,+116,+116,,,,,-156,-166,,,,W,W,L,W,W,L,L,L,W,L,L,W,19.4
2026-05-23T02:21:38Z,2026-05-23T02:20:01Z,THE CJ CUP Byron Nelson,TPC Craig Ranch,3,2,course,default,20722,"Schmid, Matti",8,69.0,2,13,2,10,historical_rounds,9,67.6,4,12,2,13,,68.5,5.5,,,,,+116,+116,,,,,-156,-166,,,,L,W,L,W,,L,W,L,W,L,,W,18.0
2026-05-23T02:21:38Z,2026-05-23T02:20:01Z,THE CJ CUP Byron Nelson,TPC Craig Ranch,3,2,skill,sg_total,20722,"Schmid, Matti",8,69.0,2,13,2,10,historical_rounds,7,69.8,4,12,1.5,11,,68.5,5.5,,,,,+116,+116,,,,,-156,-166,,,,W,W,L,W,W,L,L,L,W,L,L,W,21.7
2026-05-23T02:21:38Z,2026-05-23T02:20:01Z,THE CJ CUP Byron Nelson,TPC Craig Ranch,3,2,default,default,28309,"Coody, Pierceson",6,65.0,4,12,2,11,historical_rounds,8.5,70.9,3.5,12,2.5,12.5,,67.5,5.5,,,,,-118,-106,,,,,-114,-134,,,,L,L,L,,L,L,W,W,W,,W,W,35.3
2026-05-23T02:21:38Z,2026-05-23T02:20:01Z,THE CJ CUP Byron Nelson,TPC Craig Ranch,3,2,recent,default,28309,"Coody, Pierceson",6,65.0,4,12,2,11,historical_rounds,8.5,70.9,3.5,12,2.5,12.5,,67.5,5.5,,,,,-118,-106,,,,,-114,-134,,,,L,L,L,,L,L,W,W,W,,W,W,34.8
2026-05-23T02:21:38Z,2026-05-23T02:20:01Z,THE CJ CUP Byron Nelson,TPC Craig Ranch,3,2,course,default,28309,"Coody, Pierceson",6,65.0,4,12,2,11,historical_rounds,10.5,72.2,4,11.5,2.5,14.5,,67.5,5.5,,,,,-118,-106,,,,,-114,-134,,,,L,L,L,W,L,L,W,W,W,L,W,W,41.5
2026-05-23T02:21:38Z,2026-05-23T02:20:01Z,THE CJ CUP Byron Nelson,TPC Craig Ranch,3,2,skill,sg_total,28309,"Coody, Pierceson",6,65.0,4,12,2,11,historical_rounds,8.5,70.9,3.5,12,2.5,12.5,,67.5,5.5,,,,,-118,-106,,,,,-114,-134,,,,L,L,L,,L,L,W,W,W,,W,W,34.8
2026-05-23T02:21:38Z,2026-05-23T02:20:01Z,THE CJ CUP Byron Nelson,TPC Craig Ranch,3,3,default,default,15575,"Hoge, Tom",8,69.0,4,12,1,9,historical_rounds,8.5,68.0,5.5,10.5,1.5,13.5,,,4.5,,,,,,-174,,,,,,+122,,,,L,W,L,W,L,L,W,L,W,L,W,W,7.6
2026-05-23T02:21:38Z,2026-05-23T02:20:01Z,THE CJ CUP Byron Nelson,TPC Craig Ranch,3,3,recent,default,15575,"Hoge, Tom",8,69.0,4,12,1,9,historical_rounds,9,67.8,5.5,10.5,1.5,13.5,,,4.5,,,,,,-174,,,,,,+122,,,,L,W,L,W,L,L,W,L,W,L,W,W,7.6
2026-05-23T02:21:38Z,2026-05-23T02:20:01Z,THE CJ CUP Byron Nelson,TPC Craig Ranch,3,3,course,default,15575,"Hoge, Tom",8,69.0,4,12,1,9,historical_rounds,11,66.7,6,11,1,15.5,,,4.5,,,,,,-174,,,,,,+122,,,,L,W,L,W,,L,W,L,W,L,,W,12.6
2026-05-23T02:21:38Z,2026-05-23T02:20:01Z,THE CJ CUP Byron Nelson,TPC Craig Ranch,3,3,skill,sg_total,15575,"Hoge, Tom",8,69.0,4,12,1,9,historical_rounds,8.5,68.2,5.5,10.5,1.5,13.5,,,4.5,,,,,,-174,,,,,,+122,,,,L,W,L,W,L,L,W,L,W,L,W,W,8.5
2026-05-23T02:21:38Z,2026-05-23T02:20:01Z,THE CJ CUP Byron Nelson,TPC Craig Ranch,3,4,default,default,27364,"Thompson, Davis",9,67.0,5,12,1,13,historical_rounds,8.5,65.8,5.5,11,1,13,9.5,68.5,4.5,11.5,2.5,,-112,-122,-122,+100,+142,,-128,-110,-115,-142,-200,,L,L,W,W,L,,W,W,L,L,W,,30.9
2026-05-23T02:21:38Z,2026-05-23T02:20:01Z,THE CJ CUP Byron Nelson,TPC Craig Ranch,3,4,recent,default,27364,"Thompson, Davis",9,67.0,5,12,1,13,historical_rounds,8.5,65.9,5.5,11,1,13,9.5,68.5,4.5,11.5,2.5,,-112,-122,-122,+100,+142,,-128,-110,-115,-142,-200,,L,L,W,W,L,,W,W,L,L,W,,30.7
2026-05-23T02:21:38Z,2026-05-23T02:20:01Z,THE CJ CUP Byron Nelson,TPC Craig Ranch,3,4,course,default,27364,"Thompson, Davis",9,67.0,5,12,1,13,historical_rounds,11,63.5,6,11,1.5,15,9.5,68.5,4.5,11.5,2.5,,-112,-122,-122,+100,+142,,-128,-110,-115,-142,-200,,L,L,W,W,L,L,W,W,L,L,W,W,44.2
2026-05-23T02:21:38Z,2026-05-23T02:20:01Z,THE CJ CUP Byron Nelson,TPC Craig Ranch,3,4,skill,sg_total,27364,"Thompson, Davis",9,67.0,5,12,1,13,historical_rounds,8.5,65.5,6,11,1,13.5,9.5,68.5,4.5,11.5,2.5,,-112,-122,-122,+100,+142,,-128,-110,-115,-142,-200,,L,L,W,W,L,L,W,W,L,L,W,W,33.9
2026-05-23T02:21:38Z,2026-05-23T02:20:01Z,THE CJ CUP Byron Nelson,TPC Craig Ranch,3,4,default,default,21756,"Cole, Eric",9,65.0,6,11,1,14,historical_rounds,8.5,65.7,5.5,11,1,13,,68.5,4.5,,,,,-148,-115,,,,,+110,-124,,,,W,L,W,,,W,L,W,L,,,L,36.9
2026-05-23T02:21:38Z,2026-05-23T02:20:01Z,THE CJ CUP Byron Nelson,TPC Craig Ranch,3,4,recent,default,21756,"Cole, Eric",9,65.0,6,11,1,14,historical_rounds,8.5,65.5,6,11,1,13.5,,68.5,4.5,,,,,-148,-115,,,,,+110,-124,,,,W,L,W,,,W,L,W,L,,,L,38.4
2026-05-23T02:21:38Z,2026-05-23T02:20:01Z,THE CJ CUP Byron Nelson,TPC Craig Ranch,3,4,course,default,21756,"Cole, Eric",9,65.0,6,11,1,14,historical_rounds,11,63.4,6,11,1.5,15.5,,68.5,4.5,,,,,-148,-115,,,,,+110,-124,,,,L,L,W,,L,L,W,W,L,,W,W,49.1
2026-05-23T02:21:38Z,2026-05-23T02:20:01Z,THE CJ CUP Byron Nelson,TPC Craig Ranch,3,4,skill,sg_total,21756,"Cole, Eric",9,65.0,6,11,1,14,historical_rounds,8.5,65.5,6,11,1,13.5,,68.5,4.5,,,,,-148,-115,,,,,+110,-124,,,,W,L,W,,,W,L,W,L,,,L,38.4
2026-05-23T02:21:38Z,2026-05-23T02:20:01Z,THE CJ CUP Byron Nelson,TPC Craig Ranch,3,4,default,default,26649,"Thorbjornsen, Michael",7,69.0,4,12,2,13,historical_rounds,8.5,66.1,5.5,11,1.5,13,9.5,68.5,4.5,11.5,2.5,,+125,-112,-138,+110,+144,,-180,-120,-102,-158,-205,,L,W,L,W,L,,W,L,W,L,W,,26.7
2026-05-23T02:21:38Z,2026-05-23T02:20:01Z,THE CJ CUP Byron Nelson,TPC Craig Ranch,3,4,recent,default,26649,"Thorbjornsen, Michael",7,69.0,4,12,2,13,historical_rounds,8.5,66.3,5.5,11,1.5,13,9.5,68.5,4.5,11.5,2.5,,+125,-112,-138,+110,+144,,-180,-120,-102,-158,-205,,L,W,L,W,L,,W,L,W,L,W,,24.7
2026-05-23T02:21:38Z,2026-05-23T02:20:01Z,THE CJ CUP Byron Nelson,TPC Craig Ranch,3,4,course,default,26649,"Thorbjornsen, Michael",7,69.0,4,12,2,13,historical_rounds,11,62.7,6.5,11,1,15.5,9.5,68.5,4.5,11.5,2.5,,+125,-112,-138,+110,+144,,-180,-120,-102,-158,-205,,L,W,L,W,L,L,W,L,W,L,W,W,43.8
2026-05-23T02:21:38Z,2026-05-23T02:20:01Z,THE CJ CUP Byron Nelson,TPC Craig Ranch,3,4,skill,sg_total,26649,"Thorbjornsen, Michael",7,69.0,4,12,2,13,historical_rounds,8.5,66.3,5.5,11,1.5,13,9.5,68.5,4.5,11.5,2.5,,+125,-112,-138,+110,+144,,-180,-120,-102,-158,-205,,L,W,L,W,L,,W,L,W,L,W,,24.7
2026-05-23T02:21:38Z,2026-05-23T02:20:01Z,THE CJ CUP Byron Nelson,TPC Craig Ranch,3,4,default,default,22760,"Hisatsune, Ryo",9,64.0,8,9,1,17,historical_rounds,8.5,65.7,6,11,1,13.5,9.5,68.5,4.5,11.5,2.5,,-118,-124,-128,+110,+132,,-122,-110,-110,-154,-188,,L,L,W,L,L,W,W,W,L,W,W,L,32.4
2026-05-23T02:21:38Z,2026-05-23T02:20:01Z,THE CJ CUP Byron Nelson,TPC Craig Ranch,3,4,recent,default,22760,"Hisatsune, Ryo",9,64.0,8,9,1,17,historical_rounds,8.5,65.5,6,11,1,13.5,9.5,68.5,4.5,11.5,2.5,,-118,-124,-128,+110,+132,,-122,-110,-110,-154,-188,,L,L,W,L,L,W,W,W,L,W,W,L,33.6
2026-05-23T02:21:38Z,2026-05-23T02:20:01Z,THE CJ CUP Byron Nelson,TPC Craig Ranch,3,4,course,default,22760,"Hisatsune, Ryo",9,64.0,8,9,1,17,historical_rounds,10,67.0,6,11,1,15.5,9.5,68.5,4.5,11.5,2.5,,-118,-124,-128,+110,+132,,-122,-110,-110,-154,-188,,L,L,W,L,L,W,W,W,L,W,W,L,26.8
2026-05-23T02:21:38Z,2026-05-23T02:20:01Z,THE CJ CUP Byron Nelson,TPC Craig Ranch,3,4,skill,sg_total,22760,"Hisatsune, Ryo",9,64.0,8,9,1,17,historical_rounds,8.5,65.7,6,11,1,13.5,9.5,68.5,4.5,11.5,2.5,,-118,-124,-128,+110,+132,,-122,-110,-110,-154,-188,,L,L,W,L,L,W,W,W,L,W,W,L,32.5
2026-05-23T02:21:38Z,2026-05-23T02:20:01Z,THE CJ CUP Byron Nelson,TPC Craig Ranch,3,4,default,default,28309,"Coody, Pierceson",8,67.0,5,12,1,13,historical_rounds,8.5,65.6,6,11,1,13.5,8.5,68.5,4.5,10.5,2.5,,-174,-120,-152,-156,+112,,+120,-112,+106,+110,-160,,L,L,W,W,L,L,W,W,L,L,W,W,32.4
2026-05-23T02:21:38Z,2026-05-23T02:20:01Z,THE CJ CUP Byron Nelson,TPC Craig Ranch,3,4,recent,default,28309,"Coody, Pierceson",8,67.0,5,12,1,13,historical_rounds,8.5,65.5,6,11,1,13.5,8.5,68.5,4.5,10.5,2.5,,-174,-120,-152,-156,+112,,+120,-112,+106,+110,-160,,L,L,W,W,L,L,W,W,L,L,W,W,33.0
2026-05-23T02:21:38Z,2026-05-23T02:20:01Z,THE CJ CUP Byron Nelson,TPC Craig Ranch,3,4,course,default,28309,"Coody, Pierceson",8,67.0,5,12,1,13,historical_rounds,11,66.9,6,11,1,15.5,8.5,68.5,4.5,10.5,2.5,,-174,-120,-152,-156,+112,,+120,-112,+106,+110,-160,,L,L,W,W,L,L,W,W,L,L,W,W,32.1
2026-05-23T02:21:38Z,2026-05-23T02:20:01Z,THE CJ CUP Byron Nelson,TPC Craig Ranch,3,4,skill,sg_total,28309,"Coody, Pierceson",8,67.0,5,12,1,13,historical_rounds,8.5,65.5,6,11,1,13.5,8.5,68.5,4.5,10.5,2.5,,-174,-120,-152,-156,+112,,+120,-112,+106,+110,-160,,L,L,W,W,L,L,W,W,L,L,W,W,33.0
2026-05-23T02:21:38Z,2026-05-23T02:20:01Z,THE CJ CUP Byron Nelson,TPC Craig Ranch,3,4,default,default,17780,"Pendrith, Taylor",10,67.0,5,12,1,12,historical_rounds,8.5,65.6,6,11,1,13.5,8.5,68.5,4.5,10.5,2.5,,-164,-134,-132,-174,+110,,+115,-102,-106,+122,-156,,W,L,W,W,L,L,L,W,L,L,W,W,34.7
2026-05-23T02:21:38Z,2026-05-23T02:20:01Z,THE CJ CUP Byron Nelson,TPC Craig Ranch,3,4,recent,default,17780,"Pendrith, Taylor",10,67.0,5,12,1,12,historical_rounds,8.5,65.6,6,11,1,13.5,8.5,68.5,4.5,10.5,2.5,,-164,-134,-132,-174,+110,,+115,-102,-106,+122,-156,,W,L,W,W,L,L,L,W,L,L,W,W,35.3
2026-05-23T02:21:38Z,2026-05-23T02:20:01Z,THE CJ CUP Byron Nelson,TPC Craig Ranch,3,4,course,default,17780,"Pendrith, Taylor",10,67.0,5,12,1,12,historical_rounds,9,65.4,6.5,11,0.5,15.5,8.5,68.5,4.5,10.5,2.5,,-164,-134,-132,-174,+110,,+115,-102,-106,+122,-156,,W,L,W,W,L,L,L,W,L,L,W,W,36.4
2026-05-23T02:21:38Z,2026-05-23T02:20:01Z,THE CJ CUP Byron Nelson,TPC Craig Ranch,3,4,skill,sg_total,17780,"Pendrith, Taylor",10,67.0,5,12,1,12,historical_rounds,8.5,65.6,6,11,1,13.5,8.5,68.5,4.5,10.5,2.5,,-164,-134,-132,-174,+110,,+115,-102,-106,+122,-156,,W,L,W,W,L,L,L,W,L,L,W,W,35.3
2026-05-23T02:21:38Z,2026-05-23T02:20:01Z,THE CJ CUP Byron Nelson,TPC Craig Ranch,3,4,default,default,18103,"Bezuidenhout, Christiaan",10,67.0,6,11,1,11,historical_rounds,8.5,65.8,5.5,11,1,13,,68.5,4.5,,,,,-138,-105,,,,,+102,-134,,,,W,L,W,,,L,L,W,L,,,W,34.4
2026-05-23T02:21:38Z,2026-05-23T02:20:01Z,THE CJ CUP Byron Nelson,TPC Craig Ranch,3,4,recent,default,18103,"Bezuidenhout, Christiaan",10,67.0,6,11,1,11,historical_rounds,8.5,65.8,5.5,11,1,13,,68.5,4.5,,,,,-138,-105,,,,,+102,-134,,,,W,L,W,,,L,L,W,L,,,W,33.9
2026-05-23T02:21:38Z,2026-05-23T02:20:01Z,THE CJ CUP Byron Nelson,TPC Craig Ranch,3,4,course,default,18103,"Bezuidenhout, Christiaan",10,67.0,6,11,1,11,historical_rounds,11,63.0,6.5,11,1,15.5,,68.5,4.5,,,,,-138,-105,,,,,+102,-134,,,,L,L,W,,,L,W,W,L,,,W,48.1
2026-05-23T02:21:38Z,2026-05-23T02:20:01Z,THE CJ CUP Byron Nelson,TPC Craig Ranch,3,4,skill,sg_total,18103,"Bezuidenhout, Christiaan",10,67.0,6,11,1,11,historical_rounds,8.5,65.7,6,11,1,13.5,,68.5,4.5,,,,,-138,-105,,,,,+102,-134,,,,W,L,W,,,L,L,W,L,,,W,35.3
2026-05-23T02:21:38Z,2026-05-23T02:20:01Z,THE CJ CUP Byron Nelson,TPC Craig Ranch,3,4,default,default,16243,"Koepka, Brooks",0,67.0,4,12,2,0,historical_rounds,8.5,66.2,5.5,11,1.5,13,8.5,68.5,5.5,10.5,2.5,,-136,+100,+118,-114,+106,,-106,-134,-168,-125,-150,,L,L,L,W,L,L,W,W,W,L,W,W,24.3
2026-05-23T02:21:38Z,2026-05-23T02:20:01Z,THE CJ CUP Byron Nelson,TPC Craig Ranch,3,4,recent,default,16243,"Koepka, Brooks",0,67.0,4,12,2,0,historical_rounds,8.5,66.3,5.5,11,1.5,13,8.5,68.5,5.5,10.5,2.5,,-136,+100,+118,-114,+106,,-106,-134,-168,-125,-150,,L,L,L,W,L,L,W,W,W,L,W,W,23.2
2026-05-23T02:21:38Z,2026-05-23T02:20:01Z,THE CJ CUP Byron Nelson,TPC Craig Ranch,3,4,course,default,16243,"Koepka, Brooks",0,67.0,4,12,2,0,historical_rounds,9.5,64.6,6,11,1,15,8.5,68.5,5.5,10.5,2.5,,-136,+100,+118,-114,+106,,-106,-134,-168,-125,-150,,L,L,L,W,L,L,W,W,W,L,W,W,34.9
2026-05-23T02:21:38Z,2026-05-23T02:20:01Z,THE CJ CUP Byron Nelson,TPC Craig Ranch,3,4,skill,sg_total,16243,"Koepka, Brooks",0,67.0,4,12,2,0,historical_rounds,8.5,66.0,5.5,11,1,13,8.5,68.5,5.5,10.5,2.5,,-136,+100,+118,-114,+106,,-106,-134,-168,-125,-150,,L,L,L,W,L,L,W,W,W,L,W,W,26.5
2026-05-23T02:21:38Z,2026-05-23T02:20:01Z,THE CJ CUP Byron Nelson,TPC Craig Ranch,3,4,default,default,23604,"Clark, Wyndham",7,73.0,4,10,3,13,historical_rounds,8.5,66.0,5.5,11,1,13,8.5,68.5,4.5,10.5,2.5,,-160,-122,-142,-174,+120,,+110,-112,+100,+124,-170,,L,W,L,L,W,,W,L,W,W,L,,28.7
2026-05-23T02:21:38Z,2026-05-23T02:20:01Z,THE CJ CUP Byron Nelson,TPC Craig Ranch,3,4,recent,default,23604,"Clark, Wyndham",7,73.0,4,10,3,13,historical_rounds,8.5,65.9,5.5,11,1,13,8.5,68.5,4.5,10.5,2.5,,-160,-122,-142,-174,+120,,+110,-112,+100,+124,-170,,L,W,L,L,W,,W,L,W,W,L,,29.5
2026-05-23T02:21:38Z,2026-05-23T02:20:01Z,THE CJ CUP Byron Nelson,TPC Craig Ranch,3,4,course,default,23604,"Clark, Wyndham",7,73.0,4,10,3,13,historical_rounds,11,63.6,6.5,11.5,1.5,15,8.5,68.5,4.5,10.5,2.5,,-160,-122,-142,-174,+120,,+110,-112,+100,+124,-170,,L,W,L,L,W,L,W,L,W,W,L,W,43.3
2026-05-23T02:21:38Z,2026-05-23T02:20:01Z,THE CJ CUP Byron Nelson,TPC Craig Ranch,3,4,skill,sg_total,23604,"Clark, Wyndham",7,73.0,4,10,3,13,historical_rounds,8.5,65.8,5.5,11,1,13,8.5,68.5,4.5,10.5,2.5,,-160,-122,-142,-174,+120,,+110,-112,+100,+124,-170,,L,W,L,L,W,,W,L,W,W,L,,30.5
2026-05-23T02:21:38Z,2026-05-23T02:20:01Z,THE CJ CUP Byron Nelson,TPC Craig Ranch,3,4,default,default,23838,"Hojgaard, Rasmus",5,75.0,2,11,4,11,historical_rounds,8.5,65.9,5.5,11,1,13,8.5,68.5,4.5,10.5,2.5,,+108,-130,-148,-150,+102,,-156,-104,+105,+106,-144,,L,W,L,W,W,L,W,L,W,L,L,W,31.6
2026-05-23T02:21:38Z,2026-05-23T02:20:01Z,THE CJ CUP Byron Nelson,TPC Craig Ranch,3,4,recent,default,23838,"Hojgaard, Rasmus",5,75.0,2,11,4,11,historical_rounds,8.5,65.9,5.5,11,1,13,8.5,68.5,4.5,10.5,2.5,,+108,-130,-148,-150,+102,,-156,-104,+105,+106,-144,,L,W,L,W,W,L,W,L,W,L,L,W,31.8
2026-05-23T02:21:38Z,2026-05-23T02:20:01Z,THE CJ CUP Byron Nelson,TPC Craig Ranch,3,4,course,default,23838,"Hojgaard, Rasmus",5,75.0,2,11,4,11,historical_rounds,8,67.2,5.5,11,1,15.5,8.5,68.5,4.5,10.5,2.5,,+108,-130,-148,-150,+102,,-156,-104,+105,+106,-144,,L,W,L,W,W,L,W,L,W,L,L,W,33.1
2026-05-23T02:21:38Z,2026-05-23T02:20:01Z,THE CJ CUP Byron Nelson,TPC Craig Ranch,3,4,skill,sg_total,23838,"Hojgaard, Rasmus",5,75.0,2,11,4,11,historical_rounds,8.5,65.7,5.5,11,1,13.5,8.5,68.5,4.5,10.5,2.5,,+108,-130,-148,-150,+102,,-156,-104,+105,+106,-144,,L,W,L,W,W,L,W,L,W,L,L,W,33.2
2026-05-23T02:21:38Z,2026-05-23T02:20:01Z,THE CJ CUP Byron Nelson,TPC Craig Ranch,3,4,default,default,17488,"Im, Sungjae",8,70.0,3,12,3,11,historical_rounds,8.5,65.8,5.5,11,1,13.5,9.5,68.5,4.5,11.5,2.5,,-115,-132,-125,+116,+120,,-124,-102,-112,-162,-170,,L,W,L,W,W,L,W,L,W,L,L,W,33.5
2026-05-23T02:21:38Z,2026-05-23T02:20:01Z,THE CJ CUP Byron Nelson,TPC Craig Ranch,3,4,recent,default,17488,"Im, Sungjae",8,70.0,3,12,3,11,historical_rounds,8.5,65.9,5.5,11,1,13,9.5,68.5,4.5,11.5,2.5,,-115,-132,-125,+116,+120,,-124,-102,-112,-162,-170,,L,W,L,W,W,L,W,L,W,L,L,W,31.9
2026-05-23T02:21:38Z,2026-05-23T02:20:01Z,THE CJ CUP Byron Nelson,TPC Craig Ranch,3,4,course,default,17488,"Im, Sungjae",8,70.0,3,12,3,11,historical_rounds,11,67.4,7,11,1,15.5,9.5,68.5,4.5,11.5,2.5,,-115,-132,-125,+116,+120,,-124,-102,-112,-162,-170,,L,W,L,W,W,L,W,L,W,L,L,W,28.6
2026-05-23T02:21:38Z,2026-05-23T02:20:01Z,THE CJ CUP Byron Nelson,TPC Craig Ranch,3,4,skill,sg_total,17488,"Im, Sungjae",8,70.0,3,12,3,11,historical_rounds,8.5,65.6,6,11,1,13.5,9.5,68.5,4.5,11.5,2.5,,-115,-132,-125,+116,+120,,-124,-102,-112,-162,-170,,L,W,L,W,W,L,W,L,W,L,L,W,34.7
2026-05-23T02:21:38Z,2026-05-23T02:20:01Z,THE CJ CUP Byron Nelson,TPC Craig Ranch,3,4,default,default,13412,"Olesen, Thorbjorn",9,67.0,4,13,1,13,historical_rounds,8.5,65.9,5.5,11,1,13,,68.5,4.5,,,,,-146,-112,,,,,+108,-126,,,,W,L,L,W,,,L,W,W,L,,,34.9
2026-05-23T02:21:38Z,2026-05-23T02:20:01Z,THE CJ CUP Byron Nelson,TPC Craig Ranch,3,4,recent,default,13412,"Olesen, Thorbjorn",9,67.0,4,13,1,13,historical_rounds,8.5,66.1,5.5,11,1.5,13,,68.5,4.5,,,,,-146,-112,,,,,+108,-126,,,,W,L,L,W,L,,L,W,W,L,W,,33.3
2026-05-23T02:21:38Z,2026-05-23T02:20:01Z,THE CJ CUP Byron Nelson,TPC Craig Ranch,3,4,course,default,13412,"Olesen, Thorbjorn",9,67.0,4,13,1,13,historical_rounds,11,66.7,5.5,11,0.5,15.5,,68.5,4.5,,,,,-146,-112,,,,,+108,-126,,,,L,L,L,W,W,L,W,W,W,L,L,W,25.7
2026-05-23T02:21:38Z,2026-05-23T02:20:01Z,THE CJ CUP Byron Nelson,TPC Craig Ranch,3,4,skill,sg_total,13412,"Olesen, Thorbjorn",9,67.0,4,13,1,13,historical_rounds,8.5,65.8,5.5,11,1,13,,68.5,4.5,,,,,-146,-112,,,,,+108,-126,,,,W,L,L,W,,,L,W,W,L,,,35.4
2026-05-23T02:21:38Z,2026-05-23T02:20:01Z,THE CJ CUP Byron Nelson,TPC Craig Ranch,3,4,default,default,18586,"Smith, Jordan",,,,,,,,8.5,66.2,5.5,11,1.5,13,,68.5,4.5,,,,,-138,-114,,,,,+102,-125,,,,,,,,,,,,,,,,30.0
2026-05-23T02:21:38Z,2026-05-23T02:20:01Z,THE CJ CUP Byron Nelson,TPC Craig Ranch,3,4,recent,default,18586,"Smith, Jordan",,,,,,,,8.5,66.4,5.5,11,1.5,13,,68.5,4.5,,,,,-138,-114,,,,,+102,-125,,,,,,,,,,,,,,,,27.9
2026-05-23T02:21:38Z,2026-05-23T02:20:01Z,THE CJ CUP Byron Nelson,TPC Craig Ranch,3,4,course,default,18586,"Smith, Jordan",,,,,,,,8.5,64.4,7,11,1,15.5,,68.5,4.5,,,,,-138,-114,,,,,+102,-125,,,,,,,,,,,,,,,,43.7
2026-05-23T02:21:38Z,2026-05-23T02:20:01Z,THE CJ CUP Byron Nelson,TPC Craig Ranch,3,4,skill,sg_total,18586,"Smith, Jordan",,,,,,,,8.5,66.4,5.5,11,1.5,13,,68.5,4.5,,,,,-138,-114,,,,,+102,-125,,,,,,,,,,,,,,,,27.9
2026-05-23T02:21:38Z,2026-05-23T02:20:01Z,THE CJ CUP Byron Nelson,TPC Craig Ranch,3,4,default,default,24550,"Ghim, Doug",13,68.0,5,11,2,17,historical_rounds,8.5,66.0,5.5,11,1,13,,68.5,4.5,,,,,-142,-110,,,,,+105,-128,,,,W,L,W,,W,W,L,W,L,,L,L,33.2
2026-05-23T02:21:38Z,2026-05-23T02:20:01Z,THE CJ CUP Byron Nelson,TPC Craig Ranch,3,4,recent,default,24550,"Ghim, Doug",13,68.0,5,11,2,17,historical_rounds,8.5,65.8,5.5,11,1,13.5,,68.5,4.5,,,,,-142,-110,,,,,+105,-128,,,,W,L,W,,W,W,L,W,L,,L,L,35.1
2026-05-23T02:21:38Z,2026-05-23T02:20:01Z,THE CJ CUP Byron Nelson,TPC Craig Ranch,3,4,course,default,24550,"Ghim, Doug",13,68.0,5,11,2,17,historical_rounds,11,63.2,6.5,11,1.5,15.5,,68.5,4.5,,,,,-142,-110,,,,,+105,-128,,,,W,L,W,,W,W,L,W,L,,L,L,48.6
2026-05-23T02:21:38Z,2026-05-23T02:20:01Z,THE CJ CUP Byron Nelson,TPC Craig Ranch,3,4,skill,sg_total,24550,"Ghim, Doug",13,68.0,5,11,2,17,historical_rounds,8.5,66.2,5.5,11,1.5,13,,68.5,4.5,,,,,-142,-110,,,,,+105,-128,,,,W,L,W,,W,W,L,W,L,,L,L,30.6
2026-05-23T02:21:38Z,2026-05-23T02:20:01Z,THE CJ CUP Byron Nelson,TPC Craig Ranch,3,4,default,default,23504,"Hoey, Rico",10,73.0,5,8,3,14,historical_rounds,8.5,66.2,5.5,11,1.5,13,,68.5,4.5,,,,,-134,-124,,,,,-102,-114,,,,W,W,W,L,W,W,L,L,L,W,L,L,29.1
2026-05-23T02:21:38Z,2026-05-23T02:20:01Z,THE CJ CUP Byron Nelson,TPC Craig Ranch,3,4,recent,default,23504,"Hoey, Rico",10,73.0,5,8,3,14,historical_rounds,8.5,66.1,5.5,11,1.5,13,,68.5,4.5,,,,,-134,-124,,,,,-102,-114,,,,W,W,W,L,W,W,L,L,L,W,L,L,30.3
2026-05-23T02:21:38Z,2026-05-23T02:20:01Z,THE CJ CUP Byron Nelson,TPC Craig Ranch,3,4,course,default,23504,"Hoey, Rico",10,73.0,5,8,3,14,historical_rounds,11,63.7,6,11,1.5,15,,68.5,4.5,,,,,-134,-124,,,,,-102,-114,,,,L,W,W,L,W,L,W,L,L,W,L,W,45.3
2026-05-23T02:21:38Z,2026-05-23T02:20:01Z,THE CJ CUP Byron Nelson,TPC Craig Ranch,3,4,skill,sg_total,23504,"Hoey, Rico",10,73.0,5,8,3,14,historical_rounds,8.5,66.1,5.5,11,1.5,13,,68.5,4.5,,,,,-134,-124,,,,,-102,-114,,,,W,W,W,L,W,W,L,L,L,W,L,L,30.0
2026-05-23T02:21:38Z,2026-05-23T02:20:01Z,THE CJ CUP Byron Nelson,TPC Craig Ranch,3,4,default,default,29197,"Brennan, Michael",,,,,,,,8.5,66.3,5.5,11,1.5,13,9.5,68.5,4.5,10.5,2.5,,-118,-138,-162,-118,-122,,-122,+102,+115,-120,-118,,,,,,,,,,,,,,29.4
2026-05-23T02:21:38Z,2026-05-23T02:20:01Z,THE CJ CUP Byron Nelson,TPC Craig Ranch,3,4,recent,default,29197,"Brennan, Michael",,,,,,,,8.5,66.5,5.5,11,1.5,13,9.5,68.5,4.5,10.5,2.5,,-118,-138,-162,-118,-122,,-122,+102,+115,-120,-118,,,,,,,,,,,,,,27.5
2026-05-23T02:21:38Z,2026-05-23T02:20:01Z,THE CJ CUP Byron Nelson,TPC Craig Ranch,3,4,course,default,29197,"Brennan, Michael",,,,,,,,11,63.0,6.5,11,0.5,15.5,9.5,68.5,4.5,10.5,2.5,,-118,-138,-162,-118,-122,,-122,+102,+115,-120,-118,,,,,,,,,,,,,,48.1
2026-05-23T02:21:38Z,2026-05-23T02:20:01Z,THE CJ CUP Byron Nelson,TPC Craig Ranch,3,4,skill,sg_total,29197,"Brennan, Michael",,,,,,,,8.5,66.5,5.5,11,1.5,13,9.5,68.5,4.5,10.5,2.5,,-118,-138,-162,-118,-122,,-122,+102,+115,-120,-118,,,,,,,,,,,,,,27.5
2026-05-23T02:21:38Z,2026-05-23T02:20:01Z,THE CJ CUP Byron Nelson,TPC Craig Ranch,3,4,default,default,26653,"Eckroat, Austin",10,65.0,6,12,0,16,historical_rounds,8.5,66.0,5.5,11,1,13,,68.5,4.5,,,,,-156,-110,,,,,+116,-128,,,,W,L,W,W,L,W,L,W,L,L,W,L,35.2
2026-05-23T02:21:38Z,2026-05-23T02:20:01Z,THE CJ CUP Byron Nelson,TPC Craig Ranch,3,4,recent,default,26653,"Eckroat, Austin",10,65.0,6,12,0,16,historical_rounds,8.5,66.1,5.5,11,1.5,13,,68.5,4.5,,,,,-156,-110,,,,,+116,-128,,,,W,L,W,W,L,W,L,W,L,L,W,L,34.2
2026-05-23T02:21:38Z,2026-05-23T02:20:01Z,THE CJ CUP Byron Nelson,TPC Craig Ranch,3,4,course,default,26653,"Eckroat, Austin",10,65.0,6,12,0,16,historical_rounds,11,63.3,6.5,11,1.5,15.5,,68.5,4.5,,,,,-156,-110,,,,,+116,-128,,,,L,L,W,W,L,W,W,W,L,L,W,L,50.7
2026-05-23T02:21:38Z,2026-05-23T02:20:01Z,THE CJ CUP Byron Nelson,TPC Craig Ranch,3,4,skill,sg_total,26653,"Eckroat, Austin",10,65.0,6,12,0,16,historical_rounds,8.5,65.9,5.5,11,1,13.5,,68.5,4.5,,,,,-156,-110,,,,,+116,-128,,,,W,L,W,W,L,W,L,W,L,L,W,L,36.9
2026-05-23T02:21:38Z,2026-05-23T02:20:01Z,THE CJ CUP Byron Nelson,TPC Craig Ranch,3,4,default,default,28159,"Meissner, Mac",6,72.0,2,13,3,10,historical_rounds,8.5,66.0,5.5,11,1,13,8.5,68.5,4.5,11.5,2.5,,-170,-134,-114,-102,+134,,+118,-102,-125,-138,-188,,L,W,L,W,W,L,W,L,W,L,L,W,31.3
2026-05-23T02:21:38Z,2026-05-23T02:20:01Z,THE CJ CUP Byron Nelson,TPC Craig Ranch,3,4,recent,default,28159,"Meissner, Mac",6,72.0,2,13,3,10,historical_rounds,8.5,65.8,5.5,11,1,13.5,8.5,68.5,4.5,11.5,2.5,,-170,-134,-114,-102,+134,,+118,-102,-125,-138,-188,,L,W,L,W,W,L,W,L,W,L,L,W,33.1
2026-05-23T02:21:38Z,2026-05-23T02:20:01Z,THE CJ CUP Byron Nelson,TPC Craig Ranch,3,4,course,default,28159,"Meissner, Mac",6,72.0,2,13,3,10,historical_rounds,11,63.8,5.5,11,1.5,15,8.5,68.5,4.5,11.5,2.5,,-170,-134,-114,-102,+134,,+118,-102,-125,-138,-188,,L,W,L,W,W,L,W,L,W,L,L,W,45.1
2026-05-23T02:21:38Z,2026-05-23T02:20:01Z,THE CJ CUP Byron Nelson,TPC Craig Ranch,3,4,skill,sg_total,28159,"Meissner, Mac",6,72.0,2,13,3,10,historical_rounds,8.5,65.8,5.5,11,1,13.5,8.5,68.5,4.5,11.5,2.5,,-170,-134,-114,-102,+134,,+118,-102,-125,-138,-188,,L,W,L,W,W,L,W,L,W,L,L,W,33.1
2026-05-23T02:21:38Z,2026-05-23T02:20:01Z,THE CJ CUP Byron Nelson,TPC Craig Ranch,3,4,default,default,23465,"Greyserman, Max",,,,,,,,8.5,66.0,5.5,11,1,13,,68.5,4.5,,,,,-146,-136,,,,,+108,-104,,,,,,,,,,,,,,,,33.4
2026-05-23T02:21:38Z,2026-05-23T02:20:01Z,THE CJ CUP Byron Nelson,TPC Craig Ranch,3,4,recent,default,23465,"Greyserman, Max",,,,,,,,8.5,65.8,5.5,11,1,13.5,,68.5,4.5,,,,,-146,-136,,,,,+108,-104,,,,,,,,,,,,,,,,35.3
2026-05-23T02:21:38Z,2026-05-23T02:20:01Z,THE CJ CUP Byron Nelson,TPC Craig Ranch,3,4,course,default,23465,"Greyserman, Max",,,,,,,,11,65.8,5.5,11,1,15,,68.5,4.5,,,,,-146,-136,,,,,+108,-104,,,,,,,,,,,,,,,,35.2
2026-05-23T02:21:38Z,2026-05-23T02:20:01Z,THE CJ CUP Byron Nelson,TPC Craig Ranch,3,4,skill,sg_total,23465,"Greyserman, Max",,,,,,,,8.5,65.8,5.5,11,1,13.5,,68.5,4.5,,,,,-146,-136,,,,,+108,-104,,,,,,,,,,,,,,,,35.3
2026-05-23T02:21:38Z,2026-05-23T02:20:01Z,THE CJ CUP Byron Nelson,TPC Craig Ranch,3,4,default,default,23841,"Neergaard-Petersen, Rasmus",,,,,,,,8.5,66.3,5.5,11,1.5,13,,68.5,4.5,,,,,-154,-110,,,,,+115,-128,,,,,,,,,,,,,,,,32.6
2026-05-23T02:21:38Z,2026-05-23T02:20:01Z,THE CJ CUP Byron Nelson,TPC Craig Ranch,3,4,recent,default,23841,"Neergaard-Petersen, Rasmus",,,,,,,,8.5,66.2,5.5,11,1.5,13,,68.5,4.5,,,,,-154,-110,,,,,+115,-128,,,,,,,,,,,,,,,,32.9
2026-05-23T02:21:38Z,2026-05-23T02:20:01Z,THE CJ CUP Byron Nelson,TPC Craig Ranch,3,4,course,default,23841,"Neergaard-Petersen, Rasmus",,,,,,,,11,63.1,7,11,0.5,15.5,,68.5,4.5,,,,,-154,-110,,,,,+115,-128,,,,,,,,,,,,,,,,51.0
2026-05-23T02:21:38Z,2026-05-23T02:20:01Z,THE CJ CUP Byron Nelson,TPC Craig Ranch,3,4,skill,sg_total,23841,"Neergaard-Petersen, Rasmus",,,,,,,,8.5,66.6,5.5,11,1.5,13,,68.5,4.5,,,,,-154,-110,,,,,+115,-128,,,,,,,,,,,,,,,,29.5
2026-05-23T02:21:38Z,2026-05-23T02:20:01Z,THE CJ CUP Byron Nelson,TPC Craig Ranch,3,4,default,default,12423,"Kirk, Chris",,,,,,,,8.5,66.2,5.5,11,1.5,13,,69.5,4.5,,,,,+118,-102,,,,,-158,-138,,,,,,,,,,,,,,,,27.2
2026-05-23T02:21:38Z,2026-05-23T02:20:01Z,THE CJ CUP Byron Nelson,TPC Craig Ranch,3,4,recent,default,12423,"Kirk, Chris",,,,,,,,8.5,66.0,5.5,11,1,13.5,,69.5,4.5,,,,,+118,-102,,,,,-158,-138,,,,,,,,,,,,,,,,28.6
2026-05-23T02:21:38Z,2026-05-23T02:20:01Z,THE CJ CUP Byron Nelson,TPC Craig Ranch,3,4,course,default,12423,"Kirk, Chris",,,,,,,,11,64.4,6,10.5,1,15.5,,69.5,4.5,,,,,+118,-102,,,,,-158,-138,,,,,,,,,,,,,,,,35.5
2026-05-23T02:21:38Z,2026-05-23T02:20:01Z,THE CJ CUP Byron Nelson,TPC Craig Ranch,3,4,skill,sg_total,12423,"Kirk, Chris",,,,,,,,8.5,66.2,5.5,11,1.5,13,,69.5,4.5,,,,,+118,-102,,,,,-158,-138,,,,,,,,,,,,,,,,27.1
2026-05-23T02:21:38Z,2026-05-23T02:20:01Z,THE CJ CUP Byron Nelson,TPC Craig Ranch,3,4,default,default,32152,"Brown, Blades",,,,,,,,8.5,66.4,5.5,11,1.5,13,,68.5,4.5,,,,,-152,-140,,,,,+112,-102,,,,,,,,,,,,,,,,31.0
2026-05-23T02:21:38Z,2026-05-23T02:20:01Z,THE CJ CUP Byron Nelson,TPC Craig Ranch,3,4,recent,default,32152,"Brown, Blades",,,,,,,,8.5,66.2,5.5,11,1,13.5,,68.5,4.5,,,,,-152,-140,,,,,+112,-102,,,,,,,,,,,,,,,,33.1
2026-05-23T02:21:38Z,2026-05-23T02:20:01Z,THE CJ CUP Byron Nelson,TPC Craig Ranch,3,4,course,default,32152,"Brown, Blades",,,,,,,,11,64.2,6,11.5,1.5,15,,68.5,4.5,,,,,-152,-140,,,,,+112,-102,,,,,,,,,,,,,,,,47.1
2026-05-23T02:21:38Z,2026-05-23T02:20:01Z,THE CJ CUP Byron Nelson,TPC Craig Ranch,3,4,skill,sg_total,32152,"Brown, Blades",,,,,,,,8.5,66.2,5.5,11,1,13.5,,68.5,4.5,,,,,-152,-140,,,,,+112,-102,,,,,,,,,,,,,,,,33.0
2026-05-23T02:21:38Z,2026-05-23T02:20:01Z,THE CJ CUP Byron Nelson,TPC Craig Ranch,3,4,default,default,14636,"Spieth, Jordan",0,72.0,4,9,4,0,historical_rounds,7.5,66.4,6.5,9.5,1.5,14,9.5,67.5,4.5,10.5,1.5,,+130,-158,-180,-176,-192,,-186,+118,+128,+125,+136,,L,W,L,L,W,L,W,L,W,W,L,W,22.1
2026-05-23T02:21:38Z,2026-05-23T02:20:01Z,THE CJ CUP Byron Nelson,TPC Craig Ranch,3,4,recent,default,14636,"Spieth, Jordan",0,72.0,4,9,4,0,historical_rounds,7.5,66.3,6.5,9.5,1.5,14,9.5,67.5,4.5,10.5,1.5,,+130,-158,-180,-176,-192,,-186,+118,+128,+125,+136,,L,W,L,L,W,L,W,L,W,W,L,W,21.8
2026-05-23T02:21:38Z,2026-05-23T02:20:01Z,THE CJ CUP Byron Nelson,TPC Craig Ranch,3,4,course,default,14636,"Spieth, Jordan",0,72.0,4,9,4,0,historical_rounds,6,68.1,8,9.5,1,16.5,9.5,67.5,4.5,10.5,1.5,,+130,-158,-180,-176,-192,,-186,+118,+128,+125,+136,,L,W,L,L,W,L,W,L,W,W,L,W,31.4
2026-05-23T02:21:38Z,2026-05-23T02:20:01Z,THE CJ CUP Byron Nelson,TPC Craig Ranch,3,4,skill,sg_total,14636,"Spieth, Jordan",0,72.0,4,9,4,0,historical_rounds,7.5,66.7,6.5,9.5,2,14,9.5,67.5,4.5,10.5,1.5,,+130,-158,-180,-176,-192,,-186,+118,+128,+125,+136,,L,W,L,L,W,L,W,L,W,W,L,W,22.8
2026-05-23T02:21:38Z,2026-05-23T02:20:01Z,THE CJ CUP Byron Nelson,TPC Craig Ranch,3,4,default,default,14609,"Kim, Si Woo",8,72.0,3,12,3,12,historical_rounds,8.5,67.0,5,11.5,1,12.5,10.5,67.5,4.5,11.5,1.5,,-104,-130,-182,+100,-134,,-140,-104,+130,-142,-105,,L,W,L,W,W,L,W,L,W,L,L,W,28.0
2026-05-23T02:21:38Z,2026-05-23T02:20:01Z,THE CJ CUP Byron Nelson,TPC Craig Ranch,3,4,recent,default,14609,"Kim, Si Woo",8,72.0,3,12,3,12,historical_rounds,8.5,67.0,5,11.5,1,13,10.5,67.5,4.5,11.5,1.5,,-104,-130,-182,+100,-134,,-140,-104,+130,-142,-105,,L,W,L,W,W,L,W,L,W,L,L,W,28.0
2026-05-23T02:21:38Z,2026-05-23T02:20:01Z,THE CJ CUP Byron Nelson,TPC Craig Ranch,3,4,course,default,14609,"Kim, Si Woo",8,72.0,3,12,3,12,historical_rounds,10.5,68.5,6.5,11.5,0.5,15,10.5,67.5,4.5,11.5,1.5,,-104,-130,-182,+100,-134,,-140,-104,+130,-142,-105,,L,W,L,W,W,L,W,L,W,L,L,W,30.7
2026-05-23T02:21:38Z,2026-05-23T02:20:01Z,THE CJ CUP Byron Nelson,TPC Craig Ranch,3,4,skill,sg_total,14609,"Kim, Si Woo",8,72.0,3,12,3,12,historical_rounds,8.5,67.4,5,11.5,1,12.5,10.5,67.5,4.5,11.5,1.5,,-104,-130,-182,+100,-134,,-140,-104,+130,-142,-105,,L,W,L,W,W,L,W,L,W,L,L,W,28.9
2026-05-23T02:21:38Z,2026-05-23T02:20:01Z,THE CJ CUP Byron Nelson,TPC Craig Ranch,3,4,default,default,24766,"Kim, Tom",14,67.0,5,13,0,15,historical_rounds,11,66.8,6,10.5,1.5,13.5,,68.5,4.5,,,,,-138,-116,,,,,+102,-122,,,,W,L,W,W,L,W,L,W,L,L,W,L,23.5
2026-05-23T02:21:38Z,2026-05-23T02:20:01Z,THE CJ CUP Byron Nelson,TPC Craig Ranch,3,4,recent,default,24766,"Kim, Tom",14,67.0,5,13,0,15,historical_rounds,11,66.6,6,10.5,1.5,14,,68.5,4.5,,,,,-138,-116,,,,,+102,-122,,,,W,L,W,W,L,W,L,W,L,L,W,L,25.6
2026-05-23T02:21:38Z,2026-05-23T02:20:01Z,THE CJ CUP Byron Nelson,TPC Craig Ranch,3,4,course,default,24766,"Kim, Tom",14,67.0,5,13,0,15,historical_rounds,13,64.6,6.5,10,2,16,,68.5,4.5,,,,,-138,-116,,,,,+102,-122,,,,W,L,W,W,L,L,L,W,L,L,W,W,42.9
2026-05-23T02:21:38Z,2026-05-23T02:20:01Z,THE CJ CUP Byron Nelson,TPC Craig Ranch,3,4,skill,sg_total,24766,"Kim, Tom",14,67.0,5,13,0,15,historical_rounds,11,66.6,6,10.5,1.5,14,,68.5,4.5,,,,,-138,-116,,,,,+102,-122,,,,W,L,W,W,L,W,L,W,L,L,W,L,25.6
2026-05-23T02:21:38Z,2026-05-23T02:20:01Z,THE CJ CUP Byron Nelson,TPC Craig Ranch,3,4,default,default,18417,"Scheffler, Scottie",0,68.0,4,12,2,0,historical_rounds,9.5,67.4,6,10,2,13.5,9.5,66.5,5.5,10.5,1.5,,-162,-105,-175,-130,+116,,+112,-128,+124,-108,-164,,L,W,L,W,W,L,W,L,W,L,L,W,21.4
2026-05-23T02:21:38Z,2026-05-23T02:20:01Z,THE CJ CUP Byron Nelson,TPC Craig Ranch,3,4,recent,default,18417,"Scheffler, Scottie",0,68.0,4,12,2,0,historical_rounds,9.5,67.6,5.5,10,2.5,13.5,9.5,66.5,5.5,10.5,1.5,,-162,-105,-175,-130,+116,,+112,-128,+124,-108,-164,,L,W,L,W,W,L,W,L,W,L,L,W,23.4
2026-05-23T02:21:38Z,2026-05-23T02:20:01Z,THE CJ CUP Byron Nelson,TPC Craig Ranch,3,4,course,default,18417,"Scheffler, Scottie",0,68.0,4,12,2,0,historical_rounds,10,68.6,7,10,1.5,16,9.5,66.5,5.5,10.5,1.5,,-162,-105,-175,-130,+116,,+112,-128,+124,-108,-164,,L,W,L,W,W,L,W,L,W,L,L,W,26.4
2026-05-23T02:21:38Z,2026-05-23T02:20:01Z,THE CJ CUP Byron Nelson,TPC Craig Ranch,3,4,skill,sg_total,18417,"Scheffler, Scottie",0,68.0,4,12,2,0,historical_rounds,9.5,67.6,5.5,10,2.5,13.5,9.5,66.5,5.5,10.5,1.5,,-162,-105,-175,-130,+116,,+112,-128,+124,-108,-164,,L,W,L,W,W,L,W,L,W,L,L,W,23.4
2026-05-23T02:21:38Z,2026-05-23T02:20:01Z,THE CJ CUP Byron Nelson,TPC Craig Ranch,3,4,default,default,16394,"Jaeger, Stephan",12,68.0,5,11,2,13,historical_rounds,9.5,68.4,5,10.5,2,13.5,,68.5,4.5,,,,,-140,-122,,,,,+104,-116,,,,W,L,W,W,,L,L,W,L,L,,W,7.3
2026-05-23T02:21:38Z,2026-05-23T02:20:01Z,THE CJ CUP Byron Nelson,TPC Craig Ranch,3,4,recent,default,16394,"Jaeger, Stephan",12,68.0,5,11,2,13,historical_rounds,9.5,68.1,5.5,10.5,2,13.5,,68.5,4.5,,,,,-140,-122,,,,,+104,-116,,,,W,L,W,W,,L,L,W,L,L,,W,9.1
2026-05-23T02:21:38Z,2026-05-23T02:20:01Z,THE CJ CUP Byron Nelson,TPC Craig Ranch,3,4,course,default,16394,"Jaeger, Stephan",12,68.0,5,11,2,13,historical_rounds,11.5,66.4,6,10.5,2,15.5,,68.5,4.5,,,,,-140,-122,,,,,+104,-116,,,,W,L,W,W,,L,L,W,L,L,,W,28.3
2026-05-23T02:21:38Z,2026-05-23T02:20:01Z,THE CJ CUP Byron Nelson,TPC Craig Ranch,3,4,skill,sg_total,16394,"Jaeger, Stephan",12,68.0,5,11,2,13,historical_rounds,9.5,68.6,5,10.5,2,13.5,,68.5,4.5,,,,,-140,-122,,,,,+104,-116,,,,W,L,W,W,,L,L,W,L,L,,W,5.9
2026-05-23T02:21:38Z,2026-05-23T02:20:01Z,THE CJ CUP Byron Nelson,TPC Craig Ranch,3,4,default,default,17365,"Mitchell, Keith",13,63.0,7,11,0,17,historical_rounds,9,68.9,5.5,10,2.5,11.5,8.5,68.5,4.5,10.5,2.5,,-154,-112,-156,-164,+126,,+106,-122,+110,+116,-178,,W,L,W,W,L,W,L,W,L,L,W,L,10.0
2026-05-23T02:21:38Z,2026-05-23T02:20:01Z,THE CJ CUP Byron Nelson,TPC Craig Ranch,3,4,recent,default,17365,"Mitchell, Keith",13,63.0,7,11,0,17,historical_rounds,9,69.0,5.5,10,2.5,11,8.5,68.5,4.5,10.5,2.5,,-154,-112,-156,-164,+126,,+106,-122,+110,+116,-178,,W,L,W,W,L,W,L,W,L,L,W,L,10.1
2026-05-23T02:21:38Z,2026-05-23T02:20:01Z,THE CJ CUP Byron Nelson,TPC Craig Ranch,3,4,course,default,17365,"Mitchell, Keith",13,63.0,7,11,0,17,historical_rounds,11,65.7,6.5,10,2,13.5,8.5,68.5,4.5,10.5,2.5,,-154,-112,-156,-164,+126,,+106,-122,+110,+116,-178,,W,L,W,W,L,W,L,W,L,L,W,L,33.0
2026-05-23T02:21:38Z,2026-05-23T02:20:01Z,THE CJ CUP Byron Nelson,TPC Craig Ranch,3,4,skill,sg_total,17365,"Mitchell, Keith",13,63.0,7,11,0,17,historical_rounds,9,69.0,5.5,10,2.5,11,8.5,68.5,4.5,10.5,2.5,,-154,-112,-156,-164,+126,,+106,-122,+110,+116,-178,,W,L,W,W,L,W,L,W,L,L,W,L,10.1
2026-05-23T02:21:38Z,2026-05-23T02:20:01Z,THE CJ CUP Byron Nelson,TPC Craig Ranch,3,4,default,default,16283,"Rodgers, Patrick",6,71.0,4,9,5,13,historical_rounds,7.5,68.4,5,11,2,15,,68.5,4.5,,,,,-156,-112,,,,,+116,-128,,,,L,W,L,L,W,L,W,L,W,W,L,W,8.2
2026-05-23T02:21:38Z,2026-05-23T02:20:01Z,THE CJ CUP Byron Nelson,TPC Craig Ranch,3,4,recent,default,16283,"Rodgers, Patrick",6,71.0,4,9,5,13,historical_rounds,7.5,68.3,5,11,2,15,,68.5,4.5,,,,,-156,-112,,,,,+116,-128,,,,L,W,L,L,W,L,W,L,W,W,L,W,7.6
2026-05-23T02:21:38Z,2026-05-23T02:20:01Z,THE CJ CUP Byron Nelson,TPC Craig Ranch,3,4,course,default,16283,"Rodgers, Patrick",6,71.0,4,9,5,13,historical_rounds,9.5,70.0,6,11,1.5,17,,68.5,4.5,,,,,-156,-112,,,,,+116,-128,,,,L,W,L,L,W,L,W,L,W,W,L,W,18.6
2026-05-23T02:21:38Z,2026-05-23T02:20:01Z,THE CJ CUP Byron Nelson,TPC Craig Ranch,3,4,skill,sg_total,16283,"Rodgers, Patrick",6,71.0,4,9,5,13,historical_rounds,7.5,68.5,5,11,2,14.5,,68.5,4.5,,,,,-156,-112,,,,,+116,-128,,,,L,W,L,L,W,L,W,L,W,W,L,W,7.8
2026-05-23T02:21:38Z,2026-05-23T02:20:01Z,THE CJ CUP Byron Nelson,TPC Craig Ranch,3,4,default,default,15470,"Hossler, Beau",8,75.0,2,9,7,10,historical_rounds,7,70.5,4,11.5,2,13,,69.5,4.5,,,,,+115,-108,,,,,-154,-132,,,,W,W,L,L,W,L,L,L,W,W,L,W,17.8
2026-05-23T02:21:38Z,2026-05-23T02:20:01Z,THE CJ CUP Byron Nelson,TPC Craig Ranch,3,4,recent,default,15470,"Hossler, Beau",8,75.0,2,9,7,10,historical_rounds,7,70.3,4,11.5,2,13,,69.5,4.5,,,,,+115,-108,,,,,-154,-132,,,,W,W,L,L,W,L,L,L,W,W,L,W,15.0
2026-05-23T02:21:38Z,2026-05-23T02:20:01Z,THE CJ CUP Byron Nelson,TPC Craig Ranch,3,4,course,default,15470,"Hossler, Beau",8,75.0,2,9,7,10,historical_rounds,8,68.3,4,11.5,2.5,15,,69.5,4.5,,,,,+115,-108,,,,,-154,-132,,,,,W,L,L,W,L,,L,W,W,L,W,7.1
2026-05-23T02:21:38Z,2026-05-23T02:20:01Z,THE CJ CUP Byron Nelson,TPC Craig Ranch,3,4,skill,sg_total,15470,"Hossler, Beau",8,75.0,2,9,7,10,historical_rounds,7,70.3,4,11.5,2,13,,69.5,4.5,,,,,+115,-108,,,,,-154,-132,,,,W,W,L,L,W,L,L,L,W,W,L,W,15.0
