section,exported_at,projections_updated_at,event_name,course_used,display_round,pricing_mode,pricing_skill,market,rmse,mae,n_line_pairs,ev_threshold_pct,bet_side,bets,wins,losses,pushes,units_net,roi_pct
model_vs_book,2026-07-11T02:45:13Z,,PGA Championship,Aronimink Golf Club,,default,default,Birdies,0.830,0.638,173,,,,,,,,
model_vs_book,2026-07-11T02:45:13Z,,PGA Championship,Aronimink Golf Club,,default,default,Bogeys,1.516,1.388,81,,,,,,,,
model_vs_book,2026-07-11T02:45:13Z,,PGA Championship,Aronimink Golf Club,,default,default,Fairways hit,2.659,2.308,97,,,,,,,,
model_vs_book,2026-07-11T02:45:13Z,,PGA Championship,Aronimink Golf Club,,default,default,GIR,1.796,1.311,97,,,,,,,,
model_vs_book,2026-07-11T02:45:13Z,,PGA Championship,Aronimink Golf Club,,default,default,Total score,7.469,2.191,97,,,,,,,,
ev_backtest,2026-07-11T02:45:13Z,,PGA Championship,Aronimink Golf Club,,default,default,Birdies,,,,0.0,over,115,60,55,0,-8.21,-7.1
ev_backtest,2026-07-11T02:45:13Z,,PGA Championship,Aronimink Golf Club,,default,default,Birdies,,,,0.0,under,4,2,2,0,0.00,0.1
ev_backtest,2026-07-11T02:45:13Z,,PGA Championship,Aronimink Golf Club,,default,default,Birdies,,,,10.0,over,37,20,17,0,-0.84,-2.3
ev_backtest,2026-07-11T02:45:13Z,,PGA Championship,Aronimink Golf Club,,default,default,Birdies,,,,12.5,over,23,10,13,0,-4.46,-19.4
ev_backtest,2026-07-11T02:45:13Z,,PGA Championship,Aronimink Golf Club,,default,default,Birdies,,,,15.0,over,12,5,7,0,-1.82,-15.2
ev_backtest,2026-07-11T02:45:13Z,,PGA Championship,Aronimink Golf Club,,default,default,Birdies,,,,17.5,over,8,3,5,0,-1.74,-21.7
ev_backtest,2026-07-11T02:45:13Z,,PGA Championship,Aronimink Golf Club,,default,default,Birdies,,,,2.5,over,89,43,46,0,-10.84,-12.2
ev_backtest,2026-07-11T02:45:13Z,,PGA Championship,Aronimink Golf Club,,default,default,Birdies,,,,2.5,under,3,1,2,0,-1.32,-43.8
ev_backtest,2026-07-11T02:45:13Z,,PGA Championship,Aronimink Golf Club,,default,default,Birdies,,,,20.0,over,2,1,1,0,0.32,16.0
ev_backtest,2026-07-11T02:45:13Z,,PGA Championship,Aronimink Golf Club,,default,default,Birdies,,,,5.0,over,67,33,34,0,-6.23,-9.3
ev_backtest,2026-07-11T02:45:13Z,,PGA Championship,Aronimink Golf Club,,default,default,Birdies,,,,5.0,under,1,0,1,0,-1.00,-100.0
ev_backtest,2026-07-11T02:45:13Z,,PGA Championship,Aronimink Golf Club,,default,default,Birdies,,,,7.5,over,51,24,27,0,-7.33,-14.4
ev_backtest,2026-07-11T02:45:13Z,,PGA Championship,Aronimink Golf Club,,default,default,Bogeys,,,,0.0,over,80,39,41,0,-5.79,-7.2
ev_backtest,2026-07-11T02:45:13Z,,PGA Championship,Aronimink Golf Club,,default,default,Bogeys,,,,10.0,over,75,35,40,0,-7.64,-10.2
ev_backtest,2026-07-11T02:45:13Z,,PGA Championship,Aronimink Golf Club,,default,default,Bogeys,,,,12.5,over,71,33,38,0,-7.51,-10.6
ev_backtest,2026-07-11T02:45:13Z,,PGA Championship,Aronimink Golf Club,,default,default,Bogeys,,,,15.0,over,61,30,31,0,-3.09,-5.1
ev_backtest,2026-07-11T02:45:13Z,,PGA Championship,Aronimink Golf Club,,default,default,Bogeys,,,,17.5,over,48,24,24,0,-1.89,-3.9
ev_backtest,2026-07-11T02:45:13Z,,PGA Championship,Aronimink Golf Club,,default,default,Bogeys,,,,2.5,over,79,39,40,0,-4.79,-6.1
ev_backtest,2026-07-11T02:45:13Z,,PGA Championship,Aronimink Golf Club,,default,default,Bogeys,,,,20.0,over,29,16,13,0,2.18,7.5
ev_backtest,2026-07-11T02:45:13Z,,PGA Championship,Aronimink Golf Club,,default,default,Bogeys,,,,5.0,over,78,38,40,0,-5.46,-7.0
ev_backtest,2026-07-11T02:45:13Z,,PGA Championship,Aronimink Golf Club,,default,default,Bogeys,,,,7.5,over,77,37,40,0,-6.28,-8.2
ev_backtest,2026-07-11T02:45:13Z,,PGA Championship,Aronimink Golf Club,,default,default,Fairways hit,,,,0.0,over,40,10,30,0,-21.21,-53.0
ev_backtest,2026-07-11T02:45:13Z,,PGA Championship,Aronimink Golf Club,,default,default,Fairways hit,,,,0.0,under,47,38,9,0,23.95,51.0
ev_backtest,2026-07-11T02:45:13Z,,PGA Championship,Aronimink Golf Club,,default,default,Fairways hit,,,,10.0,over,35,9,26,0,-17.79,-50.8
ev_backtest,2026-07-11T02:45:13Z,,PGA Championship,Aronimink Golf Club,,default,default,Fairways hit,,,,10.0,under,39,30,9,0,18.16,46.6
ev_backtest,2026-07-11T02:45:13Z,,PGA Championship,Aronimink Golf Club,,default,default,Fairways hit,,,,12.5,over,35,9,26,0,-17.79,-50.8
ev_backtest,2026-07-11T02:45:13Z,,PGA Championship,Aronimink Golf Club,,default,default,Fairways hit,,,,12.5,under,36,28,8,0,16.92,47.0
ev_backtest,2026-07-11T02:45:13Z,,PGA Championship,Aronimink Golf Club,,default,default,Fairways hit,,,,15.0,over,33,9,24,0,-15.79,-47.9
ev_backtest,2026-07-11T02:45:13Z,,PGA Championship,Aronimink Golf Club,,default,default,Fairways hit,,,,15.0,under,36,28,8,0,16.92,47.0
ev_backtest,2026-07-11T02:45:13Z,,PGA Championship,Aronimink Golf Club,,default,default,Fairways hit,,,,17.5,over,31,7,24,0,-17.32,-55.9
ev_backtest,2026-07-11T02:45:13Z,,PGA Championship,Aronimink Golf Club,,default,default,Fairways hit,,,,17.5,under,35,27,8,0,16.17,46.2
ev_backtest,2026-07-11T02:45:13Z,,PGA Championship,Aronimink Golf Club,,default,default,Fairways hit,,,,2.5,over,39,10,29,0,-20.21,-51.8
ev_backtest,2026-07-11T02:45:13Z,,PGA Championship,Aronimink Golf Club,,default,default,Fairways hit,,,,2.5,under,44,35,9,0,21.88,49.7
ev_backtest,2026-07-11T02:45:13Z,,PGA Championship,Aronimink Golf Club,,default,default,Fairways hit,,,,20.0,over,29,7,22,0,-15.32,-52.8
ev_backtest,2026-07-11T02:45:13Z,,PGA Championship,Aronimink Golf Club,,default,default,Fairways hit,,,,20.0,under,35,27,8,0,16.17,46.2
ev_backtest,2026-07-11T02:45:13Z,,PGA Championship,Aronimink Golf Club,,default,default,Fairways hit,,,,5.0,over,38,10,28,0,-19.21,-50.6
ev_backtest,2026-07-11T02:45:13Z,,PGA Championship,Aronimink Golf Club,,default,default,Fairways hit,,,,5.0,under,44,35,9,0,21.88,49.7
ev_backtest,2026-07-11T02:45:13Z,,PGA Championship,Aronimink Golf Club,,default,default,Fairways hit,,,,7.5,over,36,9,27,0,-18.79,-52.2
ev_backtest,2026-07-11T02:45:13Z,,PGA Championship,Aronimink Golf Club,,default,default,Fairways hit,,,,7.5,under,41,32,9,0,19.64,47.9
ev_backtest,2026-07-11T02:45:13Z,,PGA Championship,Aronimink Golf Club,,default,default,GIR,,,,0.0,over,86,43,43,0,-3.52,-4.1
ev_backtest,2026-07-11T02:45:13Z,,PGA Championship,Aronimink Golf Club,,default,default,GIR,,,,10.0,over,60,31,29,0,0.71,1.2
ev_backtest,2026-07-11T02:45:13Z,,PGA Championship,Aronimink Golf Club,,default,default,GIR,,,,12.5,over,50,26,24,0,1.17,2.3
ev_backtest,2026-07-11T02:45:13Z,,PGA Championship,Aronimink Golf Club,,default,default,GIR,,,,15.0,over,42,24,18,0,5.43,12.9
ev_backtest,2026-07-11T02:45:13Z,,PGA Championship,Aronimink Golf Club,,default,default,GIR,,,,17.5,over,36,20,16,0,4.00,11.1
ev_backtest,2026-07-11T02:45:13Z,,PGA Championship,Aronimink Golf Club,,default,default,GIR,,,,2.5,over,77,39,38,0,-2.16,-2.8
ev_backtest,2026-07-11T02:45:13Z,,PGA Championship,Aronimink Golf Club,,default,default,GIR,,,,20.0,over,25,16,9,0,7.82,31.3
ev_backtest,2026-07-11T02:45:13Z,,PGA Championship,Aronimink Golf Club,,default,default,GIR,,,,5.0,over,73,38,35,0,0.08,0.1
ev_backtest,2026-07-11T02:45:13Z,,PGA Championship,Aronimink Golf Club,,default,default,GIR,,,,7.5,over,68,35,33,0,-0.27,-0.4
ev_backtest,2026-07-11T02:45:13Z,,PGA Championship,Aronimink Golf Club,,default,default,Total score,,,,0.0,over,83,44,39,0,-2.71,-3.3
ev_backtest,2026-07-11T02:45:13Z,,PGA Championship,Aronimink Golf Club,,default,default,Total score,,,,0.0,under,3,1,2,0,-1.32,-43.8
ev_backtest,2026-07-11T02:45:13Z,,PGA Championship,Aronimink Golf Club,,default,default,Total score,,,,10.0,over,60,34,26,0,1.74,2.9
ev_backtest,2026-07-11T02:45:13Z,,PGA Championship,Aronimink Golf Club,,default,default,Total score,,,,12.5,over,53,30,23,0,1.67,3.1
ev_backtest,2026-07-11T02:45:13Z,,PGA Championship,Aronimink Golf Club,,default,default,Total score,,,,15.0,over,47,28,19,0,4.32,9.2
ev_backtest,2026-07-11T02:45:13Z,,PGA Championship,Aronimink Golf Club,,default,default,Total score,,,,17.5,over,40,23,17,0,2.31,5.8
ev_backtest,2026-07-11T02:45:13Z,,PGA Championship,Aronimink Golf Club,,default,default,Total score,,,,2.5,over,77,42,35,0,-0.46,-0.6
ev_backtest,2026-07-11T02:45:13Z,,PGA Championship,Aronimink Golf Club,,default,default,Total score,,,,2.5,under,2,1,1,0,-0.32,-15.8
ev_backtest,2026-07-11T02:45:13Z,,PGA Championship,Aronimink Golf Club,,default,default,Total score,,,,20.0,over,35,20,15,0,1.99,5.7
ev_backtest,2026-07-11T02:45:13Z,,PGA Championship,Aronimink Golf Club,,default,default,Total score,,,,5.0,over,71,40,31,0,1.93,2.7
ev_backtest,2026-07-11T02:45:13Z,,PGA Championship,Aronimink Golf Club,,default,default,Total score,,,,5.0,under,1,1,0,0,0.68,68.5
ev_backtest,2026-07-11T02:45:13Z,,PGA Championship,Aronimink Golf Club,,default,default,Total score,,,,7.5,over,68,39,29,0,3.14,4.6
ev_backtest,2026-07-11T02:45:13Z,,PGA Championship,Aronimink Golf Club,,default,default,Total score,,,,7.5,under,1,1,0,0,0.68,68.5
model_vs_book_by_market,2026-07-11T02:45:13Z,,PGA Championship,Aronimink Golf Club,,(all),(all),Birdies,0.830,0.638,173,,,,,,,,
model_vs_book_by_market,2026-07-11T02:45:13Z,,PGA Championship,Aronimink Golf Club,,(all),(all),Bogeys,1.516,1.388,81,,,,,,,,
model_vs_book_by_market,2026-07-11T02:45:13Z,,PGA Championship,Aronimink Golf Club,,(all),(all),Fairways hit,2.659,2.308,97,,,,,,,,
model_vs_book_by_market,2026-07-11T02:45:13Z,,PGA Championship,Aronimink Golf Club,,(all),(all),GIR,1.796,1.311,97,,,,,,,,
model_vs_book_by_market,2026-07-11T02:45:13Z,,PGA Championship,Aronimink Golf Club,,(all),(all),Total score,7.469,2.191,97,,,,,,,,
ev_backtest_by_market,2026-07-11T02:45:13Z,,PGA Championship,Aronimink Golf Club,,(all),(all),Birdies,,,,0.0,over,115,60,55,0,-8.21,-7.1
ev_backtest_by_market,2026-07-11T02:45:13Z,,PGA Championship,Aronimink Golf Club,,(all),(all),Birdies,,,,0.0,under,4,2,2,0,0.00,0.1
ev_backtest_by_market,2026-07-11T02:45:13Z,,PGA Championship,Aronimink Golf Club,,(all),(all),Birdies,,,,10.0,over,37,20,17,0,-0.84,-2.3
ev_backtest_by_market,2026-07-11T02:45:13Z,,PGA Championship,Aronimink Golf Club,,(all),(all),Birdies,,,,12.5,over,23,10,13,0,-4.46,-19.4
ev_backtest_by_market,2026-07-11T02:45:13Z,,PGA Championship,Aronimink Golf Club,,(all),(all),Birdies,,,,15.0,over,12,5,7,0,-1.82,-15.2
ev_backtest_by_market,2026-07-11T02:45:13Z,,PGA Championship,Aronimink Golf Club,,(all),(all),Birdies,,,,17.5,over,8,3,5,0,-1.74,-21.7
ev_backtest_by_market,2026-07-11T02:45:13Z,,PGA Championship,Aronimink Golf Club,,(all),(all),Birdies,,,,2.5,over,89,43,46,0,-10.84,-12.2
ev_backtest_by_market,2026-07-11T02:45:13Z,,PGA Championship,Aronimink Golf Club,,(all),(all),Birdies,,,,2.5,under,3,1,2,0,-1.32,-43.8
ev_backtest_by_market,2026-07-11T02:45:13Z,,PGA Championship,Aronimink Golf Club,,(all),(all),Birdies,,,,20.0,over,2,1,1,0,0.32,16.0
ev_backtest_by_market,2026-07-11T02:45:13Z,,PGA Championship,Aronimink Golf Club,,(all),(all),Birdies,,,,5.0,over,67,33,34,0,-6.23,-9.3
ev_backtest_by_market,2026-07-11T02:45:13Z,,PGA Championship,Aronimink Golf Club,,(all),(all),Birdies,,,,5.0,under,1,0,1,0,-1.00,-100.0
ev_backtest_by_market,2026-07-11T02:45:13Z,,PGA Championship,Aronimink Golf Club,,(all),(all),Birdies,,,,7.5,over,51,24,27,0,-7.33,-14.4
ev_backtest_by_market,2026-07-11T02:45:13Z,,PGA Championship,Aronimink Golf Club,,(all),(all),Bogeys,,,,0.0,over,80,39,41,0,-5.79,-7.2
ev_backtest_by_market,2026-07-11T02:45:13Z,,PGA Championship,Aronimink Golf Club,,(all),(all),Bogeys,,,,10.0,over,75,35,40,0,-7.64,-10.2
ev_backtest_by_market,2026-07-11T02:45:13Z,,PGA Championship,Aronimink Golf Club,,(all),(all),Bogeys,,,,12.5,over,71,33,38,0,-7.51,-10.6
ev_backtest_by_market,2026-07-11T02:45:13Z,,PGA Championship,Aronimink Golf Club,,(all),(all),Bogeys,,,,15.0,over,61,30,31,0,-3.09,-5.1
ev_backtest_by_market,2026-07-11T02:45:13Z,,PGA Championship,Aronimink Golf Club,,(all),(all),Bogeys,,,,17.5,over,48,24,24,0,-1.89,-3.9
ev_backtest_by_market,2026-07-11T02:45:13Z,,PGA Championship,Aronimink Golf Club,,(all),(all),Bogeys,,,,2.5,over,79,39,40,0,-4.79,-6.1
ev_backtest_by_market,2026-07-11T02:45:13Z,,PGA Championship,Aronimink Golf Club,,(all),(all),Bogeys,,,,20.0,over,29,16,13,0,2.18,7.5
ev_backtest_by_market,2026-07-11T02:45:13Z,,PGA Championship,Aronimink Golf Club,,(all),(all),Bogeys,,,,5.0,over,78,38,40,0,-5.46,-7.0
ev_backtest_by_market,2026-07-11T02:45:13Z,,PGA Championship,Aronimink Golf Club,,(all),(all),Bogeys,,,,7.5,over,77,37,40,0,-6.28,-8.2
ev_backtest_by_market,2026-07-11T02:45:13Z,,PGA Championship,Aronimink Golf Club,,(all),(all),Fairways hit,,,,0.0,over,40,10,30,0,-21.21,-53.0
ev_backtest_by_market,2026-07-11T02:45:13Z,,PGA Championship,Aronimink Golf Club,,(all),(all),Fairways hit,,,,0.0,under,47,38,9,0,23.95,51.0
ev_backtest_by_market,2026-07-11T02:45:13Z,,PGA Championship,Aronimink Golf Club,,(all),(all),Fairways hit,,,,10.0,over,35,9,26,0,-17.79,-50.8
ev_backtest_by_market,2026-07-11T02:45:13Z,,PGA Championship,Aronimink Golf Club,,(all),(all),Fairways hit,,,,10.0,under,39,30,9,0,18.16,46.6
ev_backtest_by_market,2026-07-11T02:45:13Z,,PGA Championship,Aronimink Golf Club,,(all),(all),Fairways hit,,,,12.5,over,35,9,26,0,-17.79,-50.8
ev_backtest_by_market,2026-07-11T02:45:13Z,,PGA Championship,Aronimink Golf Club,,(all),(all),Fairways hit,,,,12.5,under,36,28,8,0,16.92,47.0
ev_backtest_by_market,2026-07-11T02:45:13Z,,PGA Championship,Aronimink Golf Club,,(all),(all),Fairways hit,,,,15.0,over,33,9,24,0,-15.79,-47.9
ev_backtest_by_market,2026-07-11T02:45:13Z,,PGA Championship,Aronimink Golf Club,,(all),(all),Fairways hit,,,,15.0,under,36,28,8,0,16.92,47.0
ev_backtest_by_market,2026-07-11T02:45:13Z,,PGA Championship,Aronimink Golf Club,,(all),(all),Fairways hit,,,,17.5,over,31,7,24,0,-17.32,-55.9
ev_backtest_by_market,2026-07-11T02:45:13Z,,PGA Championship,Aronimink Golf Club,,(all),(all),Fairways hit,,,,17.5,under,35,27,8,0,16.17,46.2
ev_backtest_by_market,2026-07-11T02:45:13Z,,PGA Championship,Aronimink Golf Club,,(all),(all),Fairways hit,,,,2.5,over,39,10,29,0,-20.21,-51.8
ev_backtest_by_market,2026-07-11T02:45:13Z,,PGA Championship,Aronimink Golf Club,,(all),(all),Fairways hit,,,,2.5,under,44,35,9,0,21.88,49.7
ev_backtest_by_market,2026-07-11T02:45:13Z,,PGA Championship,Aronimink Golf Club,,(all),(all),Fairways hit,,,,20.0,over,29,7,22,0,-15.32,-52.8
ev_backtest_by_market,2026-07-11T02:45:13Z,,PGA Championship,Aronimink Golf Club,,(all),(all),Fairways hit,,,,20.0,under,35,27,8,0,16.17,46.2
ev_backtest_by_market,2026-07-11T02:45:13Z,,PGA Championship,Aronimink Golf Club,,(all),(all),Fairways hit,,,,5.0,over,38,10,28,0,-19.21,-50.6
ev_backtest_by_market,2026-07-11T02:45:13Z,,PGA Championship,Aronimink Golf Club,,(all),(all),Fairways hit,,,,5.0,under,44,35,9,0,21.88,49.7
ev_backtest_by_market,2026-07-11T02:45:13Z,,PGA Championship,Aronimink Golf Club,,(all),(all),Fairways hit,,,,7.5,over,36,9,27,0,-18.79,-52.2
ev_backtest_by_market,2026-07-11T02:45:13Z,,PGA Championship,Aronimink Golf Club,,(all),(all),Fairways hit,,,,7.5,under,41,32,9,0,19.64,47.9
ev_backtest_by_market,2026-07-11T02:45:13Z,,PGA Championship,Aronimink Golf Club,,(all),(all),GIR,,,,0.0,over,86,43,43,0,-3.52,-4.1
ev_backtest_by_market,2026-07-11T02:45:13Z,,PGA Championship,Aronimink Golf Club,,(all),(all),GIR,,,,10.0,over,60,31,29,0,0.71,1.2
ev_backtest_by_market,2026-07-11T02:45:13Z,,PGA Championship,Aronimink Golf Club,,(all),(all),GIR,,,,12.5,over,50,26,24,0,1.17,2.3
ev_backtest_by_market,2026-07-11T02:45:13Z,,PGA Championship,Aronimink Golf Club,,(all),(all),GIR,,,,15.0,over,42,24,18,0,5.43,12.9
ev_backtest_by_market,2026-07-11T02:45:13Z,,PGA Championship,Aronimink Golf Club,,(all),(all),GIR,,,,17.5,over,36,20,16,0,4.00,11.1
ev_backtest_by_market,2026-07-11T02:45:13Z,,PGA Championship,Aronimink Golf Club,,(all),(all),GIR,,,,2.5,over,77,39,38,0,-2.16,-2.8
ev_backtest_by_market,2026-07-11T02:45:13Z,,PGA Championship,Aronimink Golf Club,,(all),(all),GIR,,,,20.0,over,25,16,9,0,7.82,31.3
ev_backtest_by_market,2026-07-11T02:45:13Z,,PGA Championship,Aronimink Golf Club,,(all),(all),GIR,,,,5.0,over,73,38,35,0,0.08,0.1
ev_backtest_by_market,2026-07-11T02:45:13Z,,PGA Championship,Aronimink Golf Club,,(all),(all),GIR,,,,7.5,over,68,35,33,0,-0.27,-0.4
ev_backtest_by_market,2026-07-11T02:45:13Z,,PGA Championship,Aronimink Golf Club,,(all),(all),Total score,,,,0.0,over,83,44,39,0,-2.71,-3.3
ev_backtest_by_market,2026-07-11T02:45:13Z,,PGA Championship,Aronimink Golf Club,,(all),(all),Total score,,,,0.0,under,3,1,2,0,-1.32,-43.8
ev_backtest_by_market,2026-07-11T02:45:13Z,,PGA Championship,Aronimink Golf Club,,(all),(all),Total score,,,,10.0,over,60,34,26,0,1.74,2.9
ev_backtest_by_market,2026-07-11T02:45:13Z,,PGA Championship,Aronimink Golf Club,,(all),(all),Total score,,,,12.5,over,53,30,23,0,1.67,3.1
ev_backtest_by_market,2026-07-11T02:45:13Z,,PGA Championship,Aronimink Golf Club,,(all),(all),Total score,,,,15.0,over,47,28,19,0,4.32,9.2
ev_backtest_by_market,2026-07-11T02:45:13Z,,PGA Championship,Aronimink Golf Club,,(all),(all),Total score,,,,17.5,over,40,23,17,0,2.31,5.8
ev_backtest_by_market,2026-07-11T02:45:13Z,,PGA Championship,Aronimink Golf Club,,(all),(all),Total score,,,,2.5,over,77,42,35,0,-0.46,-0.6
ev_backtest_by_market,2026-07-11T02:45:13Z,,PGA Championship,Aronimink Golf Club,,(all),(all),Total score,,,,2.5,under,2,1,1,0,-0.32,-15.8
ev_backtest_by_market,2026-07-11T02:45:13Z,,PGA Championship,Aronimink Golf Club,,(all),(all),Total score,,,,20.0,over,35,20,15,0,1.99,5.7
ev_backtest_by_market,2026-07-11T02:45:13Z,,PGA Championship,Aronimink Golf Club,,(all),(all),Total score,,,,5.0,over,71,40,31,0,1.93,2.7
ev_backtest_by_market,2026-07-11T02:45:13Z,,PGA Championship,Aronimink Golf Club,,(all),(all),Total score,,,,5.0,under,1,1,0,0,0.68,68.5
ev_backtest_by_market,2026-07-11T02:45:13Z,,PGA Championship,Aronimink Golf Club,,(all),(all),Total score,,,,7.5,over,68,39,29,0,3.14,4.6
ev_backtest_by_market,2026-07-11T02:45:13Z,,PGA Championship,Aronimink Golf Club,,(all),(all),Total score,,,,7.5,under,1,1,0,0,0.68,68.5
model_vs_book,2026-07-11T02:45:13Z,,THE CJ CUP Byron Nelson,TPC Craig Ranch,,default,default,Birdies,2.061,1.930,144,,,,,,,,
model_vs_book,2026-07-11T02:45:13Z,,THE CJ CUP Byron Nelson,TPC Craig Ranch,,default,default,Bogeys,0.496,0.446,67,,,,,,,,
model_vs_book,2026-07-11T02:45:13Z,,THE CJ CUP Byron Nelson,TPC Craig Ranch,,default,default,Fairways hit,1.847,1.625,67,,,,,,,,
model_vs_book,2026-07-11T02:45:13Z,,THE CJ CUP Byron Nelson,TPC Craig Ranch,,default,default,GIR,0.596,0.514,44,,,,,,,,
model_vs_book,2026-07-11T02:45:13Z,,THE CJ CUP Byron Nelson,TPC Craig Ranch,,default,default,Total score,8.297,2.015,144,,,,,,,,
ev_backtest,2026-07-11T02:45:13Z,,THE CJ CUP Byron Nelson,TPC Craig Ranch,,default,default,Birdies,,,,0.0,over,137,74,63,0,-1.34,-1.0
ev_backtest,2026-07-11T02:45:13Z,,THE CJ CUP Byron Nelson,TPC Craig Ranch,,default,default,Birdies,,,,10.0,over,131,72,59,0,1.43,1.1
ev_backtest,2026-07-11T02:45:13Z,,THE CJ CUP Byron Nelson,TPC Craig Ranch,,default,default,Birdies,,,,12.5,over,116,61,55,0,-2.16,-1.9
ev_backtest,2026-07-11T02:45:13Z,,THE CJ CUP Byron Nelson,TPC Craig Ranch,,default,default,Birdies,,,,15.0,over,104,55,49,0,-0.68,-0.7
ev_backtest,2026-07-11T02:45:13Z,,THE CJ CUP Byron Nelson,TPC Craig Ranch,,default,default,Birdies,,,,17.5,over,82,45,37,0,3.32,4.0
ev_backtest,2026-07-11T02:45:13Z,,THE CJ CUP Byron Nelson,TPC Craig Ranch,,default,default,Birdies,,,,2.5,over,137,74,63,0,-1.34,-1.0
ev_backtest,2026-07-11T02:45:13Z,,THE CJ CUP Byron Nelson,TPC Craig Ranch,,default,default,Birdies,,,,20.0,over,59,33,26,0,4.30,7.3
ev_backtest,2026-07-11T02:45:13Z,,THE CJ CUP Byron Nelson,TPC Craig Ranch,,default,default,Birdies,,,,5.0,over,135,73,62,0,-0.94,-0.7
ev_backtest,2026-07-11T02:45:13Z,,THE CJ CUP Byron Nelson,TPC Craig Ranch,,default,default,Birdies,,,,7.5,over,133,72,61,0,-0.57,-0.4
ev_backtest,2026-07-11T02:45:13Z,,THE CJ CUP Byron Nelson,TPC Craig Ranch,,default,default,Bogeys,,,,0.0,over,11,4,7,0,-4.07,-37.0
ev_backtest,2026-07-11T02:45:13Z,,THE CJ CUP Byron Nelson,TPC Craig Ranch,,default,default,Bogeys,,,,0.0,under,29,23,6,0,10.67,36.8
ev_backtest,2026-07-11T02:45:13Z,,THE CJ CUP Byron Nelson,TPC Craig Ranch,,default,default,Bogeys,,,,10.0,under,5,5,0,0,3.46,69.2
ev_backtest,2026-07-11T02:45:13Z,,THE CJ CUP Byron Nelson,TPC Craig Ranch,,default,default,Bogeys,,,,12.5,under,3,3,0,0,2.19,72.9
ev_backtest,2026-07-11T02:45:13Z,,THE CJ CUP Byron Nelson,TPC Craig Ranch,,default,default,Bogeys,,,,15.0,under,1,1,0,0,0.65,64.9
ev_backtest,2026-07-11T02:45:13Z,,THE CJ CUP Byron Nelson,TPC Craig Ranch,,default,default,Bogeys,,,,2.5,over,4,2,2,0,-0.35,-8.7
ev_backtest,2026-07-11T02:45:13Z,,THE CJ CUP Byron Nelson,TPC Craig Ranch,,default,default,Bogeys,,,,2.5,under,22,17,5,0,5.96,27.1
ev_backtest,2026-07-11T02:45:13Z,,THE CJ CUP Byron Nelson,TPC Craig Ranch,,default,default,Bogeys,,,,5.0,over,3,1,2,0,-0.98,-32.7
ev_backtest,2026-07-11T02:45:13Z,,THE CJ CUP Byron Nelson,TPC Craig Ranch,,default,default,Bogeys,,,,5.0,under,14,13,1,0,7.39,52.8
ev_backtest,2026-07-11T02:45:13Z,,THE CJ CUP Byron Nelson,TPC Craig Ranch,,default,default,Bogeys,,,,7.5,under,10,10,0,0,6.70,67.0
ev_backtest,2026-07-11T02:45:13Z,,THE CJ CUP Byron Nelson,TPC Craig Ranch,,default,default,Fairways hit,,,,0.0,over,42,10,32,0,-24.17,-57.5
ev_backtest,2026-07-11T02:45:13Z,,THE CJ CUP Byron Nelson,TPC Craig Ranch,,default,default,Fairways hit,,,,0.0,under,15,14,1,0,10.11,67.4
ev_backtest,2026-07-11T02:45:13Z,,THE CJ CUP Byron Nelson,TPC Craig Ranch,,default,default,Fairways hit,,,,10.0,over,39,9,30,0,-22.89,-58.7
ev_backtest,2026-07-11T02:45:13Z,,THE CJ CUP Byron Nelson,TPC Craig Ranch,,default,default,Fairways hit,,,,10.0,under,11,11,0,0,8.68,78.9
ev_backtest,2026-07-11T02:45:13Z,,THE CJ CUP Byron Nelson,TPC Craig Ranch,,default,default,Fairways hit,,,,12.5,over,36,7,29,0,-23.27,-64.6
ev_backtest,2026-07-11T02:45:13Z,,THE CJ CUP Byron Nelson,TPC Craig Ranch,,default,default,Fairways hit,,,,12.5,under,9,9,0,0,7.56,84.0
ev_backtest,2026-07-11T02:45:13Z,,THE CJ CUP Byron Nelson,TPC Craig Ranch,,default,default,Fairways hit,,,,15.0,over,35,7,28,0,-22.27,-63.6
ev_backtest,2026-07-11T02:45:13Z,,THE CJ CUP Byron Nelson,TPC Craig Ranch,,default,default,Fairways hit,,,,15.0,under,9,9,0,0,7.56,84.0
ev_backtest,2026-07-11T02:45:13Z,,THE CJ CUP Byron Nelson,TPC Craig Ranch,,default,default,Fairways hit,,,,17.5,over,33,6,27,0,-21.99,-66.6
ev_backtest,2026-07-11T02:45:13Z,,THE CJ CUP Byron Nelson,TPC Craig Ranch,,default,default,Fairways hit,,,,17.5,under,8,8,0,0,6.93,86.6
ev_backtest,2026-07-11T02:45:13Z,,THE CJ CUP Byron Nelson,TPC Craig Ranch,,default,default,Fairways hit,,,,2.5,over,41,10,31,0,-23.17,-56.5
ev_backtest,2026-07-11T02:45:13Z,,THE CJ CUP Byron Nelson,TPC Craig Ranch,,default,default,Fairways hit,,,,2.5,under,13,13,0,0,10.32,79.4
ev_backtest,2026-07-11T02:45:13Z,,THE CJ CUP Byron Nelson,TPC Craig Ranch,,default,default,Fairways hit,,,,20.0,over,31,6,25,0,-19.99,-64.5
ev_backtest,2026-07-11T02:45:13Z,,THE CJ CUP Byron Nelson,TPC Craig Ranch,,default,default,Fairways hit,,,,20.0,under,7,7,0,0,6.16,88.0
ev_backtest,2026-07-11T02:45:13Z,,THE CJ CUP Byron Nelson,TPC Craig Ranch,,default,default,Fairways hit,,,,5.0,over,41,10,31,0,-23.17,-56.5
ev_backtest,2026-07-11T02:45:13Z,,THE CJ CUP Byron Nelson,TPC Craig Ranch,,default,default,Fairways hit,,,,5.0,under,11,11,0,0,8.68,78.9
ev_backtest,2026-07-11T02:45:13Z,,THE CJ CUP Byron Nelson,TPC Craig Ranch,,default,default,Fairways hit,,,,7.5,over,40,10,30,0,-22.17,-55.4
ev_backtest,2026-07-11T02:45:13Z,,THE CJ CUP Byron Nelson,TPC Craig Ranch,,default,default,Fairways hit,,,,7.5,under,11,11,0,0,8.68,78.9
ev_backtest,2026-07-11T02:45:13Z,,THE CJ CUP Byron Nelson,TPC Craig Ranch,,default,default,GIR,,,,0.0,over,5,3,2,0,0.64,12.8
ev_backtest,2026-07-11T02:45:13Z,,THE CJ CUP Byron Nelson,TPC Craig Ranch,,default,default,GIR,,,,0.0,under,21,14,7,0,5.13,24.4
ev_backtest,2026-07-11T02:45:13Z,,THE CJ CUP Byron Nelson,TPC Craig Ranch,,default,default,GIR,,,,10.0,under,2,2,0,0,1.82,91.0
ev_backtest,2026-07-11T02:45:13Z,,THE CJ CUP Byron Nelson,TPC Craig Ranch,,default,default,GIR,,,,12.5,under,2,2,0,0,1.82,91.0
ev_backtest,2026-07-11T02:45:13Z,,THE CJ CUP Byron Nelson,TPC Craig Ranch,,default,default,GIR,,,,2.5,over,5,3,2,0,0.64,12.8
ev_backtest,2026-07-11T02:45:13Z,,THE CJ CUP Byron Nelson,TPC Craig Ranch,,default,default,GIR,,,,2.5,under,16,10,6,0,2.99,18.7
ev_backtest,2026-07-11T02:45:13Z,,THE CJ CUP Byron Nelson,TPC Craig Ranch,,default,default,GIR,,,,5.0,over,3,1,2,0,-1.19,-39.8
ev_backtest,2026-07-11T02:45:13Z,,THE CJ CUP Byron Nelson,TPC Craig Ranch,,default,default,GIR,,,,5.0,under,8,5,3,0,1.79,22.3
ev_backtest,2026-07-11T02:45:13Z,,THE CJ CUP Byron Nelson,TPC Craig Ranch,,default,default,GIR,,,,7.5,over,1,0,1,0,-1.00,-100.0
ev_backtest,2026-07-11T02:45:13Z,,THE CJ CUP Byron Nelson,TPC Craig Ranch,,default,default,GIR,,,,7.5,under,3,3,0,0,2.90,96.7
ev_backtest,2026-07-11T02:45:13Z,,THE CJ CUP Byron Nelson,TPC Craig Ranch,,default,default,Total score,,,,0.0,over,66,34,32,0,-3.30,-5.0
ev_backtest,2026-07-11T02:45:13Z,,THE CJ CUP Byron Nelson,TPC Craig Ranch,,default,default,Total score,,,,0.0,under,45,30,15,0,12.72,28.3
ev_backtest,2026-07-11T02:45:13Z,,THE CJ CUP Byron Nelson,TPC Craig Ranch,,default,default,Total score,,,,10.0,over,35,20,15,0,2.13,6.1
ev_backtest,2026-07-11T02:45:13Z,,THE CJ CUP Byron Nelson,TPC Craig Ranch,,default,default,Total score,,,,10.0,under,25,16,9,0,6.84,27.3
ev_backtest,2026-07-11T02:45:13Z,,THE CJ CUP Byron Nelson,TPC Craig Ranch,,default,default,Total score,,,,12.5,over,26,16,10,0,3.43,13.2
ev_backtest,2026-07-11T02:45:13Z,,THE CJ CUP Byron Nelson,TPC Craig Ranch,,default,default,Total score,,,,12.5,under,20,14,6,0,7.77,38.9
ev_backtest,2026-07-11T02:45:13Z,,THE CJ CUP Byron Nelson,TPC Craig Ranch,,default,default,Total score,,,,15.0,over,25,15,10,0,2.68,10.7
ev_backtest,2026-07-11T02:45:13Z,,THE CJ CUP Byron Nelson,TPC Craig Ranch,,default,default,Total score,,,,15.0,under,18,13,5,0,8.12,45.1
ev_backtest,2026-07-11T02:45:13Z,,THE CJ CUP Byron Nelson,TPC Craig Ranch,,default,default,Total score,,,,17.5,over,18,12,6,0,3.82,21.2
ev_backtest,2026-07-11T02:45:13Z,,THE CJ CUP Byron Nelson,TPC Craig Ranch,,default,default,Total score,,,,17.5,under,15,10,5,0,5.17,34.4
ev_backtest,2026-07-11T02:45:13Z,,THE CJ CUP Byron Nelson,TPC Craig Ranch,,default,default,Total score,,,,2.5,over,60,29,31,0,-6.41,-10.7
ev_backtest,2026-07-11T02:45:13Z,,THE CJ CUP Byron Nelson,TPC Craig Ranch,,default,default,Total score,,,,2.5,under,39,26,13,0,11.23,28.8
ev_backtest,2026-07-11T02:45:13Z,,THE CJ CUP Byron Nelson,TPC Craig Ranch,,default,default,Total score,,,,20.0,over,15,10,5,0,3.51,23.4
ev_backtest,2026-07-11T02:45:13Z,,THE CJ CUP Byron Nelson,TPC Craig Ranch,,default,default,Total score,,,,20.0,under,12,9,3,0,6.01,50.0
ev_backtest,2026-07-11T02:45:13Z,,THE CJ CUP Byron Nelson,TPC Craig Ranch,,default,default,Total score,,,,5.0,over,49,24,25,0,-4.85,-9.9
ev_backtest,2026-07-11T02:45:13Z,,THE CJ CUP Byron Nelson,TPC Craig Ranch,,default,default,Total score,,,,5.0,under,34,22,12,0,8.43,24.8
ev_backtest,2026-07-11T02:45:13Z,,THE CJ CUP Byron Nelson,TPC Craig Ranch,,default,default,Total score,,,,7.5,over,43,21,22,0,-4.07,-9.5
ev_backtest,2026-07-11T02:45:13Z,,THE CJ CUP Byron Nelson,TPC Craig Ranch,,default,default,Total score,,,,7.5,under,28,18,10,0,7.47,26.7
model_vs_book_by_market,2026-07-11T02:45:13Z,,THE CJ CUP Byron Nelson,TPC Craig Ranch,,(all),(all),Birdies,2.061,1.930,144,,,,,,,,
model_vs_book_by_market,2026-07-11T02:45:13Z,,THE CJ CUP Byron Nelson,TPC Craig Ranch,,(all),(all),Bogeys,0.496,0.446,67,,,,,,,,
model_vs_book_by_market,2026-07-11T02:45:13Z,,THE CJ CUP Byron Nelson,TPC Craig Ranch,,(all),(all),Fairways hit,1.847,1.625,67,,,,,,,,
model_vs_book_by_market,2026-07-11T02:45:13Z,,THE CJ CUP Byron Nelson,TPC Craig Ranch,,(all),(all),GIR,0.596,0.514,44,,,,,,,,
model_vs_book_by_market,2026-07-11T02:45:13Z,,THE CJ CUP Byron Nelson,TPC Craig Ranch,,(all),(all),Total score,8.297,2.015,144,,,,,,,,
ev_backtest_by_market,2026-07-11T02:45:13Z,,THE CJ CUP Byron Nelson,TPC Craig Ranch,,(all),(all),Birdies,,,,0.0,over,137,74,63,0,-1.34,-1.0
ev_backtest_by_market,2026-07-11T02:45:13Z,,THE CJ CUP Byron Nelson,TPC Craig Ranch,,(all),(all),Birdies,,,,10.0,over,131,72,59,0,1.43,1.1
ev_backtest_by_market,2026-07-11T02:45:13Z,,THE CJ CUP Byron Nelson,TPC Craig Ranch,,(all),(all),Birdies,,,,12.5,over,116,61,55,0,-2.16,-1.9
ev_backtest_by_market,2026-07-11T02:45:13Z,,THE CJ CUP Byron Nelson,TPC Craig Ranch,,(all),(all),Birdies,,,,15.0,over,104,55,49,0,-0.68,-0.7
ev_backtest_by_market,2026-07-11T02:45:13Z,,THE CJ CUP Byron Nelson,TPC Craig Ranch,,(all),(all),Birdies,,,,17.5,over,82,45,37,0,3.32,4.0
ev_backtest_by_market,2026-07-11T02:45:13Z,,THE CJ CUP Byron Nelson,TPC Craig Ranch,,(all),(all),Birdies,,,,2.5,over,137,74,63,0,-1.34,-1.0
ev_backtest_by_market,2026-07-11T02:45:13Z,,THE CJ CUP Byron Nelson,TPC Craig Ranch,,(all),(all),Birdies,,,,20.0,over,59,33,26,0,4.30,7.3
ev_backtest_by_market,2026-07-11T02:45:13Z,,THE CJ CUP Byron Nelson,TPC Craig Ranch,,(all),(all),Birdies,,,,5.0,over,135,73,62,0,-0.94,-0.7
ev_backtest_by_market,2026-07-11T02:45:13Z,,THE CJ CUP Byron Nelson,TPC Craig Ranch,,(all),(all),Birdies,,,,7.5,over,133,72,61,0,-0.57,-0.4
ev_backtest_by_market,2026-07-11T02:45:13Z,,THE CJ CUP Byron Nelson,TPC Craig Ranch,,(all),(all),Bogeys,,,,0.0,over,11,4,7,0,-4.07,-37.0
ev_backtest_by_market,2026-07-11T02:45:13Z,,THE CJ CUP Byron Nelson,TPC Craig Ranch,,(all),(all),Bogeys,,,,0.0,under,29,23,6,0,10.67,36.8
ev_backtest_by_market,2026-07-11T02:45:13Z,,THE CJ CUP Byron Nelson,TPC Craig Ranch,,(all),(all),Bogeys,,,,10.0,under,5,5,0,0,3.46,69.2
ev_backtest_by_market,2026-07-11T02:45:13Z,,THE CJ CUP Byron Nelson,TPC Craig Ranch,,(all),(all),Bogeys,,,,12.5,under,3,3,0,0,2.19,72.9
ev_backtest_by_market,2026-07-11T02:45:13Z,,THE CJ CUP Byron Nelson,TPC Craig Ranch,,(all),(all),Bogeys,,,,15.0,under,1,1,0,0,0.65,64.9
ev_backtest_by_market,2026-07-11T02:45:13Z,,THE CJ CUP Byron Nelson,TPC Craig Ranch,,(all),(all),Bogeys,,,,2.5,over,4,2,2,0,-0.35,-8.7
ev_backtest_by_market,2026-07-11T02:45:13Z,,THE CJ CUP Byron Nelson,TPC Craig Ranch,,(all),(all),Bogeys,,,,2.5,under,22,17,5,0,5.96,27.1
ev_backtest_by_market,2026-07-11T02:45:13Z,,THE CJ CUP Byron Nelson,TPC Craig Ranch,,(all),(all),Bogeys,,,,5.0,over,3,1,2,0,-0.98,-32.7
ev_backtest_by_market,2026-07-11T02:45:13Z,,THE CJ CUP Byron Nelson,TPC Craig Ranch,,(all),(all),Bogeys,,,,5.0,under,14,13,1,0,7.39,52.8
ev_backtest_by_market,2026-07-11T02:45:13Z,,THE CJ CUP Byron Nelson,TPC Craig Ranch,,(all),(all),Bogeys,,,,7.5,under,10,10,0,0,6.70,67.0
ev_backtest_by_market,2026-07-11T02:45:13Z,,THE CJ CUP Byron Nelson,TPC Craig Ranch,,(all),(all),Fairways hit,,,,0.0,over,42,10,32,0,-24.17,-57.5
ev_backtest_by_market,2026-07-11T02:45:13Z,,THE CJ CUP Byron Nelson,TPC Craig Ranch,,(all),(all),Fairways hit,,,,0.0,under,15,14,1,0,10.11,67.4
ev_backtest_by_market,2026-07-11T02:45:13Z,,THE CJ CUP Byron Nelson,TPC Craig Ranch,,(all),(all),Fairways hit,,,,10.0,over,39,9,30,0,-22.89,-58.7
ev_backtest_by_market,2026-07-11T02:45:13Z,,THE CJ CUP Byron Nelson,TPC Craig Ranch,,(all),(all),Fairways hit,,,,10.0,under,11,11,0,0,8.68,78.9
ev_backtest_by_market,2026-07-11T02:45:13Z,,THE CJ CUP Byron Nelson,TPC Craig Ranch,,(all),(all),Fairways hit,,,,12.5,over,36,7,29,0,-23.27,-64.6
ev_backtest_by_market,2026-07-11T02:45:13Z,,THE CJ CUP Byron Nelson,TPC Craig Ranch,,(all),(all),Fairways hit,,,,12.5,under,9,9,0,0,7.56,84.0
ev_backtest_by_market,2026-07-11T02:45:13Z,,THE CJ CUP Byron Nelson,TPC Craig Ranch,,(all),(all),Fairways hit,,,,15.0,over,35,7,28,0,-22.27,-63.6
ev_backtest_by_market,2026-07-11T02:45:13Z,,THE CJ CUP Byron Nelson,TPC Craig Ranch,,(all),(all),Fairways hit,,,,15.0,under,9,9,0,0,7.56,84.0
ev_backtest_by_market,2026-07-11T02:45:13Z,,THE CJ CUP Byron Nelson,TPC Craig Ranch,,(all),(all),Fairways hit,,,,17.5,over,33,6,27,0,-21.99,-66.6
ev_backtest_by_market,2026-07-11T02:45:13Z,,THE CJ CUP Byron Nelson,TPC Craig Ranch,,(all),(all),Fairways hit,,,,17.5,under,8,8,0,0,6.93,86.6
ev_backtest_by_market,2026-07-11T02:45:13Z,,THE CJ CUP Byron Nelson,TPC Craig Ranch,,(all),(all),Fairways hit,,,,2.5,over,41,10,31,0,-23.17,-56.5
ev_backtest_by_market,2026-07-11T02:45:13Z,,THE CJ CUP Byron Nelson,TPC Craig Ranch,,(all),(all),Fairways hit,,,,2.5,under,13,13,0,0,10.32,79.4
ev_backtest_by_market,2026-07-11T02:45:13Z,,THE CJ CUP Byron Nelson,TPC Craig Ranch,,(all),(all),Fairways hit,,,,20.0,over,31,6,25,0,-19.99,-64.5
ev_backtest_by_market,2026-07-11T02:45:13Z,,THE CJ CUP Byron Nelson,TPC Craig Ranch,,(all),(all),Fairways hit,,,,20.0,under,7,7,0,0,6.16,88.0
ev_backtest_by_market,2026-07-11T02:45:13Z,,THE CJ CUP Byron Nelson,TPC Craig Ranch,,(all),(all),Fairways hit,,,,5.0,over,41,10,31,0,-23.17,-56.5
ev_backtest_by_market,2026-07-11T02:45:13Z,,THE CJ CUP Byron Nelson,TPC Craig Ranch,,(all),(all),Fairways hit,,,,5.0,under,11,11,0,0,8.68,78.9
ev_backtest_by_market,2026-07-11T02:45:13Z,,THE CJ CUP Byron Nelson,TPC Craig Ranch,,(all),(all),Fairways hit,,,,7.5,over,40,10,30,0,-22.17,-55.4
ev_backtest_by_market,2026-07-11T02:45:13Z,,THE CJ CUP Byron Nelson,TPC Craig Ranch,,(all),(all),Fairways hit,,,,7.5,under,11,11,0,0,8.68,78.9
ev_backtest_by_market,2026-07-11T02:45:13Z,,THE CJ CUP Byron Nelson,TPC Craig Ranch,,(all),(all),GIR,,,,0.0,over,5,3,2,0,0.64,12.8
ev_backtest_by_market,2026-07-11T02:45:13Z,,THE CJ CUP Byron Nelson,TPC Craig Ranch,,(all),(all),GIR,,,,0.0,under,21,14,7,0,5.13,24.4
ev_backtest_by_market,2026-07-11T02:45:13Z,,THE CJ CUP Byron Nelson,TPC Craig Ranch,,(all),(all),GIR,,,,10.0,under,2,2,0,0,1.82,91.0
ev_backtest_by_market,2026-07-11T02:45:13Z,,THE CJ CUP Byron Nelson,TPC Craig Ranch,,(all),(all),GIR,,,,12.5,under,2,2,0,0,1.82,91.0
ev_backtest_by_market,2026-07-11T02:45:13Z,,THE CJ CUP Byron Nelson,TPC Craig Ranch,,(all),(all),GIR,,,,2.5,over,5,3,2,0,0.64,12.8
ev_backtest_by_market,2026-07-11T02:45:13Z,,THE CJ CUP Byron Nelson,TPC Craig Ranch,,(all),(all),GIR,,,,2.5,under,16,10,6,0,2.99,18.7
ev_backtest_by_market,2026-07-11T02:45:13Z,,THE CJ CUP Byron Nelson,TPC Craig Ranch,,(all),(all),GIR,,,,5.0,over,3,1,2,0,-1.19,-39.8
ev_backtest_by_market,2026-07-11T02:45:13Z,,THE CJ CUP Byron Nelson,TPC Craig Ranch,,(all),(all),GIR,,,,5.0,under,8,5,3,0,1.79,22.3
ev_backtest_by_market,2026-07-11T02:45:13Z,,THE CJ CUP Byron Nelson,TPC Craig Ranch,,(all),(all),GIR,,,,7.5,over,1,0,1,0,-1.00,-100.0
ev_backtest_by_market,2026-07-11T02:45:13Z,,THE CJ CUP Byron Nelson,TPC Craig Ranch,,(all),(all),GIR,,,,7.5,under,3,3,0,0,2.90,96.7
ev_backtest_by_market,2026-07-11T02:45:13Z,,THE CJ CUP Byron Nelson,TPC Craig Ranch,,(all),(all),Total score,,,,0.0,over,66,34,32,0,-3.30,-5.0
ev_backtest_by_market,2026-07-11T02:45:13Z,,THE CJ CUP Byron Nelson,TPC Craig Ranch,,(all),(all),Total score,,,,0.0,under,45,30,15,0,12.72,28.3
ev_backtest_by_market,2026-07-11T02:45:13Z,,THE CJ CUP Byron Nelson,TPC Craig Ranch,,(all),(all),Total score,,,,10.0,over,35,20,15,0,2.13,6.1
ev_backtest_by_market,2026-07-11T02:45:13Z,,THE CJ CUP Byron Nelson,TPC Craig Ranch,,(all),(all),Total score,,,,10.0,under,25,16,9,0,6.84,27.3
ev_backtest_by_market,2026-07-11T02:45:13Z,,THE CJ CUP Byron Nelson,TPC Craig Ranch,,(all),(all),Total score,,,,12.5,over,26,16,10,0,3.43,13.2
ev_backtest_by_market,2026-07-11T02:45:13Z,,THE CJ CUP Byron Nelson,TPC Craig Ranch,,(all),(all),Total score,,,,12.5,under,20,14,6,0,7.77,38.9
ev_backtest_by_market,2026-07-11T02:45:13Z,,THE CJ CUP Byron Nelson,TPC Craig Ranch,,(all),(all),Total score,,,,15.0,over,25,15,10,0,2.68,10.7
ev_backtest_by_market,2026-07-11T02:45:13Z,,THE CJ CUP Byron Nelson,TPC Craig Ranch,,(all),(all),Total score,,,,15.0,under,18,13,5,0,8.12,45.1
ev_backtest_by_market,2026-07-11T02:45:13Z,,THE CJ CUP Byron Nelson,TPC Craig Ranch,,(all),(all),Total score,,,,17.5,over,18,12,6,0,3.82,21.2
ev_backtest_by_market,2026-07-11T02:45:13Z,,THE CJ CUP Byron Nelson,TPC Craig Ranch,,(all),(all),Total score,,,,17.5,under,15,10,5,0,5.17,34.4
ev_backtest_by_market,2026-07-11T02:45:13Z,,THE CJ CUP Byron Nelson,TPC Craig Ranch,,(all),(all),Total score,,,,2.5,over,60,29,31,0,-6.41,-10.7
ev_backtest_by_market,2026-07-11T02:45:13Z,,THE CJ CUP Byron Nelson,TPC Craig Ranch,,(all),(all),Total score,,,,2.5,under,39,26,13,0,11.23,28.8
ev_backtest_by_market,2026-07-11T02:45:13Z,,THE CJ CUP Byron Nelson,TPC Craig Ranch,,(all),(all),Total score,,,,20.0,over,15,10,5,0,3.51,23.4
ev_backtest_by_market,2026-07-11T02:45:13Z,,THE CJ CUP Byron Nelson,TPC Craig Ranch,,(all),(all),Total score,,,,20.0,under,12,9,3,0,6.01,50.0
ev_backtest_by_market,2026-07-11T02:45:13Z,,THE CJ CUP Byron Nelson,TPC Craig Ranch,,(all),(all),Total score,,,,5.0,over,49,24,25,0,-4.85,-9.9
ev_backtest_by_market,2026-07-11T02:45:13Z,,THE CJ CUP Byron Nelson,TPC Craig Ranch,,(all),(all),Total score,,,,5.0,under,34,22,12,0,8.43,24.8
ev_backtest_by_market,2026-07-11T02:45:13Z,,THE CJ CUP Byron Nelson,TPC Craig Ranch,,(all),(all),Total score,,,,7.5,over,43,21,22,0,-4.07,-9.5
ev_backtest_by_market,2026-07-11T02:45:13Z,,THE CJ CUP Byron Nelson,TPC Craig Ranch,,(all),(all),Total score,,,,7.5,under,28,18,10,0,7.47,26.7
model_vs_book,2026-07-11T02:45:13Z,,Charles Schwab Challenge,Colonial Country Club,,default,default,Birdies,0.637,0.589,164,,,,,,,,
model_vs_book,2026-07-11T02:45:13Z,,Charles Schwab Challenge,Colonial Country Club,,default,default,Bogeys,1.398,1.371,74,,,,,,,,
model_vs_book,2026-07-11T02:45:13Z,,Charles Schwab Challenge,Colonial Country Club,,default,default,Fairways hit,2.065,1.752,70,,,,,,,,
model_vs_book,2026-07-11T02:45:13Z,,Charles Schwab Challenge,Colonial Country Club,,default,default,GIR,1.121,0.906,69,,,,,,,,
model_vs_book,2026-07-11T02:45:13Z,,Charles Schwab Challenge,Colonial Country Club,,default,default,Total score,1.339,1.109,114,,,,,,,,
ev_backtest,2026-07-11T02:45:13Z,,Charles Schwab Challenge,Colonial Country Club,,default,default,Birdies,,,,0.0,over,115,59,56,0,-3.80,-3.3
ev_backtest,2026-07-11T02:45:13Z,,Charles Schwab Challenge,Colonial Country Club,,default,default,Birdies,,,,0.0,under,2,2,0,0,1.62,80.8
ev_backtest,2026-07-11T02:45:13Z,,Charles Schwab Challenge,Colonial Country Club,,default,default,Birdies,,,,10.0,over,28,11,17,0,-6.29,-22.5
ev_backtest,2026-07-11T02:45:13Z,,Charles Schwab Challenge,Colonial Country Club,,default,default,Birdies,,,,12.5,over,11,5,6,0,-1.08,-9.8
ev_backtest,2026-07-11T02:45:13Z,,Charles Schwab Challenge,Colonial Country Club,,default,default,Birdies,,,,15.0,over,3,0,3,0,-3.00,-100.0
ev_backtest,2026-07-11T02:45:13Z,,Charles Schwab Challenge,Colonial Country Club,,default,default,Birdies,,,,2.5,over,96,53,43,0,4.48,4.7
ev_backtest,2026-07-11T02:45:13Z,,Charles Schwab Challenge,Colonial Country Club,,default,default,Birdies,,,,5.0,over,74,40,34,0,2.28,3.1
ev_backtest,2026-07-11T02:45:13Z,,Charles Schwab Challenge,Colonial Country Club,,default,default,Birdies,,,,7.5,over,49,24,25,0,-2.21,-4.5
ev_backtest,2026-07-11T02:45:13Z,,Charles Schwab Challenge,Colonial Country Club,,default,default,Bogeys,,,,0.0,over,70,27,43,0,-21.19,-30.3
ev_backtest,2026-07-11T02:45:13Z,,Charles Schwab Challenge,Colonial Country Club,,default,default,Bogeys,,,,10.0,over,69,27,42,0,-20.19,-29.3
ev_backtest,2026-07-11T02:45:13Z,,Charles Schwab Challenge,Colonial Country Club,,default,default,Bogeys,,,,12.5,over,62,21,41,0,-22.92,-37.0
ev_backtest,2026-07-11T02:45:13Z,,Charles Schwab Challenge,Colonial Country Club,,default,default,Bogeys,,,,15.0,over,54,17,37,0,-21.96,-40.7
ev_backtest,2026-07-11T02:45:13Z,,Charles Schwab Challenge,Colonial Country Club,,default,default,Bogeys,,,,17.5,over,43,14,29,0,-16.18,-37.6
ev_backtest,2026-07-11T02:45:13Z,,Charles Schwab Challenge,Colonial Country Club,,default,default,Bogeys,,,,2.5,over,70,27,43,0,-21.19,-30.3
ev_backtest,2026-07-11T02:45:13Z,,Charles Schwab Challenge,Colonial Country Club,,default,default,Bogeys,,,,20.0,over,36,11,25,0,-14.16,-39.3
ev_backtest,2026-07-11T02:45:13Z,,Charles Schwab Challenge,Colonial Country Club,,default,default,Bogeys,,,,5.0,over,70,27,43,0,-21.19,-30.3
ev_backtest,2026-07-11T02:45:13Z,,Charles Schwab Challenge,Colonial Country Club,,default,default,Bogeys,,,,7.5,over,70,27,43,0,-21.19,-30.3
ev_backtest,2026-07-11T02:45:13Z,,Charles Schwab Challenge,Colonial Country Club,,default,default,Fairways hit,,,,0.0,over,30,9,21,0,-12.89,-43.0
ev_backtest,2026-07-11T02:45:13Z,,Charles Schwab Challenge,Colonial Country Club,,default,default,Fairways hit,,,,0.0,under,33,23,10,0,9.31,28.2
ev_backtest,2026-07-11T02:45:13Z,,Charles Schwab Challenge,Colonial Country Club,,default,default,Fairways hit,,,,10.0,over,22,7,15,0,-8.60,-39.1
ev_backtest,2026-07-11T02:45:13Z,,Charles Schwab Challenge,Colonial Country Club,,default,default,Fairways hit,,,,10.0,under,29,21,8,0,10.00,34.5
ev_backtest,2026-07-11T02:45:13Z,,Charles Schwab Challenge,Colonial Country Club,,default,default,Fairways hit,,,,12.5,over,16,5,11,0,-6.46,-40.3
ev_backtest,2026-07-11T02:45:13Z,,Charles Schwab Challenge,Colonial Country Club,,default,default,Fairways hit,,,,12.5,under,26,19,7,0,8.78,33.8
ev_backtest,2026-07-11T02:45:13Z,,Charles Schwab Challenge,Colonial Country Club,,default,default,Fairways hit,,,,15.0,over,13,5,8,0,-3.46,-26.6
ev_backtest,2026-07-11T02:45:13Z,,Charles Schwab Challenge,Colonial Country Club,,default,default,Fairways hit,,,,15.0,under,26,19,7,0,8.78,33.8
ev_backtest,2026-07-11T02:45:13Z,,Charles Schwab Challenge,Colonial Country Club,,default,default,Fairways hit,,,,17.5,over,11,5,6,0,-1.46,-13.2
ev_backtest,2026-07-11T02:45:13Z,,Charles Schwab Challenge,Colonial Country Club,,default,default,Fairways hit,,,,17.5,under,21,17,4,0,9.97,47.5
ev_backtest,2026-07-11T02:45:13Z,,Charles Schwab Challenge,Colonial Country Club,,default,default,Fairways hit,,,,2.5,over,28,8,20,0,-13.05,-46.6
ev_backtest,2026-07-11T02:45:13Z,,Charles Schwab Challenge,Colonial Country Club,,default,default,Fairways hit,,,,2.5,under,33,23,10,0,9.31,28.2
ev_backtest,2026-07-11T02:45:13Z,,Charles Schwab Challenge,Colonial Country Club,,default,default,Fairways hit,,,,20.0,over,11,5,6,0,-1.46,-13.2
ev_backtest,2026-07-11T02:45:13Z,,Charles Schwab Challenge,Colonial Country Club,,default,default,Fairways hit,,,,20.0,under,20,16,4,0,9.30,46.5
ev_backtest,2026-07-11T02:45:13Z,,Charles Schwab Challenge,Colonial Country Club,,default,default,Fairways hit,,,,5.0,over,27,7,20,0,-13.60,-50.4
ev_backtest,2026-07-11T02:45:13Z,,Charles Schwab Challenge,Colonial Country Club,,default,default,Fairways hit,,,,5.0,under,33,23,10,0,9.31,28.2
ev_backtest,2026-07-11T02:45:13Z,,Charles Schwab Challenge,Colonial Country Club,,default,default,Fairways hit,,,,7.5,over,26,7,19,0,-12.60,-48.5
ev_backtest,2026-07-11T02:45:13Z,,Charles Schwab Challenge,Colonial Country Club,,default,default,Fairways hit,,,,7.5,under,32,23,9,0,10.31,32.2
ev_backtest,2026-07-11T02:45:13Z,,Charles Schwab Challenge,Colonial Country Club,,default,default,GIR,,,,0.0,over,3,3,0,0,2.98,99.5
ev_backtest,2026-07-11T02:45:13Z,,Charles Schwab Challenge,Colonial Country Club,,default,default,GIR,,,,0.0,under,53,26,27,0,-4.97,-9.4
ev_backtest,2026-07-11T02:45:13Z,,Charles Schwab Challenge,Colonial Country Club,,default,default,GIR,,,,10.0,under,20,11,9,0,0.16,0.8
ev_backtest,2026-07-11T02:45:13Z,,Charles Schwab Challenge,Colonial Country Club,,default,default,GIR,,,,12.5,under,14,8,6,0,0.70,5.0
ev_backtest,2026-07-11T02:45:13Z,,Charles Schwab Challenge,Colonial Country Club,,default,default,GIR,,,,15.0,under,9,6,3,0,2.12,23.6
ev_backtest,2026-07-11T02:45:13Z,,Charles Schwab Challenge,Colonial Country Club,,default,default,GIR,,,,17.5,under,6,4,2,0,1.46,24.4
ev_backtest,2026-07-11T02:45:13Z,,Charles Schwab Challenge,Colonial Country Club,,default,default,GIR,,,,2.5,over,1,1,0,0,0.72,72.5
ev_backtest,2026-07-11T02:45:13Z,,Charles Schwab Challenge,Colonial Country Club,,default,default,GIR,,,,2.5,under,46,25,21,0,0.46,1.0
ev_backtest,2026-07-11T02:45:13Z,,Charles Schwab Challenge,Colonial Country Club,,default,default,GIR,,,,20.0,under,4,3,1,0,1.77,44.2
ev_backtest,2026-07-11T02:45:13Z,,Charles Schwab Challenge,Colonial Country Club,,default,default,GIR,,,,5.0,under,39,22,17,0,1.44,3.7
ev_backtest,2026-07-11T02:45:13Z,,Charles Schwab Challenge,Colonial Country Club,,default,default,GIR,,,,7.5,under,31,17,14,0,0.60,1.9
ev_backtest,2026-07-11T02:45:13Z,,Charles Schwab Challenge,Colonial Country Club,,default,default,Total score,,,,0.0,over,77,32,45,0,-17.97,-23.3
ev_backtest,2026-07-11T02:45:13Z,,Charles Schwab Challenge,Colonial Country Club,,default,default,Total score,,,,0.0,under,17,10,7,0,1.96,11.5
ev_backtest,2026-07-11T02:45:13Z,,Charles Schwab Challenge,Colonial Country Club,,default,default,Total score,,,,10.0,over,53,22,31,0,-12.27,-23.2
ev_backtest,2026-07-11T02:45:13Z,,Charles Schwab Challenge,Colonial Country Club,,default,default,Total score,,,,10.0,under,3,1,2,0,-0.85,-28.3
ev_backtest,2026-07-11T02:45:13Z,,Charles Schwab Challenge,Colonial Country Club,,default,default,Total score,,,,12.5,over,48,20,28,0,-10.83,-22.6
ev_backtest,2026-07-11T02:45:13Z,,Charles Schwab Challenge,Colonial Country Club,,default,default,Total score,,,,12.5,under,1,1,0,0,1.15,115.0
ev_backtest,2026-07-11T02:45:13Z,,Charles Schwab Challenge,Colonial Country Club,,default,default,Total score,,,,15.0,over,39,17,22,0,-7.43,-19.0
ev_backtest,2026-07-11T02:45:13Z,,Charles Schwab Challenge,Colonial Country Club,,default,default,Total score,,,,15.0,under,1,1,0,0,1.15,115.0
ev_backtest,2026-07-11T02:45:13Z,,Charles Schwab Challenge,Colonial Country Club,,default,default,Total score,,,,17.5,over,29,9,20,0,-12.56,-43.3
ev_backtest,2026-07-11T02:45:13Z,,Charles Schwab Challenge,Colonial Country Club,,default,default,Total score,,,,2.5,over,74,30,44,0,-18.73,-25.3
ev_backtest,2026-07-11T02:45:13Z,,Charles Schwab Challenge,Colonial Country Club,,default,default,Total score,,,,2.5,under,9,6,3,0,2.42,26.9
ev_backtest,2026-07-11T02:45:13Z,,Charles Schwab Challenge,Colonial Country Club,,default,default,Total score,,,,20.0,over,25,8,17,0,-10.49,-42.0
ev_backtest,2026-07-11T02:45:13Z,,Charles Schwab Challenge,Colonial Country Club,,default,default,Total score,,,,5.0,over,65,25,40,0,-18.53,-28.5
ev_backtest,2026-07-11T02:45:13Z,,Charles Schwab Challenge,Colonial Country Club,,default,default,Total score,,,,5.0,under,5,3,2,0,0.63,12.6
ev_backtest,2026-07-11T02:45:13Z,,Charles Schwab Challenge,Colonial Country Club,,default,default,Total score,,,,7.5,over,57,24,33,0,-12.36,-21.7
ev_backtest,2026-07-11T02:45:13Z,,Charles Schwab Challenge,Colonial Country Club,,default,default,Total score,,,,7.5,under,4,2,2,0,-0.22,-5.4
model_vs_book_by_market,2026-07-11T02:45:13Z,,Charles Schwab Challenge,Colonial Country Club,,(all),(all),Birdies,0.637,0.589,164,,,,,,,,
model_vs_book_by_market,2026-07-11T02:45:13Z,,Charles Schwab Challenge,Colonial Country Club,,(all),(all),Bogeys,1.398,1.371,74,,,,,,,,
model_vs_book_by_market,2026-07-11T02:45:13Z,,Charles Schwab Challenge,Colonial Country Club,,(all),(all),Fairways hit,2.065,1.752,70,,,,,,,,
model_vs_book_by_market,2026-07-11T02:45:13Z,,Charles Schwab Challenge,Colonial Country Club,,(all),(all),GIR,1.121,0.906,69,,,,,,,,
model_vs_book_by_market,2026-07-11T02:45:13Z,,Charles Schwab Challenge,Colonial Country Club,,(all),(all),Total score,1.339,1.109,114,,,,,,,,
ev_backtest_by_market,2026-07-11T02:45:13Z,,Charles Schwab Challenge,Colonial Country Club,,(all),(all),Birdies,,,,0.0,over,115,59,56,0,-3.80,-3.3
ev_backtest_by_market,2026-07-11T02:45:13Z,,Charles Schwab Challenge,Colonial Country Club,,(all),(all),Birdies,,,,0.0,under,2,2,0,0,1.62,80.8
ev_backtest_by_market,2026-07-11T02:45:13Z,,Charles Schwab Challenge,Colonial Country Club,,(all),(all),Birdies,,,,10.0,over,28,11,17,0,-6.29,-22.5
ev_backtest_by_market,2026-07-11T02:45:13Z,,Charles Schwab Challenge,Colonial Country Club,,(all),(all),Birdies,,,,12.5,over,11,5,6,0,-1.08,-9.8
ev_backtest_by_market,2026-07-11T02:45:13Z,,Charles Schwab Challenge,Colonial Country Club,,(all),(all),Birdies,,,,15.0,over,3,0,3,0,-3.00,-100.0
ev_backtest_by_market,2026-07-11T02:45:13Z,,Charles Schwab Challenge,Colonial Country Club,,(all),(all),Birdies,,,,2.5,over,96,53,43,0,4.48,4.7
ev_backtest_by_market,2026-07-11T02:45:13Z,,Charles Schwab Challenge,Colonial Country Club,,(all),(all),Birdies,,,,5.0,over,74,40,34,0,2.28,3.1
ev_backtest_by_market,2026-07-11T02:45:13Z,,Charles Schwab Challenge,Colonial Country Club,,(all),(all),Birdies,,,,7.5,over,49,24,25,0,-2.21,-4.5
ev_backtest_by_market,2026-07-11T02:45:13Z,,Charles Schwab Challenge,Colonial Country Club,,(all),(all),Bogeys,,,,0.0,over,70,27,43,0,-21.19,-30.3
ev_backtest_by_market,2026-07-11T02:45:13Z,,Charles Schwab Challenge,Colonial Country Club,,(all),(all),Bogeys,,,,10.0,over,69,27,42,0,-20.19,-29.3
ev_backtest_by_market,2026-07-11T02:45:13Z,,Charles Schwab Challenge,Colonial Country Club,,(all),(all),Bogeys,,,,12.5,over,62,21,41,0,-22.92,-37.0
ev_backtest_by_market,2026-07-11T02:45:13Z,,Charles Schwab Challenge,Colonial Country Club,,(all),(all),Bogeys,,,,15.0,over,54,17,37,0,-21.96,-40.7
ev_backtest_by_market,2026-07-11T02:45:13Z,,Charles Schwab Challenge,Colonial Country Club,,(all),(all),Bogeys,,,,17.5,over,43,14,29,0,-16.18,-37.6
ev_backtest_by_market,2026-07-11T02:45:13Z,,Charles Schwab Challenge,Colonial Country Club,,(all),(all),Bogeys,,,,2.5,over,70,27,43,0,-21.19,-30.3
ev_backtest_by_market,2026-07-11T02:45:13Z,,Charles Schwab Challenge,Colonial Country Club,,(all),(all),Bogeys,,,,20.0,over,36,11,25,0,-14.16,-39.3
ev_backtest_by_market,2026-07-11T02:45:13Z,,Charles Schwab Challenge,Colonial Country Club,,(all),(all),Bogeys,,,,5.0,over,70,27,43,0,-21.19,-30.3
ev_backtest_by_market,2026-07-11T02:45:13Z,,Charles Schwab Challenge,Colonial Country Club,,(all),(all),Bogeys,,,,7.5,over,70,27,43,0,-21.19,-30.3
ev_backtest_by_market,2026-07-11T02:45:13Z,,Charles Schwab Challenge,Colonial Country Club,,(all),(all),Fairways hit,,,,0.0,over,30,9,21,0,-12.89,-43.0
ev_backtest_by_market,2026-07-11T02:45:13Z,,Charles Schwab Challenge,Colonial Country Club,,(all),(all),Fairways hit,,,,0.0,under,33,23,10,0,9.31,28.2
ev_backtest_by_market,2026-07-11T02:45:13Z,,Charles Schwab Challenge,Colonial Country Club,,(all),(all),Fairways hit,,,,10.0,over,22,7,15,0,-8.60,-39.1
ev_backtest_by_market,2026-07-11T02:45:13Z,,Charles Schwab Challenge,Colonial Country Club,,(all),(all),Fairways hit,,,,10.0,under,29,21,8,0,10.00,34.5
ev_backtest_by_market,2026-07-11T02:45:13Z,,Charles Schwab Challenge,Colonial Country Club,,(all),(all),Fairways hit,,,,12.5,over,16,5,11,0,-6.46,-40.3
ev_backtest_by_market,2026-07-11T02:45:13Z,,Charles Schwab Challenge,Colonial Country Club,,(all),(all),Fairways hit,,,,12.5,under,26,19,7,0,8.78,33.8
ev_backtest_by_market,2026-07-11T02:45:13Z,,Charles Schwab Challenge,Colonial Country Club,,(all),(all),Fairways hit,,,,15.0,over,13,5,8,0,-3.46,-26.6
ev_backtest_by_market,2026-07-11T02:45:13Z,,Charles Schwab Challenge,Colonial Country Club,,(all),(all),Fairways hit,,,,15.0,under,26,19,7,0,8.78,33.8
ev_backtest_by_market,2026-07-11T02:45:13Z,,Charles Schwab Challenge,Colonial Country Club,,(all),(all),Fairways hit,,,,17.5,over,11,5,6,0,-1.46,-13.2
ev_backtest_by_market,2026-07-11T02:45:13Z,,Charles Schwab Challenge,Colonial Country Club,,(all),(all),Fairways hit,,,,17.5,under,21,17,4,0,9.97,47.5
ev_backtest_by_market,2026-07-11T02:45:13Z,,Charles Schwab Challenge,Colonial Country Club,,(all),(all),Fairways hit,,,,2.5,over,28,8,20,0,-13.05,-46.6
ev_backtest_by_market,2026-07-11T02:45:13Z,,Charles Schwab Challenge,Colonial Country Club,,(all),(all),Fairways hit,,,,2.5,under,33,23,10,0,9.31,28.2
ev_backtest_by_market,2026-07-11T02:45:13Z,,Charles Schwab Challenge,Colonial Country Club,,(all),(all),Fairways hit,,,,20.0,over,11,5,6,0,-1.46,-13.2
ev_backtest_by_market,2026-07-11T02:45:13Z,,Charles Schwab Challenge,Colonial Country Club,,(all),(all),Fairways hit,,,,20.0,under,20,16,4,0,9.30,46.5
ev_backtest_by_market,2026-07-11T02:45:13Z,,Charles Schwab Challenge,Colonial Country Club,,(all),(all),Fairways hit,,,,5.0,over,27,7,20,0,-13.60,-50.4
ev_backtest_by_market,2026-07-11T02:45:13Z,,Charles Schwab Challenge,Colonial Country Club,,(all),(all),Fairways hit,,,,5.0,under,33,23,10,0,9.31,28.2
ev_backtest_by_market,2026-07-11T02:45:13Z,,Charles Schwab Challenge,Colonial Country Club,,(all),(all),Fairways hit,,,,7.5,over,26,7,19,0,-12.60,-48.5
ev_backtest_by_market,2026-07-11T02:45:13Z,,Charles Schwab Challenge,Colonial Country Club,,(all),(all),Fairways hit,,,,7.5,under,32,23,9,0,10.31,32.2
ev_backtest_by_market,2026-07-11T02:45:13Z,,Charles Schwab Challenge,Colonial Country Club,,(all),(all),GIR,,,,0.0,over,3,3,0,0,2.98,99.5
ev_backtest_by_market,2026-07-11T02:45:13Z,,Charles Schwab Challenge,Colonial Country Club,,(all),(all),GIR,,,,0.0,under,53,26,27,0,-4.97,-9.4
ev_backtest_by_market,2026-07-11T02:45:13Z,,Charles Schwab Challenge,Colonial Country Club,,(all),(all),GIR,,,,10.0,under,20,11,9,0,0.16,0.8
ev_backtest_by_market,2026-07-11T02:45:13Z,,Charles Schwab Challenge,Colonial Country Club,,(all),(all),GIR,,,,12.5,under,14,8,6,0,0.70,5.0
ev_backtest_by_market,2026-07-11T02:45:13Z,,Charles Schwab Challenge,Colonial Country Club,,(all),(all),GIR,,,,15.0,under,9,6,3,0,2.12,23.6
ev_backtest_by_market,2026-07-11T02:45:13Z,,Charles Schwab Challenge,Colonial Country Club,,(all),(all),GIR,,,,17.5,under,6,4,2,0,1.46,24.4
ev_backtest_by_market,2026-07-11T02:45:13Z,,Charles Schwab Challenge,Colonial Country Club,,(all),(all),GIR,,,,2.5,over,1,1,0,0,0.72,72.5
ev_backtest_by_market,2026-07-11T02:45:13Z,,Charles Schwab Challenge,Colonial Country Club,,(all),(all),GIR,,,,2.5,under,46,25,21,0,0.46,1.0
ev_backtest_by_market,2026-07-11T02:45:13Z,,Charles Schwab Challenge,Colonial Country Club,,(all),(all),GIR,,,,20.0,under,4,3,1,0,1.77,44.2
ev_backtest_by_market,2026-07-11T02:45:13Z,,Charles Schwab Challenge,Colonial Country Club,,(all),(all),GIR,,,,5.0,under,39,22,17,0,1.44,3.7
ev_backtest_by_market,2026-07-11T02:45:13Z,,Charles Schwab Challenge,Colonial Country Club,,(all),(all),GIR,,,,7.5,under,31,17,14,0,0.60,1.9
ev_backtest_by_market,2026-07-11T02:45:13Z,,Charles Schwab Challenge,Colonial Country Club,,(all),(all),Total score,,,,0.0,over,77,32,45,0,-17.97,-23.3
ev_backtest_by_market,2026-07-11T02:45:13Z,,Charles Schwab Challenge,Colonial Country Club,,(all),(all),Total score,,,,0.0,under,17,10,7,0,1.96,11.5
ev_backtest_by_market,2026-07-11T02:45:13Z,,Charles Schwab Challenge,Colonial Country Club,,(all),(all),Total score,,,,10.0,over,53,22,31,0,-12.27,-23.2
ev_backtest_by_market,2026-07-11T02:45:13Z,,Charles Schwab Challenge,Colonial Country Club,,(all),(all),Total score,,,,10.0,under,3,1,2,0,-0.85,-28.3
ev_backtest_by_market,2026-07-11T02:45:13Z,,Charles Schwab Challenge,Colonial Country Club,,(all),(all),Total score,,,,12.5,over,48,20,28,0,-10.83,-22.6
ev_backtest_by_market,2026-07-11T02:45:13Z,,Charles Schwab Challenge,Colonial Country Club,,(all),(all),Total score,,,,12.5,under,1,1,0,0,1.15,115.0
ev_backtest_by_market,2026-07-11T02:45:13Z,,Charles Schwab Challenge,Colonial Country Club,,(all),(all),Total score,,,,15.0,over,39,17,22,0,-7.43,-19.0
ev_backtest_by_market,2026-07-11T02:45:13Z,,Charles Schwab Challenge,Colonial Country Club,,(all),(all),Total score,,,,15.0,under,1,1,0,0,1.15,115.0
ev_backtest_by_market,2026-07-11T02:45:13Z,,Charles Schwab Challenge,Colonial Country Club,,(all),(all),Total score,,,,17.5,over,29,9,20,0,-12.56,-43.3
ev_backtest_by_market,2026-07-11T02:45:13Z,,Charles Schwab Challenge,Colonial Country Club,,(all),(all),Total score,,,,2.5,over,74,30,44,0,-18.73,-25.3
ev_backtest_by_market,2026-07-11T02:45:13Z,,Charles Schwab Challenge,Colonial Country Club,,(all),(all),Total score,,,,2.5,under,9,6,3,0,2.42,26.9
ev_backtest_by_market,2026-07-11T02:45:13Z,,Charles Schwab Challenge,Colonial Country Club,,(all),(all),Total score,,,,20.0,over,25,8,17,0,-10.49,-42.0
ev_backtest_by_market,2026-07-11T02:45:13Z,,Charles Schwab Challenge,Colonial Country Club,,(all),(all),Total score,,,,5.0,over,65,25,40,0,-18.53,-28.5
ev_backtest_by_market,2026-07-11T02:45:13Z,,Charles Schwab Challenge,Colonial Country Club,,(all),(all),Total score,,,,5.0,under,5,3,2,0,0.63,12.6
ev_backtest_by_market,2026-07-11T02:45:13Z,,Charles Schwab Challenge,Colonial Country Club,,(all),(all),Total score,,,,7.5,over,57,24,33,0,-12.36,-21.7
ev_backtest_by_market,2026-07-11T02:45:13Z,,Charles Schwab Challenge,Colonial Country Club,,(all),(all),Total score,,,,7.5,under,4,2,2,0,-0.22,-5.4
model_vs_book,2026-07-11T02:45:13Z,,the Memorial Tournament presented by Workday,Muirfield Village Golf Club,,default,default,Birdies,0.507,0.330,101,,,,,,,,
model_vs_book,2026-07-11T02:45:13Z,,the Memorial Tournament presented by Workday,Muirfield Village Golf Club,,default,default,Bogeys,0.945,0.826,62,,,,,,,,
model_vs_book,2026-07-11T02:45:13Z,,the Memorial Tournament presented by Workday,Muirfield Village Golf Club,,default,default,Fairways hit,2.641,2.251,63,,,,,,,,
model_vs_book,2026-07-11T02:45:13Z,,the Memorial Tournament presented by Workday,Muirfield Village Golf Club,,default,default,GIR,0.972,0.841,63,,,,,,,,
model_vs_book,2026-07-11T02:45:13Z,,the Memorial Tournament presented by Workday,Muirfield Village Golf Club,,default,default,Total score,1.205,0.964,86,,,,,,,,
ev_backtest,2026-07-11T02:45:13Z,,the Memorial Tournament presented by Workday,Muirfield Village Golf Club,,default,default,Birdies,,,,0.0,over,47,30,17,0,9.08,19.3
ev_backtest,2026-07-11T02:45:13Z,,the Memorial Tournament presented by Workday,Muirfield Village Golf Club,,default,default,Birdies,,,,0.0,under,8,4,4,0,0.13,1.6
ev_backtest,2026-07-11T02:45:13Z,,the Memorial Tournament presented by Workday,Muirfield Village Golf Club,,default,default,Birdies,,,,10.0,over,7,5,2,0,2.71,38.7
ev_backtest,2026-07-11T02:45:13Z,,the Memorial Tournament presented by Workday,Muirfield Village Golf Club,,default,default,Birdies,,,,12.5,over,2,2,0,0,2.26,113.0
ev_backtest,2026-07-11T02:45:13Z,,the Memorial Tournament presented by Workday,Muirfield Village Golf Club,,default,default,Birdies,,,,15.0,over,1,1,0,0,1.16,116.0
ev_backtest,2026-07-11T02:45:13Z,,the Memorial Tournament presented by Workday,Muirfield Village Golf Club,,default,default,Birdies,,,,2.5,over,40,26,14,0,8.54,21.3
ev_backtest,2026-07-11T02:45:13Z,,the Memorial Tournament presented by Workday,Muirfield Village Golf Club,,default,default,Birdies,,,,2.5,under,2,2,0,0,1.97,98.5
ev_backtest,2026-07-11T02:45:13Z,,the Memorial Tournament presented by Workday,Muirfield Village Golf Club,,default,default,Birdies,,,,5.0,over,25,15,10,0,4.20,16.8
ev_backtest,2026-07-11T02:45:13Z,,the Memorial Tournament presented by Workday,Muirfield Village Golf Club,,default,default,Birdies,,,,7.5,over,15,9,6,0,2.63,17.5
ev_backtest,2026-07-11T02:45:13Z,,the Memorial Tournament presented by Workday,Muirfield Village Golf Club,,default,default,Bogeys,,,,0.0,over,53,21,32,0,-15.50,-29.2
ev_backtest,2026-07-11T02:45:13Z,,the Memorial Tournament presented by Workday,Muirfield Village Golf Club,,default,default,Bogeys,,,,0.0,under,2,2,0,0,1.70,85.1
ev_backtest,2026-07-11T02:45:13Z,,the Memorial Tournament presented by Workday,Muirfield Village Golf Club,,default,default,Bogeys,,,,10.0,over,32,14,18,0,-6.13,-19.2
ev_backtest,2026-07-11T02:45:13Z,,the Memorial Tournament presented by Workday,Muirfield Village Golf Club,,default,default,Bogeys,,,,12.5,over,24,11,13,0,-3.33,-13.9
ev_backtest,2026-07-11T02:45:13Z,,the Memorial Tournament presented by Workday,Muirfield Village Golf Club,,default,default,Bogeys,,,,15.0,over,19,9,10,0,-2.15,-11.3
ev_backtest,2026-07-11T02:45:13Z,,the Memorial Tournament presented by Workday,Muirfield Village Golf Club,,default,default,Bogeys,,,,17.5,over,13,4,9,0,-5.36,-41.2
ev_backtest,2026-07-11T02:45:13Z,,the Memorial Tournament presented by Workday,Muirfield Village Golf Club,,default,default,Bogeys,,,,2.5,over,51,21,30,0,-13.50,-26.5
ev_backtest,2026-07-11T02:45:13Z,,the Memorial Tournament presented by Workday,Muirfield Village Golf Club,,default,default,Bogeys,,,,20.0,over,6,2,4,0,-1.75,-29.2
ev_backtest,2026-07-11T02:45:13Z,,the Memorial Tournament presented by Workday,Muirfield Village Golf Club,,default,default,Bogeys,,,,5.0,over,42,18,24,0,-9.33,-22.2
ev_backtest,2026-07-11T02:45:13Z,,the Memorial Tournament presented by Workday,Muirfield Village Golf Club,,default,default,Bogeys,,,,7.5,over,38,17,21,0,-7.10,-18.7
ev_backtest,2026-07-11T02:45:13Z,,the Memorial Tournament presented by Workday,Muirfield Village Golf Club,,default,default,Fairways hit,,,,0.0,over,24,6,18,0,-13.46,-56.1
ev_backtest,2026-07-11T02:45:13Z,,the Memorial Tournament presented by Workday,Muirfield Village Golf Club,,default,default,Fairways hit,,,,0.0,under,33,24,9,0,11.50,34.8
ev_backtest,2026-07-11T02:45:13Z,,the Memorial Tournament presented by Workday,Muirfield Village Golf Club,,default,default,Fairways hit,,,,10.0,over,20,5,15,0,-11.19,-55.9
ev_backtest,2026-07-11T02:45:13Z,,the Memorial Tournament presented by Workday,Muirfield Village Golf Club,,default,default,Fairways hit,,,,10.0,under,30,22,8,0,11.10,37.0
ev_backtest,2026-07-11T02:45:13Z,,the Memorial Tournament presented by Workday,Muirfield Village Golf Club,,default,default,Fairways hit,,,,12.5,over,20,5,15,0,-11.19,-55.9
ev_backtest,2026-07-11T02:45:13Z,,the Memorial Tournament presented by Workday,Muirfield Village Golf Club,,default,default,Fairways hit,,,,12.5,under,29,21,8,0,10.00,34.5
ev_backtest,2026-07-11T02:45:13Z,,the Memorial Tournament presented by Workday,Muirfield Village Golf Club,,default,default,Fairways hit,,,,15.0,over,16,2,14,0,-12.46,-77.9
ev_backtest,2026-07-11T02:45:13Z,,the Memorial Tournament presented by Workday,Muirfield Village Golf Club,,default,default,Fairways hit,,,,15.0,under,29,21,8,0,10.00,34.5
ev_backtest,2026-07-11T02:45:13Z,,the Memorial Tournament presented by Workday,Muirfield Village Golf Club,,default,default,Fairways hit,,,,17.5,over,16,2,14,0,-12.46,-77.9
ev_backtest,2026-07-11T02:45:13Z,,the Memorial Tournament presented by Workday,Muirfield Village Golf Club,,default,default,Fairways hit,,,,17.5,under,29,21,8,0,10.00,34.5
ev_backtest,2026-07-11T02:45:13Z,,the Memorial Tournament presented by Workday,Muirfield Village Golf Club,,default,default,Fairways hit,,,,2.5,over,23,6,17,0,-12.46,-54.2
ev_backtest,2026-07-11T02:45:13Z,,the Memorial Tournament presented by Workday,Muirfield Village Golf Club,,default,default,Fairways hit,,,,2.5,under,31,23,8,0,11.66,37.6
ev_backtest,2026-07-11T02:45:13Z,,the Memorial Tournament presented by Workday,Muirfield Village Golf Club,,default,default,Fairways hit,,,,20.0,over,14,2,12,0,-10.46,-74.7
ev_backtest,2026-07-11T02:45:13Z,,the Memorial Tournament presented by Workday,Muirfield Village Golf Club,,default,default,Fairways hit,,,,20.0,under,28,20,8,0,9.14,32.6
ev_backtest,2026-07-11T02:45:13Z,,the Memorial Tournament presented by Workday,Muirfield Village Golf Club,,default,default,Fairways hit,,,,5.0,over,22,6,16,0,-11.46,-52.1
ev_backtest,2026-07-11T02:45:13Z,,the Memorial Tournament presented by Workday,Muirfield Village Golf Club,,default,default,Fairways hit,,,,5.0,under,31,23,8,0,11.66,37.6
ev_backtest,2026-07-11T02:45:13Z,,the Memorial Tournament presented by Workday,Muirfield Village Golf Club,,default,default,Fairways hit,,,,7.5,over,21,5,16,0,-12.19,-58.0
ev_backtest,2026-07-11T02:45:13Z,,the Memorial Tournament presented by Workday,Muirfield Village Golf Club,,default,default,Fairways hit,,,,7.5,under,31,23,8,0,11.66,37.6
ev_backtest,2026-07-11T02:45:13Z,,the Memorial Tournament presented by Workday,Muirfield Village Golf Club,,default,default,GIR,,,,0.0,over,3,1,2,0,-1.04,-34.6
ev_backtest,2026-07-11T02:45:13Z,,the Memorial Tournament presented by Workday,Muirfield Village Golf Club,,default,default,GIR,,,,0.0,under,45,24,21,0,-0.79,-1.8
ev_backtest,2026-07-11T02:45:13Z,,the Memorial Tournament presented by Workday,Muirfield Village Golf Club,,default,default,GIR,,,,10.0,over,1,0,1,0,-1.00,-100.0
ev_backtest,2026-07-11T02:45:13Z,,the Memorial Tournament presented by Workday,Muirfield Village Golf Club,,default,default,GIR,,,,10.0,under,15,9,6,0,2.33,15.5
ev_backtest,2026-07-11T02:45:13Z,,the Memorial Tournament presented by Workday,Muirfield Village Golf Club,,default,default,GIR,,,,12.5,over,1,0,1,0,-1.00,-100.0
ev_backtest,2026-07-11T02:45:13Z,,the Memorial Tournament presented by Workday,Muirfield Village Golf Club,,default,default,GIR,,,,12.5,under,8,5,3,0,1.76,22.0
ev_backtest,2026-07-11T02:45:13Z,,the Memorial Tournament presented by Workday,Muirfield Village Golf Club,,default,default,GIR,,,,15.0,under,2,1,1,0,0.08,4.0
ev_backtest,2026-07-11T02:45:13Z,,the Memorial Tournament presented by Workday,Muirfield Village Golf Club,,default,default,GIR,,,,17.5,under,1,1,0,0,1.08,108.0
ev_backtest,2026-07-11T02:45:13Z,,the Memorial Tournament presented by Workday,Muirfield Village Golf Club,,default,default,GIR,,,,2.5,over,3,1,2,0,-1.04,-34.6
ev_backtest,2026-07-11T02:45:13Z,,the Memorial Tournament presented by Workday,Muirfield Village Golf Club,,default,default,GIR,,,,2.5,under,41,22,19,0,-0.12,-0.3
ev_backtest,2026-07-11T02:45:13Z,,the Memorial Tournament presented by Workday,Muirfield Village Golf Club,,default,default,GIR,,,,20.0,under,1,1,0,0,1.08,108.0
ev_backtest,2026-07-11T02:45:13Z,,the Memorial Tournament presented by Workday,Muirfield Village Golf Club,,default,default,GIR,,,,5.0,over,1,0,1,0,-1.00,-100.0
ev_backtest,2026-07-11T02:45:13Z,,the Memorial Tournament presented by Workday,Muirfield Village Golf Club,,default,default,GIR,,,,5.0,under,34,19,15,0,0.88,2.6
ev_backtest,2026-07-11T02:45:13Z,,the Memorial Tournament presented by Workday,Muirfield Village Golf Club,,default,default,GIR,,,,7.5,over,1,0,1,0,-1.00,-100.0
ev_backtest,2026-07-11T02:45:13Z,,the Memorial Tournament presented by Workday,Muirfield Village Golf Club,,default,default,GIR,,,,7.5,under,24,15,9,0,4.12,17.2
ev_backtest,2026-07-11T02:45:13Z,,the Memorial Tournament presented by Workday,Muirfield Village Golf Club,,default,default,Total score,,,,0.0,over,36,21,15,0,3.63,10.1
ev_backtest,2026-07-11T02:45:13Z,,the Memorial Tournament presented by Workday,Muirfield Village Golf Club,,default,default,Total score,,,,0.0,under,37,28,9,0,15.08,40.7
ev_backtest,2026-07-11T02:45:13Z,,the Memorial Tournament presented by Workday,Muirfield Village Golf Club,,default,default,Total score,,,,10.0,over,22,14,8,0,4.65,21.1
ev_backtest,2026-07-11T02:45:13Z,,the Memorial Tournament presented by Workday,Muirfield Village Golf Club,,default,default,Total score,,,,10.0,under,15,14,1,0,11.20,74.7
ev_backtest,2026-07-11T02:45:13Z,,the Memorial Tournament presented by Workday,Muirfield Village Golf Club,,default,default,Total score,,,,12.5,over,15,10,5,0,3.88,25.9
ev_backtest,2026-07-11T02:45:13Z,,the Memorial Tournament presented by Workday,Muirfield Village Golf Club,,default,default,Total score,,,,12.5,under,14,13,1,0,10.43,74.5
ev_backtest,2026-07-11T02:45:13Z,,the Memorial Tournament presented by Workday,Muirfield Village Golf Club,,default,default,Total score,,,,15.0,over,12,9,3,0,5.08,42.3
ev_backtest,2026-07-11T02:45:13Z,,the Memorial Tournament presented by Workday,Muirfield Village Golf Club,,default,default,Total score,,,,15.0,under,11,10,1,0,7.80,70.9
ev_backtest,2026-07-11T02:45:13Z,,the Memorial Tournament presented by Workday,Muirfield Village Golf Club,,default,default,Total score,,,,17.5,over,9,6,3,0,2.64,29.4
ev_backtest,2026-07-11T02:45:13Z,,the Memorial Tournament presented by Workday,Muirfield Village Golf Club,,default,default,Total score,,,,17.5,under,9,8,1,0,6.08,67.5
ev_backtest,2026-07-11T02:45:13Z,,the Memorial Tournament presented by Workday,Muirfield Village Golf Club,,default,default,Total score,,,,2.5,over,31,19,12,0,5.06,16.3
ev_backtest,2026-07-11T02:45:13Z,,the Memorial Tournament presented by Workday,Muirfield Village Golf Club,,default,default,Total score,,,,2.5,under,31,25,6,0,15.81,51.0
ev_backtest,2026-07-11T02:45:13Z,,the Memorial Tournament presented by Workday,Muirfield Village Golf Club,,default,default,Total score,,,,20.0,over,8,6,2,0,3.64,45.5
ev_backtest,2026-07-11T02:45:13Z,,the Memorial Tournament presented by Workday,Muirfield Village Golf Club,,default,default,Total score,,,,20.0,under,7,7,0,0,6.26,89.4
ev_backtest,2026-07-11T02:45:13Z,,the Memorial Tournament presented by Workday,Muirfield Village Golf Club,,default,default,Total score,,,,5.0,over,27,17,10,0,4.98,18.5
ev_backtest,2026-07-11T02:45:13Z,,the Memorial Tournament presented by Workday,Muirfield Village Golf Club,,default,default,Total score,,,,5.0,under,27,21,6,0,12.14,45.0
ev_backtest,2026-07-11T02:45:13Z,,the Memorial Tournament presented by Workday,Muirfield Village Golf Club,,default,default,Total score,,,,7.5,over,23,15,8,0,5.36,23.3
ev_backtest,2026-07-11T02:45:13Z,,the Memorial Tournament presented by Workday,Muirfield Village Golf Club,,default,default,Total score,,,,7.5,under,23,19,4,0,12.24,53.2
model_vs_book_by_market,2026-07-11T02:45:13Z,,the Memorial Tournament presented by Workday,Muirfield Village Golf Club,,(all),(all),Birdies,0.507,0.330,101,,,,,,,,
model_vs_book_by_market,2026-07-11T02:45:13Z,,the Memorial Tournament presented by Workday,Muirfield Village Golf Club,,(all),(all),Bogeys,0.945,0.826,62,,,,,,,,
model_vs_book_by_market,2026-07-11T02:45:13Z,,the Memorial Tournament presented by Workday,Muirfield Village Golf Club,,(all),(all),Fairways hit,2.641,2.251,63,,,,,,,,
model_vs_book_by_market,2026-07-11T02:45:13Z,,the Memorial Tournament presented by Workday,Muirfield Village Golf Club,,(all),(all),GIR,0.972,0.841,63,,,,,,,,
model_vs_book_by_market,2026-07-11T02:45:13Z,,the Memorial Tournament presented by Workday,Muirfield Village Golf Club,,(all),(all),Total score,1.205,0.964,86,,,,,,,,
ev_backtest_by_market,2026-07-11T02:45:13Z,,the Memorial Tournament presented by Workday,Muirfield Village Golf Club,,(all),(all),Birdies,,,,0.0,over,47,30,17,0,9.08,19.3
ev_backtest_by_market,2026-07-11T02:45:13Z,,the Memorial Tournament presented by Workday,Muirfield Village Golf Club,,(all),(all),Birdies,,,,0.0,under,8,4,4,0,0.13,1.6
ev_backtest_by_market,2026-07-11T02:45:13Z,,the Memorial Tournament presented by Workday,Muirfield Village Golf Club,,(all),(all),Birdies,,,,10.0,over,7,5,2,0,2.71,38.7
ev_backtest_by_market,2026-07-11T02:45:13Z,,the Memorial Tournament presented by Workday,Muirfield Village Golf Club,,(all),(all),Birdies,,,,12.5,over,2,2,0,0,2.26,113.0
ev_backtest_by_market,2026-07-11T02:45:13Z,,the Memorial Tournament presented by Workday,Muirfield Village Golf Club,,(all),(all),Birdies,,,,15.0,over,1,1,0,0,1.16,116.0
ev_backtest_by_market,2026-07-11T02:45:13Z,,the Memorial Tournament presented by Workday,Muirfield Village Golf Club,,(all),(all),Birdies,,,,2.5,over,40,26,14,0,8.54,21.3
ev_backtest_by_market,2026-07-11T02:45:13Z,,the Memorial Tournament presented by Workday,Muirfield Village Golf Club,,(all),(all),Birdies,,,,2.5,under,2,2,0,0,1.97,98.5
ev_backtest_by_market,2026-07-11T02:45:13Z,,the Memorial Tournament presented by Workday,Muirfield Village Golf Club,,(all),(all),Birdies,,,,5.0,over,25,15,10,0,4.20,16.8
ev_backtest_by_market,2026-07-11T02:45:13Z,,the Memorial Tournament presented by Workday,Muirfield Village Golf Club,,(all),(all),Birdies,,,,7.5,over,15,9,6,0,2.63,17.5
ev_backtest_by_market,2026-07-11T02:45:13Z,,the Memorial Tournament presented by Workday,Muirfield Village Golf Club,,(all),(all),Bogeys,,,,0.0,over,53,21,32,0,-15.50,-29.2
ev_backtest_by_market,2026-07-11T02:45:13Z,,the Memorial Tournament presented by Workday,Muirfield Village Golf Club,,(all),(all),Bogeys,,,,0.0,under,2,2,0,0,1.70,85.1
ev_backtest_by_market,2026-07-11T02:45:13Z,,the Memorial Tournament presented by Workday,Muirfield Village Golf Club,,(all),(all),Bogeys,,,,10.0,over,32,14,18,0,-6.13,-19.2
ev_backtest_by_market,2026-07-11T02:45:13Z,,the Memorial Tournament presented by Workday,Muirfield Village Golf Club,,(all),(all),Bogeys,,,,12.5,over,24,11,13,0,-3.33,-13.9
ev_backtest_by_market,2026-07-11T02:45:13Z,,the Memorial Tournament presented by Workday,Muirfield Village Golf Club,,(all),(all),Bogeys,,,,15.0,over,19,9,10,0,-2.15,-11.3
ev_backtest_by_market,2026-07-11T02:45:13Z,,the Memorial Tournament presented by Workday,Muirfield Village Golf Club,,(all),(all),Bogeys,,,,17.5,over,13,4,9,0,-5.36,-41.2
ev_backtest_by_market,2026-07-11T02:45:13Z,,the Memorial Tournament presented by Workday,Muirfield Village Golf Club,,(all),(all),Bogeys,,,,2.5,over,51,21,30,0,-13.50,-26.5
ev_backtest_by_market,2026-07-11T02:45:13Z,,the Memorial Tournament presented by Workday,Muirfield Village Golf Club,,(all),(all),Bogeys,,,,20.0,over,6,2,4,0,-1.75,-29.2
ev_backtest_by_market,2026-07-11T02:45:13Z,,the Memorial Tournament presented by Workday,Muirfield Village Golf Club,,(all),(all),Bogeys,,,,5.0,over,42,18,24,0,-9.33,-22.2
ev_backtest_by_market,2026-07-11T02:45:13Z,,the Memorial Tournament presented by Workday,Muirfield Village Golf Club,,(all),(all),Bogeys,,,,7.5,over,38,17,21,0,-7.10,-18.7
ev_backtest_by_market,2026-07-11T02:45:13Z,,the Memorial Tournament presented by Workday,Muirfield Village Golf Club,,(all),(all),Fairways hit,,,,0.0,over,24,6,18,0,-13.46,-56.1
ev_backtest_by_market,2026-07-11T02:45:13Z,,the Memorial Tournament presented by Workday,Muirfield Village Golf Club,,(all),(all),Fairways hit,,,,0.0,under,33,24,9,0,11.50,34.8
ev_backtest_by_market,2026-07-11T02:45:13Z,,the Memorial Tournament presented by Workday,Muirfield Village Golf Club,,(all),(all),Fairways hit,,,,10.0,over,20,5,15,0,-11.19,-55.9
ev_backtest_by_market,2026-07-11T02:45:13Z,,the Memorial Tournament presented by Workday,Muirfield Village Golf Club,,(all),(all),Fairways hit,,,,10.0,under,30,22,8,0,11.10,37.0
ev_backtest_by_market,2026-07-11T02:45:13Z,,the Memorial Tournament presented by Workday,Muirfield Village Golf Club,,(all),(all),Fairways hit,,,,12.5,over,20,5,15,0,-11.19,-55.9
ev_backtest_by_market,2026-07-11T02:45:13Z,,the Memorial Tournament presented by Workday,Muirfield Village Golf Club,,(all),(all),Fairways hit,,,,12.5,under,29,21,8,0,10.00,34.5
ev_backtest_by_market,2026-07-11T02:45:13Z,,the Memorial Tournament presented by Workday,Muirfield Village Golf Club,,(all),(all),Fairways hit,,,,15.0,over,16,2,14,0,-12.46,-77.9
ev_backtest_by_market,2026-07-11T02:45:13Z,,the Memorial Tournament presented by Workday,Muirfield Village Golf Club,,(all),(all),Fairways hit,,,,15.0,under,29,21,8,0,10.00,34.5
ev_backtest_by_market,2026-07-11T02:45:13Z,,the Memorial Tournament presented by Workday,Muirfield Village Golf Club,,(all),(all),Fairways hit,,,,17.5,over,16,2,14,0,-12.46,-77.9
ev_backtest_by_market,2026-07-11T02:45:13Z,,the Memorial Tournament presented by Workday,Muirfield Village Golf Club,,(all),(all),Fairways hit,,,,17.5,under,29,21,8,0,10.00,34.5
ev_backtest_by_market,2026-07-11T02:45:13Z,,the Memorial Tournament presented by Workday,Muirfield Village Golf Club,,(all),(all),Fairways hit,,,,2.5,over,23,6,17,0,-12.46,-54.2
ev_backtest_by_market,2026-07-11T02:45:13Z,,the Memorial Tournament presented by Workday,Muirfield Village Golf Club,,(all),(all),Fairways hit,,,,2.5,under,31,23,8,0,11.66,37.6
ev_backtest_by_market,2026-07-11T02:45:13Z,,the Memorial Tournament presented by Workday,Muirfield Village Golf Club,,(all),(all),Fairways hit,,,,20.0,over,14,2,12,0,-10.46,-74.7
ev_backtest_by_market,2026-07-11T02:45:13Z,,the Memorial Tournament presented by Workday,Muirfield Village Golf Club,,(all),(all),Fairways hit,,,,20.0,under,28,20,8,0,9.14,32.6
ev_backtest_by_market,2026-07-11T02:45:13Z,,the Memorial Tournament presented by Workday,Muirfield Village Golf Club,,(all),(all),Fairways hit,,,,5.0,over,22,6,16,0,-11.46,-52.1
ev_backtest_by_market,2026-07-11T02:45:13Z,,the Memorial Tournament presented by Workday,Muirfield Village Golf Club,,(all),(all),Fairways hit,,,,5.0,under,31,23,8,0,11.66,37.6
ev_backtest_by_market,2026-07-11T02:45:13Z,,the Memorial Tournament presented by Workday,Muirfield Village Golf Club,,(all),(all),Fairways hit,,,,7.5,over,21,5,16,0,-12.19,-58.0
ev_backtest_by_market,2026-07-11T02:45:13Z,,the Memorial Tournament presented by Workday,Muirfield Village Golf Club,,(all),(all),Fairways hit,,,,7.5,under,31,23,8,0,11.66,37.6
ev_backtest_by_market,2026-07-11T02:45:13Z,,the Memorial Tournament presented by Workday,Muirfield Village Golf Club,,(all),(all),GIR,,,,0.0,over,3,1,2,0,-1.04,-34.6
ev_backtest_by_market,2026-07-11T02:45:13Z,,the Memorial Tournament presented by Workday,Muirfield Village Golf Club,,(all),(all),GIR,,,,0.0,under,45,24,21,0,-0.79,-1.8
ev_backtest_by_market,2026-07-11T02:45:13Z,,the Memorial Tournament presented by Workday,Muirfield Village Golf Club,,(all),(all),GIR,,,,10.0,over,1,0,1,0,-1.00,-100.0
ev_backtest_by_market,2026-07-11T02:45:13Z,,the Memorial Tournament presented by Workday,Muirfield Village Golf Club,,(all),(all),GIR,,,,10.0,under,15,9,6,0,2.33,15.5
ev_backtest_by_market,2026-07-11T02:45:13Z,,the Memorial Tournament presented by Workday,Muirfield Village Golf Club,,(all),(all),GIR,,,,12.5,over,1,0,1,0,-1.00,-100.0
ev_backtest_by_market,2026-07-11T02:45:13Z,,the Memorial Tournament presented by Workday,Muirfield Village Golf Club,,(all),(all),GIR,,,,12.5,under,8,5,3,0,1.76,22.0
ev_backtest_by_market,2026-07-11T02:45:13Z,,the Memorial Tournament presented by Workday,Muirfield Village Golf Club,,(all),(all),GIR,,,,15.0,under,2,1,1,0,0.08,4.0
ev_backtest_by_market,2026-07-11T02:45:13Z,,the Memorial Tournament presented by Workday,Muirfield Village Golf Club,,(all),(all),GIR,,,,17.5,under,1,1,0,0,1.08,108.0
ev_backtest_by_market,2026-07-11T02:45:13Z,,the Memorial Tournament presented by Workday,Muirfield Village Golf Club,,(all),(all),GIR,,,,2.5,over,3,1,2,0,-1.04,-34.6
ev_backtest_by_market,2026-07-11T02:45:13Z,,the Memorial Tournament presented by Workday,Muirfield Village Golf Club,,(all),(all),GIR,,,,2.5,under,41,22,19,0,-0.12,-0.3
ev_backtest_by_market,2026-07-11T02:45:13Z,,the Memorial Tournament presented by Workday,Muirfield Village Golf Club,,(all),(all),GIR,,,,20.0,under,1,1,0,0,1.08,108.0
ev_backtest_by_market,2026-07-11T02:45:13Z,,the Memorial Tournament presented by Workday,Muirfield Village Golf Club,,(all),(all),GIR,,,,5.0,over,1,0,1,0,-1.00,-100.0
ev_backtest_by_market,2026-07-11T02:45:13Z,,the Memorial Tournament presented by Workday,Muirfield Village Golf Club,,(all),(all),GIR,,,,5.0,under,34,19,15,0,0.88,2.6
ev_backtest_by_market,2026-07-11T02:45:13Z,,the Memorial Tournament presented by Workday,Muirfield Village Golf Club,,(all),(all),GIR,,,,7.5,over,1,0,1,0,-1.00,-100.0
ev_backtest_by_market,2026-07-11T02:45:13Z,,the Memorial Tournament presented by Workday,Muirfield Village Golf Club,,(all),(all),GIR,,,,7.5,under,24,15,9,0,4.12,17.2
ev_backtest_by_market,2026-07-11T02:45:13Z,,the Memorial Tournament presented by Workday,Muirfield Village Golf Club,,(all),(all),Total score,,,,0.0,over,36,21,15,0,3.63,10.1
ev_backtest_by_market,2026-07-11T02:45:13Z,,the Memorial Tournament presented by Workday,Muirfield Village Golf Club,,(all),(all),Total score,,,,0.0,under,37,28,9,0,15.08,40.7
ev_backtest_by_market,2026-07-11T02:45:13Z,,the Memorial Tournament presented by Workday,Muirfield Village Golf Club,,(all),(all),Total score,,,,10.0,over,22,14,8,0,4.65,21.1
ev_backtest_by_market,2026-07-11T02:45:13Z,,the Memorial Tournament presented by Workday,Muirfield Village Golf Club,,(all),(all),Total score,,,,10.0,under,15,14,1,0,11.20,74.7
ev_backtest_by_market,2026-07-11T02:45:13Z,,the Memorial Tournament presented by Workday,Muirfield Village Golf Club,,(all),(all),Total score,,,,12.5,over,15,10,5,0,3.88,25.9
ev_backtest_by_market,2026-07-11T02:45:13Z,,the Memorial Tournament presented by Workday,Muirfield Village Golf Club,,(all),(all),Total score,,,,12.5,under,14,13,1,0,10.43,74.5
ev_backtest_by_market,2026-07-11T02:45:13Z,,the Memorial Tournament presented by Workday,Muirfield Village Golf Club,,(all),(all),Total score,,,,15.0,over,12,9,3,0,5.08,42.3
ev_backtest_by_market,2026-07-11T02:45:13Z,,the Memorial Tournament presented by Workday,Muirfield Village Golf Club,,(all),(all),Total score,,,,15.0,under,11,10,1,0,7.80,70.9
ev_backtest_by_market,2026-07-11T02:45:13Z,,the Memorial Tournament presented by Workday,Muirfield Village Golf Club,,(all),(all),Total score,,,,17.5,over,9,6,3,0,2.64,29.4
ev_backtest_by_market,2026-07-11T02:45:13Z,,the Memorial Tournament presented by Workday,Muirfield Village Golf Club,,(all),(all),Total score,,,,17.5,under,9,8,1,0,6.08,67.5
ev_backtest_by_market,2026-07-11T02:45:13Z,,the Memorial Tournament presented by Workday,Muirfield Village Golf Club,,(all),(all),Total score,,,,2.5,over,31,19,12,0,5.06,16.3
ev_backtest_by_market,2026-07-11T02:45:13Z,,the Memorial Tournament presented by Workday,Muirfield Village Golf Club,,(all),(all),Total score,,,,2.5,under,31,25,6,0,15.81,51.0
ev_backtest_by_market,2026-07-11T02:45:13Z,,the Memorial Tournament presented by Workday,Muirfield Village Golf Club,,(all),(all),Total score,,,,20.0,over,8,6,2,0,3.64,45.5
ev_backtest_by_market,2026-07-11T02:45:13Z,,the Memorial Tournament presented by Workday,Muirfield Village Golf Club,,(all),(all),Total score,,,,20.0,under,7,7,0,0,6.26,89.4
ev_backtest_by_market,2026-07-11T02:45:13Z,,the Memorial Tournament presented by Workday,Muirfield Village Golf Club,,(all),(all),Total score,,,,5.0,over,27,17,10,0,4.98,18.5
ev_backtest_by_market,2026-07-11T02:45:13Z,,the Memorial Tournament presented by Workday,Muirfield Village Golf Club,,(all),(all),Total score,,,,5.0,under,27,21,6,0,12.14,45.0
ev_backtest_by_market,2026-07-11T02:45:13Z,,the Memorial Tournament presented by Workday,Muirfield Village Golf Club,,(all),(all),Total score,,,,7.5,over,23,15,8,0,5.36,23.3
ev_backtest_by_market,2026-07-11T02:45:13Z,,the Memorial Tournament presented by Workday,Muirfield Village Golf Club,,(all),(all),Total score,,,,7.5,under,23,19,4,0,12.24,53.2
model_vs_book,2026-07-11T02:45:13Z,,RBC Canadian Open,TPC Toronto At Osprey Valley,,default,default,Birdies,1.361,1.261,124,,,,,,,,
model_vs_book,2026-07-11T02:45:13Z,,RBC Canadian Open,TPC Toronto At Osprey Valley,,default,default,Bogeys,0.698,0.544,64,,,,,,,,
model_vs_book,2026-07-11T02:45:13Z,,RBC Canadian Open,TPC Toronto At Osprey Valley,,default,default,Fairways hit,2.578,2.064,57,,,,,,,,
model_vs_book,2026-07-11T02:45:13Z,,RBC Canadian Open,TPC Toronto At Osprey Valley,,default,default,GIR,2.232,2.034,57,,,,,,,,
model_vs_book,2026-07-11T02:45:13Z,,RBC Canadian Open,TPC Toronto At Osprey Valley,,default,default,Total score,1.178,0.937,124,,,,,,,,
ev_backtest,2026-07-11T02:45:13Z,,RBC Canadian Open,TPC Toronto At Osprey Valley,,default,default,Birdies,,,,0.0,over,110,50,60,0,-13.46,-12.2
ev_backtest,2026-07-11T02:45:13Z,,RBC Canadian Open,TPC Toronto At Osprey Valley,,default,default,Birdies,,,,10.0,over,92,45,47,0,-4.92,-5.3
ev_backtest,2026-07-11T02:45:13Z,,RBC Canadian Open,TPC Toronto At Osprey Valley,,default,default,Birdies,,,,12.5,over,75,35,40,0,-6.46,-8.6
ev_backtest,2026-07-11T02:45:13Z,,RBC Canadian Open,TPC Toronto At Osprey Valley,,default,default,Birdies,,,,15.0,over,59,30,29,0,-0.10,-0.2
ev_backtest,2026-07-11T02:45:13Z,,RBC Canadian Open,TPC Toronto At Osprey Valley,,default,default,Birdies,,,,17.5,over,46,21,25,0,-4.32,-9.4
ev_backtest,2026-07-11T02:45:13Z,,RBC Canadian Open,TPC Toronto At Osprey Valley,,default,default,Birdies,,,,2.5,over,110,50,60,0,-13.46,-12.2
ev_backtest,2026-07-11T02:45:13Z,,RBC Canadian Open,TPC Toronto At Osprey Valley,,default,default,Birdies,,,,20.0,over,34,16,18,0,-1.52,-4.5
ev_backtest,2026-07-11T02:45:13Z,,RBC Canadian Open,TPC Toronto At Osprey Valley,,default,default,Birdies,,,,5.0,over,108,49,59,0,-13.36,-12.4
ev_backtest,2026-07-11T02:45:13Z,,RBC Canadian Open,TPC Toronto At Osprey Valley,,default,default,Birdies,,,,7.5,over,105,47,58,0,-13.78,-13.1
ev_backtest,2026-07-11T02:45:13Z,,RBC Canadian Open,TPC Toronto At Osprey Valley,,default,default,Bogeys,,,,0.0,over,52,31,21,0,6.93,13.3
ev_backtest,2026-07-11T02:45:13Z,,RBC Canadian Open,TPC Toronto At Osprey Valley,,default,default,Bogeys,,,,10.0,over,24,10,14,0,-5.50,-22.9
ev_backtest,2026-07-11T02:45:13Z,,RBC Canadian Open,TPC Toronto At Osprey Valley,,default,default,Bogeys,,,,12.5,over,17,7,10,0,-4.68,-27.6
ev_backtest,2026-07-11T02:45:13Z,,RBC Canadian Open,TPC Toronto At Osprey Valley,,default,default,Bogeys,,,,15.0,over,10,1,9,0,-8.51,-85.1
ev_backtest,2026-07-11T02:45:13Z,,RBC Canadian Open,TPC Toronto At Osprey Valley,,default,default,Bogeys,,,,17.5,over,5,0,5,0,-5.00,-100.0
ev_backtest,2026-07-11T02:45:13Z,,RBC Canadian Open,TPC Toronto At Osprey Valley,,default,default,Bogeys,,,,2.5,over,50,30,20,0,6.63,13.3
ev_backtest,2026-07-11T02:45:13Z,,RBC Canadian Open,TPC Toronto At Osprey Valley,,default,default,Bogeys,,,,20.0,over,1,0,1,0,-1.00,-100.0
ev_backtest,2026-07-11T02:45:13Z,,RBC Canadian Open,TPC Toronto At Osprey Valley,,default,default,Bogeys,,,,5.0,over,44,27,17,0,6.49,14.7
ev_backtest,2026-07-11T02:45:13Z,,RBC Canadian Open,TPC Toronto At Osprey Valley,,default,default,Bogeys,,,,7.5,over,35,20,15,0,2.12,6.0
ev_backtest,2026-07-11T02:45:13Z,,RBC Canadian Open,TPC Toronto At Osprey Valley,,default,default,Fairways hit,,,,0.0,over,14,3,11,0,-8.79,-62.8
ev_backtest,2026-07-11T02:45:13Z,,RBC Canadian Open,TPC Toronto At Osprey Valley,,default,default,Fairways hit,,,,0.0,under,33,26,7,0,15.97,48.4
ev_backtest,2026-07-11T02:45:13Z,,RBC Canadian Open,TPC Toronto At Osprey Valley,,default,default,Fairways hit,,,,10.0,over,6,2,4,0,-2.41,-40.2
ev_backtest,2026-07-11T02:45:13Z,,RBC Canadian Open,TPC Toronto At Osprey Valley,,default,default,Fairways hit,,,,10.0,under,30,24,6,0,15.10,50.3
ev_backtest,2026-07-11T02:45:13Z,,RBC Canadian Open,TPC Toronto At Osprey Valley,,default,default,Fairways hit,,,,12.5,over,5,2,3,0,-1.41,-28.2
ev_backtest,2026-07-11T02:45:13Z,,RBC Canadian Open,TPC Toronto At Osprey Valley,,default,default,Fairways hit,,,,12.5,under,28,22,6,0,13.62,48.6
ev_backtest,2026-07-11T02:45:13Z,,RBC Canadian Open,TPC Toronto At Osprey Valley,,default,default,Fairways hit,,,,15.0,over,4,1,3,0,-2.18,-54.5
ev_backtest,2026-07-11T02:45:13Z,,RBC Canadian Open,TPC Toronto At Osprey Valley,,default,default,Fairways hit,,,,15.0,under,27,21,6,0,12.34,45.7
ev_backtest,2026-07-11T02:45:13Z,,RBC Canadian Open,TPC Toronto At Osprey Valley,,default,default,Fairways hit,,,,17.5,over,4,1,3,0,-2.18,-54.5
ev_backtest,2026-07-11T02:45:13Z,,RBC Canadian Open,TPC Toronto At Osprey Valley,,default,default,Fairways hit,,,,17.5,under,27,21,6,0,12.34,45.7
ev_backtest,2026-07-11T02:45:13Z,,RBC Canadian Open,TPC Toronto At Osprey Valley,,default,default,Fairways hit,,,,2.5,over,14,3,11,0,-8.79,-62.8
ev_backtest,2026-07-11T02:45:13Z,,RBC Canadian Open,TPC Toronto At Osprey Valley,,default,default,Fairways hit,,,,2.5,under,33,26,7,0,15.97,48.4
ev_backtest,2026-07-11T02:45:13Z,,RBC Canadian Open,TPC Toronto At Osprey Valley,,default,default,Fairways hit,,,,20.0,over,4,1,3,0,-2.18,-54.5
ev_backtest,2026-07-11T02:45:13Z,,RBC Canadian Open,TPC Toronto At Osprey Valley,,default,default,Fairways hit,,,,20.0,under,25,19,6,0,9.90,39.6
ev_backtest,2026-07-11T02:45:13Z,,RBC Canadian Open,TPC Toronto At Osprey Valley,,default,default,Fairways hit,,,,5.0,over,11,3,8,0,-5.79,-52.6
ev_backtest,2026-07-11T02:45:13Z,,RBC Canadian Open,TPC Toronto At Osprey Valley,,default,default,Fairways hit,,,,5.0,under,32,25,7,0,14.77,46.2
ev_backtest,2026-07-11T02:45:13Z,,RBC Canadian Open,TPC Toronto At Osprey Valley,,default,default,Fairways hit,,,,7.5,over,9,3,6,0,-3.79,-42.1
ev_backtest,2026-07-11T02:45:13Z,,RBC Canadian Open,TPC Toronto At Osprey Valley,,default,default,Fairways hit,,,,7.5,under,31,25,6,0,15.77,50.9
ev_backtest,2026-07-11T02:45:13Z,,RBC Canadian Open,TPC Toronto At Osprey Valley,,default,default,GIR,,,,0.0,under,50,40,10,0,21.13,42.3
ev_backtest,2026-07-11T02:45:13Z,,RBC Canadian Open,TPC Toronto At Osprey Valley,,default,default,GIR,,,,10.0,under,45,37,8,0,20.83,46.3
ev_backtest,2026-07-11T02:45:13Z,,RBC Canadian Open,TPC Toronto At Osprey Valley,,default,default,GIR,,,,12.5,under,38,30,8,0,15.79,41.5
ev_backtest,2026-07-11T02:45:13Z,,RBC Canadian Open,TPC Toronto At Osprey Valley,,default,default,GIR,,,,15.0,under,37,29,8,0,15.21,41.1
ev_backtest,2026-07-11T02:45:13Z,,RBC Canadian Open,TPC Toronto At Osprey Valley,,default,default,GIR,,,,17.5,under,27,22,5,0,12.89,47.8
ev_backtest,2026-07-11T02:45:13Z,,RBC Canadian Open,TPC Toronto At Osprey Valley,,default,default,GIR,,,,2.5,under,49,39,10,0,20.52,41.9
ev_backtest,2026-07-11T02:45:13Z,,RBC Canadian Open,TPC Toronto At Osprey Valley,,default,default,GIR,,,,20.0,under,20,17,3,0,11.39,56.9
ev_backtest,2026-07-11T02:45:13Z,,RBC Canadian Open,TPC Toronto At Osprey Valley,,default,default,GIR,,,,5.0,under,47,38,9,0,20.95,44.6
ev_backtest,2026-07-11T02:45:13Z,,RBC Canadian Open,TPC Toronto At Osprey Valley,,default,default,GIR,,,,7.5,under,47,38,9,0,20.95,44.6
ev_backtest,2026-07-11T02:45:13Z,,RBC Canadian Open,TPC Toronto At Osprey Valley,,default,default,Total score,,,,0.0,over,80,45,35,0,3.26,4.1
ev_backtest,2026-07-11T02:45:13Z,,RBC Canadian Open,TPC Toronto At Osprey Valley,,default,default,Total score,,,,0.0,under,8,1,7,0,-6.11,-76.3
ev_backtest,2026-07-11T02:45:13Z,,RBC Canadian Open,TPC Toronto At Osprey Valley,,default,default,Total score,,,,10.0,over,46,28,18,0,6.78,14.7
ev_backtest,2026-07-11T02:45:13Z,,RBC Canadian Open,TPC Toronto At Osprey Valley,,default,default,Total score,,,,10.0,under,4,0,4,0,-4.00,-100.0
ev_backtest,2026-07-11T02:45:13Z,,RBC Canadian Open,TPC Toronto At Osprey Valley,,default,default,Total score,,,,12.5,over,40,23,17,0,3.88,9.7
ev_backtest,2026-07-11T02:45:13Z,,RBC Canadian Open,TPC Toronto At Osprey Valley,,default,default,Total score,,,,12.5,under,2,0,2,0,-2.00,-100.0
ev_backtest,2026-07-11T02:45:13Z,,RBC Canadian Open,TPC Toronto At Osprey Valley,,default,default,Total score,,,,15.0,over,35,20,15,0,3.28,9.4
ev_backtest,2026-07-11T02:45:13Z,,RBC Canadian Open,TPC Toronto At Osprey Valley,,default,default,Total score,,,,15.0,under,2,0,2,0,-2.00,-100.0
ev_backtest,2026-07-11T02:45:13Z,,RBC Canadian Open,TPC Toronto At Osprey Valley,,default,default,Total score,,,,17.5,over,24,14,10,0,2.51,10.4
ev_backtest,2026-07-11T02:45:13Z,,RBC Canadian Open,TPC Toronto At Osprey Valley,,default,default,Total score,,,,17.5,under,1,0,1,0,-1.00,-100.0
ev_backtest,2026-07-11T02:45:13Z,,RBC Canadian Open,TPC Toronto At Osprey Valley,,default,default,Total score,,,,2.5,over,70,38,32,0,0.32,0.5
ev_backtest,2026-07-11T02:45:13Z,,RBC Canadian Open,TPC Toronto At Osprey Valley,,default,default,Total score,,,,2.5,under,7,0,7,0,-7.00,-100.0
ev_backtest,2026-07-11T02:45:13Z,,RBC Canadian Open,TPC Toronto At Osprey Valley,,default,default,Total score,,,,20.0,over,15,9,6,0,2.31,15.4
ev_backtest,2026-07-11T02:45:13Z,,RBC Canadian Open,TPC Toronto At Osprey Valley,,default,default,Total score,,,,5.0,over,63,37,26,0,5.49,8.7
ev_backtest,2026-07-11T02:45:13Z,,RBC Canadian Open,TPC Toronto At Osprey Valley,,default,default,Total score,,,,5.0,under,5,0,5,0,-5.00,-100.0
ev_backtest,2026-07-11T02:45:13Z,,RBC Canadian Open,TPC Toronto At Osprey Valley,,default,default,Total score,,,,7.5,over,57,34,23,0,6.33,11.1
ev_backtest,2026-07-11T02:45:13Z,,RBC Canadian Open,TPC Toronto At Osprey Valley,,default,default,Total score,,,,7.5,under,5,0,5,0,-5.00,-100.0
model_vs_book_by_market,2026-07-11T02:45:13Z,,RBC Canadian Open,TPC Toronto At Osprey Valley,,(all),(all),Birdies,1.361,1.261,124,,,,,,,,
model_vs_book_by_market,2026-07-11T02:45:13Z,,RBC Canadian Open,TPC Toronto At Osprey Valley,,(all),(all),Bogeys,0.698,0.544,64,,,,,,,,
model_vs_book_by_market,2026-07-11T02:45:13Z,,RBC Canadian Open,TPC Toronto At Osprey Valley,,(all),(all),Fairways hit,2.578,2.064,57,,,,,,,,
model_vs_book_by_market,2026-07-11T02:45:13Z,,RBC Canadian Open,TPC Toronto At Osprey Valley,,(all),(all),GIR,2.232,2.034,57,,,,,,,,
model_vs_book_by_market,2026-07-11T02:45:13Z,,RBC Canadian Open,TPC Toronto At Osprey Valley,,(all),(all),Total score,1.178,0.937,124,,,,,,,,
ev_backtest_by_market,2026-07-11T02:45:13Z,,RBC Canadian Open,TPC Toronto At Osprey Valley,,(all),(all),Birdies,,,,0.0,over,110,50,60,0,-13.46,-12.2
ev_backtest_by_market,2026-07-11T02:45:13Z,,RBC Canadian Open,TPC Toronto At Osprey Valley,,(all),(all),Birdies,,,,10.0,over,92,45,47,0,-4.92,-5.3
ev_backtest_by_market,2026-07-11T02:45:13Z,,RBC Canadian Open,TPC Toronto At Osprey Valley,,(all),(all),Birdies,,,,12.5,over,75,35,40,0,-6.46,-8.6
ev_backtest_by_market,2026-07-11T02:45:13Z,,RBC Canadian Open,TPC Toronto At Osprey Valley,,(all),(all),Birdies,,,,15.0,over,59,30,29,0,-0.10,-0.2
ev_backtest_by_market,2026-07-11T02:45:13Z,,RBC Canadian Open,TPC Toronto At Osprey Valley,,(all),(all),Birdies,,,,17.5,over,46,21,25,0,-4.32,-9.4
ev_backtest_by_market,2026-07-11T02:45:13Z,,RBC Canadian Open,TPC Toronto At Osprey Valley,,(all),(all),Birdies,,,,2.5,over,110,50,60,0,-13.46,-12.2
ev_backtest_by_market,2026-07-11T02:45:13Z,,RBC Canadian Open,TPC Toronto At Osprey Valley,,(all),(all),Birdies,,,,20.0,over,34,16,18,0,-1.52,-4.5
ev_backtest_by_market,2026-07-11T02:45:13Z,,RBC Canadian Open,TPC Toronto At Osprey Valley,,(all),(all),Birdies,,,,5.0,over,108,49,59,0,-13.36,-12.4
ev_backtest_by_market,2026-07-11T02:45:13Z,,RBC Canadian Open,TPC Toronto At Osprey Valley,,(all),(all),Birdies,,,,7.5,over,105,47,58,0,-13.78,-13.1
ev_backtest_by_market,2026-07-11T02:45:13Z,,RBC Canadian Open,TPC Toronto At Osprey Valley,,(all),(all),Bogeys,,,,0.0,over,52,31,21,0,6.93,13.3
ev_backtest_by_market,2026-07-11T02:45:13Z,,RBC Canadian Open,TPC Toronto At Osprey Valley,,(all),(all),Bogeys,,,,10.0,over,24,10,14,0,-5.50,-22.9
ev_backtest_by_market,2026-07-11T02:45:13Z,,RBC Canadian Open,TPC Toronto At Osprey Valley,,(all),(all),Bogeys,,,,12.5,over,17,7,10,0,-4.68,-27.6
ev_backtest_by_market,2026-07-11T02:45:13Z,,RBC Canadian Open,TPC Toronto At Osprey Valley,,(all),(all),Bogeys,,,,15.0,over,10,1,9,0,-8.51,-85.1
ev_backtest_by_market,2026-07-11T02:45:13Z,,RBC Canadian Open,TPC Toronto At Osprey Valley,,(all),(all),Bogeys,,,,17.5,over,5,0,5,0,-5.00,-100.0
ev_backtest_by_market,2026-07-11T02:45:13Z,,RBC Canadian Open,TPC Toronto At Osprey Valley,,(all),(all),Bogeys,,,,2.5,over,50,30,20,0,6.63,13.3
ev_backtest_by_market,2026-07-11T02:45:13Z,,RBC Canadian Open,TPC Toronto At Osprey Valley,,(all),(all),Bogeys,,,,20.0,over,1,0,1,0,-1.00,-100.0
ev_backtest_by_market,2026-07-11T02:45:13Z,,RBC Canadian Open,TPC Toronto At Osprey Valley,,(all),(all),Bogeys,,,,5.0,over,44,27,17,0,6.49,14.7
ev_backtest_by_market,2026-07-11T02:45:13Z,,RBC Canadian Open,TPC Toronto At Osprey Valley,,(all),(all),Bogeys,,,,7.5,over,35,20,15,0,2.12,6.0
ev_backtest_by_market,2026-07-11T02:45:13Z,,RBC Canadian Open,TPC Toronto At Osprey Valley,,(all),(all),Fairways hit,,,,0.0,over,14,3,11,0,-8.79,-62.8
ev_backtest_by_market,2026-07-11T02:45:13Z,,RBC Canadian Open,TPC Toronto At Osprey Valley,,(all),(all),Fairways hit,,,,0.0,under,33,26,7,0,15.97,48.4
ev_backtest_by_market,2026-07-11T02:45:13Z,,RBC Canadian Open,TPC Toronto At Osprey Valley,,(all),(all),Fairways hit,,,,10.0,over,6,2,4,0,-2.41,-40.2
ev_backtest_by_market,2026-07-11T02:45:13Z,,RBC Canadian Open,TPC Toronto At Osprey Valley,,(all),(all),Fairways hit,,,,10.0,under,30,24,6,0,15.10,50.3
ev_backtest_by_market,2026-07-11T02:45:13Z,,RBC Canadian Open,TPC Toronto At Osprey Valley,,(all),(all),Fairways hit,,,,12.5,over,5,2,3,0,-1.41,-28.2
ev_backtest_by_market,2026-07-11T02:45:13Z,,RBC Canadian Open,TPC Toronto At Osprey Valley,,(all),(all),Fairways hit,,,,12.5,under,28,22,6,0,13.62,48.6
ev_backtest_by_market,2026-07-11T02:45:13Z,,RBC Canadian Open,TPC Toronto At Osprey Valley,,(all),(all),Fairways hit,,,,15.0,over,4,1,3,0,-2.18,-54.5
ev_backtest_by_market,2026-07-11T02:45:13Z,,RBC Canadian Open,TPC Toronto At Osprey Valley,,(all),(all),Fairways hit,,,,15.0,under,27,21,6,0,12.34,45.7
ev_backtest_by_market,2026-07-11T02:45:13Z,,RBC Canadian Open,TPC Toronto At Osprey Valley,,(all),(all),Fairways hit,,,,17.5,over,4,1,3,0,-2.18,-54.5
ev_backtest_by_market,2026-07-11T02:45:13Z,,RBC Canadian Open,TPC Toronto At Osprey Valley,,(all),(all),Fairways hit,,,,17.5,under,27,21,6,0,12.34,45.7
ev_backtest_by_market,2026-07-11T02:45:13Z,,RBC Canadian Open,TPC Toronto At Osprey Valley,,(all),(all),Fairways hit,,,,2.5,over,14,3,11,0,-8.79,-62.8
ev_backtest_by_market,2026-07-11T02:45:13Z,,RBC Canadian Open,TPC Toronto At Osprey Valley,,(all),(all),Fairways hit,,,,2.5,under,33,26,7,0,15.97,48.4
ev_backtest_by_market,2026-07-11T02:45:13Z,,RBC Canadian Open,TPC Toronto At Osprey Valley,,(all),(all),Fairways hit,,,,20.0,over,4,1,3,0,-2.18,-54.5
ev_backtest_by_market,2026-07-11T02:45:13Z,,RBC Canadian Open,TPC Toronto At Osprey Valley,,(all),(all),Fairways hit,,,,20.0,under,25,19,6,0,9.90,39.6
ev_backtest_by_market,2026-07-11T02:45:13Z,,RBC Canadian Open,TPC Toronto At Osprey Valley,,(all),(all),Fairways hit,,,,5.0,over,11,3,8,0,-5.79,-52.6
ev_backtest_by_market,2026-07-11T02:45:13Z,,RBC Canadian Open,TPC Toronto At Osprey Valley,,(all),(all),Fairways hit,,,,5.0,under,32,25,7,0,14.77,46.2
ev_backtest_by_market,2026-07-11T02:45:13Z,,RBC Canadian Open,TPC Toronto At Osprey Valley,,(all),(all),Fairways hit,,,,7.5,over,9,3,6,0,-3.79,-42.1
ev_backtest_by_market,2026-07-11T02:45:13Z,,RBC Canadian Open,TPC Toronto At Osprey Valley,,(all),(all),Fairways hit,,,,7.5,under,31,25,6,0,15.77,50.9
ev_backtest_by_market,2026-07-11T02:45:13Z,,RBC Canadian Open,TPC Toronto At Osprey Valley,,(all),(all),GIR,,,,0.0,under,50,40,10,0,21.13,42.3
ev_backtest_by_market,2026-07-11T02:45:13Z,,RBC Canadian Open,TPC Toronto At Osprey Valley,,(all),(all),GIR,,,,10.0,under,45,37,8,0,20.83,46.3
ev_backtest_by_market,2026-07-11T02:45:13Z,,RBC Canadian Open,TPC Toronto At Osprey Valley,,(all),(all),GIR,,,,12.5,under,38,30,8,0,15.79,41.5
ev_backtest_by_market,2026-07-11T02:45:13Z,,RBC Canadian Open,TPC Toronto At Osprey Valley,,(all),(all),GIR,,,,15.0,under,37,29,8,0,15.21,41.1
ev_backtest_by_market,2026-07-11T02:45:13Z,,RBC Canadian Open,TPC Toronto At Osprey Valley,,(all),(all),GIR,,,,17.5,under,27,22,5,0,12.89,47.8
ev_backtest_by_market,2026-07-11T02:45:13Z,,RBC Canadian Open,TPC Toronto At Osprey Valley,,(all),(all),GIR,,,,2.5,under,49,39,10,0,20.52,41.9
ev_backtest_by_market,2026-07-11T02:45:13Z,,RBC Canadian Open,TPC Toronto At Osprey Valley,,(all),(all),GIR,,,,20.0,under,20,17,3,0,11.39,56.9
ev_backtest_by_market,2026-07-11T02:45:13Z,,RBC Canadian Open,TPC Toronto At Osprey Valley,,(all),(all),GIR,,,,5.0,under,47,38,9,0,20.95,44.6
ev_backtest_by_market,2026-07-11T02:45:13Z,,RBC Canadian Open,TPC Toronto At Osprey Valley,,(all),(all),GIR,,,,7.5,under,47,38,9,0,20.95,44.6
ev_backtest_by_market,2026-07-11T02:45:13Z,,RBC Canadian Open,TPC Toronto At Osprey Valley,,(all),(all),Total score,,,,0.0,over,80,45,35,0,3.26,4.1
ev_backtest_by_market,2026-07-11T02:45:13Z,,RBC Canadian Open,TPC Toronto At Osprey Valley,,(all),(all),Total score,,,,0.0,under,8,1,7,0,-6.11,-76.3
ev_backtest_by_market,2026-07-11T02:45:13Z,,RBC Canadian Open,TPC Toronto At Osprey Valley,,(all),(all),Total score,,,,10.0,over,46,28,18,0,6.78,14.7
ev_backtest_by_market,2026-07-11T02:45:13Z,,RBC Canadian Open,TPC Toronto At Osprey Valley,,(all),(all),Total score,,,,10.0,under,4,0,4,0,-4.00,-100.0
ev_backtest_by_market,2026-07-11T02:45:13Z,,RBC Canadian Open,TPC Toronto At Osprey Valley,,(all),(all),Total score,,,,12.5,over,40,23,17,0,3.88,9.7
ev_backtest_by_market,2026-07-11T02:45:13Z,,RBC Canadian Open,TPC Toronto At Osprey Valley,,(all),(all),Total score,,,,12.5,under,2,0,2,0,-2.00,-100.0
ev_backtest_by_market,2026-07-11T02:45:13Z,,RBC Canadian Open,TPC Toronto At Osprey Valley,,(all),(all),Total score,,,,15.0,over,35,20,15,0,3.28,9.4
ev_backtest_by_market,2026-07-11T02:45:13Z,,RBC Canadian Open,TPC Toronto At Osprey Valley,,(all),(all),Total score,,,,15.0,under,2,0,2,0,-2.00,-100.0
ev_backtest_by_market,2026-07-11T02:45:13Z,,RBC Canadian Open,TPC Toronto At Osprey Valley,,(all),(all),Total score,,,,17.5,over,24,14,10,0,2.51,10.4
ev_backtest_by_market,2026-07-11T02:45:13Z,,RBC Canadian Open,TPC Toronto At Osprey Valley,,(all),(all),Total score,,,,17.5,under,1,0,1,0,-1.00,-100.0
ev_backtest_by_market,2026-07-11T02:45:13Z,,RBC Canadian Open,TPC Toronto At Osprey Valley,,(all),(all),Total score,,,,2.5,over,70,38,32,0,0.32,0.5
ev_backtest_by_market,2026-07-11T02:45:13Z,,RBC Canadian Open,TPC Toronto At Osprey Valley,,(all),(all),Total score,,,,2.5,under,7,0,7,0,-7.00,-100.0
ev_backtest_by_market,2026-07-11T02:45:13Z,,RBC Canadian Open,TPC Toronto At Osprey Valley,,(all),(all),Total score,,,,20.0,over,15,9,6,0,2.31,15.4
ev_backtest_by_market,2026-07-11T02:45:13Z,,RBC Canadian Open,TPC Toronto At Osprey Valley,,(all),(all),Total score,,,,5.0,over,63,37,26,0,5.49,8.7
ev_backtest_by_market,2026-07-11T02:45:13Z,,RBC Canadian Open,TPC Toronto At Osprey Valley,,(all),(all),Total score,,,,5.0,under,5,0,5,0,-5.00,-100.0
ev_backtest_by_market,2026-07-11T02:45:13Z,,RBC Canadian Open,TPC Toronto At Osprey Valley,,(all),(all),Total score,,,,7.5,over,57,34,23,0,6.33,11.1
ev_backtest_by_market,2026-07-11T02:45:13Z,,RBC Canadian Open,TPC Toronto At Osprey Valley,,(all),(all),Total score,,,,7.5,under,5,0,5,0,-5.00,-100.0
model_vs_book,2026-07-11T02:45:13Z,,U.S. Open,Shinnecock Hills Golf Club,,default,default,Birdies,1.045,0.700,226,,,,,,,,
model_vs_book,2026-07-11T02:45:13Z,,U.S. Open,Shinnecock Hills Golf Club,,default,default,Bogeys,1.213,1.094,123,,,,,,,,
model_vs_book,2026-07-11T02:45:13Z,,U.S. Open,Shinnecock Hills Golf Club,,default,default,Fairways hit,3.839,3.315,140,,,,,,,,
model_vs_book,2026-07-11T02:45:13Z,,U.S. Open,Shinnecock Hills Golf Club,,default,default,GIR,0.984,0.812,101,,,,,,,,
model_vs_book,2026-07-11T02:45:13Z,,U.S. Open,Shinnecock Hills Golf Club,,default,default,Total score,1.176,0.954,224,,,,,,,,
ev_backtest,2026-07-11T02:45:13Z,,U.S. Open,Shinnecock Hills Golf Club,,default,default,Birdies,,,,0.0,over,110,59,51,0,1.56,1.4
ev_backtest,2026-07-11T02:45:13Z,,U.S. Open,Shinnecock Hills Golf Club,,default,default,Birdies,,,,0.0,under,44,23,21,0,-0.60,-1.4
ev_backtest,2026-07-11T02:45:13Z,,U.S. Open,Shinnecock Hills Golf Club,,default,default,Birdies,,,,10.0,over,68,41,27,0,8.16,12.0
ev_backtest,2026-07-11T02:45:13Z,,U.S. Open,Shinnecock Hills Golf Club,,default,default,Birdies,,,,10.0,under,1,1,0,0,1.38,138.0
ev_backtest,2026-07-11T02:45:13Z,,U.S. Open,Shinnecock Hills Golf Club,,default,default,Birdies,,,,12.5,over,67,40,27,0,7.25,10.8
ev_backtest,2026-07-11T02:45:13Z,,U.S. Open,Shinnecock Hills Golf Club,,default,default,Birdies,,,,15.0,over,66,39,27,0,6.67,10.1
ev_backtest,2026-07-11T02:45:13Z,,U.S. Open,Shinnecock Hills Golf Club,,default,default,Birdies,,,,17.5,over,62,35,27,0,4.37,7.0
ev_backtest,2026-07-11T02:45:13Z,,U.S. Open,Shinnecock Hills Golf Club,,default,default,Birdies,,,,2.5,over,89,51,38,0,6.96,7.8
ev_backtest,2026-07-11T02:45:13Z,,U.S. Open,Shinnecock Hills Golf Club,,default,default,Birdies,,,,2.5,under,27,16,11,0,3.56,13.2
ev_backtest,2026-07-11T02:45:13Z,,U.S. Open,Shinnecock Hills Golf Club,,default,default,Birdies,,,,20.0,over,48,24,24,0,1.62,3.4
ev_backtest,2026-07-11T02:45:13Z,,U.S. Open,Shinnecock Hills Golf Club,,default,default,Birdies,,,,5.0,over,71,42,29,0,7.30,10.3
ev_backtest,2026-07-11T02:45:13Z,,U.S. Open,Shinnecock Hills Golf Club,,default,default,Birdies,,,,5.0,under,17,12,5,0,6.36,37.4
ev_backtest,2026-07-11T02:45:13Z,,U.S. Open,Shinnecock Hills Golf Club,,default,default,Birdies,,,,7.5,over,68,41,27,0,8.16,12.0
ev_backtest,2026-07-11T02:45:13Z,,U.S. Open,Shinnecock Hills Golf Club,,default,default,Birdies,,,,7.5,under,5,4,1,0,2.63,52.6
ev_backtest,2026-07-11T02:45:13Z,,U.S. Open,Shinnecock Hills Golf Club,,default,default,Bogeys,,,,0.0,over,83,29,54,0,-30.83,-37.1
ev_backtest,2026-07-11T02:45:13Z,,U.S. Open,Shinnecock Hills Golf Club,,default,default,Bogeys,,,,0.0,under,34,27,7,0,15.87,46.7
ev_backtest,2026-07-11T02:45:13Z,,U.S. Open,Shinnecock Hills Golf Club,,default,default,Bogeys,,,,10.0,over,67,21,46,0,-28.85,-43.1
ev_backtest,2026-07-11T02:45:13Z,,U.S. Open,Shinnecock Hills Golf Club,,default,default,Bogeys,,,,10.0,under,16,13,3,0,7.39,46.2
ev_backtest,2026-07-11T02:45:13Z,,U.S. Open,Shinnecock Hills Golf Club,,default,default,Bogeys,,,,12.5,over,51,19,32,0,-16.39,-32.1
ev_backtest,2026-07-11T02:45:13Z,,U.S. Open,Shinnecock Hills Golf Club,,default,default,Bogeys,,,,12.5,under,10,9,1,0,5.99,59.9
ev_backtest,2026-07-11T02:45:13Z,,U.S. Open,Shinnecock Hills Golf Club,,default,default,Bogeys,,,,15.0,over,39,14,25,0,-12.57,-32.2
ev_backtest,2026-07-11T02:45:13Z,,U.S. Open,Shinnecock Hills Golf Club,,default,default,Bogeys,,,,15.0,under,6,6,0,0,4.74,78.9
ev_backtest,2026-07-11T02:45:13Z,,U.S. Open,Shinnecock Hills Golf Club,,default,default,Bogeys,,,,17.5,over,30,12,18,0,-6.85,-22.8
ev_backtest,2026-07-11T02:45:13Z,,U.S. Open,Shinnecock Hills Golf Club,,default,default,Bogeys,,,,17.5,under,4,4,0,0,3.25,81.4
ev_backtest,2026-07-11T02:45:13Z,,U.S. Open,Shinnecock Hills Golf Club,,default,default,Bogeys,,,,2.5,over,82,28,54,0,-31.64,-38.6
ev_backtest,2026-07-11T02:45:13Z,,U.S. Open,Shinnecock Hills Golf Club,,default,default,Bogeys,,,,2.5,under,32,26,6,0,15.89,49.6
ev_backtest,2026-07-11T02:45:13Z,,U.S. Open,Shinnecock Hills Golf Club,,default,default,Bogeys,,,,20.0,over,17,7,10,0,-3.29,-19.4
ev_backtest,2026-07-11T02:45:13Z,,U.S. Open,Shinnecock Hills Golf Club,,default,default,Bogeys,,,,20.0,under,1,1,0,0,0.89,89.3
ev_backtest,2026-07-11T02:45:13Z,,U.S. Open,Shinnecock Hills Golf Club,,default,default,Bogeys,,,,5.0,over,78,26,52,0,-31.11,-39.9
ev_backtest,2026-07-11T02:45:13Z,,U.S. Open,Shinnecock Hills Golf Club,,default,default,Bogeys,,,,5.0,under,29,23,6,0,13.18,45.5
ev_backtest,2026-07-11T02:45:13Z,,U.S. Open,Shinnecock Hills Golf Club,,default,default,Bogeys,,,,7.5,over,76,24,52,0,-32.54,-42.8
ev_backtest,2026-07-11T02:45:13Z,,U.S. Open,Shinnecock Hills Golf Club,,default,default,Bogeys,,,,7.5,under,26,21,5,0,12.26,47.1
ev_backtest,2026-07-11T02:45:13Z,,U.S. Open,Shinnecock Hills Golf Club,,default,default,Fairways hit,,,,0.0,over,5,1,4,0,-3.43,-68.5
ev_backtest,2026-07-11T02:45:13Z,,U.S. Open,Shinnecock Hills Golf Club,,default,default,Fairways hit,,,,0.0,under,130,88,42,0,32.78,25.2
ev_backtest,2026-07-11T02:45:13Z,,U.S. Open,Shinnecock Hills Golf Club,,default,default,Fairways hit,,,,10.0,over,1,1,0,0,0.57,57.5
ev_backtest,2026-07-11T02:45:13Z,,U.S. Open,Shinnecock Hills Golf Club,,default,default,Fairways hit,,,,10.0,under,125,85,40,0,31.97,25.6
ev_backtest,2026-07-11T02:45:13Z,,U.S. Open,Shinnecock Hills Golf Club,,default,default,Fairways hit,,,,12.5,over,1,1,0,0,0.57,57.5
ev_backtest,2026-07-11T02:45:13Z,,U.S. Open,Shinnecock Hills Golf Club,,default,default,Fairways hit,,,,12.5,under,115,77,38,0,27.83,24.2
ev_backtest,2026-07-11T02:45:13Z,,U.S. Open,Shinnecock Hills Golf Club,,default,default,Fairways hit,,,,15.0,under,110,74,36,0,27.59,25.1
ev_backtest,2026-07-11T02:45:13Z,,U.S. Open,Shinnecock Hills Golf Club,,default,default,Fairways hit,,,,17.5,under,106,71,35,0,26.16,24.7
ev_backtest,2026-07-11T02:45:13Z,,U.S. Open,Shinnecock Hills Golf Club,,default,default,Fairways hit,,,,2.5,over,4,1,3,0,-2.43,-60.6
ev_backtest,2026-07-11T02:45:13Z,,U.S. Open,Shinnecock Hills Golf Club,,default,default,Fairways hit,,,,2.5,under,129,87,42,0,32.21,25.0
ev_backtest,2026-07-11T02:45:13Z,,U.S. Open,Shinnecock Hills Golf Club,,default,default,Fairways hit,,,,20.0,under,100,66,34,0,22.33,22.3
ev_backtest,2026-07-11T02:45:13Z,,U.S. Open,Shinnecock Hills Golf Club,,default,default,Fairways hit,,,,5.0,over,4,1,3,0,-2.43,-60.6
ev_backtest,2026-07-11T02:45:13Z,,U.S. Open,Shinnecock Hills Golf Club,,default,default,Fairways hit,,,,5.0,under,129,87,42,0,32.21,25.0
ev_backtest,2026-07-11T02:45:13Z,,U.S. Open,Shinnecock Hills Golf Club,,default,default,Fairways hit,,,,7.5,over,2,1,1,0,-0.43,-21.3
ev_backtest,2026-07-11T02:45:13Z,,U.S. Open,Shinnecock Hills Golf Club,,default,default,Fairways hit,,,,7.5,under,128,87,41,0,33.21,25.9
ev_backtest,2026-07-11T02:45:13Z,,U.S. Open,Shinnecock Hills Golf Club,,default,default,GIR,,,,0.0,over,21,13,8,0,2.84,13.5
ev_backtest,2026-07-11T02:45:13Z,,U.S. Open,Shinnecock Hills Golf Club,,default,default,GIR,,,,0.0,under,59,31,28,0,-0.24,-0.4
ev_backtest,2026-07-11T02:45:13Z,,U.S. Open,Shinnecock Hills Golf Club,,default,default,GIR,,,,10.0,over,5,4,1,0,3.12,62.3
ev_backtest,2026-07-11T02:45:13Z,,U.S. Open,Shinnecock Hills Golf Club,,default,default,GIR,,,,10.0,under,20,10,10,0,-0.33,-1.7
ev_backtest,2026-07-11T02:45:13Z,,U.S. Open,Shinnecock Hills Golf Club,,default,default,GIR,,,,12.5,over,2,2,0,0,2.16,108.1
ev_backtest,2026-07-11T02:45:13Z,,U.S. Open,Shinnecock Hills Golf Club,,default,default,GIR,,,,12.5,under,17,8,9,0,-1.80,-10.6
ev_backtest,2026-07-11T02:45:13Z,,U.S. Open,Shinnecock Hills Golf Club,,default,default,GIR,,,,15.0,over,1,1,0,0,1.20,120.0
ev_backtest,2026-07-11T02:45:13Z,,U.S. Open,Shinnecock Hills Golf Club,,default,default,GIR,,,,15.0,under,14,7,7,0,-0.44,-3.1
ev_backtest,2026-07-11T02:45:13Z,,U.S. Open,Shinnecock Hills Golf Club,,default,default,GIR,,,,17.5,under,8,4,4,0,-0.07,-0.8
ev_backtest,2026-07-11T02:45:13Z,,U.S. Open,Shinnecock Hills Golf Club,,default,default,GIR,,,,2.5,over,16,10,6,0,2.86,17.9
ev_backtest,2026-07-11T02:45:13Z,,U.S. Open,Shinnecock Hills Golf Club,,default,default,GIR,,,,2.5,under,47,27,20,0,4.68,10.0
ev_backtest,2026-07-11T02:45:13Z,,U.S. Open,Shinnecock Hills Golf Club,,default,default,GIR,,,,20.0,under,4,3,1,0,1.65,41.3
ev_backtest,2026-07-11T02:45:13Z,,U.S. Open,Shinnecock Hills Golf Club,,default,default,GIR,,,,5.0,over,10,8,2,0,5.41,54.1
ev_backtest,2026-07-11T02:45:13Z,,U.S. Open,Shinnecock Hills Golf Club,,default,default,GIR,,,,5.0,under,42,23,19,0,2.41,5.7
ev_backtest,2026-07-11T02:45:13Z,,U.S. Open,Shinnecock Hills Golf Club,,default,default,GIR,,,,7.5,over,7,6,1,0,4.52,64.5
ev_backtest,2026-07-11T02:45:13Z,,U.S. Open,Shinnecock Hills Golf Club,,default,default,GIR,,,,7.5,under,33,17,16,0,0.23,0.7
ev_backtest,2026-07-11T02:45:13Z,,U.S. Open,Shinnecock Hills Golf Club,,default,default,Total score,,,,0.0,over,59,31,28,0,-2.16,-3.7
ev_backtest,2026-07-11T02:45:13Z,,U.S. Open,Shinnecock Hills Golf Club,,default,default,Total score,,,,0.0,under,129,90,39,0,40.74,31.6
ev_backtest,2026-07-11T02:45:13Z,,U.S. Open,Shinnecock Hills Golf Club,,default,default,Total score,,,,10.0,over,23,14,9,0,2.82,12.3
ev_backtest,2026-07-11T02:45:13Z,,U.S. Open,Shinnecock Hills Golf Club,,default,default,Total score,,,,10.0,under,74,54,20,0,28.13,38.0
ev_backtest,2026-07-11T02:45:13Z,,U.S. Open,Shinnecock Hills Golf Club,,default,default,Total score,,,,12.5,over,16,9,7,0,0.83,5.2
ev_backtest,2026-07-11T02:45:13Z,,U.S. Open,Shinnecock Hills Golf Club,,default,default,Total score,,,,12.5,under,54,42,12,0,24.71,45.8
ev_backtest,2026-07-11T02:45:13Z,,U.S. Open,Shinnecock Hills Golf Club,,default,default,Total score,,,,15.0,over,12,7,5,0,0.87,7.2
ev_backtest,2026-07-11T02:45:13Z,,U.S. Open,Shinnecock Hills Golf Club,,default,default,Total score,,,,15.0,under,44,35,9,0,21.45,48.8
ev_backtest,2026-07-11T02:45:13Z,,U.S. Open,Shinnecock Hills Golf Club,,default,default,Total score,,,,17.5,over,11,7,4,0,1.87,17.0
ev_backtest,2026-07-11T02:45:13Z,,U.S. Open,Shinnecock Hills Golf Club,,default,default,Total score,,,,17.5,under,33,28,5,0,19.02,57.6
ev_backtest,2026-07-11T02:45:13Z,,U.S. Open,Shinnecock Hills Golf Club,,default,default,Total score,,,,2.5,over,48,26,22,0,-0.14,-0.3
ev_backtest,2026-07-11T02:45:13Z,,U.S. Open,Shinnecock Hills Golf Club,,default,default,Total score,,,,2.5,under,116,81,35,0,36.74,31.7
ev_backtest,2026-07-11T02:45:13Z,,U.S. Open,Shinnecock Hills Golf Club,,default,default,Total score,,,,20.0,over,8,5,3,0,1.35,16.9
ev_backtest,2026-07-11T02:45:13Z,,U.S. Open,Shinnecock Hills Golf Club,,default,default,Total score,,,,20.0,under,17,14,3,0,9.08,53.4
ev_backtest,2026-07-11T02:45:13Z,,U.S. Open,Shinnecock Hills Golf Club,,default,default,Total score,,,,5.0,over,35,21,14,0,3.85,11.0
ev_backtest,2026-07-11T02:45:13Z,,U.S. Open,Shinnecock Hills Golf Club,,default,default,Total score,,,,5.0,under,99,68,31,0,28.86,29.2
ev_backtest,2026-07-11T02:45:13Z,,U.S. Open,Shinnecock Hills Golf Club,,default,default,Total score,,,,7.5,over,29,19,10,0,6.15,21.2
ev_backtest,2026-07-11T02:45:13Z,,U.S. Open,Shinnecock Hills Golf Club,,default,default,Total score,,,,7.5,under,86,61,25,0,28.73,33.4
model_vs_book_by_market,2026-07-11T02:45:13Z,,U.S. Open,Shinnecock Hills Golf Club,,(all),(all),Birdies,1.045,0.700,226,,,,,,,,
model_vs_book_by_market,2026-07-11T02:45:13Z,,U.S. Open,Shinnecock Hills Golf Club,,(all),(all),Bogeys,1.213,1.094,123,,,,,,,,
model_vs_book_by_market,2026-07-11T02:45:13Z,,U.S. Open,Shinnecock Hills Golf Club,,(all),(all),Fairways hit,3.839,3.315,140,,,,,,,,
model_vs_book_by_market,2026-07-11T02:45:13Z,,U.S. Open,Shinnecock Hills Golf Club,,(all),(all),GIR,0.984,0.812,101,,,,,,,,
model_vs_book_by_market,2026-07-11T02:45:13Z,,U.S. Open,Shinnecock Hills Golf Club,,(all),(all),Total score,1.176,0.954,224,,,,,,,,
ev_backtest_by_market,2026-07-11T02:45:13Z,,U.S. Open,Shinnecock Hills Golf Club,,(all),(all),Birdies,,,,0.0,over,110,59,51,0,1.56,1.4
ev_backtest_by_market,2026-07-11T02:45:13Z,,U.S. Open,Shinnecock Hills Golf Club,,(all),(all),Birdies,,,,0.0,under,44,23,21,0,-0.60,-1.4
ev_backtest_by_market,2026-07-11T02:45:13Z,,U.S. Open,Shinnecock Hills Golf Club,,(all),(all),Birdies,,,,10.0,over,68,41,27,0,8.16,12.0
ev_backtest_by_market,2026-07-11T02:45:13Z,,U.S. Open,Shinnecock Hills Golf Club,,(all),(all),Birdies,,,,10.0,under,1,1,0,0,1.38,138.0
ev_backtest_by_market,2026-07-11T02:45:13Z,,U.S. Open,Shinnecock Hills Golf Club,,(all),(all),Birdies,,,,12.5,over,67,40,27,0,7.25,10.8
ev_backtest_by_market,2026-07-11T02:45:13Z,,U.S. Open,Shinnecock Hills Golf Club,,(all),(all),Birdies,,,,15.0,over,66,39,27,0,6.67,10.1
ev_backtest_by_market,2026-07-11T02:45:13Z,,U.S. Open,Shinnecock Hills Golf Club,,(all),(all),Birdies,,,,17.5,over,62,35,27,0,4.37,7.0
ev_backtest_by_market,2026-07-11T02:45:13Z,,U.S. Open,Shinnecock Hills Golf Club,,(all),(all),Birdies,,,,2.5,over,89,51,38,0,6.96,7.8
ev_backtest_by_market,2026-07-11T02:45:13Z,,U.S. Open,Shinnecock Hills Golf Club,,(all),(all),Birdies,,,,2.5,under,27,16,11,0,3.56,13.2
ev_backtest_by_market,2026-07-11T02:45:13Z,,U.S. Open,Shinnecock Hills Golf Club,,(all),(all),Birdies,,,,20.0,over,48,24,24,0,1.62,3.4
ev_backtest_by_market,2026-07-11T02:45:13Z,,U.S. Open,Shinnecock Hills Golf Club,,(all),(all),Birdies,,,,5.0,over,71,42,29,0,7.30,10.3
ev_backtest_by_market,2026-07-11T02:45:13Z,,U.S. Open,Shinnecock Hills Golf Club,,(all),(all),Birdies,,,,5.0,under,17,12,5,0,6.36,37.4
ev_backtest_by_market,2026-07-11T02:45:13Z,,U.S. Open,Shinnecock Hills Golf Club,,(all),(all),Birdies,,,,7.5,over,68,41,27,0,8.16,12.0
ev_backtest_by_market,2026-07-11T02:45:13Z,,U.S. Open,Shinnecock Hills Golf Club,,(all),(all),Birdies,,,,7.5,under,5,4,1,0,2.63,52.6
ev_backtest_by_market,2026-07-11T02:45:13Z,,U.S. Open,Shinnecock Hills Golf Club,,(all),(all),Bogeys,,,,0.0,over,83,29,54,0,-30.83,-37.1
ev_backtest_by_market,2026-07-11T02:45:13Z,,U.S. Open,Shinnecock Hills Golf Club,,(all),(all),Bogeys,,,,0.0,under,34,27,7,0,15.87,46.7
ev_backtest_by_market,2026-07-11T02:45:13Z,,U.S. Open,Shinnecock Hills Golf Club,,(all),(all),Bogeys,,,,10.0,over,67,21,46,0,-28.85,-43.1
ev_backtest_by_market,2026-07-11T02:45:13Z,,U.S. Open,Shinnecock Hills Golf Club,,(all),(all),Bogeys,,,,10.0,under,16,13,3,0,7.39,46.2
ev_backtest_by_market,2026-07-11T02:45:13Z,,U.S. Open,Shinnecock Hills Golf Club,,(all),(all),Bogeys,,,,12.5,over,51,19,32,0,-16.39,-32.1
ev_backtest_by_market,2026-07-11T02:45:13Z,,U.S. Open,Shinnecock Hills Golf Club,,(all),(all),Bogeys,,,,12.5,under,10,9,1,0,5.99,59.9
ev_backtest_by_market,2026-07-11T02:45:13Z,,U.S. Open,Shinnecock Hills Golf Club,,(all),(all),Bogeys,,,,15.0,over,39,14,25,0,-12.57,-32.2
ev_backtest_by_market,2026-07-11T02:45:13Z,,U.S. Open,Shinnecock Hills Golf Club,,(all),(all),Bogeys,,,,15.0,under,6,6,0,0,4.74,78.9
ev_backtest_by_market,2026-07-11T02:45:13Z,,U.S. Open,Shinnecock Hills Golf Club,,(all),(all),Bogeys,,,,17.5,over,30,12,18,0,-6.85,-22.8
ev_backtest_by_market,2026-07-11T02:45:13Z,,U.S. Open,Shinnecock Hills Golf Club,,(all),(all),Bogeys,,,,17.5,under,4,4,0,0,3.25,81.4
ev_backtest_by_market,2026-07-11T02:45:13Z,,U.S. Open,Shinnecock Hills Golf Club,,(all),(all),Bogeys,,,,2.5,over,82,28,54,0,-31.64,-38.6
ev_backtest_by_market,2026-07-11T02:45:13Z,,U.S. Open,Shinnecock Hills Golf Club,,(all),(all),Bogeys,,,,2.5,under,32,26,6,0,15.89,49.6
ev_backtest_by_market,2026-07-11T02:45:13Z,,U.S. Open,Shinnecock Hills Golf Club,,(all),(all),Bogeys,,,,20.0,over,17,7,10,0,-3.29,-19.4
ev_backtest_by_market,2026-07-11T02:45:13Z,,U.S. Open,Shinnecock Hills Golf Club,,(all),(all),Bogeys,,,,20.0,under,1,1,0,0,0.89,89.3
ev_backtest_by_market,2026-07-11T02:45:13Z,,U.S. Open,Shinnecock Hills Golf Club,,(all),(all),Bogeys,,,,5.0,over,78,26,52,0,-31.11,-39.9
ev_backtest_by_market,2026-07-11T02:45:13Z,,U.S. Open,Shinnecock Hills Golf Club,,(all),(all),Bogeys,,,,5.0,under,29,23,6,0,13.18,45.5
ev_backtest_by_market,2026-07-11T02:45:13Z,,U.S. Open,Shinnecock Hills Golf Club,,(all),(all),Bogeys,,,,7.5,over,76,24,52,0,-32.54,-42.8
ev_backtest_by_market,2026-07-11T02:45:13Z,,U.S. Open,Shinnecock Hills Golf Club,,(all),(all),Bogeys,,,,7.5,under,26,21,5,0,12.26,47.1
ev_backtest_by_market,2026-07-11T02:45:13Z,,U.S. Open,Shinnecock Hills Golf Club,,(all),(all),Fairways hit,,,,0.0,over,5,1,4,0,-3.43,-68.5
ev_backtest_by_market,2026-07-11T02:45:13Z,,U.S. Open,Shinnecock Hills Golf Club,,(all),(all),Fairways hit,,,,0.0,under,130,88,42,0,32.78,25.2
ev_backtest_by_market,2026-07-11T02:45:13Z,,U.S. Open,Shinnecock Hills Golf Club,,(all),(all),Fairways hit,,,,10.0,over,1,1,0,0,0.57,57.5
ev_backtest_by_market,2026-07-11T02:45:13Z,,U.S. Open,Shinnecock Hills Golf Club,,(all),(all),Fairways hit,,,,10.0,under,125,85,40,0,31.97,25.6
ev_backtest_by_market,2026-07-11T02:45:13Z,,U.S. Open,Shinnecock Hills Golf Club,,(all),(all),Fairways hit,,,,12.5,over,1,1,0,0,0.57,57.5
ev_backtest_by_market,2026-07-11T02:45:13Z,,U.S. Open,Shinnecock Hills Golf Club,,(all),(all),Fairways hit,,,,12.5,under,115,77,38,0,27.83,24.2
ev_backtest_by_market,2026-07-11T02:45:13Z,,U.S. Open,Shinnecock Hills Golf Club,,(all),(all),Fairways hit,,,,15.0,under,110,74,36,0,27.59,25.1
ev_backtest_by_market,2026-07-11T02:45:13Z,,U.S. Open,Shinnecock Hills Golf Club,,(all),(all),Fairways hit,,,,17.5,under,106,71,35,0,26.16,24.7
ev_backtest_by_market,2026-07-11T02:45:13Z,,U.S. Open,Shinnecock Hills Golf Club,,(all),(all),Fairways hit,,,,2.5,over,4,1,3,0,-2.43,-60.6
ev_backtest_by_market,2026-07-11T02:45:13Z,,U.S. Open,Shinnecock Hills Golf Club,,(all),(all),Fairways hit,,,,2.5,under,129,87,42,0,32.21,25.0
ev_backtest_by_market,2026-07-11T02:45:13Z,,U.S. Open,Shinnecock Hills Golf Club,,(all),(all),Fairways hit,,,,20.0,under,100,66,34,0,22.33,22.3
ev_backtest_by_market,2026-07-11T02:45:13Z,,U.S. Open,Shinnecock Hills Golf Club,,(all),(all),Fairways hit,,,,5.0,over,4,1,3,0,-2.43,-60.6
ev_backtest_by_market,2026-07-11T02:45:13Z,,U.S. Open,Shinnecock Hills Golf Club,,(all),(all),Fairways hit,,,,5.0,under,129,87,42,0,32.21,25.0
ev_backtest_by_market,2026-07-11T02:45:13Z,,U.S. Open,Shinnecock Hills Golf Club,,(all),(all),Fairways hit,,,,7.5,over,2,1,1,0,-0.43,-21.3
ev_backtest_by_market,2026-07-11T02:45:13Z,,U.S. Open,Shinnecock Hills Golf Club,,(all),(all),Fairways hit,,,,7.5,under,128,87,41,0,33.21,25.9
ev_backtest_by_market,2026-07-11T02:45:13Z,,U.S. Open,Shinnecock Hills Golf Club,,(all),(all),GIR,,,,0.0,over,21,13,8,0,2.84,13.5
ev_backtest_by_market,2026-07-11T02:45:13Z,,U.S. Open,Shinnecock Hills Golf Club,,(all),(all),GIR,,,,0.0,under,59,31,28,0,-0.24,-0.4
ev_backtest_by_market,2026-07-11T02:45:13Z,,U.S. Open,Shinnecock Hills Golf Club,,(all),(all),GIR,,,,10.0,over,5,4,1,0,3.12,62.3
ev_backtest_by_market,2026-07-11T02:45:13Z,,U.S. Open,Shinnecock Hills Golf Club,,(all),(all),GIR,,,,10.0,under,20,10,10,0,-0.33,-1.7
ev_backtest_by_market,2026-07-11T02:45:13Z,,U.S. Open,Shinnecock Hills Golf Club,,(all),(all),GIR,,,,12.5,over,2,2,0,0,2.16,108.1
ev_backtest_by_market,2026-07-11T02:45:13Z,,U.S. Open,Shinnecock Hills Golf Club,,(all),(all),GIR,,,,12.5,under,17,8,9,0,-1.80,-10.6
ev_backtest_by_market,2026-07-11T02:45:13Z,,U.S. Open,Shinnecock Hills Golf Club,,(all),(all),GIR,,,,15.0,over,1,1,0,0,1.20,120.0
ev_backtest_by_market,2026-07-11T02:45:13Z,,U.S. Open,Shinnecock Hills Golf Club,,(all),(all),GIR,,,,15.0,under,14,7,7,0,-0.44,-3.1
ev_backtest_by_market,2026-07-11T02:45:13Z,,U.S. Open,Shinnecock Hills Golf Club,,(all),(all),GIR,,,,17.5,under,8,4,4,0,-0.07,-0.8
ev_backtest_by_market,2026-07-11T02:45:13Z,,U.S. Open,Shinnecock Hills Golf Club,,(all),(all),GIR,,,,2.5,over,16,10,6,0,2.86,17.9
ev_backtest_by_market,2026-07-11T02:45:13Z,,U.S. Open,Shinnecock Hills Golf Club,,(all),(all),GIR,,,,2.5,under,47,27,20,0,4.68,10.0
ev_backtest_by_market,2026-07-11T02:45:13Z,,U.S. Open,Shinnecock Hills Golf Club,,(all),(all),GIR,,,,20.0,under,4,3,1,0,1.65,41.3
ev_backtest_by_market,2026-07-11T02:45:13Z,,U.S. Open,Shinnecock Hills Golf Club,,(all),(all),GIR,,,,5.0,over,10,8,2,0,5.41,54.1
ev_backtest_by_market,2026-07-11T02:45:13Z,,U.S. Open,Shinnecock Hills Golf Club,,(all),(all),GIR,,,,5.0,under,42,23,19,0,2.41,5.7
ev_backtest_by_market,2026-07-11T02:45:13Z,,U.S. Open,Shinnecock Hills Golf Club,,(all),(all),GIR,,,,7.5,over,7,6,1,0,4.52,64.5
ev_backtest_by_market,2026-07-11T02:45:13Z,,U.S. Open,Shinnecock Hills Golf Club,,(all),(all),GIR,,,,7.5,under,33,17,16,0,0.23,0.7
ev_backtest_by_market,2026-07-11T02:45:13Z,,U.S. Open,Shinnecock Hills Golf Club,,(all),(all),Total score,,,,0.0,over,59,31,28,0,-2.16,-3.7
ev_backtest_by_market,2026-07-11T02:45:13Z,,U.S. Open,Shinnecock Hills Golf Club,,(all),(all),Total score,,,,0.0,under,129,90,39,0,40.74,31.6
ev_backtest_by_market,2026-07-11T02:45:13Z,,U.S. Open,Shinnecock Hills Golf Club,,(all),(all),Total score,,,,10.0,over,23,14,9,0,2.82,12.3
ev_backtest_by_market,2026-07-11T02:45:13Z,,U.S. Open,Shinnecock Hills Golf Club,,(all),(all),Total score,,,,10.0,under,74,54,20,0,28.13,38.0
ev_backtest_by_market,2026-07-11T02:45:13Z,,U.S. Open,Shinnecock Hills Golf Club,,(all),(all),Total score,,,,12.5,over,16,9,7,0,0.83,5.2
ev_backtest_by_market,2026-07-11T02:45:13Z,,U.S. Open,Shinnecock Hills Golf Club,,(all),(all),Total score,,,,12.5,under,54,42,12,0,24.71,45.8
ev_backtest_by_market,2026-07-11T02:45:13Z,,U.S. Open,Shinnecock Hills Golf Club,,(all),(all),Total score,,,,15.0,over,12,7,5,0,0.87,7.2
ev_backtest_by_market,2026-07-11T02:45:13Z,,U.S. Open,Shinnecock Hills Golf Club,,(all),(all),Total score,,,,15.0,under,44,35,9,0,21.45,48.8
ev_backtest_by_market,2026-07-11T02:45:13Z,,U.S. Open,Shinnecock Hills Golf Club,,(all),(all),Total score,,,,17.5,over,11,7,4,0,1.87,17.0
ev_backtest_by_market,2026-07-11T02:45:13Z,,U.S. Open,Shinnecock Hills Golf Club,,(all),(all),Total score,,,,17.5,under,33,28,5,0,19.02,57.6
ev_backtest_by_market,2026-07-11T02:45:13Z,,U.S. Open,Shinnecock Hills Golf Club,,(all),(all),Total score,,,,2.5,over,48,26,22,0,-0.14,-0.3
ev_backtest_by_market,2026-07-11T02:45:13Z,,U.S. Open,Shinnecock Hills Golf Club,,(all),(all),Total score,,,,2.5,under,116,81,35,0,36.74,31.7
ev_backtest_by_market,2026-07-11T02:45:13Z,,U.S. Open,Shinnecock Hills Golf Club,,(all),(all),Total score,,,,20.0,over,8,5,3,0,1.35,16.9
ev_backtest_by_market,2026-07-11T02:45:13Z,,U.S. Open,Shinnecock Hills Golf Club,,(all),(all),Total score,,,,20.0,under,17,14,3,0,9.08,53.4
ev_backtest_by_market,2026-07-11T02:45:13Z,,U.S. Open,Shinnecock Hills Golf Club,,(all),(all),Total score,,,,5.0,over,35,21,14,0,3.85,11.0
ev_backtest_by_market,2026-07-11T02:45:13Z,,U.S. Open,Shinnecock Hills Golf Club,,(all),(all),Total score,,,,5.0,under,99,68,31,0,28.86,29.2
ev_backtest_by_market,2026-07-11T02:45:13Z,,U.S. Open,Shinnecock Hills Golf Club,,(all),(all),Total score,,,,7.5,over,29,19,10,0,6.15,21.2
ev_backtest_by_market,2026-07-11T02:45:13Z,,U.S. Open,Shinnecock Hills Golf Club,,(all),(all),Total score,,,,7.5,under,86,61,25,0,28.73,33.4
model_vs_book,2026-07-11T02:45:13Z,,Travelers Championship,TPC River Highlands,,default,default,Birdies,1.455,1.378,116,,,,,,,,
model_vs_book,2026-07-11T02:45:13Z,,Travelers Championship,TPC River Highlands,,default,default,Bogeys,0.555,0.487,70,,,,,,,,
model_vs_book,2026-07-11T02:45:13Z,,Travelers Championship,TPC River Highlands,,default,default,Fairways hit,2.110,1.627,70,,,,,,,,
model_vs_book,2026-07-11T02:45:13Z,,Travelers Championship,TPC River Highlands,,default,default,Total score,1.026,0.890,116,,,,,,,,
ev_backtest,2026-07-11T02:45:13Z,,Travelers Championship,TPC River Highlands,,default,default,Birdies,,,,0.0,over,116,63,53,0,6.25,5.4
ev_backtest,2026-07-11T02:45:13Z,,Travelers Championship,TPC River Highlands,,default,default,Birdies,,,,10.0,over,108,59,49,0,7.65,7.1
ev_backtest,2026-07-11T02:45:13Z,,Travelers Championship,TPC River Highlands,,default,default,Birdies,,,,12.5,over,104,57,47,0,7.78,7.5
ev_backtest,2026-07-11T02:45:13Z,,Travelers Championship,TPC River Highlands,,default,default,Birdies,,,,15.0,over,89,48,41,0,5.45,6.1
ev_backtest,2026-07-11T02:45:13Z,,Travelers Championship,TPC River Highlands,,default,default,Birdies,,,,17.5,over,67,40,27,0,12.05,18.0
ev_backtest,2026-07-11T02:45:13Z,,Travelers Championship,TPC River Highlands,,default,default,Birdies,,,,2.5,over,116,63,53,0,6.25,5.4
ev_backtest,2026-07-11T02:45:13Z,,Travelers Championship,TPC River Highlands,,default,default,Birdies,,,,20.0,over,33,17,16,0,0.11,0.3
ev_backtest,2026-07-11T02:45:13Z,,Travelers Championship,TPC River Highlands,,default,default,Birdies,,,,5.0,over,115,62,53,0,5.62,4.9
ev_backtest,2026-07-11T02:45:13Z,,Travelers Championship,TPC River Highlands,,default,default,Birdies,,,,7.5,over,113,61,52,0,6.05,5.4
ev_backtest,2026-07-11T02:45:13Z,,Travelers Championship,TPC River Highlands,,default,default,Bogeys,,,,0.0,over,46,21,25,0,-9.05,-19.7
ev_backtest,2026-07-11T02:45:13Z,,Travelers Championship,TPC River Highlands,,default,default,Bogeys,,,,0.0,under,1,1,0,0,0.51,51.0
ev_backtest,2026-07-11T02:45:13Z,,Travelers Championship,TPC River Highlands,,default,default,Bogeys,,,,10.0,over,4,2,2,0,-0.03,-0.8
ev_backtest,2026-07-11T02:45:13Z,,Travelers Championship,TPC River Highlands,,default,default,Bogeys,,,,2.5,over,37,16,21,0,-9.31,-25.1
ev_backtest,2026-07-11T02:45:13Z,,Travelers Championship,TPC River Highlands,,default,default,Bogeys,,,,2.5,under,1,1,0,0,0.51,51.0
ev_backtest,2026-07-11T02:45:13Z,,Travelers Championship,TPC River Highlands,,default,default,Bogeys,,,,5.0,over,18,7,11,0,-6.00,-33.3
ev_backtest,2026-07-11T02:45:13Z,,Travelers Championship,TPC River Highlands,,default,default,Bogeys,,,,7.5,over,7,2,5,0,-3.03,-43.3
ev_backtest,2026-07-11T02:45:13Z,,Travelers Championship,TPC River Highlands,,default,default,Fairways hit,,,,0.0,over,20,7,13,0,-7.25,-36.3
ev_backtest,2026-07-11T02:45:13Z,,Travelers Championship,TPC River Highlands,,default,default,Fairways hit,,,,0.0,under,42,28,14,0,11.65,27.7
ev_backtest,2026-07-11T02:45:13Z,,Travelers Championship,TPC River Highlands,,default,default,Fairways hit,,,,10.0,over,10,5,5,0,-0.83,-8.3
ev_backtest,2026-07-11T02:45:13Z,,Travelers Championship,TPC River Highlands,,default,default,Fairways hit,,,,10.0,under,36,24,12,0,10.47,29.1
ev_backtest,2026-07-11T02:45:13Z,,Travelers Championship,TPC River Highlands,,default,default,Fairways hit,,,,12.5,over,9,4,5,0,-1.59,-17.6
ev_backtest,2026-07-11T02:45:13Z,,Travelers Championship,TPC River Highlands,,default,default,Fairways hit,,,,12.5,under,36,24,12,0,10.47,29.1
ev_backtest,2026-07-11T02:45:13Z,,Travelers Championship,TPC River Highlands,,default,default,Fairways hit,,,,15.0,over,7,4,3,0,0.41,5.9
ev_backtest,2026-07-11T02:45:13Z,,Travelers Championship,TPC River Highlands,,default,default,Fairways hit,,,,15.0,under,33,22,11,0,10.01,30.3
ev_backtest,2026-07-11T02:45:13Z,,Travelers Championship,TPC River Highlands,,default,default,Fairways hit,,,,17.5,over,4,3,1,0,1.45,36.3
ev_backtest,2026-07-11T02:45:13Z,,Travelers Championship,TPC River Highlands,,default,default,Fairways hit,,,,17.5,under,31,20,11,0,7.65,24.7
ev_backtest,2026-07-11T02:45:13Z,,Travelers Championship,TPC River Highlands,,default,default,Fairways hit,,,,2.5,over,16,6,10,0,-5.01,-31.3
ev_backtest,2026-07-11T02:45:13Z,,Travelers Championship,TPC River Highlands,,default,default,Fairways hit,,,,2.5,under,41,27,14,0,10.95,26.7
ev_backtest,2026-07-11T02:45:13Z,,Travelers Championship,TPC River Highlands,,default,default,Fairways hit,,,,20.0,over,2,1,1,0,-0.15,-7.6
ev_backtest,2026-07-11T02:45:13Z,,Travelers Championship,TPC River Highlands,,default,default,Fairways hit,,,,20.0,under,28,18,10,0,6.63,23.7
ev_backtest,2026-07-11T02:45:13Z,,Travelers Championship,TPC River Highlands,,default,default,Fairways hit,,,,5.0,over,15,6,9,0,-4.01,-26.7
ev_backtest,2026-07-11T02:45:13Z,,Travelers Championship,TPC River Highlands,,default,default,Fairways hit,,,,5.0,under,40,26,14,0,9.79,24.5
ev_backtest,2026-07-11T02:45:13Z,,Travelers Championship,TPC River Highlands,,default,default,Fairways hit,,,,7.5,over,12,5,7,0,-2.83,-23.6
ev_backtest,2026-07-11T02:45:13Z,,Travelers Championship,TPC River Highlands,,default,default,Fairways hit,,,,7.5,under,39,26,13,0,10.79,27.7
ev_backtest,2026-07-11T02:45:13Z,,Travelers Championship,TPC River Highlands,,default,default,Total score,,,,0.0,over,67,32,35,0,-8.15,-12.2
ev_backtest,2026-07-11T02:45:13Z,,Travelers Championship,TPC River Highlands,,default,default,Total score,,,,0.0,under,36,22,14,0,6.11,17.0
ev_backtest,2026-07-11T02:45:13Z,,Travelers Championship,TPC River Highlands,,default,default,Total score,,,,10.0,over,36,18,18,0,-1.90,-5.3
ev_backtest,2026-07-11T02:45:13Z,,Travelers Championship,TPC River Highlands,,default,default,Total score,,,,10.0,under,16,10,6,0,3.02,18.9
ev_backtest,2026-07-11T02:45:13Z,,Travelers Championship,TPC River Highlands,,default,default,Total score,,,,12.5,over,27,14,13,0,-0.01,0.0
ev_backtest,2026-07-11T02:45:13Z,,Travelers Championship,TPC River Highlands,,default,default,Total score,,,,12.5,under,12,8,4,0,3.55,29.6
ev_backtest,2026-07-11T02:45:13Z,,Travelers Championship,TPC River Highlands,,default,default,Total score,,,,15.0,over,16,7,9,0,-1.96,-12.2
ev_backtest,2026-07-11T02:45:13Z,,Travelers Championship,TPC River Highlands,,default,default,Total score,,,,15.0,under,7,3,4,0,-0.94,-13.4
ev_backtest,2026-07-11T02:45:13Z,,Travelers Championship,TPC River Highlands,,default,default,Total score,,,,17.5,over,7,3,4,0,-1.11,-15.8
ev_backtest,2026-07-11T02:45:13Z,,Travelers Championship,TPC River Highlands,,default,default,Total score,,,,17.5,under,4,3,1,0,2.06,51.5
ev_backtest,2026-07-11T02:45:13Z,,Travelers Championship,TPC River Highlands,,default,default,Total score,,,,2.5,over,59,28,31,0,-7.31,-12.4
ev_backtest,2026-07-11T02:45:13Z,,Travelers Championship,TPC River Highlands,,default,default,Total score,,,,2.5,under,31,20,11,0,7.33,23.6
ev_backtest,2026-07-11T02:45:13Z,,Travelers Championship,TPC River Highlands,,default,default,Total score,,,,20.0,over,5,3,2,0,0.89,17.9
ev_backtest,2026-07-11T02:45:13Z,,Travelers Championship,TPC River Highlands,,default,default,Total score,,,,20.0,under,1,0,1,0,-1.00,-100.0
ev_backtest,2026-07-11T02:45:13Z,,Travelers Championship,TPC River Highlands,,default,default,Total score,,,,5.0,over,51,25,26,0,-4.45,-8.7
ev_backtest,2026-07-11T02:45:13Z,,Travelers Championship,TPC River Highlands,,default,default,Total score,,,,5.0,under,26,17,9,0,6.52,25.1
ev_backtest,2026-07-11T02:45:13Z,,Travelers Championship,TPC River Highlands,,default,default,Total score,,,,7.5,over,43,22,21,0,-1.67,-3.9
ev_backtest,2026-07-11T02:45:13Z,,Travelers Championship,TPC River Highlands,,default,default,Total score,,,,7.5,under,20,13,7,0,4.91,24.5
model_vs_book_by_market,2026-07-11T02:45:13Z,,Travelers Championship,TPC River Highlands,,(all),(all),Birdies,1.455,1.378,116,,,,,,,,
model_vs_book_by_market,2026-07-11T02:45:13Z,,Travelers Championship,TPC River Highlands,,(all),(all),Bogeys,0.555,0.487,70,,,,,,,,
model_vs_book_by_market,2026-07-11T02:45:13Z,,Travelers Championship,TPC River Highlands,,(all),(all),Fairways hit,2.110,1.627,70,,,,,,,,
model_vs_book_by_market,2026-07-11T02:45:13Z,,Travelers Championship,TPC River Highlands,,(all),(all),Total score,1.026,0.890,116,,,,,,,,
ev_backtest_by_market,2026-07-11T02:45:13Z,,Travelers Championship,TPC River Highlands,,(all),(all),Birdies,,,,0.0,over,116,63,53,0,6.25,5.4
ev_backtest_by_market,2026-07-11T02:45:13Z,,Travelers Championship,TPC River Highlands,,(all),(all),Birdies,,,,10.0,over,108,59,49,0,7.65,7.1
ev_backtest_by_market,2026-07-11T02:45:13Z,,Travelers Championship,TPC River Highlands,,(all),(all),Birdies,,,,12.5,over,104,57,47,0,7.78,7.5
ev_backtest_by_market,2026-07-11T02:45:13Z,,Travelers Championship,TPC River Highlands,,(all),(all),Birdies,,,,15.0,over,89,48,41,0,5.45,6.1
ev_backtest_by_market,2026-07-11T02:45:13Z,,Travelers Championship,TPC River Highlands,,(all),(all),Birdies,,,,17.5,over,67,40,27,0,12.05,18.0
ev_backtest_by_market,2026-07-11T02:45:13Z,,Travelers Championship,TPC River Highlands,,(all),(all),Birdies,,,,2.5,over,116,63,53,0,6.25,5.4
ev_backtest_by_market,2026-07-11T02:45:13Z,,Travelers Championship,TPC River Highlands,,(all),(all),Birdies,,,,20.0,over,33,17,16,0,0.11,0.3
ev_backtest_by_market,2026-07-11T02:45:13Z,,Travelers Championship,TPC River Highlands,,(all),(all),Birdies,,,,5.0,over,115,62,53,0,5.62,4.9
ev_backtest_by_market,2026-07-11T02:45:13Z,,Travelers Championship,TPC River Highlands,,(all),(all),Birdies,,,,7.5,over,113,61,52,0,6.05,5.4
ev_backtest_by_market,2026-07-11T02:45:13Z,,Travelers Championship,TPC River Highlands,,(all),(all),Bogeys,,,,0.0,over,46,21,25,0,-9.05,-19.7
ev_backtest_by_market,2026-07-11T02:45:13Z,,Travelers Championship,TPC River Highlands,,(all),(all),Bogeys,,,,0.0,under,1,1,0,0,0.51,51.0
ev_backtest_by_market,2026-07-11T02:45:13Z,,Travelers Championship,TPC River Highlands,,(all),(all),Bogeys,,,,10.0,over,4,2,2,0,-0.03,-0.8
ev_backtest_by_market,2026-07-11T02:45:13Z,,Travelers Championship,TPC River Highlands,,(all),(all),Bogeys,,,,2.5,over,37,16,21,0,-9.31,-25.1
ev_backtest_by_market,2026-07-11T02:45:13Z,,Travelers Championship,TPC River Highlands,,(all),(all),Bogeys,,,,2.5,under,1,1,0,0,0.51,51.0
ev_backtest_by_market,2026-07-11T02:45:13Z,,Travelers Championship,TPC River Highlands,,(all),(all),Bogeys,,,,5.0,over,18,7,11,0,-6.00,-33.3
ev_backtest_by_market,2026-07-11T02:45:13Z,,Travelers Championship,TPC River Highlands,,(all),(all),Bogeys,,,,7.5,over,7,2,5,0,-3.03,-43.3
ev_backtest_by_market,2026-07-11T02:45:13Z,,Travelers Championship,TPC River Highlands,,(all),(all),Fairways hit,,,,0.0,over,20,7,13,0,-7.25,-36.3
ev_backtest_by_market,2026-07-11T02:45:13Z,,Travelers Championship,TPC River Highlands,,(all),(all),Fairways hit,,,,0.0,under,42,28,14,0,11.65,27.7
ev_backtest_by_market,2026-07-11T02:45:13Z,,Travelers Championship,TPC River Highlands,,(all),(all),Fairways hit,,,,10.0,over,10,5,5,0,-0.83,-8.3
ev_backtest_by_market,2026-07-11T02:45:13Z,,Travelers Championship,TPC River Highlands,,(all),(all),Fairways hit,,,,10.0,under,36,24,12,0,10.47,29.1
ev_backtest_by_market,2026-07-11T02:45:13Z,,Travelers Championship,TPC River Highlands,,(all),(all),Fairways hit,,,,12.5,over,9,4,5,0,-1.59,-17.6
ev_backtest_by_market,2026-07-11T02:45:13Z,,Travelers Championship,TPC River Highlands,,(all),(all),Fairways hit,,,,12.5,under,36,24,12,0,10.47,29.1
ev_backtest_by_market,2026-07-11T02:45:13Z,,Travelers Championship,TPC River Highlands,,(all),(all),Fairways hit,,,,15.0,over,7,4,3,0,0.41,5.9
ev_backtest_by_market,2026-07-11T02:45:13Z,,Travelers Championship,TPC River Highlands,,(all),(all),Fairways hit,,,,15.0,under,33,22,11,0,10.01,30.3
ev_backtest_by_market,2026-07-11T02:45:13Z,,Travelers Championship,TPC River Highlands,,(all),(all),Fairways hit,,,,17.5,over,4,3,1,0,1.45,36.3
ev_backtest_by_market,2026-07-11T02:45:13Z,,Travelers Championship,TPC River Highlands,,(all),(all),Fairways hit,,,,17.5,under,31,20,11,0,7.65,24.7
ev_backtest_by_market,2026-07-11T02:45:13Z,,Travelers Championship,TPC River Highlands,,(all),(all),Fairways hit,,,,2.5,over,16,6,10,0,-5.01,-31.3
ev_backtest_by_market,2026-07-11T02:45:13Z,,Travelers Championship,TPC River Highlands,,(all),(all),Fairways hit,,,,2.5,under,41,27,14,0,10.95,26.7
ev_backtest_by_market,2026-07-11T02:45:13Z,,Travelers Championship,TPC River Highlands,,(all),(all),Fairways hit,,,,20.0,over,2,1,1,0,-0.15,-7.6
ev_backtest_by_market,2026-07-11T02:45:13Z,,Travelers Championship,TPC River Highlands,,(all),(all),Fairways hit,,,,20.0,under,28,18,10,0,6.63,23.7
ev_backtest_by_market,2026-07-11T02:45:13Z,,Travelers Championship,TPC River Highlands,,(all),(all),Fairways hit,,,,5.0,over,15,6,9,0,-4.01,-26.7
ev_backtest_by_market,2026-07-11T02:45:13Z,,Travelers Championship,TPC River Highlands,,(all),(all),Fairways hit,,,,5.0,under,40,26,14,0,9.79,24.5
ev_backtest_by_market,2026-07-11T02:45:13Z,,Travelers Championship,TPC River Highlands,,(all),(all),Fairways hit,,,,7.5,over,12,5,7,0,-2.83,-23.6
ev_backtest_by_market,2026-07-11T02:45:13Z,,Travelers Championship,TPC River Highlands,,(all),(all),Fairways hit,,,,7.5,under,39,26,13,0,10.79,27.7
ev_backtest_by_market,2026-07-11T02:45:13Z,,Travelers Championship,TPC River Highlands,,(all),(all),Total score,,,,0.0,over,67,32,35,0,-8.15,-12.2
ev_backtest_by_market,2026-07-11T02:45:13Z,,Travelers Championship,TPC River Highlands,,(all),(all),Total score,,,,0.0,under,36,22,14,0,6.11,17.0
ev_backtest_by_market,2026-07-11T02:45:13Z,,Travelers Championship,TPC River Highlands,,(all),(all),Total score,,,,10.0,over,36,18,18,0,-1.90,-5.3
ev_backtest_by_market,2026-07-11T02:45:13Z,,Travelers Championship,TPC River Highlands,,(all),(all),Total score,,,,10.0,under,16,10,6,0,3.02,18.9
ev_backtest_by_market,2026-07-11T02:45:13Z,,Travelers Championship,TPC River Highlands,,(all),(all),Total score,,,,12.5,over,27,14,13,0,-0.01,0.0
ev_backtest_by_market,2026-07-11T02:45:13Z,,Travelers Championship,TPC River Highlands,,(all),(all),Total score,,,,12.5,under,12,8,4,0,3.55,29.6
ev_backtest_by_market,2026-07-11T02:45:13Z,,Travelers Championship,TPC River Highlands,,(all),(all),Total score,,,,15.0,over,16,7,9,0,-1.96,-12.2
ev_backtest_by_market,2026-07-11T02:45:13Z,,Travelers Championship,TPC River Highlands,,(all),(all),Total score,,,,15.0,under,7,3,4,0,-0.94,-13.4
ev_backtest_by_market,2026-07-11T02:45:13Z,,Travelers Championship,TPC River Highlands,,(all),(all),Total score,,,,17.5,over,7,3,4,0,-1.11,-15.8
ev_backtest_by_market,2026-07-11T02:45:13Z,,Travelers Championship,TPC River Highlands,,(all),(all),Total score,,,,17.5,under,4,3,1,0,2.06,51.5
ev_backtest_by_market,2026-07-11T02:45:13Z,,Travelers Championship,TPC River Highlands,,(all),(all),Total score,,,,2.5,over,59,28,31,0,-7.31,-12.4
ev_backtest_by_market,2026-07-11T02:45:13Z,,Travelers Championship,TPC River Highlands,,(all),(all),Total score,,,,2.5,under,31,20,11,0,7.33,23.6
ev_backtest_by_market,2026-07-11T02:45:13Z,,Travelers Championship,TPC River Highlands,,(all),(all),Total score,,,,20.0,over,5,3,2,0,0.89,17.9
ev_backtest_by_market,2026-07-11T02:45:13Z,,Travelers Championship,TPC River Highlands,,(all),(all),Total score,,,,20.0,under,1,0,1,0,-1.00,-100.0
ev_backtest_by_market,2026-07-11T02:45:13Z,,Travelers Championship,TPC River Highlands,,(all),(all),Total score,,,,5.0,over,51,25,26,0,-4.45,-8.7
ev_backtest_by_market,2026-07-11T02:45:13Z,,Travelers Championship,TPC River Highlands,,(all),(all),Total score,,,,5.0,under,26,17,9,0,6.52,25.1
ev_backtest_by_market,2026-07-11T02:45:13Z,,Travelers Championship,TPC River Highlands,,(all),(all),Total score,,,,7.5,over,43,22,21,0,-1.67,-3.9
ev_backtest_by_market,2026-07-11T02:45:13Z,,Travelers Championship,TPC River Highlands,,(all),(all),Total score,,,,7.5,under,20,13,7,0,4.91,24.5
model_vs_book,2026-07-11T02:45:13Z,,John Deere Classic,TPC Deere Run,,default,default,Birdies,0.707,0.679,69,,,,,,,,
model_vs_book,2026-07-11T02:45:13Z,,John Deere Classic,TPC Deere Run,,default,default,Bogeys,0.719,0.596,31,,,,,,,,
model_vs_book,2026-07-11T02:45:13Z,,John Deere Classic,TPC Deere Run,,default,default,Fairways hit,2.448,2.066,15,,,,,,,,
model_vs_book,2026-07-11T02:45:13Z,,John Deere Classic,TPC Deere Run,,default,default,GIR,1.435,1.298,31,,,,,,,,
model_vs_book,2026-07-11T02:45:13Z,,John Deere Classic,TPC Deere Run,,default,default,Total score,3.380,3.344,52,,,,,,,,
ev_backtest,2026-07-11T02:45:13Z,,John Deere Classic,TPC Deere Run,,default,default,Birdies,,,,0.0,over,29,16,13,0,-0.22,-0.8
ev_backtest,2026-07-11T02:45:13Z,,John Deere Classic,TPC Deere Run,,default,default,Birdies,,,,10.0,over,1,0,1,0,-1.00,-100.0
ev_backtest,2026-07-11T02:45:13Z,,John Deere Classic,TPC Deere Run,,default,default,Birdies,,,,2.5,over,28,16,12,0,0.78,2.8
ev_backtest,2026-07-11T02:45:13Z,,John Deere Classic,TPC Deere Run,,default,default,Birdies,,,,5.0,over,18,11,7,0,2.13,11.8
ev_backtest,2026-07-11T02:45:13Z,,John Deere Classic,TPC Deere Run,,default,default,Birdies,,,,7.5,over,7,5,2,0,2.35,33.5
ev_backtest,2026-07-11T02:45:13Z,,John Deere Classic,TPC Deere Run,,default,default,Bogeys,,,,0.0,over,15,7,8,0,-0.74,-4.9
ev_backtest,2026-07-11T02:45:13Z,,John Deere Classic,TPC Deere Run,,default,default,Bogeys,,,,10.0,over,13,5,8,0,-1.69,-13.0
ev_backtest,2026-07-11T02:45:13Z,,John Deere Classic,TPC Deere Run,,default,default,Bogeys,,,,12.5,over,12,4,8,0,-2.20,-18.3
ev_backtest,2026-07-11T02:45:13Z,,John Deere Classic,TPC Deere Run,,default,default,Bogeys,,,,15.0,over,10,4,6,0,-0.20,-2.0
ev_backtest,2026-07-11T02:45:13Z,,John Deere Classic,TPC Deere Run,,default,default,Bogeys,,,,17.5,over,4,1,3,0,-1.54,-38.5
ev_backtest,2026-07-11T02:45:13Z,,John Deere Classic,TPC Deere Run,,default,default,Bogeys,,,,2.5,over,15,7,8,0,-0.74,-4.9
ev_backtest,2026-07-11T02:45:13Z,,John Deere Classic,TPC Deere Run,,default,default,Bogeys,,,,5.0,over,15,7,8,0,-0.74,-4.9
ev_backtest,2026-07-11T02:45:13Z,,John Deere Classic,TPC Deere Run,,default,default,Bogeys,,,,7.5,over,15,7,8,0,-0.74,-4.9
ev_backtest,2026-07-11T02:45:13Z,,John Deere Classic,TPC Deere Run,,default,default,Fairways hit,,,,0.0,over,3,0,3,0,-3.00,-100.0
ev_backtest,2026-07-11T02:45:13Z,,John Deere Classic,TPC Deere Run,,default,default,Fairways hit,,,,0.0,under,11,10,1,0,8.57,77.9
ev_backtest,2026-07-11T02:45:13Z,,John Deere Classic,TPC Deere Run,,default,default,Fairways hit,,,,10.0,over,2,0,2,0,-2.00,-100.0
ev_backtest,2026-07-11T02:45:13Z,,John Deere Classic,TPC Deere Run,,default,default,Fairways hit,,,,10.0,under,10,9,1,0,7.59,75.9
ev_backtest,2026-07-11T02:45:13Z,,John Deere Classic,TPC Deere Run,,default,default,Fairways hit,,,,12.5,over,2,0,2,0,-2.00,-100.0
ev_backtest,2026-07-11T02:45:13Z,,John Deere Classic,TPC Deere Run,,default,default,Fairways hit,,,,12.5,under,10,9,1,0,7.59,75.9
ev_backtest,2026-07-11T02:45:13Z,,John Deere Classic,TPC Deere Run,,default,default,Fairways hit,,,,15.0,over,2,0,2,0,-2.00,-100.0
ev_backtest,2026-07-11T02:45:13Z,,John Deere Classic,TPC Deere Run,,default,default,Fairways hit,,,,15.0,under,10,9,1,0,7.59,75.9
ev_backtest,2026-07-11T02:45:13Z,,John Deere Classic,TPC Deere Run,,default,default,Fairways hit,,,,17.5,over,1,0,1,0,-1.00,-100.0
ev_backtest,2026-07-11T02:45:13Z,,John Deere Classic,TPC Deere Run,,default,default,Fairways hit,,,,17.5,under,10,9,1,0,7.59,75.9
ev_backtest,2026-07-11T02:45:13Z,,John Deere Classic,TPC Deere Run,,default,default,Fairways hit,,,,2.5,over,2,0,2,0,-2.00,-100.0
ev_backtest,2026-07-11T02:45:13Z,,John Deere Classic,TPC Deere Run,,default,default,Fairways hit,,,,2.5,under,11,10,1,0,8.57,77.9
ev_backtest,2026-07-11T02:45:13Z,,John Deere Classic,TPC Deere Run,,default,default,Fairways hit,,,,20.0,over,1,0,1,0,-1.00,-100.0
ev_backtest,2026-07-11T02:45:13Z,,John Deere Classic,TPC Deere Run,,default,default,Fairways hit,,,,20.0,under,9,8,1,0,6.51,72.3
ev_backtest,2026-07-11T02:45:13Z,,John Deere Classic,TPC Deere Run,,default,default,Fairways hit,,,,5.0,over,2,0,2,0,-2.00,-100.0
ev_backtest,2026-07-11T02:45:13Z,,John Deere Classic,TPC Deere Run,,default,default,Fairways hit,,,,5.0,under,11,10,1,0,8.57,77.9
ev_backtest,2026-07-11T02:45:13Z,,John Deere Classic,TPC Deere Run,,default,default,Fairways hit,,,,7.5,over,2,0,2,0,-2.00,-100.0
ev_backtest,2026-07-11T02:45:13Z,,John Deere Classic,TPC Deere Run,,default,default,Fairways hit,,,,7.5,under,11,10,1,0,8.57,77.9
ev_backtest,2026-07-11T02:45:13Z,,John Deere Classic,TPC Deere Run,,default,default,GIR,,,,0.0,under,14,12,2,0,10.92,78.0
ev_backtest,2026-07-11T02:45:13Z,,John Deere Classic,TPC Deere Run,,default,default,GIR,,,,10.0,under,14,12,2,0,10.92,78.0
ev_backtest,2026-07-11T02:45:13Z,,John Deere Classic,TPC Deere Run,,default,default,GIR,,,,12.5,under,12,11,1,0,11.28,94.0
ev_backtest,2026-07-11T02:45:13Z,,John Deere Classic,TPC Deere Run,,default,default,GIR,,,,15.0,under,11,10,1,0,10.43,94.8
ev_backtest,2026-07-11T02:45:13Z,,John Deere Classic,TPC Deere Run,,default,default,GIR,,,,17.5,under,10,9,1,0,9.18,91.8
ev_backtest,2026-07-11T02:45:13Z,,John Deere Classic,TPC Deere Run,,default,default,GIR,,,,2.5,under,14,12,2,0,10.92,78.0
ev_backtest,2026-07-11T02:45:13Z,,John Deere Classic,TPC Deere Run,,default,default,GIR,,,,20.0,under,7,6,1,0,5.98,85.4
ev_backtest,2026-07-11T02:45:13Z,,John Deere Classic,TPC Deere Run,,default,default,GIR,,,,5.0,under,14,12,2,0,10.92,78.0
ev_backtest,2026-07-11T02:45:13Z,,John Deere Classic,TPC Deere Run,,default,default,GIR,,,,7.5,under,14,12,2,0,10.92,78.0
ev_backtest,2026-07-11T02:45:13Z,,John Deere Classic,TPC Deere Run,,default,default,Total score,,,,0.0,over,15,8,7,0,-0.03,-0.2
ev_backtest,2026-07-11T02:45:13Z,,John Deere Classic,TPC Deere Run,,default,default,Total score,,,,10.0,over,15,8,7,0,-0.03,-0.2
ev_backtest,2026-07-11T02:45:13Z,,John Deere Classic,TPC Deere Run,,default,default,Total score,,,,12.5,over,15,8,7,0,-0.03,-0.2
ev_backtest,2026-07-11T02:45:13Z,,John Deere Classic,TPC Deere Run,,default,default,Total score,,,,15.0,over,15,8,7,0,-0.03,-0.2
ev_backtest,2026-07-11T02:45:13Z,,John Deere Classic,TPC Deere Run,,default,default,Total score,,,,17.5,over,15,8,7,0,-0.03,-0.2
ev_backtest,2026-07-11T02:45:13Z,,John Deere Classic,TPC Deere Run,,default,default,Total score,,,,2.5,over,15,8,7,0,-0.03,-0.2
ev_backtest,2026-07-11T02:45:13Z,,John Deere Classic,TPC Deere Run,,default,default,Total score,,,,20.0,over,15,8,7,0,-0.03,-0.2
ev_backtest,2026-07-11T02:45:13Z,,John Deere Classic,TPC Deere Run,,default,default,Total score,,,,5.0,over,15,8,7,0,-0.03,-0.2
ev_backtest,2026-07-11T02:45:13Z,,John Deere Classic,TPC Deere Run,,default,default,Total score,,,,7.5,over,15,8,7,0,-0.03,-0.2
model_vs_book_by_market,2026-07-11T02:45:13Z,,John Deere Classic,TPC Deere Run,,(all),(all),Birdies,0.707,0.679,69,,,,,,,,
model_vs_book_by_market,2026-07-11T02:45:13Z,,John Deere Classic,TPC Deere Run,,(all),(all),Bogeys,0.719,0.596,31,,,,,,,,
model_vs_book_by_market,2026-07-11T02:45:13Z,,John Deere Classic,TPC Deere Run,,(all),(all),Fairways hit,2.448,2.066,15,,,,,,,,
model_vs_book_by_market,2026-07-11T02:45:13Z,,John Deere Classic,TPC Deere Run,,(all),(all),GIR,1.435,1.298,31,,,,,,,,
model_vs_book_by_market,2026-07-11T02:45:13Z,,John Deere Classic,TPC Deere Run,,(all),(all),Total score,3.380,3.344,52,,,,,,,,
ev_backtest_by_market,2026-07-11T02:45:13Z,,John Deere Classic,TPC Deere Run,,(all),(all),Birdies,,,,0.0,over,29,16,13,0,-0.22,-0.8
ev_backtest_by_market,2026-07-11T02:45:13Z,,John Deere Classic,TPC Deere Run,,(all),(all),Birdies,,,,10.0,over,1,0,1,0,-1.00,-100.0
ev_backtest_by_market,2026-07-11T02:45:13Z,,John Deere Classic,TPC Deere Run,,(all),(all),Birdies,,,,2.5,over,28,16,12,0,0.78,2.8
ev_backtest_by_market,2026-07-11T02:45:13Z,,John Deere Classic,TPC Deere Run,,(all),(all),Birdies,,,,5.0,over,18,11,7,0,2.13,11.8
ev_backtest_by_market,2026-07-11T02:45:13Z,,John Deere Classic,TPC Deere Run,,(all),(all),Birdies,,,,7.5,over,7,5,2,0,2.35,33.5
ev_backtest_by_market,2026-07-11T02:45:13Z,,John Deere Classic,TPC Deere Run,,(all),(all),Bogeys,,,,0.0,over,15,7,8,0,-0.74,-4.9
ev_backtest_by_market,2026-07-11T02:45:13Z,,John Deere Classic,TPC Deere Run,,(all),(all),Bogeys,,,,10.0,over,13,5,8,0,-1.69,-13.0
ev_backtest_by_market,2026-07-11T02:45:13Z,,John Deere Classic,TPC Deere Run,,(all),(all),Bogeys,,,,12.5,over,12,4,8,0,-2.20,-18.3
ev_backtest_by_market,2026-07-11T02:45:13Z,,John Deere Classic,TPC Deere Run,,(all),(all),Bogeys,,,,15.0,over,10,4,6,0,-0.20,-2.0
ev_backtest_by_market,2026-07-11T02:45:13Z,,John Deere Classic,TPC Deere Run,,(all),(all),Bogeys,,,,17.5,over,4,1,3,0,-1.54,-38.5
ev_backtest_by_market,2026-07-11T02:45:13Z,,John Deere Classic,TPC Deere Run,,(all),(all),Bogeys,,,,2.5,over,15,7,8,0,-0.74,-4.9
ev_backtest_by_market,2026-07-11T02:45:13Z,,John Deere Classic,TPC Deere Run,,(all),(all),Bogeys,,,,5.0,over,15,7,8,0,-0.74,-4.9
ev_backtest_by_market,2026-07-11T02:45:13Z,,John Deere Classic,TPC Deere Run,,(all),(all),Bogeys,,,,7.5,over,15,7,8,0,-0.74,-4.9
ev_backtest_by_market,2026-07-11T02:45:13Z,,John Deere Classic,TPC Deere Run,,(all),(all),Fairways hit,,,,0.0,over,3,0,3,0,-3.00,-100.0
ev_backtest_by_market,2026-07-11T02:45:13Z,,John Deere Classic,TPC Deere Run,,(all),(all),Fairways hit,,,,0.0,under,11,10,1,0,8.57,77.9
ev_backtest_by_market,2026-07-11T02:45:13Z,,John Deere Classic,TPC Deere Run,,(all),(all),Fairways hit,,,,10.0,over,2,0,2,0,-2.00,-100.0
ev_backtest_by_market,2026-07-11T02:45:13Z,,John Deere Classic,TPC Deere Run,,(all),(all),Fairways hit,,,,10.0,under,10,9,1,0,7.59,75.9
ev_backtest_by_market,2026-07-11T02:45:13Z,,John Deere Classic,TPC Deere Run,,(all),(all),Fairways hit,,,,12.5,over,2,0,2,0,-2.00,-100.0
ev_backtest_by_market,2026-07-11T02:45:13Z,,John Deere Classic,TPC Deere Run,,(all),(all),Fairways hit,,,,12.5,under,10,9,1,0,7.59,75.9
ev_backtest_by_market,2026-07-11T02:45:13Z,,John Deere Classic,TPC Deere Run,,(all),(all),Fairways hit,,,,15.0,over,2,0,2,0,-2.00,-100.0
ev_backtest_by_market,2026-07-11T02:45:13Z,,John Deere Classic,TPC Deere Run,,(all),(all),Fairways hit,,,,15.0,under,10,9,1,0,7.59,75.9
ev_backtest_by_market,2026-07-11T02:45:13Z,,John Deere Classic,TPC Deere Run,,(all),(all),Fairways hit,,,,17.5,over,1,0,1,0,-1.00,-100.0
ev_backtest_by_market,2026-07-11T02:45:13Z,,John Deere Classic,TPC Deere Run,,(all),(all),Fairways hit,,,,17.5,under,10,9,1,0,7.59,75.9
ev_backtest_by_market,2026-07-11T02:45:13Z,,John Deere Classic,TPC Deere Run,,(all),(all),Fairways hit,,,,2.5,over,2,0,2,0,-2.00,-100.0
ev_backtest_by_market,2026-07-11T02:45:13Z,,John Deere Classic,TPC Deere Run,,(all),(all),Fairways hit,,,,2.5,under,11,10,1,0,8.57,77.9
ev_backtest_by_market,2026-07-11T02:45:13Z,,John Deere Classic,TPC Deere Run,,(all),(all),Fairways hit,,,,20.0,over,1,0,1,0,-1.00,-100.0
ev_backtest_by_market,2026-07-11T02:45:13Z,,John Deere Classic,TPC Deere Run,,(all),(all),Fairways hit,,,,20.0,under,9,8,1,0,6.51,72.3
ev_backtest_by_market,2026-07-11T02:45:13Z,,John Deere Classic,TPC Deere Run,,(all),(all),Fairways hit,,,,5.0,over,2,0,2,0,-2.00,-100.0
ev_backtest_by_market,2026-07-11T02:45:13Z,,John Deere Classic,TPC Deere Run,,(all),(all),Fairways hit,,,,5.0,under,11,10,1,0,8.57,77.9
ev_backtest_by_market,2026-07-11T02:45:13Z,,John Deere Classic,TPC Deere Run,,(all),(all),Fairways hit,,,,7.5,over,2,0,2,0,-2.00,-100.0
ev_backtest_by_market,2026-07-11T02:45:13Z,,John Deere Classic,TPC Deere Run,,(all),(all),Fairways hit,,,,7.5,under,11,10,1,0,8.57,77.9
ev_backtest_by_market,2026-07-11T02:45:13Z,,John Deere Classic,TPC Deere Run,,(all),(all),GIR,,,,0.0,under,14,12,2,0,10.92,78.0
ev_backtest_by_market,2026-07-11T02:45:13Z,,John Deere Classic,TPC Deere Run,,(all),(all),GIR,,,,10.0,under,14,12,2,0,10.92,78.0
ev_backtest_by_market,2026-07-11T02:45:13Z,,John Deere Classic,TPC Deere Run,,(all),(all),GIR,,,,12.5,under,12,11,1,0,11.28,94.0
ev_backtest_by_market,2026-07-11T02:45:13Z,,John Deere Classic,TPC Deere Run,,(all),(all),GIR,,,,15.0,under,11,10,1,0,10.43,94.8
ev_backtest_by_market,2026-07-11T02:45:13Z,,John Deere Classic,TPC Deere Run,,(all),(all),GIR,,,,17.5,under,10,9,1,0,9.18,91.8
ev_backtest_by_market,2026-07-11T02:45:13Z,,John Deere Classic,TPC Deere Run,,(all),(all),GIR,,,,2.5,under,14,12,2,0,10.92,78.0
ev_backtest_by_market,2026-07-11T02:45:13Z,,John Deere Classic,TPC Deere Run,,(all),(all),GIR,,,,20.0,under,7,6,1,0,5.98,85.4
ev_backtest_by_market,2026-07-11T02:45:13Z,,John Deere Classic,TPC Deere Run,,(all),(all),GIR,,,,5.0,under,14,12,2,0,10.92,78.0
ev_backtest_by_market,2026-07-11T02:45:13Z,,John Deere Classic,TPC Deere Run,,(all),(all),GIR,,,,7.5,under,14,12,2,0,10.92,78.0
ev_backtest_by_market,2026-07-11T02:45:13Z,,John Deere Classic,TPC Deere Run,,(all),(all),Total score,,,,0.0,over,15,8,7,0,-0.03,-0.2
ev_backtest_by_market,2026-07-11T02:45:13Z,,John Deere Classic,TPC Deere Run,,(all),(all),Total score,,,,10.0,over,15,8,7,0,-0.03,-0.2
ev_backtest_by_market,2026-07-11T02:45:13Z,,John Deere Classic,TPC Deere Run,,(all),(all),Total score,,,,12.5,over,15,8,7,0,-0.03,-0.2
ev_backtest_by_market,2026-07-11T02:45:13Z,,John Deere Classic,TPC Deere Run,,(all),(all),Total score,,,,15.0,over,15,8,7,0,-0.03,-0.2
ev_backtest_by_market,2026-07-11T02:45:13Z,,John Deere Classic,TPC Deere Run,,(all),(all),Total score,,,,17.5,over,15,8,7,0,-0.03,-0.2
ev_backtest_by_market,2026-07-11T02:45:13Z,,John Deere Classic,TPC Deere Run,,(all),(all),Total score,,,,2.5,over,15,8,7,0,-0.03,-0.2
ev_backtest_by_market,2026-07-11T02:45:13Z,,John Deere Classic,TPC Deere Run,,(all),(all),Total score,,,,20.0,over,15,8,7,0,-0.03,-0.2
ev_backtest_by_market,2026-07-11T02:45:13Z,,John Deere Classic,TPC Deere Run,,(all),(all),Total score,,,,5.0,over,15,8,7,0,-0.03,-0.2
ev_backtest_by_market,2026-07-11T02:45:13Z,,John Deere Classic,TPC Deere Run,,(all),(all),Total score,,,,7.5,over,15,8,7,0,-0.03,-0.2
model_vs_book,2026-07-11T02:41:50Z,2026-07-11T02:41:35Z,Genesis Scottish Open,The Renaissance Club,3,default,default,Birdies,0.490,0.401,163,,,,,,,,
model_vs_book,2026-07-11T02:41:50Z,2026-07-11T02:41:35Z,Genesis Scottish Open,The Renaissance Club,3,default,default,Bogeys,0.817,0.751,75,,,,,,,,
model_vs_book,2026-07-11T02:41:50Z,2026-07-11T02:41:35Z,Genesis Scottish Open,The Renaissance Club,3,default,default,Fairways hit,1.774,1.734,30,,,,,,,,
model_vs_book,2026-07-11T02:41:50Z,2026-07-11T02:41:35Z,Genesis Scottish Open,The Renaissance Club,3,default,default,GIR,0.542,0.457,53,,,,,,,,
model_vs_book,2026-07-11T02:41:50Z,2026-07-11T02:41:35Z,Genesis Scottish Open,The Renaissance Club,3,default,default,Total score,0.665,0.528,142,,,,,,,,
ev_backtest,2026-07-11T02:41:50Z,2026-07-11T02:41:35Z,Genesis Scottish Open,The Renaissance Club,3,default,default,Birdies,,,,0.0,over,21,12,9,0,0.86,4.1
ev_backtest,2026-07-11T02:41:50Z,2026-07-11T02:41:35Z,Genesis Scottish Open,The Renaissance Club,3,default,default,Birdies,,,,0.0,under,34,13,21,0,-8.72,-25.6
ev_backtest,2026-07-11T02:41:50Z,2026-07-11T02:41:35Z,Genesis Scottish Open,The Renaissance Club,3,default,default,Birdies,,,,10.0,under,3,2,1,0,1.15,38.3
ev_backtest,2026-07-11T02:41:50Z,2026-07-11T02:41:35Z,Genesis Scottish Open,The Renaissance Club,3,default,default,Birdies,,,,12.5,under,2,1,1,0,-0.09,-4.5
ev_backtest,2026-07-11T02:41:50Z,2026-07-11T02:41:35Z,Genesis Scottish Open,The Renaissance Club,3,default,default,Birdies,,,,15.0,under,1,0,1,0,-1.00,-100.0
ev_backtest,2026-07-11T02:41:50Z,2026-07-11T02:41:35Z,Genesis Scottish Open,The Renaissance Club,3,default,default,Birdies,,,,2.5,over,15,9,6,0,1.39,9.3
ev_backtest,2026-07-11T02:41:50Z,2026-07-11T02:41:35Z,Genesis Scottish Open,The Renaissance Club,3,default,default,Birdies,,,,2.5,under,25,11,14,0,-3.05,-12.2
ev_backtest,2026-07-11T02:41:50Z,2026-07-11T02:41:35Z,Genesis Scottish Open,The Renaissance Club,3,default,default,Birdies,,,,5.0,over,7,5,2,0,2.39,34.1
ev_backtest,2026-07-11T02:41:50Z,2026-07-11T02:41:35Z,Genesis Scottish Open,The Renaissance Club,3,default,default,Birdies,,,,5.0,under,15,7,8,0,-0.98,-6.5
ev_backtest,2026-07-11T02:41:50Z,2026-07-11T02:41:35Z,Genesis Scottish Open,The Renaissance Club,3,default,default,Birdies,,,,7.5,over,2,2,0,0,2.06,103.2
ev_backtest,2026-07-11T02:41:50Z,2026-07-11T02:41:35Z,Genesis Scottish Open,The Renaissance Club,3,default,default,Birdies,,,,7.5,under,10,3,7,0,-3.71,-37.1
ev_backtest,2026-07-11T02:41:50Z,2026-07-11T02:41:35Z,Genesis Scottish Open,The Renaissance Club,3,default,default,Bogeys,,,,0.0,over,47,24,23,0,-4.27,-9.1
ev_backtest,2026-07-11T02:41:50Z,2026-07-11T02:41:35Z,Genesis Scottish Open,The Renaissance Club,3,default,default,Bogeys,,,,0.0,under,66,40,26,0,-26.00,-39.4
ev_backtest,2026-07-11T02:41:50Z,2026-07-11T02:41:35Z,Genesis Scottish Open,The Renaissance Club,3,default,default,Bogeys,,,,10.0,over,19,11,8,0,1.41,7.4
ev_backtest,2026-07-11T02:41:50Z,2026-07-11T02:41:35Z,Genesis Scottish Open,The Renaissance Club,3,default,default,Bogeys,,,,12.5,over,9,5,4,0,0.38,4.2
ev_backtest,2026-07-11T02:41:50Z,2026-07-11T02:41:35Z,Genesis Scottish Open,The Renaissance Club,3,default,default,Bogeys,,,,15.0,over,3,3,0,0,2.73,91.1
ev_backtest,2026-07-11T02:41:50Z,2026-07-11T02:41:35Z,Genesis Scottish Open,The Renaissance Club,3,default,default,Bogeys,,,,17.5,over,1,1,0,0,0.85,84.7
ev_backtest,2026-07-11T02:41:50Z,2026-07-11T02:41:35Z,Genesis Scottish Open,The Renaissance Club,3,default,default,Bogeys,,,,2.5,over,47,24,23,0,-4.27,-9.1
ev_backtest,2026-07-11T02:41:50Z,2026-07-11T02:41:35Z,Genesis Scottish Open,The Renaissance Club,3,default,default,Bogeys,,,,5.0,over,43,22,21,0,-3.88,-9.0
ev_backtest,2026-07-11T02:41:50Z,2026-07-11T02:41:35Z,Genesis Scottish Open,The Renaissance Club,3,default,default,Bogeys,,,,7.5,over,33,19,14,0,1.33,4.0
ev_backtest,2026-07-11T02:41:50Z,2026-07-11T02:41:35Z,Genesis Scottish Open,The Renaissance Club,3,default,default,Fairways hit,,,,0.0,over,30,16,14,0,-0.02,-0.1
ev_backtest,2026-07-11T02:41:50Z,2026-07-11T02:41:35Z,Genesis Scottish Open,The Renaissance Club,3,default,default,Fairways hit,,,,0.0,under,89,36,53,0,-53.00,-59.6
ev_backtest,2026-07-11T02:41:50Z,2026-07-11T02:41:35Z,Genesis Scottish Open,The Renaissance Club,3,default,default,Fairways hit,,,,10.0,over,30,16,14,0,-0.02,-0.1
ev_backtest,2026-07-11T02:41:50Z,2026-07-11T02:41:35Z,Genesis Scottish Open,The Renaissance Club,3,default,default,Fairways hit,,,,12.5,over,30,16,14,0,-0.02,-0.1
ev_backtest,2026-07-11T02:41:50Z,2026-07-11T02:41:35Z,Genesis Scottish Open,The Renaissance Club,3,default,default,Fairways hit,,,,15.0,over,30,16,14,0,-0.02,-0.1
ev_backtest,2026-07-11T02:41:50Z,2026-07-11T02:41:35Z,Genesis Scottish Open,The Renaissance Club,3,default,default,Fairways hit,,,,17.5,over,27,13,14,0,-2.03,-7.5
ev_backtest,2026-07-11T02:41:50Z,2026-07-11T02:41:35Z,Genesis Scottish Open,The Renaissance Club,3,default,default,Fairways hit,,,,2.5,over,30,16,14,0,-0.02,-0.1
ev_backtest,2026-07-11T02:41:50Z,2026-07-11T02:41:35Z,Genesis Scottish Open,The Renaissance Club,3,default,default,Fairways hit,,,,20.0,over,25,13,12,0,-0.03,-0.1
ev_backtest,2026-07-11T02:41:50Z,2026-07-11T02:41:35Z,Genesis Scottish Open,The Renaissance Club,3,default,default,Fairways hit,,,,5.0,over,30,16,14,0,-0.02,-0.1
ev_backtest,2026-07-11T02:41:50Z,2026-07-11T02:41:35Z,Genesis Scottish Open,The Renaissance Club,3,default,default,Fairways hit,,,,7.5,over,30,16,14,0,-0.02,-0.1
ev_backtest,2026-07-11T02:41:50Z,2026-07-11T02:41:35Z,Genesis Scottish Open,The Renaissance Club,3,default,default,GIR,,,,0.0,over,5,4,1,0,2.70,53.9
ev_backtest,2026-07-11T02:41:50Z,2026-07-11T02:41:35Z,Genesis Scottish Open,The Renaissance Club,3,default,default,GIR,,,,0.0,under,101,49,52,0,-43.27,-42.8
ev_backtest,2026-07-11T02:41:50Z,2026-07-11T02:41:35Z,Genesis Scottish Open,The Renaissance Club,3,default,default,GIR,,,,10.0,under,3,2,1,0,1.34,44.7
ev_backtest,2026-07-11T02:41:50Z,2026-07-11T02:41:35Z,Genesis Scottish Open,The Renaissance Club,3,default,default,GIR,,,,12.5,under,2,2,0,0,2.34,117.0
ev_backtest,2026-07-11T02:41:50Z,2026-07-11T02:41:35Z,Genesis Scottish Open,The Renaissance Club,3,default,default,GIR,,,,2.5,over,3,2,1,0,0.80,26.7
ev_backtest,2026-07-11T02:41:50Z,2026-07-11T02:41:35Z,Genesis Scottish Open,The Renaissance Club,3,default,default,GIR,,,,2.5,under,11,8,3,0,4.89,44.5
ev_backtest,2026-07-11T02:41:50Z,2026-07-11T02:41:35Z,Genesis Scottish Open,The Renaissance Club,3,default,default,GIR,,,,5.0,over,1,0,1,0,-1.00,-100.0
ev_backtest,2026-07-11T02:41:50Z,2026-07-11T02:41:35Z,Genesis Scottish Open,The Renaissance Club,3,default,default,GIR,,,,5.0,under,9,7,2,0,4.98,55.4
ev_backtest,2026-07-11T02:41:50Z,2026-07-11T02:41:35Z,Genesis Scottish Open,The Renaissance Club,3,default,default,GIR,,,,7.5,over,1,0,1,0,-1.00,-100.0
ev_backtest,2026-07-11T02:41:50Z,2026-07-11T02:41:35Z,Genesis Scottish Open,The Renaissance Club,3,default,default,GIR,,,,7.5,under,6,4,2,0,2.46,41.0
ev_backtest,2026-07-11T02:41:50Z,2026-07-11T02:41:35Z,Genesis Scottish Open,The Renaissance Club,3,default,default,Total score,,,,0.0,over,15,8,7,0,0.10,0.7
ev_backtest,2026-07-11T02:41:50Z,2026-07-11T02:41:35Z,Genesis Scottish Open,The Renaissance Club,3,default,default,Total score,,,,0.0,under,60,35,25,0,4.94,8.2
ev_backtest,2026-07-11T02:41:50Z,2026-07-11T02:41:35Z,Genesis Scottish Open,The Renaissance Club,3,default,default,Total score,,,,10.0,over,1,1,0,0,0.64,64.1
ev_backtest,2026-07-11T02:41:50Z,2026-07-11T02:41:35Z,Genesis Scottish Open,The Renaissance Club,3,default,default,Total score,,,,10.0,under,4,3,1,0,1.46,36.6
ev_backtest,2026-07-11T02:41:50Z,2026-07-11T02:41:35Z,Genesis Scottish Open,The Renaissance Club,3,default,default,Total score,,,,12.5,under,1,1,0,0,0.79,79.4
ev_backtest,2026-07-11T02:41:50Z,2026-07-11T02:41:35Z,Genesis Scottish Open,The Renaissance Club,3,default,default,Total score,,,,2.5,over,8,3,5,0,-2.38,-29.7
ev_backtest,2026-07-11T02:41:50Z,2026-07-11T02:41:35Z,Genesis Scottish Open,The Renaissance Club,3,default,default,Total score,,,,2.5,under,36,26,10,0,11.97,33.3
ev_backtest,2026-07-11T02:41:50Z,2026-07-11T02:41:35Z,Genesis Scottish Open,The Renaissance Club,3,default,default,Total score,,,,5.0,over,2,1,1,0,-0.36,-17.9
ev_backtest,2026-07-11T02:41:50Z,2026-07-11T02:41:35Z,Genesis Scottish Open,The Renaissance Club,3,default,default,Total score,,,,5.0,under,20,13,7,0,4.05,20.2
ev_backtest,2026-07-11T02:41:50Z,2026-07-11T02:41:35Z,Genesis Scottish Open,The Renaissance Club,3,default,default,Total score,,,,7.5,over,2,1,1,0,-0.36,-17.9
ev_backtest,2026-07-11T02:41:50Z,2026-07-11T02:41:35Z,Genesis Scottish Open,The Renaissance Club,3,default,default,Total score,,,,7.5,under,11,8,3,0,3.55,32.3
model_vs_book_by_market,2026-07-11T02:41:50Z,2026-07-11T02:41:35Z,Genesis Scottish Open,The Renaissance Club,3,(all),(all),Birdies,0.490,0.401,163,,,,,,,,
model_vs_book_by_market,2026-07-11T02:41:50Z,2026-07-11T02:41:35Z,Genesis Scottish Open,The Renaissance Club,3,(all),(all),Bogeys,0.817,0.751,75,,,,,,,,
model_vs_book_by_market,2026-07-11T02:41:50Z,2026-07-11T02:41:35Z,Genesis Scottish Open,The Renaissance Club,3,(all),(all),Fairways hit,1.774,1.734,30,,,,,,,,
model_vs_book_by_market,2026-07-11T02:41:50Z,2026-07-11T02:41:35Z,Genesis Scottish Open,The Renaissance Club,3,(all),(all),GIR,0.542,0.457,53,,,,,,,,
model_vs_book_by_market,2026-07-11T02:41:50Z,2026-07-11T02:41:35Z,Genesis Scottish Open,The Renaissance Club,3,(all),(all),Total score,0.665,0.528,142,,,,,,,,
ev_backtest_by_market,2026-07-11T02:41:50Z,2026-07-11T02:41:35Z,Genesis Scottish Open,The Renaissance Club,3,(all),(all),Birdies,,,,0.0,over,21,12,9,0,0.86,4.1
ev_backtest_by_market,2026-07-11T02:41:50Z,2026-07-11T02:41:35Z,Genesis Scottish Open,The Renaissance Club,3,(all),(all),Birdies,,,,0.0,under,34,13,21,0,-8.72,-25.6
ev_backtest_by_market,2026-07-11T02:41:50Z,2026-07-11T02:41:35Z,Genesis Scottish Open,The Renaissance Club,3,(all),(all),Birdies,,,,10.0,under,3,2,1,0,1.15,38.3
ev_backtest_by_market,2026-07-11T02:41:50Z,2026-07-11T02:41:35Z,Genesis Scottish Open,The Renaissance Club,3,(all),(all),Birdies,,,,12.5,under,2,1,1,0,-0.09,-4.5
ev_backtest_by_market,2026-07-11T02:41:50Z,2026-07-11T02:41:35Z,Genesis Scottish Open,The Renaissance Club,3,(all),(all),Birdies,,,,15.0,under,1,0,1,0,-1.00,-100.0
ev_backtest_by_market,2026-07-11T02:41:50Z,2026-07-11T02:41:35Z,Genesis Scottish Open,The Renaissance Club,3,(all),(all),Birdies,,,,2.5,over,15,9,6,0,1.39,9.3
ev_backtest_by_market,2026-07-11T02:41:50Z,2026-07-11T02:41:35Z,Genesis Scottish Open,The Renaissance Club,3,(all),(all),Birdies,,,,2.5,under,25,11,14,0,-3.05,-12.2
ev_backtest_by_market,2026-07-11T02:41:50Z,2026-07-11T02:41:35Z,Genesis Scottish Open,The Renaissance Club,3,(all),(all),Birdies,,,,5.0,over,7,5,2,0,2.39,34.1
ev_backtest_by_market,2026-07-11T02:41:50Z,2026-07-11T02:41:35Z,Genesis Scottish Open,The Renaissance Club,3,(all),(all),Birdies,,,,5.0,under,15,7,8,0,-0.98,-6.5
ev_backtest_by_market,2026-07-11T02:41:50Z,2026-07-11T02:41:35Z,Genesis Scottish Open,The Renaissance Club,3,(all),(all),Birdies,,,,7.5,over,2,2,0,0,2.06,103.2
ev_backtest_by_market,2026-07-11T02:41:50Z,2026-07-11T02:41:35Z,Genesis Scottish Open,The Renaissance Club,3,(all),(all),Birdies,,,,7.5,under,10,3,7,0,-3.71,-37.1
ev_backtest_by_market,2026-07-11T02:41:50Z,2026-07-11T02:41:35Z,Genesis Scottish Open,The Renaissance Club,3,(all),(all),Bogeys,,,,0.0,over,47,24,23,0,-4.27,-9.1
ev_backtest_by_market,2026-07-11T02:41:50Z,2026-07-11T02:41:35Z,Genesis Scottish Open,The Renaissance Club,3,(all),(all),Bogeys,,,,0.0,under,66,40,26,0,-26.00,-39.4
ev_backtest_by_market,2026-07-11T02:41:50Z,2026-07-11T02:41:35Z,Genesis Scottish Open,The Renaissance Club,3,(all),(all),Bogeys,,,,10.0,over,19,11,8,0,1.41,7.4
ev_backtest_by_market,2026-07-11T02:41:50Z,2026-07-11T02:41:35Z,Genesis Scottish Open,The Renaissance Club,3,(all),(all),Bogeys,,,,12.5,over,9,5,4,0,0.38,4.2
ev_backtest_by_market,2026-07-11T02:41:50Z,2026-07-11T02:41:35Z,Genesis Scottish Open,The Renaissance Club,3,(all),(all),Bogeys,,,,15.0,over,3,3,0,0,2.73,91.1
ev_backtest_by_market,2026-07-11T02:41:50Z,2026-07-11T02:41:35Z,Genesis Scottish Open,The Renaissance Club,3,(all),(all),Bogeys,,,,17.5,over,1,1,0,0,0.85,84.7
ev_backtest_by_market,2026-07-11T02:41:50Z,2026-07-11T02:41:35Z,Genesis Scottish Open,The Renaissance Club,3,(all),(all),Bogeys,,,,2.5,over,47,24,23,0,-4.27,-9.1
ev_backtest_by_market,2026-07-11T02:41:50Z,2026-07-11T02:41:35Z,Genesis Scottish Open,The Renaissance Club,3,(all),(all),Bogeys,,,,5.0,over,43,22,21,0,-3.88,-9.0
ev_backtest_by_market,2026-07-11T02:41:50Z,2026-07-11T02:41:35Z,Genesis Scottish Open,The Renaissance Club,3,(all),(all),Bogeys,,,,7.5,over,33,19,14,0,1.33,4.0
ev_backtest_by_market,2026-07-11T02:41:50Z,2026-07-11T02:41:35Z,Genesis Scottish Open,The Renaissance Club,3,(all),(all),Fairways hit,,,,0.0,over,30,16,14,0,-0.02,-0.1
ev_backtest_by_market,2026-07-11T02:41:50Z,2026-07-11T02:41:35Z,Genesis Scottish Open,The Renaissance Club,3,(all),(all),Fairways hit,,,,0.0,under,89,36,53,0,-53.00,-59.6
ev_backtest_by_market,2026-07-11T02:41:50Z,2026-07-11T02:41:35Z,Genesis Scottish Open,The Renaissance Club,3,(all),(all),Fairways hit,,,,10.0,over,30,16,14,0,-0.02,-0.1
ev_backtest_by_market,2026-07-11T02:41:50Z,2026-07-11T02:41:35Z,Genesis Scottish Open,The Renaissance Club,3,(all),(all),Fairways hit,,,,12.5,over,30,16,14,0,-0.02,-0.1
ev_backtest_by_market,2026-07-11T02:41:50Z,2026-07-11T02:41:35Z,Genesis Scottish Open,The Renaissance Club,3,(all),(all),Fairways hit,,,,15.0,over,30,16,14,0,-0.02,-0.1
ev_backtest_by_market,2026-07-11T02:41:50Z,2026-07-11T02:41:35Z,Genesis Scottish Open,The Renaissance Club,3,(all),(all),Fairways hit,,,,17.5,over,27,13,14,0,-2.03,-7.5
ev_backtest_by_market,2026-07-11T02:41:50Z,2026-07-11T02:41:35Z,Genesis Scottish Open,The Renaissance Club,3,(all),(all),Fairways hit,,,,2.5,over,30,16,14,0,-0.02,-0.1
ev_backtest_by_market,2026-07-11T02:41:50Z,2026-07-11T02:41:35Z,Genesis Scottish Open,The Renaissance Club,3,(all),(all),Fairways hit,,,,20.0,over,25,13,12,0,-0.03,-0.1
ev_backtest_by_market,2026-07-11T02:41:50Z,2026-07-11T02:41:35Z,Genesis Scottish Open,The Renaissance Club,3,(all),(all),Fairways hit,,,,5.0,over,30,16,14,0,-0.02,-0.1
ev_backtest_by_market,2026-07-11T02:41:50Z,2026-07-11T02:41:35Z,Genesis Scottish Open,The Renaissance Club,3,(all),(all),Fairways hit,,,,7.5,over,30,16,14,0,-0.02,-0.1
ev_backtest_by_market,2026-07-11T02:41:50Z,2026-07-11T02:41:35Z,Genesis Scottish Open,The Renaissance Club,3,(all),(all),GIR,,,,0.0,over,5,4,1,0,2.70,53.9
ev_backtest_by_market,2026-07-11T02:41:50Z,2026-07-11T02:41:35Z,Genesis Scottish Open,The Renaissance Club,3,(all),(all),GIR,,,,0.0,under,101,49,52,0,-43.27,-42.8
ev_backtest_by_market,2026-07-11T02:41:50Z,2026-07-11T02:41:35Z,Genesis Scottish Open,The Renaissance Club,3,(all),(all),GIR,,,,10.0,under,3,2,1,0,1.34,44.7
ev_backtest_by_market,2026-07-11T02:41:50Z,2026-07-11T02:41:35Z,Genesis Scottish Open,The Renaissance Club,3,(all),(all),GIR,,,,12.5,under,2,2,0,0,2.34,117.0
ev_backtest_by_market,2026-07-11T02:41:50Z,2026-07-11T02:41:35Z,Genesis Scottish Open,The Renaissance Club,3,(all),(all),GIR,,,,2.5,over,3,2,1,0,0.80,26.7
ev_backtest_by_market,2026-07-11T02:41:50Z,2026-07-11T02:41:35Z,Genesis Scottish Open,The Renaissance Club,3,(all),(all),GIR,,,,2.5,under,11,8,3,0,4.89,44.5
ev_backtest_by_market,2026-07-11T02:41:50Z,2026-07-11T02:41:35Z,Genesis Scottish Open,The Renaissance Club,3,(all),(all),GIR,,,,5.0,over,1,0,1,0,-1.00,-100.0
ev_backtest_by_market,2026-07-11T02:41:50Z,2026-07-11T02:41:35Z,Genesis Scottish Open,The Renaissance Club,3,(all),(all),GIR,,,,5.0,under,9,7,2,0,4.98,55.4
ev_backtest_by_market,2026-07-11T02:41:50Z,2026-07-11T02:41:35Z,Genesis Scottish Open,The Renaissance Club,3,(all),(all),GIR,,,,7.5,over,1,0,1,0,-1.00,-100.0
ev_backtest_by_market,2026-07-11T02:41:50Z,2026-07-11T02:41:35Z,Genesis Scottish Open,The Renaissance Club,3,(all),(all),GIR,,,,7.5,under,6,4,2,0,2.46,41.0
ev_backtest_by_market,2026-07-11T02:41:50Z,2026-07-11T02:41:35Z,Genesis Scottish Open,The Renaissance Club,3,(all),(all),Total score,,,,0.0,over,15,8,7,0,0.10,0.7
ev_backtest_by_market,2026-07-11T02:41:50Z,2026-07-11T02:41:35Z,Genesis Scottish Open,The Renaissance Club,3,(all),(all),Total score,,,,0.0,under,60,35,25,0,4.94,8.2
ev_backtest_by_market,2026-07-11T02:41:50Z,2026-07-11T02:41:35Z,Genesis Scottish Open,The Renaissance Club,3,(all),(all),Total score,,,,10.0,over,1,1,0,0,0.64,64.1
ev_backtest_by_market,2026-07-11T02:41:50Z,2026-07-11T02:41:35Z,Genesis Scottish Open,The Renaissance Club,3,(all),(all),Total score,,,,10.0,under,4,3,1,0,1.46,36.6
ev_backtest_by_market,2026-07-11T02:41:50Z,2026-07-11T02:41:35Z,Genesis Scottish Open,The Renaissance Club,3,(all),(all),Total score,,,,12.5,under,1,1,0,0,0.79,79.4
ev_backtest_by_market,2026-07-11T02:41:50Z,2026-07-11T02:41:35Z,Genesis Scottish Open,The Renaissance Club,3,(all),(all),Total score,,,,2.5,over,8,3,5,0,-2.38,-29.7
ev_backtest_by_market,2026-07-11T02:41:50Z,2026-07-11T02:41:35Z,Genesis Scottish Open,The Renaissance Club,3,(all),(all),Total score,,,,2.5,under,36,26,10,0,11.97,33.3
ev_backtest_by_market,2026-07-11T02:41:50Z,2026-07-11T02:41:35Z,Genesis Scottish Open,The Renaissance Club,3,(all),(all),Total score,,,,5.0,over,2,1,1,0,-0.36,-17.9
ev_backtest_by_market,2026-07-11T02:41:50Z,2026-07-11T02:41:35Z,Genesis Scottish Open,The Renaissance Club,3,(all),(all),Total score,,,,5.0,under,20,13,7,0,4.05,20.2
ev_backtest_by_market,2026-07-11T02:41:50Z,2026-07-11T02:41:35Z,Genesis Scottish Open,The Renaissance Club,3,(all),(all),Total score,,,,7.5,over,2,1,1,0,-0.36,-17.9
ev_backtest_by_market,2026-07-11T02:41:50Z,2026-07-11T02:41:35Z,Genesis Scottish Open,The Renaissance Club,3,(all),(all),Total score,,,,7.5,under,11,8,3,0,3.55,32.3
model_vs_book_all,2026-07-11T02:45:13Z,,(all events),,,(all),(all),Birdies,1.125,0.863,1280,,,,,,,,
model_vs_book_all,2026-07-11T02:45:13Z,,(all events),,,(all),(all),Bogeys,1.042,0.886,647,,,,,,,,
model_vs_book_all,2026-07-11T02:45:13Z,,(all events),,,(all),(all),Fairways hit,2.745,2.259,609,,,,,,,,
model_vs_book_all,2026-07-11T02:45:13Z,,(all events),,,(all),(all),GIR,1.348,1.025,515,,,,,,,,
model_vs_book_all,2026-07-11T02:45:13Z,,(all events),,,(all),(all),Total score,3.923,1.268,1099,,,,,,,,
ev_backtest_all,2026-07-11T02:45:13Z,,(all events),,,(all),(all),Birdies,,,,0.0,over,800,423,377,0,-9.28,-1.2
ev_backtest_all,2026-07-11T02:45:13Z,,(all events),,,(all),(all),Birdies,,,,0.0,under,92,44,48,0,-7.57,-8.2
ev_backtest_all,2026-07-11T02:45:13Z,,(all events),,,(all),(all),Birdies,,,,10.0,over,472,253,219,0,6.90,1.5
ev_backtest_all,2026-07-11T02:45:13Z,,(all events),,,(all),(all),Birdies,,,,12.5,over,398,210,188,0,3.13,0.8
ev_backtest_all,2026-07-11T02:45:13Z,,(all events),,,(all),(all),Birdies,,,,15.0,over,334,178,156,0,7.68,2.3
ev_backtest_all,2026-07-11T02:45:13Z,,(all events),,,(all),(all),Birdies,,,,17.5,over,265,144,121,0,13.68,5.2
ev_backtest_all,2026-07-11T02:45:13Z,,(all events),,,(all),(all),Birdies,,,,2.5,over,720,385,335,0,2.76,0.4
ev_backtest_all,2026-07-11T02:45:13Z,,(all events),,,(all),(all),Birdies,,,,2.5,under,57,30,27,0,1.16,2.0
ev_backtest_all,2026-07-11T02:45:13Z,,(all events),,,(all),(all),Birdies,,,,20.0,over,176,91,85,0,4.83,2.7
ev_backtest_all,2026-07-11T02:45:13Z,,(all events),,,(all),(all),Birdies,,,,5.0,over,620,330,290,0,3.39,0.5
ev_backtest_all,2026-07-11T02:45:13Z,,(all events),,,(all),(all),Birdies,,,,5.0,under,33,19,14,0,4.38,13.3
ev_backtest_all,2026-07-11T02:45:13Z,,(all events),,,(all),(all),Birdies,,,,7.5,over,543,285,258,0,-2.64,-0.5
ev_backtest_all,2026-07-11T02:45:13Z,,(all events),,,(all),(all),Bogeys,,,,0.0,over,457,203,254,0,-84.51,-18.5
ev_backtest_all,2026-07-11T02:45:13Z,,(all events),,,(all),(all),Bogeys,,,,10.0,over,303,125,178,0,-68.62,-22.6
ev_backtest_all,2026-07-11T02:45:13Z,,(all events),,,(all),(all),Bogeys,,,,12.5,over,246,100,146,0,-56.65,-23.0
ev_backtest_all,2026-07-11T02:45:13Z,,(all events),,,(all),(all),Bogeys,,,,15.0,over,196,78,118,0,-45.75,-23.3
ev_backtest_all,2026-07-11T02:45:13Z,,(all events),,,(all),(all),Bogeys,,,,17.5,over,144,56,88,0,-35.97,-25.0
ev_backtest_all,2026-07-11T02:45:13Z,,(all events),,,(all),(all),Bogeys,,,,2.5,over,435,194,241,0,-79.16,-18.2
ev_backtest_all,2026-07-11T02:45:13Z,,(all events),,,(all),(all),Bogeys,,,,20.0,over,89,36,53,0,-18.02,-20.2
ev_backtest_all,2026-07-11T02:45:13Z,,(all events),,,(all),(all),Bogeys,,,,5.0,over,391,173,218,0,-72.20,-18.5
ev_backtest_all,2026-07-11T02:45:13Z,,(all events),,,(all),(all),Bogeys,,,,7.5,over,351,153,198,0,-67.43,-19.2
ev_backtest_all,2026-07-11T02:45:13Z,,(all events),,,(all),(all),Fairways hit,,,,0.0,over,208,62,146,0,-94.22,-45.3
ev_backtest_all,2026-07-11T02:45:13Z,,(all events),,,(all),(all),Fairways hit,,,,0.0,under,433,287,146,0,70.84,16.4
ev_backtest_all,2026-07-11T02:45:13Z,,(all events),,,(all),(all),Fairways hit,,,,10.0,over,165,54,111,0,-65.16,-39.5
ev_backtest_all,2026-07-11T02:45:13Z,,(all events),,,(all),(all),Fairways hit,,,,10.0,under,310,226,84,0,113.07,36.5
ev_backtest_all,2026-07-11T02:45:13Z,,(all events),,,(all),(all),Fairways hit,,,,12.5,over,154,49,105,0,-63.16,-41.0
ev_backtest_all,2026-07-11T02:45:13Z,,(all events),,,(all),(all),Fairways hit,,,,12.5,under,289,209,80,0,102.77,35.6
ev_backtest_all,2026-07-11T02:45:13Z,,(all events),,,(all),(all),Fairways hit,,,,15.0,over,140,44,96,0,-57.77,-41.3
ev_backtest_all,2026-07-11T02:45:13Z,,(all events),,,(all),(all),Fairways hit,,,,15.0,under,280,203,77,0,100.79,36.0
ev_backtest_all,2026-07-11T02:45:13Z,,(all events),,,(all),(all),Fairways hit,,,,17.5,over,127,37,90,0,-56.99,-44.9
ev_backtest_all,2026-07-11T02:45:13Z,,(all events),,,(all),(all),Fairways hit,,,,17.5,under,267,194,73,0,96.81,36.3
ev_backtest_all,2026-07-11T02:45:13Z,,(all events),,,(all),(all),Fairways hit,,,,2.5,over,197,60,137,0,-87.14,-44.2
ev_backtest_all,2026-07-11T02:45:13Z,,(all events),,,(all),(all),Fairways hit,,,,2.5,under,335,244,91,0,120.87,36.1
ev_backtest_all,2026-07-11T02:45:13Z,,(all events),,,(all),(all),Fairways hit,,,,20.0,over,117,35,82,0,-50.59,-43.2
ev_backtest_all,2026-07-11T02:45:13Z,,(all events),,,(all),(all),Fairways hit,,,,20.0,under,252,181,71,0,86.14,34.2
ev_backtest_all,2026-07-11T02:45:13Z,,(all events),,,(all),(all),Fairways hit,,,,5.0,over,190,59,131,0,-81.69,-43.0
ev_backtest_all,2026-07-11T02:45:13Z,,(all events),,,(all),(all),Fairways hit,,,,5.0,under,331,240,91,0,116.87,35.3
ev_backtest_all,2026-07-11T02:45:13Z,,(all events),,,(all),(all),Fairways hit,,,,7.5,over,178,56,122,0,-74.82,-42.0
ev_backtest_all,2026-07-11T02:45:13Z,,(all events),,,(all),(all),Fairways hit,,,,7.5,under,324,237,87,0,118.63,36.6
ev_backtest_all,2026-07-11T02:45:13Z,,(all events),,,(all),(all),GIR,,,,0.0,over,123,67,56,0,4.60,3.7
ev_backtest_all,2026-07-11T02:45:13Z,,(all events),,,(all),(all),GIR,,,,10.0,over,66,35,31,0,2.83,4.3
ev_backtest_all,2026-07-11T02:45:13Z,,(all events),,,(all),(all),GIR,,,,12.5,over,53,28,25,0,2.33,4.4
ev_backtest_all,2026-07-11T02:45:13Z,,(all events),,,(all),(all),GIR,,,,15.0,over,43,25,18,0,6.63,15.4
ev_backtest_all,2026-07-11T02:45:13Z,,(all events),,,(all),(all),GIR,,,,17.5,over,36,20,16,0,4.00,11.1
ev_backtest_all,2026-07-11T02:45:13Z,,(all events),,,(all),(all),GIR,,,,2.5,over,105,56,49,0,1.82,1.7
ev_backtest_all,2026-07-11T02:45:13Z,,(all events),,,(all),(all),GIR,,,,20.0,over,25,16,9,0,7.82,31.3
ev_backtest_all,2026-07-11T02:45:13Z,,(all events),,,(all),(all),GIR,,,,5.0,over,88,47,41,0,2.30,2.6
ev_backtest_all,2026-07-11T02:45:13Z,,(all events),,,(all),(all),GIR,,,,7.5,over,78,41,37,0,1.25,1.6
ev_backtest_all,2026-07-11T02:45:13Z,,(all events),,,(all),(all),Total score,,,,0.0,over,498,255,243,0,-27.33,-5.5
ev_backtest_all,2026-07-11T02:45:13Z,,(all events),,,(all),(all),Total score,,,,0.0,under,335,217,118,0,74.12,22.1
ev_backtest_all,2026-07-11T02:45:13Z,,(all events),,,(all),(all),Total score,,,,10.0,over,291,159,132,0,4.56,1.6
ev_backtest_all,2026-07-11T02:45:13Z,,(all events),,,(all),(all),Total score,,,,12.5,over,240,130,110,0,2.82,1.2
ev_backtest_all,2026-07-11T02:45:13Z,,(all events),,,(all),(all),Total score,,,,15.0,over,201,111,90,0,6.81,3.4
ev_backtest_all,2026-07-11T02:45:13Z,,(all events),,,(all),(all),Total score,,,,17.5,over,153,82,71,0,-0.55,-0.4
ev_backtest_all,2026-07-11T02:45:13Z,,(all events),,,(all),(all),Total score,,,,2.5,over,442,223,219,0,-30.08,-6.8
ev_backtest_all,2026-07-11T02:45:13Z,,(all events),,,(all),(all),Total score,,,,2.5,under,271,185,86,0,78.18,28.8
ev_backtest_all,2026-07-11T02:45:13Z,,(all events),,,(all),(all),Total score,,,,20.0,over,126,69,57,0,3.17,2.5
ev_backtest_all,2026-07-11T02:45:13Z,,(all events),,,(all),(all),Total score,,,,5.0,over,378,198,180,0,-11.97,-3.2
ev_backtest_all,2026-07-11T02:45:13Z,,(all events),,,(all),(all),Total score,,,,5.0,under,217,145,72,0,56.31,25.9
ev_backtest_all,2026-07-11T02:45:13Z,,(all events),,,(all),(all),Total score,,,,7.5,over,337,183,154,0,2.49,0.7
ev_backtest_all,2026-07-11T02:45:13Z,,(all events),,,(all),(all),Total score,,,,7.5,under,178,122,56,0,52.36,29.4
ev_backtest_all,2026-07-11T02:45:13Z,,(all events),,,(all),(all),Bogeys,,,,0.0,under,132,93,39,0,2.75,2.1
ev_backtest_all,2026-07-11T02:45:13Z,,(all events),,,(all),(all),Bogeys,,,,10.0,under,21,18,3,0,10.85,51.7
ev_backtest_all,2026-07-11T02:45:13Z,,(all events),,,(all),(all),Bogeys,,,,12.5,under,13,12,1,0,8.18,62.9
ev_backtest_all,2026-07-11T02:45:13Z,,(all events),,,(all),(all),Bogeys,,,,15.0,under,7,7,0,0,5.39,77.0
ev_backtest_all,2026-07-11T02:45:13Z,,(all events),,,(all),(all),Bogeys,,,,2.5,under,55,44,11,0,22.36,40.7
ev_backtest_all,2026-07-11T02:45:13Z,,(all events),,,(all),(all),Bogeys,,,,5.0,under,43,36,7,0,20.57,47.8
ev_backtest_all,2026-07-11T02:45:13Z,,(all events),,,(all),(all),Bogeys,,,,7.5,under,36,31,5,0,18.96,52.7
ev_backtest_all,2026-07-11T02:45:13Z,,(all events),,,(all),(all),GIR,,,,0.0,under,343,196,147,0,-12.09,-3.5
ev_backtest_all,2026-07-11T02:45:13Z,,(all events),,,(all),(all),GIR,,,,10.0,under,119,83,36,0,37.07,31.2
ev_backtest_all,2026-07-11T02:45:13Z,,(all events),,,(all),(all),GIR,,,,12.5,under,93,66,27,0,31.89,34.3
ev_backtest_all,2026-07-11T02:45:13Z,,(all events),,,(all),(all),GIR,,,,2.5,under,224,143,81,0,44.34,19.8
ev_backtest_all,2026-07-11T02:45:13Z,,(all events),,,(all),(all),GIR,,,,5.0,under,193,126,67,0,43.37,22.5
ev_backtest_all,2026-07-11T02:45:13Z,,(all events),,,(all),(all),GIR,,,,7.5,under,158,106,52,0,42.18,26.7
ev_backtest_all,2026-07-11T02:45:13Z,,(all events),,,(all),(all),Total score,,,,10.0,under,141,98,43,0,45.80,32.5
ev_backtest_all,2026-07-11T02:45:13Z,,(all events),,,(all),(all),Total score,,,,12.5,under,104,79,25,0,46.40,44.6
ev_backtest_all,2026-07-11T02:45:13Z,,(all events),,,(all),(all),Total score,,,,15.0,under,83,62,21,0,35.58,42.9
ev_backtest_all,2026-07-11T02:45:13Z,,(all events),,,(all),(all),Total score,,,,17.5,under,62,49,13,0,31.33,50.5
ev_backtest_all,2026-07-11T02:45:13Z,,(all events),,,(all),(all),Total score,,,,20.0,under,37,30,7,0,20.35,55.0
ev_backtest_all,2026-07-11T02:45:13Z,,(all events),,,(all),(all),GIR,,,,15.0,under,73,53,20,0,27.40,37.5
ev_backtest_all,2026-07-11T02:45:13Z,,(all events),,,(all),(all),GIR,,,,17.5,under,52,40,12,0,24.54,47.2
ev_backtest_all,2026-07-11T02:45:13Z,,(all events),,,(all),(all),GIR,,,,20.0,under,36,30,6,0,21.87,60.8
ev_backtest_all,2026-07-11T02:45:13Z,,(all events),,,(all),(all),Birdies,,,,10.0,under,4,3,1,0,2.53,63.2
ev_backtest_all,2026-07-11T02:45:13Z,,(all events),,,(all),(all),Birdies,,,,7.5,under,15,7,8,0,-1.08,-7.2
ev_backtest_all,2026-07-11T02:45:13Z,,(all events),,,(all),(all),Bogeys,,,,17.5,under,4,4,0,0,3.25,81.3
ev_backtest_all,2026-07-11T02:45:13Z,,(all events),,,(all),(all),Bogeys,,,,20.0,under,1,1,0,0,0.89,89.0
ev_backtest_all,2026-07-11T02:45:13Z,,(all events),,,(all),(all),Birdies,,,,12.5,under,2,1,1,0,-0.09,-4.5
ev_backtest_all,2026-07-11T02:45:13Z,,(all events),,,(all),(all),Birdies,,,,15.0,under,1,0,1,0,-1.00,-100.0
